"ANO_EJE","NIVEL_GOBIERNO","NIVEL_GOBIERNO_NOMBRE","SECTOR","SECTOR_NOMBRE","PLIEGO","PLIEGO_NOMBRE","SEC_EJEC","EJECUTORA","EJECUTORA_NOMBRE","DEPARTAMENTO_EJECUTORA","DEPARTAMENTO_EJECUTORA_NOMBRE","PROVINCIA_EJECUTORA","PROVINCIA_EJECUTORA_NOMBRE","DISTRITO_EJECUTORA","DISTRITO_EJECUTORA_NOMBRE","SEC_FUNC","PROGRAMA_PPTO","PROGRAMA_PPTO_NOMBRE","TIPO_ACT_PROY","TIPO_ACT_PROY_NOMBRE","PRODUCTO_PROYECTO","PRODUCTO_PROYECTO_NOMBRE","ACTIVIDAD_ACCION_OBRA","ACTIVIDAD_ACCION_OBRA_NOMBRE","FUNCION","FUNCION_NOMBRE","DIVISION_FUNCIONAL","DIVISION_FUNCIONAL_NOMBRE","GRUPO_FUNCIONAL","GRUPO_FUNCIONAL_NOMBRE","META","FINALIDAD","META_NOMBRE","DEPARTAMENTO_META","DEPARTAMENTO_META_NOMBRE","FUENTE_FINANCIAMIENTO","FUENTE_FINANCIAMIENTO_NOMBRE","RUBRO","RUBRO_NOMBRE","TIPO_RECURSO","TIPO_RECURSO_NOMBRE","CATEGORIA_GASTO","CATEGORIA_GASTO_NOMBRE","TIPO_TRANSACCION","GENERICA","GENERICA_NOMBRE","SUBGENERICA","SUBGENERICA_NOMBRE","SUBGENERICA_DET","SUBGENERICA_DET_NOMBRE","ESPECIFICA","ESPECIFICA_NOMBRE","ESPECIFICA_DET","ESPECIFICA_DET_NOMBRE","MONTO_PIA","MODIFICACIONES","MONTO_PIM","MONTO_CERTIFICADO","MONTO_COMPROMETIDO_ANUAL","DEVENGADO_ENERO","DEVENGADO_FEBRERO","DEVENGADO_MARZO","DEVENGADO_ABRIL","DEVENGADO_MAYO","DEVENGADO_JUNIO","DEVENGADO_JULIO","DEVENGADO_AGOSTO","DEVENGADO_SEPTIEMBRE","DEVENGADO_OCTUBRE","DEVENGADO_NOVIEMBRE","DEVENGADO_DICIEMBRE","TOTAL_DEVENGADO"
"2019","M","GOBIERNOS LOCALES"," "," "," "," ","300331","040101","MUNICIPALIDAD PROVINCIAL DE AREQUIPA","04","AREQUIPA","01","AREQUIPA","01","AREQUIPA","216","0132","PUESTA EN VALOR Y USO SOCIAL DEL PATRIMONIO CULTURAL","2","PROYECTO","2128901","PUESTA EN VALOR DE LA AV. J DE LA TORRE Y CALLE SANTA CATALINA, PSJ CALIENES, RIPACHA, DELGADO, VALDIVIA, A. SELVA ALEGRE. ALAMEDA IGLESIA SAN LAZARO, PQE INDEPENDENCIA Y PZA CALIENES DEL BARRIO SAN LAZARO, PROVINCIA DE AREQUIPA - AREQUIPA","6000002","SUPERVISION Y LIQUIDACION DE OBRAS","21","CULTURA Y DEPORTE","045","CULTURA","0099","PATRIMONIO HISTORICO Y CULTURAL","00001","0071964","PUESTA EN VALOR DE LA AV. J DE LA TORRE Y CALLE STA CATALINA, PSJ CALIENES, RIPACHA, DELGADO, VALDIVIA, A. SELVA ALEGRE. ALAMEDA IGLESIA SAN LAZARO, PQE INDEPENDENCIA Y PZA CALIENES DEL BARRIO SAN LAZARO, DISTRITO DE AREQUIPA - AREQUIPA - AREQUIPA","04","AREQUIPA","5","RECURSOS DETERMINADOS","07","FONDO DE COMPENSACION MUNICIPAL","0","NORMAL","6","GASTO DE CAPITAL","2","6","ADQUISICION DE ACTIVOS NO FINANCIEROS","8","OTROS GASTOS DE ACTIVOS NO FINANCIEROS","1","OTROS GASTOS DE ACTIVOS NO FINANCIEROS","4","OTROS GASTOS DIVERSOS DE ACTIVOS NO FINANCIEROS","99","OTROS GASTOS","0","540","540","0","0","0","0","0","0","0","0","0","0","0","0","0","0","0"
"2019","M","GOBIERNOS LOCALES"," "," "," "," ","300331","040101","MUNICIPALIDAD PROVINCIAL DE AREQUIPA","04","AREQUIPA","01","AREQUIPA","01","AREQUIPA","216","0132","PUESTA EN VALOR Y USO SOCIAL DEL PATRIMONIO CULTURAL","2","PROYECTO","2128901","PUESTA EN VALOR DE LA AV. J DE LA TORRE Y CALLE SANTA CATALINA, PSJ CALIENES, RIPACHA, DELGADO, VALDIVIA, A. SELVA ALEGRE. ALAMEDA IGLESIA SAN LAZARO, PQE INDEPENDENCIA Y PZA CALIENES DEL BARRIO SAN LAZARO, PROVINCIA DE AREQUIPA - AREQUIPA","6000002","SUPERVISION Y LIQUIDACION DE OBRAS","21","CULTURA Y DEPORTE","045","CULTURA","0099","PATRIMONIO HISTORICO Y CULTURAL","00001","0071964","PUESTA EN VALOR DE LA AV. J DE LA TORRE Y CALLE STA CATALINA, PSJ CALIENES, RIPACHA, DELGADO, VALDIVIA, A. SELVA ALEGRE. ALAMEDA IGLESIA SAN LAZARO, PQE INDEPENDENCIA Y PZA CALIENES DEL BARRIO SAN LAZARO, DISTRITO DE AREQUIPA - AREQUIPA - AREQUIPA","04","AREQUIPA","5","RECURSOS DETERMINADOS","07","FONDO DE COMPENSACION MUNICIPAL","0","NORMAL","6","GASTO DE CAPITAL","2","6","ADQUISICION DE ACTIVOS NO FINANCIEROS","8","OTROS GASTOS DE ACTIVOS NO FINANCIEROS","1","OTROS GASTOS DE ACTIVOS NO FINANCIEROS","4","OTROS GASTOS DIVERSOS DE ACTIVOS NO FINANCIEROS","99","OTROS GASTOS","0","0","0","540","0","0","0","0","0","0","0","0","0","0","0","0","0","0"
"2019","M","GOBIERNOS LOCALES"," "," "," "," ","300331","040101","MUNICIPALIDAD PROVINCIAL DE AREQUIPA","04","AREQUIPA","01","AREQUIPA","01","AREQUIPA","33","0132","PUESTA EN VALOR Y USO SOCIAL DEL PATRIMONIO CULTURAL","3","ACTIVIDAD","3000708","PATRIMONIO CULTURAL SALVAGUARDADO Y PROTEGIDO","5005206","REGISTRO DE BIENES DEL PATRIMONIO CULTURAL","21","CULTURA Y DEPORTE","045","CULTURA","0099","PATRIMONIO HISTORICO Y CULTURAL","00001","0136798","REGISTRO DE BIENES DEL PATRIMONIO CULTURAL","04","AREQUIPA","2","RECURSOS DIRECTAMENTE RECAUDADOS","09","RECURSOS DIRECTAMENTE RECAUDADOS","0","NORMAL","5","GASTO CORRIENTE","2","3","BIENES Y SERVICIOS","1","COMPRA DE BIENES","5","MATERIALES Y  UTILES","1","DE OFICINA","2","PAPELERIA EN GENERAL, UTILES Y MATERIALES DE OFICINA","119","1528","1647","0","0","0","0","0","0","0","0","0","0","0","0","0","0","0"
"2019","M","GOBIERNOS LOCALES"," "," "," "," ","300331","040101","MUNICIPALIDAD PROVINCIAL DE AREQUIPA","04","AREQUIPA","01","AREQUIPA","01","AREQUIPA","33","0132","PUESTA EN VALOR Y USO SOCIAL DEL PATRIMONIO CULTURAL","3","ACTIVIDAD","3000708","PATRIMONIO CULTURAL SALVAGUARDADO Y PROTEGIDO","5005206","REGISTRO DE BIENES DEL PATRIMONIO CULTURAL","21","CULTURA Y DEPORTE","045","CULTURA","0099","PATRIMONIO HISTORICO Y CULTURAL","00001","0136798","REGISTRO DE BIENES DEL PATRIMONIO CULTURAL","04","AREQUIPA","2","RECURSOS DIRECTAMENTE RECAUDADOS","09","RECURSOS DIRECTAMENTE RECAUDADOS","0","NORMAL","5","GASTO CORRIENTE","2","3","BIENES Y SERVICIOS","1","COMPRA DE BIENES","5","MATERIALES Y  UTILES","1","DE OFICINA","2","PAPELERIA EN GENERAL, UTILES Y MATERIALES DE OFICINA","0","0","0","1647","1007.99","0","0","0","0","0","0","0","0","0","0","0","0","0"
"2019","M","GOBIERNOS LOCALES"," "," "," "," ","300331","040101","MUNICIPALIDAD PROVINCIAL DE AREQUIPA","04","AREQUIPA","01","AREQUIPA","01","AREQUIPA","33","0132","PUESTA EN VALOR Y USO SOCIAL DEL PATRIMONIO CULTURAL","3","ACTIVIDAD","3000708","PATRIMONIO CULTURAL SALVAGUARDADO Y PROTEGIDO","5005206","REGISTRO DE BIENES DEL PATRIMONIO CULTURAL","21","CULTURA Y DEPORTE","045","CULTURA","0099","PATRIMONIO HISTORICO Y CULTURAL","00001","0136798","REGISTRO DE BIENES DEL PATRIMONIO CULTURAL","04","AREQUIPA","2","RECURSOS DIRECTAMENTE RECAUDADOS","09","RECURSOS DIRECTAMENTE RECAUDADOS","0","NORMAL","5","GASTO CORRIENTE","2","3","BIENES Y SERVICIOS","2","CONTRATACION DE SERVICIOS","7","SERVICIOS PROFESIONALES Y TECNICOS","1","SERVICIOS DE CONSULTORIAS, ASESORIAS Y SIMILARES DESARROLLADOS POR PERSONAS JURIDICAS","2","ASESORIAS","15000","0","15000","0","0","0","0","0","0","0","0","0","0","0","0","0","0","0"
"2019","M","GOBIERNOS LOCALES"," "," "," "," ","300331","040101","MUNICIPALIDAD PROVINCIAL DE AREQUIPA","04","AREQUIPA","01","AREQUIPA","01","AREQUIPA","33","0132","PUESTA EN VALOR Y USO SOCIAL DEL PATRIMONIO CULTURAL","3","ACTIVIDAD","3000708","PATRIMONIO CULTURAL SALVAGUARDADO Y PROTEGIDO","5005206","REGISTRO DE BIENES DEL PATRIMONIO CULTURAL","21","CULTURA Y DEPORTE","045","CULTURA","0099","PATRIMONIO HISTORICO Y CULTURAL","00001","0136798","REGISTRO DE BIENES DEL PATRIMONIO CULTURAL","04","AREQUIPA","2","RECURSOS DIRECTAMENTE RECAUDADOS","09","RECURSOS DIRECTAMENTE RECAUDADOS","0","NORMAL","5","GASTO CORRIENTE","2","3","BIENES Y SERVICIOS","2","CONTRATACION DE SERVICIOS","7","SERVICIOS PROFESIONALES Y TECNICOS","11","OTROS SERVICIOS","99","SERVICIOS DIVERSOS","0","10938","10938","0","0","0","0","0","0","0","0","0","0","0","0","0","0","0"
"2019","M","GOBIERNOS LOCALES"," "," "," "," ","300331","040101","MUNICIPALIDAD PROVINCIAL DE AREQUIPA","04","AREQUIPA","01","AREQUIPA","01","AREQUIPA","33","0132","PUESTA EN VALOR Y USO SOCIAL DEL PATRIMONIO CULTURAL","3","ACTIVIDAD","3000708","PATRIMONIO CULTURAL SALVAGUARDADO Y PROTEGIDO","5005206","REGISTRO DE BIENES DEL PATRIMONIO CULTURAL","21","CULTURA Y DEPORTE","045","CULTURA","0099","PATRIMONIO HISTORICO Y CULTURAL","00001","0136798","REGISTRO DE BIENES DEL PATRIMONIO CULTURAL","04","AREQUIPA","2","RECURSOS DIRECTAMENTE RECAUDADOS","09","RECURSOS DIRECTAMENTE RECAUDADOS","0","NORMAL","5","GASTO CORRIENTE","2","3","BIENES Y SERVICIOS","2","CONTRATACION DE SERVICIOS","7","SERVICIOS PROFESIONALES Y TECNICOS","11","OTROS SERVICIOS","99","SERVICIOS DIVERSOS","0","0","0","10938","5000","0","0","0","0","0","0","0","0","0","0","0","0","0"
"2019","M","GOBIERNOS LOCALES"," "," "," "," ","300331","040101","MUNICIPALIDAD PROVINCIAL DE AREQUIPA","04","AREQUIPA","01","AREQUIPA","01","AREQUIPA","33","0132","PUESTA EN VALOR Y USO SOCIAL DEL PATRIMONIO CULTURAL","3","ACTIVIDAD","3000708","PATRIMONIO CULTURAL SALVAGUARDADO Y PROTEGIDO","5005206","REGISTRO DE BIENES DEL PATRIMONIO CULTURAL","21","CULTURA Y DEPORTE","045","CULTURA","0099","PATRIMONIO HISTORICO Y CULTURAL","00001","0136798","REGISTRO DE BIENES DEL PATRIMONIO CULTURAL","04","AREQUIPA","2","RECURSOS DIRECTAMENTE RECAUDADOS","09","RECURSOS DIRECTAMENTE RECAUDADOS","1","UNIVERSIDADES / GOB. LOCALES","5","GASTO CORRIENTE","2","3","BIENES Y SERVICIOS","1","COMPRA DE BIENES","5","MATERIALES Y  UTILES","1","DE OFICINA","2","PAPELERIA EN GENERAL, UTILES Y MATERIALES DE OFICINA","0","0","0","0","0","0","0","0","0","0","0","717","0","0","0","0","290.99","1007.99"
"2019","M","GOBIERNOS LOCALES"," "," "," "," ","300331","040101","MUNICIPALIDAD PROVINCIAL DE AREQUIPA","04","AREQUIPA","01","AREQUIPA","01","AREQUIPA","33","0132","PUESTA EN VALOR Y USO SOCIAL DEL PATRIMONIO CULTURAL","3","ACTIVIDAD","3000708","PATRIMONIO CULTURAL SALVAGUARDADO Y PROTEGIDO","5005206","REGISTRO DE BIENES DEL PATRIMONIO CULTURAL","21","CULTURA Y DEPORTE","045","CULTURA","0099","PATRIMONIO HISTORICO Y CULTURAL","00001","0136798","REGISTRO DE BIENES DEL PATRIMONIO CULTURAL","04","AREQUIPA","2","RECURSOS DIRECTAMENTE RECAUDADOS","09","RECURSOS DIRECTAMENTE RECAUDADOS","1","UNIVERSIDADES / GOB. LOCALES","5","GASTO CORRIENTE","2","3","BIENES Y SERVICIOS","2","CONTRATACION DE SERVICIOS","7","SERVICIOS PROFESIONALES Y TECNICOS","11","OTROS SERVICIOS","99","SERVICIOS DIVERSOS","0","0","0","0","0","0","0","0","0","0","0","0","0","0","0","0","5000","5000"
"2019","M","GOBIERNOS LOCALES"," "," "," "," ","300331","040101","MUNICIPALIDAD PROVINCIAL DE AREQUIPA","04","AREQUIPA","01","AREQUIPA","01","AREQUIPA","33","0132","PUESTA EN VALOR Y USO SOCIAL DEL PATRIMONIO CULTURAL","3","ACTIVIDAD","3000708","PATRIMONIO CULTURAL SALVAGUARDADO Y PROTEGIDO","5005206","REGISTRO DE BIENES DEL PATRIMONIO CULTURAL","21","CULTURA Y DEPORTE","045","CULTURA","0099","PATRIMONIO HISTORICO Y CULTURAL","00001","0136798","REGISTRO DE BIENES DEL PATRIMONIO CULTURAL","04","AREQUIPA","5","RECURSOS DETERMINADOS","08","IMPUESTOS MUNICIPALES","0","NORMAL","5","GASTO CORRIENTE","2","3","BIENES Y SERVICIOS","1","COMPRA DE BIENES","5","MATERIALES Y  UTILES","4","ELECTRICIDAD, ILUMINACION Y ELECTRONICA","1","ELECTRICIDAD, ILUMINACION Y ELECTRONICA","0","1580","1580","0","0","0","0","0","0","0","0","0","0","0","0","0","0","0"
"2019","M","GOBIERNOS LOCALES"," "," "," "," ","300331","040101","MUNICIPALIDAD PROVINCIAL DE AREQUIPA","04","AREQUIPA","01","AREQUIPA","01","AREQUIPA","33","0132","PUESTA EN VALOR Y USO SOCIAL DEL PATRIMONIO CULTURAL","3","ACTIVIDAD","3000708","PATRIMONIO CULTURAL SALVAGUARDADO Y PROTEGIDO","5005206","REGISTRO DE BIENES DEL PATRIMONIO CULTURAL","21","CULTURA Y DEPORTE","045","CULTURA","0099","PATRIMONIO HISTORICO Y CULTURAL","00001","0136798","REGISTRO DE BIENES DEL PATRIMONIO CULTURAL","04","AREQUIPA","5","RECURSOS DETERMINADOS","08","IMPUESTOS MUNICIPALES","0","NORMAL","5","GASTO CORRIENTE","2","3","BIENES Y SERVICIOS","1","COMPRA DE BIENES","5","MATERIALES Y  UTILES","4","ELECTRICIDAD, ILUMINACION Y ELECTRONICA","1","ELECTRICIDAD, ILUMINACION Y ELECTRONICA","0","0","0","1580","0","0","0","0","0","0","0","0","0","0","0","0","0","0"
"2019","M","GOBIERNOS LOCALES"," "," "," "," ","300331","040101","MUNICIPALIDAD PROVINCIAL DE AREQUIPA","04","AREQUIPA","01","AREQUIPA","01","AREQUIPA","33","0132","PUESTA EN VALOR Y USO SOCIAL DEL PATRIMONIO CULTURAL","3","ACTIVIDAD","3000708","PATRIMONIO CULTURAL SALVAGUARDADO Y PROTEGIDO","5005206","REGISTRO DE BIENES DEL PATRIMONIO CULTURAL","21","CULTURA Y DEPORTE","045","CULTURA","0099","PATRIMONIO HISTORICO Y CULTURAL","00001","0136798","REGISTRO DE BIENES DEL PATRIMONIO CULTURAL","04","AREQUIPA","5","RECURSOS DETERMINADOS","08","IMPUESTOS MUNICIPALES","0","NORMAL","5","GASTO CORRIENTE","2","3","BIENES Y SERVICIOS","2","CONTRATACION DE SERVICIOS","7","SERVICIOS PROFESIONALES Y TECNICOS","11","OTROS SERVICIOS","99","SERVICIOS DIVERSOS","0","600","600","0","0","0","0","0","0","0","0","0","0","0","0","0","0","0"
"2019","M","GOBIERNOS LOCALES"," "," "," "," ","300331","040101","MUNICIPALIDAD PROVINCIAL DE AREQUIPA","04","AREQUIPA","01","AREQUIPA","01","AREQUIPA","33","0132","PUESTA EN VALOR Y USO SOCIAL DEL PATRIMONIO CULTURAL","3","ACTIVIDAD","3000708","PATRIMONIO CULTURAL SALVAGUARDADO Y PROTEGIDO","5005206","REGISTRO DE BIENES DEL PATRIMONIO CULTURAL","21","CULTURA Y DEPORTE","045","CULTURA","0099","PATRIMONIO HISTORICO Y CULTURAL","00001","0136798","REGISTRO DE BIENES DEL PATRIMONIO CULTURAL","04","AREQUIPA","5","RECURSOS DETERMINADOS","08","IMPUESTOS MUNICIPALES","0","NORMAL","5","GASTO CORRIENTE","2","3","BIENES Y SERVICIOS","2","CONTRATACION DE SERVICIOS","7","SERVICIOS PROFESIONALES Y TECNICOS","11","OTROS SERVICIOS","99","SERVICIOS DIVERSOS","0","0","0","600","600","0","0","0","600","0","0","0","0","0","0","0","0","600"
"2019","M","GOBIERNOS LOCALES"," "," "," "," ","300331","040101","MUNICIPALIDAD PROVINCIAL DE AREQUIPA","04","AREQUIPA","01","AREQUIPA","01","AREQUIPA","34","0132","PUESTA EN VALOR Y USO SOCIAL DEL PATRIMONIO CULTURAL","3","ACTIVIDAD","3000708","PATRIMONIO CULTURAL SALVAGUARDADO Y PROTEGIDO","5005209","CONSERVACION Y TRANSMISION DEL PATRIMONIO CULTURAL","21","CULTURA Y DEPORTE","045","CULTURA","0099","PATRIMONIO HISTORICO Y CULTURAL","00001","0136801","CONSERVACION Y TRANSMISION DEL PATRIMONIO CULTURAL","04","AREQUIPA","2","RECURSOS DIRECTAMENTE RECAUDADOS","09","RECURSOS DIRECTAMENTE RECAUDADOS","0","NORMAL","5","GASTO CORRIENTE","2","3","BIENES Y SERVICIOS","1","COMPRA DE BIENES","5","MATERIALES Y  UTILES","1","DE OFICINA","2","PAPELERIA EN GENERAL, UTILES Y MATERIALES DE OFICINA","119","849","968","0","0","0","0","0","0","0","0","0","0","0","0","0","0","0"
"2019","M","GOBIERNOS LOCALES"," "," "," "," ","300331","040101","MUNICIPALIDAD PROVINCIAL DE AREQUIPA","04","AREQUIPA","01","AREQUIPA","01","AREQUIPA","34","0132","PUESTA EN VALOR Y USO SOCIAL DEL PATRIMONIO CULTURAL","3","ACTIVIDAD","3000708","PATRIMONIO CULTURAL SALVAGUARDADO Y PROTEGIDO","5005209","CONSERVACION Y TRANSMISION DEL PATRIMONIO CULTURAL","21","CULTURA Y DEPORTE","045","CULTURA","0099","PATRIMONIO HISTORICO Y CULTURAL","00001","0136801","CONSERVACION Y TRANSMISION DEL PATRIMONIO CULTURAL","04","AREQUIPA","2","RECURSOS DIRECTAMENTE RECAUDADOS","09","RECURSOS DIRECTAMENTE RECAUDADOS","0","NORMAL","5","GASTO CORRIENTE","2","3","BIENES Y SERVICIOS","1","COMPRA DE BIENES","5","MATERIALES Y  UTILES","1","DE OFICINA","2","PAPELERIA EN GENERAL, UTILES Y MATERIALES DE OFICINA","0","0","0","968","968","0","0","0","0","0","0","0","0","0","0","0","0","0"
"2019","M","GOBIERNOS LOCALES"," "," "," "," ","300331","040101","MUNICIPALIDAD PROVINCIAL DE AREQUIPA","04","AREQUIPA","01","AREQUIPA","01","AREQUIPA","34","0132","PUESTA EN VALOR Y USO SOCIAL DEL PATRIMONIO CULTURAL","3","ACTIVIDAD","3000708","PATRIMONIO CULTURAL SALVAGUARDADO Y PROTEGIDO","5005209","CONSERVACION Y TRANSMISION DEL PATRIMONIO CULTURAL","21","CULTURA Y DEPORTE","045","CULTURA","0099","PATRIMONIO HISTORICO Y CULTURAL","00001","0136801","CONSERVACION Y TRANSMISION DEL PATRIMONIO CULTURAL","04","AREQUIPA","2","RECURSOS DIRECTAMENTE RECAUDADOS","09","RECURSOS DIRECTAMENTE RECAUDADOS","0","NORMAL","5","GASTO CORRIENTE","2","3","BIENES Y SERVICIOS","1","COMPRA DE BIENES","99","COMPRA DE OTROS BIENES","1","COMPRA DE OTROS BIENES","3","LIBROS, DIARIOS, REVISTAS Y OTROS BIENES IMPRESOS NO VINCULADOS A ENSEÑANZA","1540","-1540","0","0","0","0","0","0","0","0","0","0","0","0","0","0","0","0"
"2019","M","GOBIERNOS LOCALES"," "," "," "," ","300331","040101","MUNICIPALIDAD PROVINCIAL DE AREQUIPA","04","AREQUIPA","01","AREQUIPA","01","AREQUIPA","34","0132","PUESTA EN VALOR Y USO SOCIAL DEL PATRIMONIO CULTURAL","3","ACTIVIDAD","3000708","PATRIMONIO CULTURAL SALVAGUARDADO Y PROTEGIDO","5005209","CONSERVACION Y TRANSMISION DEL PATRIMONIO CULTURAL","21","CULTURA Y DEPORTE","045","CULTURA","0099","PATRIMONIO HISTORICO Y CULTURAL","00001","0136801","CONSERVACION Y TRANSMISION DEL PATRIMONIO CULTURAL","04","AREQUIPA","2","RECURSOS DIRECTAMENTE RECAUDADOS","09","RECURSOS DIRECTAMENTE RECAUDADOS","0","NORMAL","5","GASTO CORRIENTE","2","3","BIENES Y SERVICIOS","2","CONTRATACION DE SERVICIOS","7","SERVICIOS PROFESIONALES Y TECNICOS","2","SERVICIOS DE CONSULTORIAS, ASESORIAS Y SIMILARES DESARROLLADOS POR PERSONAS NATURALES","1","CONSULTORIAS","15000","0","15000","0","0","0","0","0","0","0","0","0","0","0","0","0","0","0"
"2019","M","GOBIERNOS LOCALES"," "," "," "," ","300331","040101","MUNICIPALIDAD PROVINCIAL DE AREQUIPA","04","AREQUIPA","01","AREQUIPA","01","AREQUIPA","34","0132","PUESTA EN VALOR Y USO SOCIAL DEL PATRIMONIO CULTURAL","3","ACTIVIDAD","3000708","PATRIMONIO CULTURAL SALVAGUARDADO Y PROTEGIDO","5005209","CONSERVACION Y TRANSMISION DEL PATRIMONIO CULTURAL","21","CULTURA Y DEPORTE","045","CULTURA","0099","PATRIMONIO HISTORICO Y CULTURAL","00001","0136801","CONSERVACION Y TRANSMISION DEL PATRIMONIO CULTURAL","04","AREQUIPA","2","RECURSOS DIRECTAMENTE RECAUDADOS","09","RECURSOS DIRECTAMENTE RECAUDADOS","0","NORMAL","5","GASTO CORRIENTE","2","3","BIENES Y SERVICIOS","2","CONTRATACION DE SERVICIOS","7","SERVICIOS PROFESIONALES Y TECNICOS","11","OTROS SERVICIOS","99","SERVICIOS DIVERSOS","1200","27374","28574","0","0","0","0","0","0","0","0","0","0","0","0","0","0","0"
"2019","M","GOBIERNOS LOCALES"," "," "," "," ","300331","040101","MUNICIPALIDAD PROVINCIAL DE AREQUIPA","04","AREQUIPA","01","AREQUIPA","01","AREQUIPA","34","0132","PUESTA EN VALOR Y USO SOCIAL DEL PATRIMONIO CULTURAL","3","ACTIVIDAD","3000708","PATRIMONIO CULTURAL SALVAGUARDADO Y PROTEGIDO","5005209","CONSERVACION Y TRANSMISION DEL PATRIMONIO CULTURAL","21","CULTURA Y DEPORTE","045","CULTURA","0099","PATRIMONIO HISTORICO Y CULTURAL","00001","0136801","CONSERVACION Y TRANSMISION DEL PATRIMONIO CULTURAL","04","AREQUIPA","2","RECURSOS DIRECTAMENTE RECAUDADOS","09","RECURSOS DIRECTAMENTE RECAUDADOS","0","NORMAL","5","GASTO CORRIENTE","2","3","BIENES Y SERVICIOS","2","CONTRATACION DE SERVICIOS","7","SERVICIOS PROFESIONALES Y TECNICOS","11","OTROS SERVICIOS","99","SERVICIOS DIVERSOS","0","0","0","20606","20406","0","0","0","0","0","0","0","0","0","0","0","0","0"
"2019","M","GOBIERNOS LOCALES"," "," "," "," ","300331","040101","MUNICIPALIDAD PROVINCIAL DE AREQUIPA","04","AREQUIPA","01","AREQUIPA","01","AREQUIPA","34","0132","PUESTA EN VALOR Y USO SOCIAL DEL PATRIMONIO CULTURAL","3","ACTIVIDAD","3000708","PATRIMONIO CULTURAL SALVAGUARDADO Y PROTEGIDO","5005209","CONSERVACION Y TRANSMISION DEL PATRIMONIO CULTURAL","21","CULTURA Y DEPORTE","045","CULTURA","0099","PATRIMONIO HISTORICO Y CULTURAL","00001","0136801","CONSERVACION Y TRANSMISION DEL PATRIMONIO CULTURAL","04","AREQUIPA","2","RECURSOS DIRECTAMENTE RECAUDADOS","09","RECURSOS DIRECTAMENTE RECAUDADOS","1","UNIVERSIDADES / GOB. LOCALES","5","GASTO CORRIENTE","2","3","BIENES Y SERVICIOS","1","COMPRA DE BIENES","5","MATERIALES Y  UTILES","1","DE OFICINA","2","PAPELERIA EN GENERAL, UTILES Y MATERIALES DE OFICINA","0","0","0","0","0","0","0","0","0","0","248","0","720","0","0","0","0","968"
"2019","M","GOBIERNOS LOCALES"," "," "," "," ","300331","040101","MUNICIPALIDAD PROVINCIAL DE AREQUIPA","04","AREQUIPA","01","AREQUIPA","01","AREQUIPA","34","0132","PUESTA EN VALOR Y USO SOCIAL DEL PATRIMONIO CULTURAL","3","ACTIVIDAD","3000708","PATRIMONIO CULTURAL SALVAGUARDADO Y PROTEGIDO","5005209","CONSERVACION Y TRANSMISION DEL PATRIMONIO CULTURAL","21","CULTURA Y DEPORTE","045","CULTURA","0099","PATRIMONIO HISTORICO Y CULTURAL","00001","0136801","CONSERVACION Y TRANSMISION DEL PATRIMONIO CULTURAL","04","AREQUIPA","2","RECURSOS DIRECTAMENTE RECAUDADOS","09","RECURSOS DIRECTAMENTE RECAUDADOS","1","UNIVERSIDADES / GOB. LOCALES","5","GASTO CORRIENTE","2","3","BIENES Y SERVICIOS","2","CONTRATACION DE SERVICIOS","7","SERVICIOS PROFESIONALES Y TECNICOS","11","OTROS SERVICIOS","99","SERVICIOS DIVERSOS","0","0","0","0","0","0","0","0","0","16606","1800","0","0","0","0","0","2000","20406"
"2019","M","GOBIERNOS LOCALES"," "," "," "," ","300331","040101","MUNICIPALIDAD PROVINCIAL DE AREQUIPA","04","AREQUIPA","01","AREQUIPA","01","AREQUIPA","35","0132","PUESTA EN VALOR Y USO SOCIAL DEL PATRIMONIO CULTURAL","3","ACTIVIDAD","3000708","PATRIMONIO CULTURAL SALVAGUARDADO Y PROTEGIDO","5005601","DEFENSA POR ATENTADOS CONTRA EL PATRIMONIO CULTURAL ","21","CULTURA Y DEPORTE","045","CULTURA","0099","PATRIMONIO HISTORICO Y CULTURAL","00001","0160815","DEFENSA POR ATENTADOS CONTRA EL PATRIMONIO CULTURAL","04","AREQUIPA","2","RECURSOS DIRECTAMENTE RECAUDADOS","09","RECURSOS DIRECTAMENTE RECAUDADOS","0","NORMAL","5","GASTO CORRIENTE","2","1","PERSONAL Y OBLIGACIONES SOCIALES","1","RETRIBUCIONES Y COMPLEMENTOS EN EFECTIVO","1","PERSONAL ADMINISTRATIVO","1","PERSONAL ADMINISTRATIVO","2","PERSONAL ADMINISTRATIVO NOMBRADO (REGIMEN PUBLICO)","0","21008","21008","0","0","0","0","0","0","0","0","0","0","0","0","0","0","0"
"2019","M","GOBIERNOS LOCALES"," "," "," "," ","300331","040101","MUNICIPALIDAD PROVINCIAL DE AREQUIPA","04","AREQUIPA","01","AREQUIPA","01","AREQUIPA","35","0132","PUESTA EN VALOR Y USO SOCIAL DEL PATRIMONIO CULTURAL","3","ACTIVIDAD","3000708","PATRIMONIO CULTURAL SALVAGUARDADO Y PROTEGIDO","5005601","DEFENSA POR ATENTADOS CONTRA EL PATRIMONIO CULTURAL ","21","CULTURA Y DEPORTE","045","CULTURA","0099","PATRIMONIO HISTORICO Y CULTURAL","00001","0160815","DEFENSA POR ATENTADOS CONTRA EL PATRIMONIO CULTURAL","04","AREQUIPA","2","RECURSOS DIRECTAMENTE RECAUDADOS","09","RECURSOS DIRECTAMENTE RECAUDADOS","0","NORMAL","5","GASTO CORRIENTE","2","1","PERSONAL Y OBLIGACIONES SOCIALES","1","RETRIBUCIONES Y COMPLEMENTOS EN EFECTIVO","1","PERSONAL ADMINISTRATIVO","1","PERSONAL ADMINISTRATIVO","2","PERSONAL ADMINISTRATIVO NOMBRADO (REGIMEN PUBLICO)","0","0","0","21006.91","21006.91","0","0","0","0","0","0","0","0","0","0","0","0","0"
"2019","M","GOBIERNOS LOCALES"," "," "," "," ","300331","040101","MUNICIPALIDAD PROVINCIAL DE AREQUIPA","04","AREQUIPA","01","AREQUIPA","01","AREQUIPA","35","0132","PUESTA EN VALOR Y USO SOCIAL DEL PATRIMONIO CULTURAL","3","ACTIVIDAD","3000708","PATRIMONIO CULTURAL SALVAGUARDADO Y PROTEGIDO","5005601","DEFENSA POR ATENTADOS CONTRA EL PATRIMONIO CULTURAL ","21","CULTURA Y DEPORTE","045","CULTURA","0099","PATRIMONIO HISTORICO Y CULTURAL","00001","0160815","DEFENSA POR ATENTADOS CONTRA EL PATRIMONIO CULTURAL","04","AREQUIPA","2","RECURSOS DIRECTAMENTE RECAUDADOS","09","RECURSOS DIRECTAMENTE RECAUDADOS","0","NORMAL","5","GASTO CORRIENTE","2","1","PERSONAL Y OBLIGACIONES SOCIALES","1","RETRIBUCIONES Y COMPLEMENTOS EN EFECTIVO","1","PERSONAL ADMINISTRATIVO","1","PERSONAL ADMINISTRATIVO","9","PERSONAL DE CONFIANZA (RÉGIMEN LABORAL PÚBLICO)","0","34348","34348","0","0","0","0","0","0","0","0","0","0","0","0","0","0","0"
"2019","M","GOBIERNOS LOCALES"," "," "," "," ","300331","040101","MUNICIPALIDAD PROVINCIAL DE AREQUIPA","04","AREQUIPA","01","AREQUIPA","01","AREQUIPA","35","0132","PUESTA EN VALOR Y USO SOCIAL DEL PATRIMONIO CULTURAL","3","ACTIVIDAD","3000708","PATRIMONIO CULTURAL SALVAGUARDADO Y PROTEGIDO","5005601","DEFENSA POR ATENTADOS CONTRA EL PATRIMONIO CULTURAL ","21","CULTURA Y DEPORTE","045","CULTURA","0099","PATRIMONIO HISTORICO Y CULTURAL","00001","0160815","DEFENSA POR ATENTADOS CONTRA EL PATRIMONIO CULTURAL","04","AREQUIPA","2","RECURSOS DIRECTAMENTE RECAUDADOS","09","RECURSOS DIRECTAMENTE RECAUDADOS","0","NORMAL","5","GASTO CORRIENTE","2","1","PERSONAL Y OBLIGACIONES SOCIALES","1","RETRIBUCIONES Y COMPLEMENTOS EN EFECTIVO","1","PERSONAL ADMINISTRATIVO","1","PERSONAL ADMINISTRATIVO","9","PERSONAL DE CONFIANZA (RÉGIMEN LABORAL PÚBLICO)","0","0","0","34348","34348","0","0","0","0","0","0","0","0","0","0","0","0","0"
"2019","M","GOBIERNOS LOCALES"," "," "," "," ","300331","040101","MUNICIPALIDAD PROVINCIAL DE AREQUIPA","04","AREQUIPA","01","AREQUIPA","01","AREQUIPA","35","0132","PUESTA EN VALOR Y USO SOCIAL DEL PATRIMONIO CULTURAL","3","ACTIVIDAD","3000708","PATRIMONIO CULTURAL SALVAGUARDADO Y PROTEGIDO","5005601","DEFENSA POR ATENTADOS CONTRA EL PATRIMONIO CULTURAL ","21","CULTURA Y DEPORTE","045","CULTURA","0099","PATRIMONIO HISTORICO Y CULTURAL","00001","0160815","DEFENSA POR ATENTADOS CONTRA EL PATRIMONIO CULTURAL","04","AREQUIPA","2","RECURSOS DIRECTAMENTE RECAUDADOS","09","RECURSOS DIRECTAMENTE RECAUDADOS","0","NORMAL","5","GASTO CORRIENTE","2","1","PERSONAL Y OBLIGACIONES SOCIALES","1","RETRIBUCIONES Y COMPLEMENTOS EN EFECTIVO","1","PERSONAL ADMINISTRATIVO","2","OTRAS RETRIBUCIONES Y COMPLEMENTOS","99","OTRAS RETRIBUCIONES Y COMPLEMENTOS","0","24465","24465","0","0","0","0","0","0","0","0","0","0","0","0","0","0","0"
"2019","M","GOBIERNOS LOCALES"," "," "," "," ","300331","040101","MUNICIPALIDAD PROVINCIAL DE AREQUIPA","04","AREQUIPA","01","AREQUIPA","01","AREQUIPA","35","0132","PUESTA EN VALOR Y USO SOCIAL DEL PATRIMONIO CULTURAL","3","ACTIVIDAD","3000708","PATRIMONIO CULTURAL SALVAGUARDADO Y PROTEGIDO","5005601","DEFENSA POR ATENTADOS CONTRA EL PATRIMONIO CULTURAL ","21","CULTURA Y DEPORTE","045","CULTURA","0099","PATRIMONIO HISTORICO Y CULTURAL","00001","0160815","DEFENSA POR ATENTADOS CONTRA EL PATRIMONIO CULTURAL","04","AREQUIPA","2","RECURSOS DIRECTAMENTE RECAUDADOS","09","RECURSOS DIRECTAMENTE RECAUDADOS","0","NORMAL","5","GASTO CORRIENTE","2","1","PERSONAL Y OBLIGACIONES SOCIALES","1","RETRIBUCIONES Y COMPLEMENTOS EN EFECTIVO","1","PERSONAL ADMINISTRATIVO","2","OTRAS RETRIBUCIONES Y COMPLEMENTOS","99","OTRAS RETRIBUCIONES Y COMPLEMENTOS","0","0","0","22557.50","22557.50","0","0","0","0","0","0","0","0","0","0","0","0","0"
"2019","M","GOBIERNOS LOCALES"," "," "," "," ","300331","040101","MUNICIPALIDAD PROVINCIAL DE AREQUIPA","04","AREQUIPA","01","AREQUIPA","01","AREQUIPA","35","0132","PUESTA EN VALOR Y USO SOCIAL DEL PATRIMONIO CULTURAL","3","ACTIVIDAD","3000708","PATRIMONIO CULTURAL SALVAGUARDADO Y PROTEGIDO","5005601","DEFENSA POR ATENTADOS CONTRA EL PATRIMONIO CULTURAL ","21","CULTURA Y DEPORTE","045","CULTURA","0099","PATRIMONIO HISTORICO Y CULTURAL","00001","0160815","DEFENSA POR ATENTADOS CONTRA EL PATRIMONIO CULTURAL","04","AREQUIPA","2","RECURSOS DIRECTAMENTE RECAUDADOS","09","RECURSOS DIRECTAMENTE RECAUDADOS","0","NORMAL","5","GASTO CORRIENTE","2","1","PERSONAL Y OBLIGACIONES SOCIALES","1","RETRIBUCIONES Y COMPLEMENTOS EN EFECTIVO","8","PERSONAL OBRERO","2","PERSONAL OBRERO EVENTUAL","1","OBREROS CON CONTRATO A PLAZO FIJO","0","3720","3720","0","0","0","0","0","0","0","0","0","0","0","0","0","0","0"
"2019","M","GOBIERNOS LOCALES"," "," "," "," ","300331","040101","MUNICIPALIDAD PROVINCIAL DE AREQUIPA","04","AREQUIPA","01","AREQUIPA","01","AREQUIPA","35","0132","PUESTA EN VALOR Y USO SOCIAL DEL PATRIMONIO CULTURAL","3","ACTIVIDAD","3000708","PATRIMONIO CULTURAL SALVAGUARDADO Y PROTEGIDO","5005601","DEFENSA POR ATENTADOS CONTRA EL PATRIMONIO CULTURAL ","21","CULTURA Y DEPORTE","045","CULTURA","0099","PATRIMONIO HISTORICO Y CULTURAL","00001","0160815","DEFENSA POR ATENTADOS CONTRA EL PATRIMONIO CULTURAL","04","AREQUIPA","2","RECURSOS DIRECTAMENTE RECAUDADOS","09","RECURSOS DIRECTAMENTE RECAUDADOS","0","NORMAL","5","GASTO CORRIENTE","2","1","PERSONAL Y OBLIGACIONES SOCIALES","1","RETRIBUCIONES Y COMPLEMENTOS EN EFECTIVO","8","PERSONAL OBRERO","2","PERSONAL OBRERO EVENTUAL","1","OBREROS CON CONTRATO A PLAZO FIJO","0","0","0","3720","3720","0","0","0","0","0","0","0","0","0","0","0","0","0"
"2019","M","GOBIERNOS LOCALES"," "," "," "," ","300331","040101","MUNICIPALIDAD PROVINCIAL DE AREQUIPA","04","AREQUIPA","01","AREQUIPA","01","AREQUIPA","35","0132","PUESTA EN VALOR Y USO SOCIAL DEL PATRIMONIO CULTURAL","3","ACTIVIDAD","3000708","PATRIMONIO CULTURAL SALVAGUARDADO Y PROTEGIDO","5005601","DEFENSA POR ATENTADOS CONTRA EL PATRIMONIO CULTURAL ","21","CULTURA Y DEPORTE","045","CULTURA","0099","PATRIMONIO HISTORICO Y CULTURAL","00001","0160815","DEFENSA POR ATENTADOS CONTRA EL PATRIMONIO CULTURAL","04","AREQUIPA","2","RECURSOS DIRECTAMENTE RECAUDADOS","09","RECURSOS DIRECTAMENTE RECAUDADOS","0","NORMAL","5","GASTO CORRIENTE","2","1","PERSONAL Y OBLIGACIONES SOCIALES","1","RETRIBUCIONES Y COMPLEMENTOS EN EFECTIVO","9","GASTOS VARIABLES Y OCASIONALES","1","ESCOLARIDAD, AGUINALDOS Y GRATIFICACIONES","2","AGUINALDOS","0","51162","51162","0","0","0","0","0","0","0","0","0","0","0","0","0","0","0"
"2019","M","GOBIERNOS LOCALES"," "," "," "," ","300331","040101","MUNICIPALIDAD PROVINCIAL DE AREQUIPA","04","AREQUIPA","01","AREQUIPA","01","AREQUIPA","35","0132","PUESTA EN VALOR Y USO SOCIAL DEL PATRIMONIO CULTURAL","3","ACTIVIDAD","3000708","PATRIMONIO CULTURAL SALVAGUARDADO Y PROTEGIDO","5005601","DEFENSA POR ATENTADOS CONTRA EL PATRIMONIO CULTURAL ","21","CULTURA Y DEPORTE","045","CULTURA","0099","PATRIMONIO HISTORICO Y CULTURAL","00001","0160815","DEFENSA POR ATENTADOS CONTRA EL PATRIMONIO CULTURAL","04","AREQUIPA","2","RECURSOS DIRECTAMENTE RECAUDADOS","09","RECURSOS DIRECTAMENTE RECAUDADOS","0","NORMAL","5","GASTO CORRIENTE","2","1","PERSONAL Y OBLIGACIONES SOCIALES","1","RETRIBUCIONES Y COMPLEMENTOS EN EFECTIVO","9","GASTOS VARIABLES Y OCASIONALES","1","ESCOLARIDAD, AGUINALDOS Y GRATIFICACIONES","2","AGUINALDOS","0","0","0","51161.86","51161.86","0","0","0","0","0","0","0","0","0","0","0","0","0"
"2019","M","GOBIERNOS LOCALES"," "," "," "," ","300331","040101","MUNICIPALIDAD PROVINCIAL DE AREQUIPA","04","AREQUIPA","01","AREQUIPA","01","AREQUIPA","35","0132","PUESTA EN VALOR Y USO SOCIAL DEL PATRIMONIO CULTURAL","3","ACTIVIDAD","3000708","PATRIMONIO CULTURAL SALVAGUARDADO Y PROTEGIDO","5005601","DEFENSA POR ATENTADOS CONTRA EL PATRIMONIO CULTURAL ","21","CULTURA Y DEPORTE","045","CULTURA","0099","PATRIMONIO HISTORICO Y CULTURAL","00001","0160815","DEFENSA POR ATENTADOS CONTRA EL PATRIMONIO CULTURAL","04","AREQUIPA","2","RECURSOS DIRECTAMENTE RECAUDADOS","09","RECURSOS DIRECTAMENTE RECAUDADOS","0","NORMAL","5","GASTO CORRIENTE","2","1","PERSONAL Y OBLIGACIONES SOCIALES","1","RETRIBUCIONES Y COMPLEMENTOS EN EFECTIVO","9","GASTOS VARIABLES Y OCASIONALES","1","ESCOLARIDAD, AGUINALDOS Y GRATIFICACIONES","3","BONIFICACION POR ESCOLARIDAD","0","5934","5934","0","0","0","0","0","0","0","0","0","0","0","0","0","0","0"
"2019","M","GOBIERNOS LOCALES"," "," "," "," ","300331","040101","MUNICIPALIDAD PROVINCIAL DE AREQUIPA","04","AREQUIPA","01","AREQUIPA","01","AREQUIPA","35","0132","PUESTA EN VALOR Y USO SOCIAL DEL PATRIMONIO CULTURAL","3","ACTIVIDAD","3000708","PATRIMONIO CULTURAL SALVAGUARDADO Y PROTEGIDO","5005601","DEFENSA POR ATENTADOS CONTRA EL PATRIMONIO CULTURAL ","21","CULTURA Y DEPORTE","045","CULTURA","0099","PATRIMONIO HISTORICO Y CULTURAL","00001","0160815","DEFENSA POR ATENTADOS CONTRA EL PATRIMONIO CULTURAL","04","AREQUIPA","2","RECURSOS DIRECTAMENTE RECAUDADOS","09","RECURSOS DIRECTAMENTE RECAUDADOS","0","NORMAL","5","GASTO CORRIENTE","2","1","PERSONAL Y OBLIGACIONES SOCIALES","1","RETRIBUCIONES Y COMPLEMENTOS EN EFECTIVO","9","GASTOS VARIABLES Y OCASIONALES","1","ESCOLARIDAD, AGUINALDOS Y GRATIFICACIONES","3","BONIFICACION POR ESCOLARIDAD","0","0","0","5933.33","5933.33","0","0","0","0","0","0","0","0","0","0","0","0","0"
"2019","M","GOBIERNOS LOCALES"," "," "," "," ","300331","040101","MUNICIPALIDAD PROVINCIAL DE AREQUIPA","04","AREQUIPA","01","AREQUIPA","01","AREQUIPA","35","0132","PUESTA EN VALOR Y USO SOCIAL DEL PATRIMONIO CULTURAL","3","ACTIVIDAD","3000708","PATRIMONIO CULTURAL SALVAGUARDADO Y PROTEGIDO","5005601","DEFENSA POR ATENTADOS CONTRA EL PATRIMONIO CULTURAL ","21","CULTURA Y DEPORTE","045","CULTURA","0099","PATRIMONIO HISTORICO Y CULTURAL","00001","0160815","DEFENSA POR ATENTADOS CONTRA EL PATRIMONIO CULTURAL","04","AREQUIPA","2","RECURSOS DIRECTAMENTE RECAUDADOS","09","RECURSOS DIRECTAMENTE RECAUDADOS","0","NORMAL","5","GASTO CORRIENTE","2","1","PERSONAL Y OBLIGACIONES SOCIALES","3","CONTRIBUCIONES A LA SEGURIDAD SOCIAL","1","OBLIGACIONES DEL EMPLEADOR","1","OBLIGACIONES DEL EMPLEADOR","5","CONTRIBUCIONES A ESSALUD","0","14549","14549","0","0","0","0","0","0","0","0","0","0","0","0","0","0","0"
"2019","M","GOBIERNOS LOCALES"," "," "," "," ","300331","040101","MUNICIPALIDAD PROVINCIAL DE AREQUIPA","04","AREQUIPA","01","AREQUIPA","01","AREQUIPA","35","0132","PUESTA EN VALOR Y USO SOCIAL DEL PATRIMONIO CULTURAL","3","ACTIVIDAD","3000708","PATRIMONIO CULTURAL SALVAGUARDADO Y PROTEGIDO","5005601","DEFENSA POR ATENTADOS CONTRA EL PATRIMONIO CULTURAL ","21","CULTURA Y DEPORTE","045","CULTURA","0099","PATRIMONIO HISTORICO Y CULTURAL","00001","0160815","DEFENSA POR ATENTADOS CONTRA EL PATRIMONIO CULTURAL","04","AREQUIPA","2","RECURSOS DIRECTAMENTE RECAUDADOS","09","RECURSOS DIRECTAMENTE RECAUDADOS","0","NORMAL","5","GASTO CORRIENTE","2","1","PERSONAL Y OBLIGACIONES SOCIALES","3","CONTRIBUCIONES A LA SEGURIDAD SOCIAL","1","OBLIGACIONES DEL EMPLEADOR","1","OBLIGACIONES DEL EMPLEADOR","5","CONTRIBUCIONES A ESSALUD","0","0","0","14548.65","14548.65","0","0","0","0","0","0","0","0","0","0","0","0","0"
"2019","M","GOBIERNOS LOCALES"," "," "," "," ","300331","040101","MUNICIPALIDAD PROVINCIAL DE AREQUIPA","04","AREQUIPA","01","AREQUIPA","01","AREQUIPA","35","0132","PUESTA EN VALOR Y USO SOCIAL DEL PATRIMONIO CULTURAL","3","ACTIVIDAD","3000708","PATRIMONIO CULTURAL SALVAGUARDADO Y PROTEGIDO","5005601","DEFENSA POR ATENTADOS CONTRA EL PATRIMONIO CULTURAL ","21","CULTURA Y DEPORTE","045","CULTURA","0099","PATRIMONIO HISTORICO Y CULTURAL","00001","0160815","DEFENSA POR ATENTADOS CONTRA EL PATRIMONIO CULTURAL","04","AREQUIPA","2","RECURSOS DIRECTAMENTE RECAUDADOS","09","RECURSOS DIRECTAMENTE RECAUDADOS","0","NORMAL","5","GASTO CORRIENTE","2","3","BIENES Y SERVICIOS","1","COMPRA DE BIENES","1","ALIMENTOS Y BEBIDAS","1","ALIMENTOS Y BEBIDAS","1","ALIMENTOS Y BEBIDAS PARA CONSUMO HUMANO","0","693","693","0","0","0","0","0","0","0","0","0","0","0","0","0","0","0"
"2019","M","GOBIERNOS LOCALES"," "," "," "," ","300331","040101","MUNICIPALIDAD PROVINCIAL DE AREQUIPA","04","AREQUIPA","01","AREQUIPA","01","AREQUIPA","35","0132","PUESTA EN VALOR Y USO SOCIAL DEL PATRIMONIO CULTURAL","3","ACTIVIDAD","3000708","PATRIMONIO CULTURAL SALVAGUARDADO Y PROTEGIDO","5005601","DEFENSA POR ATENTADOS CONTRA EL PATRIMONIO CULTURAL ","21","CULTURA Y DEPORTE","045","CULTURA","0099","PATRIMONIO HISTORICO Y CULTURAL","00001","0160815","DEFENSA POR ATENTADOS CONTRA EL PATRIMONIO CULTURAL","04","AREQUIPA","2","RECURSOS DIRECTAMENTE RECAUDADOS","09","RECURSOS DIRECTAMENTE RECAUDADOS","0","NORMAL","5","GASTO CORRIENTE","2","3","BIENES Y SERVICIOS","1","COMPRA DE BIENES","1","ALIMENTOS Y BEBIDAS","1","ALIMENTOS Y BEBIDAS","1","ALIMENTOS Y BEBIDAS PARA CONSUMO HUMANO","0","0","0","691.50","691.50","0","0","0","0","0","0","0","0","0","0","0","0","0"
"2019","M","GOBIERNOS LOCALES"," "," "," "," ","300331","040101","MUNICIPALIDAD PROVINCIAL DE AREQUIPA","04","AREQUIPA","01","AREQUIPA","01","AREQUIPA","35","0132","PUESTA EN VALOR Y USO SOCIAL DEL PATRIMONIO CULTURAL","3","ACTIVIDAD","3000708","PATRIMONIO CULTURAL SALVAGUARDADO Y PROTEGIDO","5005601","DEFENSA POR ATENTADOS CONTRA EL PATRIMONIO CULTURAL ","21","CULTURA Y DEPORTE","045","CULTURA","0099","PATRIMONIO HISTORICO Y CULTURAL","00001","0160815","DEFENSA POR ATENTADOS CONTRA EL PATRIMONIO CULTURAL","04","AREQUIPA","2","RECURSOS DIRECTAMENTE RECAUDADOS","09","RECURSOS DIRECTAMENTE RECAUDADOS","0","NORMAL","5","GASTO CORRIENTE","2","3","BIENES Y SERVICIOS","1","COMPRA DE BIENES","3","COMBUSTIBLES, CARBURANTES, LUBRICANTES Y AFINES","1","COMBUSTIBLES, CARBURANTES, LUBRICANTES Y AFINES","1","COMBUSTIBLES Y CARBURANTES","0","88","88","0","0","0","0","0","0","0","0","0","0","0","0","0","0","0"
"2019","M","GOBIERNOS LOCALES"," "," "," "," ","300331","040101","MUNICIPALIDAD PROVINCIAL DE AREQUIPA","04","AREQUIPA","01","AREQUIPA","01","AREQUIPA","35","0132","PUESTA EN VALOR Y USO SOCIAL DEL PATRIMONIO CULTURAL","3","ACTIVIDAD","3000708","PATRIMONIO CULTURAL SALVAGUARDADO Y PROTEGIDO","5005601","DEFENSA POR ATENTADOS CONTRA EL PATRIMONIO CULTURAL ","21","CULTURA Y DEPORTE","045","CULTURA","0099","PATRIMONIO HISTORICO Y CULTURAL","00001","0160815","DEFENSA POR ATENTADOS CONTRA EL PATRIMONIO CULTURAL","04","AREQUIPA","2","RECURSOS DIRECTAMENTE RECAUDADOS","09","RECURSOS DIRECTAMENTE RECAUDADOS","0","NORMAL","5","GASTO CORRIENTE","2","3","BIENES Y SERVICIOS","1","COMPRA DE BIENES","3","COMBUSTIBLES, CARBURANTES, LUBRICANTES Y AFINES","1","COMBUSTIBLES, CARBURANTES, LUBRICANTES Y AFINES","1","COMBUSTIBLES Y CARBURANTES","0","0","0","88","88","0","0","0","0","0","0","0","0","0","0","0","0","0"
"2019","M","GOBIERNOS LOCALES"," "," "," "," ","300331","040101","MUNICIPALIDAD PROVINCIAL DE AREQUIPA","04","AREQUIPA","01","AREQUIPA","01","AREQUIPA","35","0132","PUESTA EN VALOR Y USO SOCIAL DEL PATRIMONIO CULTURAL","3","ACTIVIDAD","3000708","PATRIMONIO CULTURAL SALVAGUARDADO Y PROTEGIDO","5005601","DEFENSA POR ATENTADOS CONTRA EL PATRIMONIO CULTURAL ","21","CULTURA Y DEPORTE","045","CULTURA","0099","PATRIMONIO HISTORICO Y CULTURAL","00001","0160815","DEFENSA POR ATENTADOS CONTRA EL PATRIMONIO CULTURAL","04","AREQUIPA","2","RECURSOS DIRECTAMENTE RECAUDADOS","09","RECURSOS DIRECTAMENTE RECAUDADOS","0","NORMAL","5","GASTO CORRIENTE","2","3","BIENES Y SERVICIOS","1","COMPRA DE BIENES","5","MATERIALES Y  UTILES","1","DE OFICINA","1","REPUESTOS Y ACCESORIOS","0","195","195","0","0","0","0","0","0","0","0","0","0","0","0","0","0","0"
"2019","M","GOBIERNOS LOCALES"," "," "," "," ","300331","040101","MUNICIPALIDAD PROVINCIAL DE AREQUIPA","04","AREQUIPA","01","AREQUIPA","01","AREQUIPA","35","0132","PUESTA EN VALOR Y USO SOCIAL DEL PATRIMONIO CULTURAL","3","ACTIVIDAD","3000708","PATRIMONIO CULTURAL SALVAGUARDADO Y PROTEGIDO","5005601","DEFENSA POR ATENTADOS CONTRA EL PATRIMONIO CULTURAL ","21","CULTURA Y DEPORTE","045","CULTURA","0099","PATRIMONIO HISTORICO Y CULTURAL","00001","0160815","DEFENSA POR ATENTADOS CONTRA EL PATRIMONIO CULTURAL","04","AREQUIPA","2","RECURSOS DIRECTAMENTE RECAUDADOS","09","RECURSOS DIRECTAMENTE RECAUDADOS","0","NORMAL","5","GASTO CORRIENTE","2","3","BIENES Y SERVICIOS","1","COMPRA DE BIENES","5","MATERIALES Y  UTILES","1","DE OFICINA","1","REPUESTOS Y ACCESORIOS","0","0","0","195","195","0","0","0","0","0","0","0","0","0","0","0","0","0"
"2019","M","GOBIERNOS LOCALES"," "," "," "," ","300331","040101","MUNICIPALIDAD PROVINCIAL DE AREQUIPA","04","AREQUIPA","01","AREQUIPA","01","AREQUIPA","35","0132","PUESTA EN VALOR Y USO SOCIAL DEL PATRIMONIO CULTURAL","3","ACTIVIDAD","3000708","PATRIMONIO CULTURAL SALVAGUARDADO Y PROTEGIDO","5005601","DEFENSA POR ATENTADOS CONTRA EL PATRIMONIO CULTURAL ","21","CULTURA Y DEPORTE","045","CULTURA","0099","PATRIMONIO HISTORICO Y CULTURAL","00001","0160815","DEFENSA POR ATENTADOS CONTRA EL PATRIMONIO CULTURAL","04","AREQUIPA","2","RECURSOS DIRECTAMENTE RECAUDADOS","09","RECURSOS DIRECTAMENTE RECAUDADOS","0","NORMAL","5","GASTO CORRIENTE","2","3","BIENES Y SERVICIOS","1","COMPRA DE BIENES","5","MATERIALES Y  UTILES","1","DE OFICINA","2","PAPELERIA EN GENERAL, UTILES Y MATERIALES DE OFICINA","4000","-2658","1342","0","0","0","0","0","0","0","0","0","0","0","0","0","0","0"
"2019","M","GOBIERNOS LOCALES"," "," "," "," ","300331","040101","MUNICIPALIDAD PROVINCIAL DE AREQUIPA","04","AREQUIPA","01","AREQUIPA","01","AREQUIPA","35","0132","PUESTA EN VALOR Y USO SOCIAL DEL PATRIMONIO CULTURAL","3","ACTIVIDAD","3000708","PATRIMONIO CULTURAL SALVAGUARDADO Y PROTEGIDO","5005601","DEFENSA POR ATENTADOS CONTRA EL PATRIMONIO CULTURAL ","21","CULTURA Y DEPORTE","045","CULTURA","0099","PATRIMONIO HISTORICO Y CULTURAL","00001","0160815","DEFENSA POR ATENTADOS CONTRA EL PATRIMONIO CULTURAL","04","AREQUIPA","2","RECURSOS DIRECTAMENTE RECAUDADOS","09","RECURSOS DIRECTAMENTE RECAUDADOS","0","NORMAL","5","GASTO CORRIENTE","2","3","BIENES Y SERVICIOS","1","COMPRA DE BIENES","5","MATERIALES Y  UTILES","1","DE OFICINA","2","PAPELERIA EN GENERAL, UTILES Y MATERIALES DE OFICINA","0","0","0","1341.10","1341.10","0","0","0","0","0","0","0","0","0","0","0","0","0"
"2019","M","GOBIERNOS LOCALES"," "," "," "," ","300331","040101","MUNICIPALIDAD PROVINCIAL DE AREQUIPA","04","AREQUIPA","01","AREQUIPA","01","AREQUIPA","35","0132","PUESTA EN VALOR Y USO SOCIAL DEL PATRIMONIO CULTURAL","3","ACTIVIDAD","3000708","PATRIMONIO CULTURAL SALVAGUARDADO Y PROTEGIDO","5005601","DEFENSA POR ATENTADOS CONTRA EL PATRIMONIO CULTURAL ","21","CULTURA Y DEPORTE","045","CULTURA","0099","PATRIMONIO HISTORICO Y CULTURAL","00001","0160815","DEFENSA POR ATENTADOS CONTRA EL PATRIMONIO CULTURAL","04","AREQUIPA","2","RECURSOS DIRECTAMENTE RECAUDADOS","09","RECURSOS DIRECTAMENTE RECAUDADOS","0","NORMAL","5","GASTO CORRIENTE","2","3","BIENES Y SERVICIOS","1","COMPRA DE BIENES","5","MATERIALES Y  UTILES","3","ASEO, LIMPIEZA Y COCINA","1","ASEO, LIMPIEZA Y TOCADOR","0","940","940","0","0","0","0","0","0","0","0","0","0","0","0","0","0","0"
"2019","M","GOBIERNOS LOCALES"," "," "," "," ","300331","040101","MUNICIPALIDAD PROVINCIAL DE AREQUIPA","04","AREQUIPA","01","AREQUIPA","01","AREQUIPA","35","0132","PUESTA EN VALOR Y USO SOCIAL DEL PATRIMONIO CULTURAL","3","ACTIVIDAD","3000708","PATRIMONIO CULTURAL SALVAGUARDADO Y PROTEGIDO","5005601","DEFENSA POR ATENTADOS CONTRA EL PATRIMONIO CULTURAL ","21","CULTURA Y DEPORTE","045","CULTURA","0099","PATRIMONIO HISTORICO Y CULTURAL","00001","0160815","DEFENSA POR ATENTADOS CONTRA EL PATRIMONIO CULTURAL","04","AREQUIPA","2","RECURSOS DIRECTAMENTE RECAUDADOS","09","RECURSOS DIRECTAMENTE RECAUDADOS","0","NORMAL","5","GASTO CORRIENTE","2","3","BIENES Y SERVICIOS","1","COMPRA DE BIENES","5","MATERIALES Y  UTILES","3","ASEO, LIMPIEZA Y COCINA","1","ASEO, LIMPIEZA Y TOCADOR","0","0","0","515","226.93","0","0","0","0","0","0","0","0","0","0","0","0","0"
"2019","M","GOBIERNOS LOCALES"," "," "," "," ","300331","040101","MUNICIPALIDAD PROVINCIAL DE AREQUIPA","04","AREQUIPA","01","AREQUIPA","01","AREQUIPA","35","0132","PUESTA EN VALOR Y USO SOCIAL DEL PATRIMONIO CULTURAL","3","ACTIVIDAD","3000708","PATRIMONIO CULTURAL SALVAGUARDADO Y PROTEGIDO","5005601","DEFENSA POR ATENTADOS CONTRA EL PATRIMONIO CULTURAL ","21","CULTURA Y DEPORTE","045","CULTURA","0099","PATRIMONIO HISTORICO Y CULTURAL","00001","0160815","DEFENSA POR ATENTADOS CONTRA EL PATRIMONIO CULTURAL","04","AREQUIPA","2","RECURSOS DIRECTAMENTE RECAUDADOS","09","RECURSOS DIRECTAMENTE RECAUDADOS","0","NORMAL","5","GASTO CORRIENTE","2","3","BIENES Y SERVICIOS","1","COMPRA DE BIENES","6","REPUESTOS Y ACCESORIOS","1","REPUESTOS Y ACCESORIOS","1","DE VEHICULOS","0","870","870","0","0","0","0","0","0","0","0","0","0","0","0","0","0","0"
"2019","M","GOBIERNOS LOCALES"," "," "," "," ","300331","040101","MUNICIPALIDAD PROVINCIAL DE AREQUIPA","04","AREQUIPA","01","AREQUIPA","01","AREQUIPA","35","0132","PUESTA EN VALOR Y USO SOCIAL DEL PATRIMONIO CULTURAL","3","ACTIVIDAD","3000708","PATRIMONIO CULTURAL SALVAGUARDADO Y PROTEGIDO","5005601","DEFENSA POR ATENTADOS CONTRA EL PATRIMONIO CULTURAL ","21","CULTURA Y DEPORTE","045","CULTURA","0099","PATRIMONIO HISTORICO Y CULTURAL","00001","0160815","DEFENSA POR ATENTADOS CONTRA EL PATRIMONIO CULTURAL","04","AREQUIPA","2","RECURSOS DIRECTAMENTE RECAUDADOS","09","RECURSOS DIRECTAMENTE RECAUDADOS","0","NORMAL","5","GASTO CORRIENTE","2","3","BIENES Y SERVICIOS","1","COMPRA DE BIENES","6","REPUESTOS Y ACCESORIOS","1","REPUESTOS Y ACCESORIOS","1","DE VEHICULOS","0","0","0","870","0","0","0","0","0","0","0","0","0","0","0","0","0","0"
"2019","M","GOBIERNOS LOCALES"," "," "," "," ","300331","040101","MUNICIPALIDAD PROVINCIAL DE AREQUIPA","04","AREQUIPA","01","AREQUIPA","01","AREQUIPA","35","0132","PUESTA EN VALOR Y USO SOCIAL DEL PATRIMONIO CULTURAL","3","ACTIVIDAD","3000708","PATRIMONIO CULTURAL SALVAGUARDADO Y PROTEGIDO","5005601","DEFENSA POR ATENTADOS CONTRA EL PATRIMONIO CULTURAL ","21","CULTURA Y DEPORTE","045","CULTURA","0099","PATRIMONIO HISTORICO Y CULTURAL","00001","0160815","DEFENSA POR ATENTADOS CONTRA EL PATRIMONIO CULTURAL","04","AREQUIPA","2","RECURSOS DIRECTAMENTE RECAUDADOS","09","RECURSOS DIRECTAMENTE RECAUDADOS","0","NORMAL","5","GASTO CORRIENTE","2","3","BIENES Y SERVICIOS","1","COMPRA DE BIENES","6","REPUESTOS Y ACCESORIOS","1","REPUESTOS Y ACCESORIOS","3","DE CONSTRUCCION Y MAQUINAS","0","5640","5640","0","0","0","0","0","0","0","0","0","0","0","0","0","0","0"
"2019","M","GOBIERNOS LOCALES"," "," "," "," ","300331","040101","MUNICIPALIDAD PROVINCIAL DE AREQUIPA","04","AREQUIPA","01","AREQUIPA","01","AREQUIPA","35","0132","PUESTA EN VALOR Y USO SOCIAL DEL PATRIMONIO CULTURAL","3","ACTIVIDAD","3000708","PATRIMONIO CULTURAL SALVAGUARDADO Y PROTEGIDO","5005601","DEFENSA POR ATENTADOS CONTRA EL PATRIMONIO CULTURAL ","21","CULTURA Y DEPORTE","045","CULTURA","0099","PATRIMONIO HISTORICO Y CULTURAL","00001","0160815","DEFENSA POR ATENTADOS CONTRA EL PATRIMONIO CULTURAL","04","AREQUIPA","2","RECURSOS DIRECTAMENTE RECAUDADOS","09","RECURSOS DIRECTAMENTE RECAUDADOS","0","NORMAL","5","GASTO CORRIENTE","2","3","BIENES Y SERVICIOS","1","COMPRA DE BIENES","6","REPUESTOS Y ACCESORIOS","1","REPUESTOS Y ACCESORIOS","3","DE CONSTRUCCION Y MAQUINAS","0","0","0","5640","0","0","0","0","0","0","0","0","0","0","0","0","0","0"
"2019","M","GOBIERNOS LOCALES"," "," "," "," ","300331","040101","MUNICIPALIDAD PROVINCIAL DE AREQUIPA","04","AREQUIPA","01","AREQUIPA","01","AREQUIPA","35","0132","PUESTA EN VALOR Y USO SOCIAL DEL PATRIMONIO CULTURAL","3","ACTIVIDAD","3000708","PATRIMONIO CULTURAL SALVAGUARDADO Y PROTEGIDO","5005601","DEFENSA POR ATENTADOS CONTRA EL PATRIMONIO CULTURAL ","21","CULTURA Y DEPORTE","045","CULTURA","0099","PATRIMONIO HISTORICO Y CULTURAL","00001","0160815","DEFENSA POR ATENTADOS CONTRA EL PATRIMONIO CULTURAL","04","AREQUIPA","2","RECURSOS DIRECTAMENTE RECAUDADOS","09","RECURSOS DIRECTAMENTE RECAUDADOS","0","NORMAL","5","GASTO CORRIENTE","2","3","BIENES Y SERVICIOS","1","COMPRA DE BIENES","8","SUMINISTROS MEDICOS","2","MATERIAL,INSUMOS,INSTRUMENTAL Y ACCESORIOS MEDICOS,QUIRURGICOS, ODONTOLOGICOS Y DE LABORATORIO","1","MATERIAL, INSUMOS, INSTRUMENTAL Y ACCESORIOS  MEDICOS, QUIRURGICOS, ODONTOLOGICOS Y DE LABORATORIO","0","800","800","0","0","0","0","0","0","0","0","0","0","0","0","0","0","0"
"2019","M","GOBIERNOS LOCALES"," "," "," "," ","300331","040101","MUNICIPALIDAD PROVINCIAL DE AREQUIPA","04","AREQUIPA","01","AREQUIPA","01","AREQUIPA","35","0132","PUESTA EN VALOR Y USO SOCIAL DEL PATRIMONIO CULTURAL","3","ACTIVIDAD","3000708","PATRIMONIO CULTURAL SALVAGUARDADO Y PROTEGIDO","5005601","DEFENSA POR ATENTADOS CONTRA EL PATRIMONIO CULTURAL ","21","CULTURA Y DEPORTE","045","CULTURA","0099","PATRIMONIO HISTORICO Y CULTURAL","00001","0160815","DEFENSA POR ATENTADOS CONTRA EL PATRIMONIO CULTURAL","04","AREQUIPA","2","RECURSOS DIRECTAMENTE RECAUDADOS","09","RECURSOS DIRECTAMENTE RECAUDADOS","0","NORMAL","5","GASTO CORRIENTE","2","3","BIENES Y SERVICIOS","1","COMPRA DE BIENES","8","SUMINISTROS MEDICOS","2","MATERIAL,INSUMOS,INSTRUMENTAL Y ACCESORIOS MEDICOS,QUIRURGICOS, ODONTOLOGICOS Y DE LABORATORIO","1","MATERIAL, INSUMOS, INSTRUMENTAL Y ACCESORIOS  MEDICOS, QUIRURGICOS, ODONTOLOGICOS Y DE LABORATORIO","0","0","0","400","0","0","0","0","0","0","0","0","0","0","0","0","0","0"
"2019","M","GOBIERNOS LOCALES"," "," "," "," ","300331","040101","MUNICIPALIDAD PROVINCIAL DE AREQUIPA","04","AREQUIPA","01","AREQUIPA","01","AREQUIPA","35","0132","PUESTA EN VALOR Y USO SOCIAL DEL PATRIMONIO CULTURAL","3","ACTIVIDAD","3000708","PATRIMONIO CULTURAL SALVAGUARDADO Y PROTEGIDO","5005601","DEFENSA POR ATENTADOS CONTRA EL PATRIMONIO CULTURAL ","21","CULTURA Y DEPORTE","045","CULTURA","0099","PATRIMONIO HISTORICO Y CULTURAL","00001","0160815","DEFENSA POR ATENTADOS CONTRA EL PATRIMONIO CULTURAL","04","AREQUIPA","2","RECURSOS DIRECTAMENTE RECAUDADOS","09","RECURSOS DIRECTAMENTE RECAUDADOS","0","NORMAL","5","GASTO CORRIENTE","2","3","BIENES Y SERVICIOS","1","COMPRA DE BIENES","11","SUMINISTROS PARA MANTENIMIENTO Y REPARACION","1","SUMINISTROS PARA MANTENIMIENTO Y REPARACION","5","OTROS MATERIALES DE MANTENIMIENTO","0","7550","7550","0","0","0","0","0","0","0","0","0","0","0","0","0","0","0"
"2019","M","GOBIERNOS LOCALES"," "," "," "," ","300331","040101","MUNICIPALIDAD PROVINCIAL DE AREQUIPA","04","AREQUIPA","01","AREQUIPA","01","AREQUIPA","35","0132","PUESTA EN VALOR Y USO SOCIAL DEL PATRIMONIO CULTURAL","3","ACTIVIDAD","3000708","PATRIMONIO CULTURAL SALVAGUARDADO Y PROTEGIDO","5005601","DEFENSA POR ATENTADOS CONTRA EL PATRIMONIO CULTURAL ","21","CULTURA Y DEPORTE","045","CULTURA","0099","PATRIMONIO HISTORICO Y CULTURAL","00001","0160815","DEFENSA POR ATENTADOS CONTRA EL PATRIMONIO CULTURAL","04","AREQUIPA","2","RECURSOS DIRECTAMENTE RECAUDADOS","09","RECURSOS DIRECTAMENTE RECAUDADOS","0","NORMAL","5","GASTO CORRIENTE","2","3","BIENES Y SERVICIOS","1","COMPRA DE BIENES","11","SUMINISTROS PARA MANTENIMIENTO Y REPARACION","1","SUMINISTROS PARA MANTENIMIENTO Y REPARACION","5","OTROS MATERIALES DE MANTENIMIENTO","0","0","0","7550","0","0","0","0","0","0","0","0","0","0","0","0","0","0"
"2019","M","GOBIERNOS LOCALES"," "," "," "," ","300331","040101","MUNICIPALIDAD PROVINCIAL DE AREQUIPA","04","AREQUIPA","01","AREQUIPA","01","AREQUIPA","35","0132","PUESTA EN VALOR Y USO SOCIAL DEL PATRIMONIO CULTURAL","3","ACTIVIDAD","3000708","PATRIMONIO CULTURAL SALVAGUARDADO Y PROTEGIDO","5005601","DEFENSA POR ATENTADOS CONTRA EL PATRIMONIO CULTURAL ","21","CULTURA Y DEPORTE","045","CULTURA","0099","PATRIMONIO HISTORICO Y CULTURAL","00001","0160815","DEFENSA POR ATENTADOS CONTRA EL PATRIMONIO CULTURAL","04","AREQUIPA","2","RECURSOS DIRECTAMENTE RECAUDADOS","09","RECURSOS DIRECTAMENTE RECAUDADOS","0","NORMAL","5","GASTO CORRIENTE","2","3","BIENES Y SERVICIOS","1","COMPRA DE BIENES","99","COMPRA DE OTROS BIENES","1","COMPRA DE OTROS BIENES","1","HERRAMIENTAS","3762","2141","5903","0","0","0","0","0","0","0","0","0","0","0","0","0","0","0"
"2019","M","GOBIERNOS LOCALES"," "," "," "," ","300331","040101","MUNICIPALIDAD PROVINCIAL DE AREQUIPA","04","AREQUIPA","01","AREQUIPA","01","AREQUIPA","35","0132","PUESTA EN VALOR Y USO SOCIAL DEL PATRIMONIO CULTURAL","3","ACTIVIDAD","3000708","PATRIMONIO CULTURAL SALVAGUARDADO Y PROTEGIDO","5005601","DEFENSA POR ATENTADOS CONTRA EL PATRIMONIO CULTURAL ","21","CULTURA Y DEPORTE","045","CULTURA","0099","PATRIMONIO HISTORICO Y CULTURAL","00001","0160815","DEFENSA POR ATENTADOS CONTRA EL PATRIMONIO CULTURAL","04","AREQUIPA","2","RECURSOS DIRECTAMENTE RECAUDADOS","09","RECURSOS DIRECTAMENTE RECAUDADOS","0","NORMAL","5","GASTO CORRIENTE","2","3","BIENES Y SERVICIOS","1","COMPRA DE BIENES","99","COMPRA DE OTROS BIENES","1","COMPRA DE OTROS BIENES","1","HERRAMIENTAS","0","0","0","1244","0","0","0","0","0","0","0","0","0","0","0","0","0","0"
"2019","M","GOBIERNOS LOCALES"," "," "," "," ","300331","040101","MUNICIPALIDAD PROVINCIAL DE AREQUIPA","04","AREQUIPA","01","AREQUIPA","01","AREQUIPA","35","0132","PUESTA EN VALOR Y USO SOCIAL DEL PATRIMONIO CULTURAL","3","ACTIVIDAD","3000708","PATRIMONIO CULTURAL SALVAGUARDADO Y PROTEGIDO","5005601","DEFENSA POR ATENTADOS CONTRA EL PATRIMONIO CULTURAL ","21","CULTURA Y DEPORTE","045","CULTURA","0099","PATRIMONIO HISTORICO Y CULTURAL","00001","0160815","DEFENSA POR ATENTADOS CONTRA EL PATRIMONIO CULTURAL","04","AREQUIPA","2","RECURSOS DIRECTAMENTE RECAUDADOS","09","RECURSOS DIRECTAMENTE RECAUDADOS","0","NORMAL","5","GASTO CORRIENTE","2","3","BIENES Y SERVICIOS","1","COMPRA DE BIENES","99","COMPRA DE OTROS BIENES","1","COMPRA DE OTROS BIENES","3","LIBROS, DIARIOS, REVISTAS Y OTROS BIENES IMPRESOS NO VINCULADOS A ENSEÑANZA","7800","-7800","0","0","0","0","0","0","0","0","0","0","0","0","0","0","0","0"
"2019","M","GOBIERNOS LOCALES"," "," "," "," ","300331","040101","MUNICIPALIDAD PROVINCIAL DE AREQUIPA","04","AREQUIPA","01","AREQUIPA","01","AREQUIPA","35","0132","PUESTA EN VALOR Y USO SOCIAL DEL PATRIMONIO CULTURAL","3","ACTIVIDAD","3000708","PATRIMONIO CULTURAL SALVAGUARDADO Y PROTEGIDO","5005601","DEFENSA POR ATENTADOS CONTRA EL PATRIMONIO CULTURAL ","21","CULTURA Y DEPORTE","045","CULTURA","0099","PATRIMONIO HISTORICO Y CULTURAL","00001","0160815","DEFENSA POR ATENTADOS CONTRA EL PATRIMONIO CULTURAL","04","AREQUIPA","2","RECURSOS DIRECTAMENTE RECAUDADOS","09","RECURSOS DIRECTAMENTE RECAUDADOS","0","NORMAL","5","GASTO CORRIENTE","2","3","BIENES Y SERVICIOS","1","COMPRA DE BIENES","99","COMPRA DE OTROS BIENES","1","COMPRA DE OTROS BIENES","99","OTROS BIENES","919","3913","4832","0","0","0","0","0","0","0","0","0","0","0","0","0","0","0"
"2019","M","GOBIERNOS LOCALES"," "," "," "," ","300331","040101","MUNICIPALIDAD PROVINCIAL DE AREQUIPA","04","AREQUIPA","01","AREQUIPA","01","AREQUIPA","35","0132","PUESTA EN VALOR Y USO SOCIAL DEL PATRIMONIO CULTURAL","3","ACTIVIDAD","3000708","PATRIMONIO CULTURAL SALVAGUARDADO Y PROTEGIDO","5005601","DEFENSA POR ATENTADOS CONTRA EL PATRIMONIO CULTURAL ","21","CULTURA Y DEPORTE","045","CULTURA","0099","PATRIMONIO HISTORICO Y CULTURAL","00001","0160815","DEFENSA POR ATENTADOS CONTRA EL PATRIMONIO CULTURAL","04","AREQUIPA","2","RECURSOS DIRECTAMENTE RECAUDADOS","09","RECURSOS DIRECTAMENTE RECAUDADOS","0","NORMAL","5","GASTO CORRIENTE","2","3","BIENES Y SERVICIOS","1","COMPRA DE BIENES","99","COMPRA DE OTROS BIENES","1","COMPRA DE OTROS BIENES","99","OTROS BIENES","0","0","0","4831.10","1602.10","0","0","0","0","0","0","0","0","0","0","0","0","0"
"2019","M","GOBIERNOS LOCALES"," "," "," "," ","300331","040101","MUNICIPALIDAD PROVINCIAL DE AREQUIPA","04","AREQUIPA","01","AREQUIPA","01","AREQUIPA","35","0132","PUESTA EN VALOR Y USO SOCIAL DEL PATRIMONIO CULTURAL","3","ACTIVIDAD","3000708","PATRIMONIO CULTURAL SALVAGUARDADO Y PROTEGIDO","5005601","DEFENSA POR ATENTADOS CONTRA EL PATRIMONIO CULTURAL ","21","CULTURA Y DEPORTE","045","CULTURA","0099","PATRIMONIO HISTORICO Y CULTURAL","00001","0160815","DEFENSA POR ATENTADOS CONTRA EL PATRIMONIO CULTURAL","04","AREQUIPA","2","RECURSOS DIRECTAMENTE RECAUDADOS","09","RECURSOS DIRECTAMENTE RECAUDADOS","0","NORMAL","5","GASTO CORRIENTE","2","3","BIENES Y SERVICIOS","2","CONTRATACION DE SERVICIOS","1","VIAJES","2","VIAJES DOMESTICOS","1","PASAJES Y GASTOS DE TRANSPORTE","5000","-5000","0","0","0","0","0","0","0","0","0","0","0","0","0","0","0","0"
"2019","M","GOBIERNOS LOCALES"," "," "," "," ","300331","040101","MUNICIPALIDAD PROVINCIAL DE AREQUIPA","04","AREQUIPA","01","AREQUIPA","01","AREQUIPA","35","0132","PUESTA EN VALOR Y USO SOCIAL DEL PATRIMONIO CULTURAL","3","ACTIVIDAD","3000708","PATRIMONIO CULTURAL SALVAGUARDADO Y PROTEGIDO","5005601","DEFENSA POR ATENTADOS CONTRA EL PATRIMONIO CULTURAL ","21","CULTURA Y DEPORTE","045","CULTURA","0099","PATRIMONIO HISTORICO Y CULTURAL","00001","0160815","DEFENSA POR ATENTADOS CONTRA EL PATRIMONIO CULTURAL","04","AREQUIPA","2","RECURSOS DIRECTAMENTE RECAUDADOS","09","RECURSOS DIRECTAMENTE RECAUDADOS","0","NORMAL","5","GASTO CORRIENTE","2","3","BIENES Y SERVICIOS","2","CONTRATACION DE SERVICIOS","1","VIAJES","2","VIAJES DOMESTICOS","2","VIATICOS Y ASIGNACIONES POR COMISION DE SERVICIO","5000","-5000","0","0","0","0","0","0","0","0","0","0","0","0","0","0","0","0"
"2019","M","GOBIERNOS LOCALES"," "," "," "," ","300331","040101","MUNICIPALIDAD PROVINCIAL DE AREQUIPA","04","AREQUIPA","01","AREQUIPA","01","AREQUIPA","35","0132","PUESTA EN VALOR Y USO SOCIAL DEL PATRIMONIO CULTURAL","3","ACTIVIDAD","3000708","PATRIMONIO CULTURAL SALVAGUARDADO Y PROTEGIDO","5005601","DEFENSA POR ATENTADOS CONTRA EL PATRIMONIO CULTURAL ","21","CULTURA Y DEPORTE","045","CULTURA","0099","PATRIMONIO HISTORICO Y CULTURAL","00001","0160815","DEFENSA POR ATENTADOS CONTRA EL PATRIMONIO CULTURAL","04","AREQUIPA","2","RECURSOS DIRECTAMENTE RECAUDADOS","09","RECURSOS DIRECTAMENTE RECAUDADOS","0","NORMAL","5","GASTO CORRIENTE","2","3","BIENES Y SERVICIOS","2","CONTRATACION DE SERVICIOS","1","VIAJES","2","VIAJES DOMESTICOS","99","OTROS GASTOS","0","133","133","0","0","0","0","0","0","0","0","0","0","0","0","0","0","0"
"2019","M","GOBIERNOS LOCALES"," "," "," "," ","300331","040101","MUNICIPALIDAD PROVINCIAL DE AREQUIPA","04","AREQUIPA","01","AREQUIPA","01","AREQUIPA","35","0132","PUESTA EN VALOR Y USO SOCIAL DEL PATRIMONIO CULTURAL","3","ACTIVIDAD","3000708","PATRIMONIO CULTURAL SALVAGUARDADO Y PROTEGIDO","5005601","DEFENSA POR ATENTADOS CONTRA EL PATRIMONIO CULTURAL ","21","CULTURA Y DEPORTE","045","CULTURA","0099","PATRIMONIO HISTORICO Y CULTURAL","00001","0160815","DEFENSA POR ATENTADOS CONTRA EL PATRIMONIO CULTURAL","04","AREQUIPA","2","RECURSOS DIRECTAMENTE RECAUDADOS","09","RECURSOS DIRECTAMENTE RECAUDADOS","0","NORMAL","5","GASTO CORRIENTE","2","3","BIENES Y SERVICIOS","2","CONTRATACION DE SERVICIOS","1","VIAJES","2","VIAJES DOMESTICOS","99","OTROS GASTOS","0","0","0","132.90","132.90","0","0","0","0","0","0","0","0","0","0","0","0","0"
"2019","M","GOBIERNOS LOCALES"," "," "," "," ","300331","040101","MUNICIPALIDAD PROVINCIAL DE AREQUIPA","04","AREQUIPA","01","AREQUIPA","01","AREQUIPA","35","0132","PUESTA EN VALOR Y USO SOCIAL DEL PATRIMONIO CULTURAL","3","ACTIVIDAD","3000708","PATRIMONIO CULTURAL SALVAGUARDADO Y PROTEGIDO","5005601","DEFENSA POR ATENTADOS CONTRA EL PATRIMONIO CULTURAL ","21","CULTURA Y DEPORTE","045","CULTURA","0099","PATRIMONIO HISTORICO Y CULTURAL","00001","0160815","DEFENSA POR ATENTADOS CONTRA EL PATRIMONIO CULTURAL","04","AREQUIPA","2","RECURSOS DIRECTAMENTE RECAUDADOS","09","RECURSOS DIRECTAMENTE RECAUDADOS","0","NORMAL","5","GASTO CORRIENTE","2","3","BIENES Y SERVICIOS","2","CONTRATACION DE SERVICIOS","7","SERVICIOS PROFESIONALES Y TECNICOS","7","SERVICIOS RELACIONADOS CON EL MEDIO AMBIENTE","2","SERVICIO DE REMEDIACION AMBIENTAL","0","0","0","0","0","0","0","0","0","0","0","0","0","0","0","0","0","0"
"2019","M","GOBIERNOS LOCALES"," "," "," "," ","300331","040101","MUNICIPALIDAD PROVINCIAL DE AREQUIPA","04","AREQUIPA","01","AREQUIPA","01","AREQUIPA","35","0132","PUESTA EN VALOR Y USO SOCIAL DEL PATRIMONIO CULTURAL","3","ACTIVIDAD","3000708","PATRIMONIO CULTURAL SALVAGUARDADO Y PROTEGIDO","5005601","DEFENSA POR ATENTADOS CONTRA EL PATRIMONIO CULTURAL ","21","CULTURA Y DEPORTE","045","CULTURA","0099","PATRIMONIO HISTORICO Y CULTURAL","00001","0160815","DEFENSA POR ATENTADOS CONTRA EL PATRIMONIO CULTURAL","04","AREQUIPA","2","RECURSOS DIRECTAMENTE RECAUDADOS","09","RECURSOS DIRECTAMENTE RECAUDADOS","0","NORMAL","5","GASTO CORRIENTE","2","3","BIENES Y SERVICIOS","2","CONTRATACION DE SERVICIOS","7","SERVICIOS PROFESIONALES Y TECNICOS","11","OTROS SERVICIOS","6","SERVICIO DE IMPRESIONES, ENCUADERNACION Y EMPASTADO","0","94","94","0","0","0","0","0","0","0","0","0","0","0","0","0","0","0"
"2019","M","GOBIERNOS LOCALES"," "," "," "," ","300331","040101","MUNICIPALIDAD PROVINCIAL DE AREQUIPA","04","AREQUIPA","01","AREQUIPA","01","AREQUIPA","35","0132","PUESTA EN VALOR Y USO SOCIAL DEL PATRIMONIO CULTURAL","3","ACTIVIDAD","3000708","PATRIMONIO CULTURAL SALVAGUARDADO Y PROTEGIDO","5005601","DEFENSA POR ATENTADOS CONTRA EL PATRIMONIO CULTURAL ","21","CULTURA Y DEPORTE","045","CULTURA","0099","PATRIMONIO HISTORICO Y CULTURAL","00001","0160815","DEFENSA POR ATENTADOS CONTRA EL PATRIMONIO CULTURAL","04","AREQUIPA","2","RECURSOS DIRECTAMENTE RECAUDADOS","09","RECURSOS DIRECTAMENTE RECAUDADOS","0","NORMAL","5","GASTO CORRIENTE","2","3","BIENES Y SERVICIOS","2","CONTRATACION DE SERVICIOS","7","SERVICIOS PROFESIONALES Y TECNICOS","11","OTROS SERVICIOS","6","SERVICIO DE IMPRESIONES, ENCUADERNACION Y EMPASTADO","0","0","0","94","94","0","0","0","0","0","0","0","0","0","0","0","0","0"
"2019","M","GOBIERNOS LOCALES"," "," "," "," ","300331","040101","MUNICIPALIDAD PROVINCIAL DE AREQUIPA","04","AREQUIPA","01","AREQUIPA","01","AREQUIPA","35","0132","PUESTA EN VALOR Y USO SOCIAL DEL PATRIMONIO CULTURAL","3","ACTIVIDAD","3000708","PATRIMONIO CULTURAL SALVAGUARDADO Y PROTEGIDO","5005601","DEFENSA POR ATENTADOS CONTRA EL PATRIMONIO CULTURAL ","21","CULTURA Y DEPORTE","045","CULTURA","0099","PATRIMONIO HISTORICO Y CULTURAL","00001","0160815","DEFENSA POR ATENTADOS CONTRA EL PATRIMONIO CULTURAL","04","AREQUIPA","2","RECURSOS DIRECTAMENTE RECAUDADOS","09","RECURSOS DIRECTAMENTE RECAUDADOS","0","NORMAL","5","GASTO CORRIENTE","2","3","BIENES Y SERVICIOS","2","CONTRATACION DE SERVICIOS","7","SERVICIOS PROFESIONALES Y TECNICOS","11","OTROS SERVICIOS","99","SERVICIOS DIVERSOS","0","530","530","0","0","0","0","0","0","0","0","0","0","0","0","0","0","0"
"2019","M","GOBIERNOS LOCALES"," "," "," "," ","300331","040101","MUNICIPALIDAD PROVINCIAL DE AREQUIPA","04","AREQUIPA","01","AREQUIPA","01","AREQUIPA","35","0132","PUESTA EN VALOR Y USO SOCIAL DEL PATRIMONIO CULTURAL","3","ACTIVIDAD","3000708","PATRIMONIO CULTURAL SALVAGUARDADO Y PROTEGIDO","5005601","DEFENSA POR ATENTADOS CONTRA EL PATRIMONIO CULTURAL ","21","CULTURA Y DEPORTE","045","CULTURA","0099","PATRIMONIO HISTORICO Y CULTURAL","00001","0160815","DEFENSA POR ATENTADOS CONTRA EL PATRIMONIO CULTURAL","04","AREQUIPA","2","RECURSOS DIRECTAMENTE RECAUDADOS","09","RECURSOS DIRECTAMENTE RECAUDADOS","0","NORMAL","5","GASTO CORRIENTE","2","3","BIENES Y SERVICIOS","2","CONTRATACION DE SERVICIOS","7","SERVICIOS PROFESIONALES Y TECNICOS","11","OTROS SERVICIOS","99","SERVICIOS DIVERSOS","0","0","0","530","530","0","0","0","0","0","0","0","0","0","0","0","0","0"
"2019","M","GOBIERNOS LOCALES"," "," "," "," ","300331","040101","MUNICIPALIDAD PROVINCIAL DE AREQUIPA","04","AREQUIPA","01","AREQUIPA","01","AREQUIPA","35","0132","PUESTA EN VALOR Y USO SOCIAL DEL PATRIMONIO CULTURAL","3","ACTIVIDAD","3000708","PATRIMONIO CULTURAL SALVAGUARDADO Y PROTEGIDO","5005601","DEFENSA POR ATENTADOS CONTRA EL PATRIMONIO CULTURAL ","21","CULTURA Y DEPORTE","045","CULTURA","0099","PATRIMONIO HISTORICO Y CULTURAL","00001","0160815","DEFENSA POR ATENTADOS CONTRA EL PATRIMONIO CULTURAL","04","AREQUIPA","2","RECURSOS DIRECTAMENTE RECAUDADOS","09","RECURSOS DIRECTAMENTE RECAUDADOS","0","NORMAL","5","GASTO CORRIENTE","2","3","BIENES Y SERVICIOS","2","CONTRATACION DE SERVICIOS","8","CONTRATO ADMINISTRATIVO DE SERVICIOS","1","CONTRATO ADMINISTRATIVO DE SERVICIOS","2","CONTRIBUCIONES A ESSALUD DE C.A.S.","0","794","794","0","0","0","0","0","0","0","0","0","0","0","0","0","0","0"
"2019","M","GOBIERNOS LOCALES"," "," "," "," ","300331","040101","MUNICIPALIDAD PROVINCIAL DE AREQUIPA","04","AREQUIPA","01","AREQUIPA","01","AREQUIPA","35","0132","PUESTA EN VALOR Y USO SOCIAL DEL PATRIMONIO CULTURAL","3","ACTIVIDAD","3000708","PATRIMONIO CULTURAL SALVAGUARDADO Y PROTEGIDO","5005601","DEFENSA POR ATENTADOS CONTRA EL PATRIMONIO CULTURAL ","21","CULTURA Y DEPORTE","045","CULTURA","0099","PATRIMONIO HISTORICO Y CULTURAL","00001","0160815","DEFENSA POR ATENTADOS CONTRA EL PATRIMONIO CULTURAL","04","AREQUIPA","2","RECURSOS DIRECTAMENTE RECAUDADOS","09","RECURSOS DIRECTAMENTE RECAUDADOS","0","NORMAL","5","GASTO CORRIENTE","2","3","BIENES Y SERVICIOS","2","CONTRATACION DE SERVICIOS","8","CONTRATO ADMINISTRATIVO DE SERVICIOS","1","CONTRATO ADMINISTRATIVO DE SERVICIOS","2","CONTRIBUCIONES A ESSALUD DE C.A.S.","0","0","0","793.80","793.80","0","0","0","0","0","0","0","0","0","0","0","0","0"
"2019","M","GOBIERNOS LOCALES"," "," "," "," ","300331","040101","MUNICIPALIDAD PROVINCIAL DE AREQUIPA","04","AREQUIPA","01","AREQUIPA","01","AREQUIPA","35","0132","PUESTA EN VALOR Y USO SOCIAL DEL PATRIMONIO CULTURAL","3","ACTIVIDAD","3000708","PATRIMONIO CULTURAL SALVAGUARDADO Y PROTEGIDO","5005601","DEFENSA POR ATENTADOS CONTRA EL PATRIMONIO CULTURAL ","21","CULTURA Y DEPORTE","045","CULTURA","0099","PATRIMONIO HISTORICO Y CULTURAL","00001","0160815","DEFENSA POR ATENTADOS CONTRA EL PATRIMONIO CULTURAL","04","AREQUIPA","2","RECURSOS DIRECTAMENTE RECAUDADOS","09","RECURSOS DIRECTAMENTE RECAUDADOS","1","UNIVERSIDADES / GOB. LOCALES","5","GASTO CORRIENTE","2","1","PERSONAL Y OBLIGACIONES SOCIALES","1","RETRIBUCIONES Y COMPLEMENTOS EN EFECTIVO","1","PERSONAL ADMINISTRATIVO","1","PERSONAL ADMINISTRATIVO","2","PERSONAL ADMINISTRATIVO NOMBRADO (REGIMEN PUBLICO)","0","0","0","0","0","0","0","0","0","16533.78","0","0","0","0","0","0","0","16533.78"
"2019","M","GOBIERNOS LOCALES"," "," "," "," ","300331","040101","MUNICIPALIDAD PROVINCIAL DE AREQUIPA","04","AREQUIPA","01","AREQUIPA","01","AREQUIPA","35","0132","PUESTA EN VALOR Y USO SOCIAL DEL PATRIMONIO CULTURAL","3","ACTIVIDAD","3000708","PATRIMONIO CULTURAL SALVAGUARDADO Y PROTEGIDO","5005601","DEFENSA POR ATENTADOS CONTRA EL PATRIMONIO CULTURAL ","21","CULTURA Y DEPORTE","045","CULTURA","0099","PATRIMONIO HISTORICO Y CULTURAL","00001","0160815","DEFENSA POR ATENTADOS CONTRA EL PATRIMONIO CULTURAL","04","AREQUIPA","2","RECURSOS DIRECTAMENTE RECAUDADOS","09","RECURSOS DIRECTAMENTE RECAUDADOS","1","UNIVERSIDADES / GOB. LOCALES","5","GASTO CORRIENTE","2","1","PERSONAL Y OBLIGACIONES SOCIALES","1","RETRIBUCIONES Y COMPLEMENTOS EN EFECTIVO","1","PERSONAL ADMINISTRATIVO","1","PERSONAL ADMINISTRATIVO","9","PERSONAL DE CONFIANZA (RÉGIMEN LABORAL PÚBLICO)","0","0","0","0","0","0","0","0","0","4348","4348","4348","4348","5000","4529","0","0","26921"
"2019","M","GOBIERNOS LOCALES"," "," "," "," ","300331","040101","MUNICIPALIDAD PROVINCIAL DE AREQUIPA","04","AREQUIPA","01","AREQUIPA","01","AREQUIPA","35","0132","PUESTA EN VALOR Y USO SOCIAL DEL PATRIMONIO CULTURAL","3","ACTIVIDAD","3000708","PATRIMONIO CULTURAL SALVAGUARDADO Y PROTEGIDO","5005601","DEFENSA POR ATENTADOS CONTRA EL PATRIMONIO CULTURAL ","21","CULTURA Y DEPORTE","045","CULTURA","0099","PATRIMONIO HISTORICO Y CULTURAL","00001","0160815","DEFENSA POR ATENTADOS CONTRA EL PATRIMONIO CULTURAL","04","AREQUIPA","2","RECURSOS DIRECTAMENTE RECAUDADOS","09","RECURSOS DIRECTAMENTE RECAUDADOS","1","UNIVERSIDADES / GOB. LOCALES","5","GASTO CORRIENTE","2","1","PERSONAL Y OBLIGACIONES SOCIALES","1","RETRIBUCIONES Y COMPLEMENTOS EN EFECTIVO","1","PERSONAL ADMINISTRATIVO","2","OTRAS RETRIBUCIONES Y COMPLEMENTOS","99","OTRAS RETRIBUCIONES Y COMPLEMENTOS","0","0","0","0","0","0","1617.50","1992.50","2077.50","2052.50","2077.50","2092.50","2077.50","2085","2092.50","2100","2292.50","22557.50"
"2019","M","GOBIERNOS LOCALES"," "," "," "," ","300331","040101","MUNICIPALIDAD PROVINCIAL DE AREQUIPA","04","AREQUIPA","01","AREQUIPA","01","AREQUIPA","35","0132","PUESTA EN VALOR Y USO SOCIAL DEL PATRIMONIO CULTURAL","3","ACTIVIDAD","3000708","PATRIMONIO CULTURAL SALVAGUARDADO Y PROTEGIDO","5005601","DEFENSA POR ATENTADOS CONTRA EL PATRIMONIO CULTURAL ","21","CULTURA Y DEPORTE","045","CULTURA","0099","PATRIMONIO HISTORICO Y CULTURAL","00001","0160815","DEFENSA POR ATENTADOS CONTRA EL PATRIMONIO CULTURAL","04","AREQUIPA","2","RECURSOS DIRECTAMENTE RECAUDADOS","09","RECURSOS DIRECTAMENTE RECAUDADOS","1","UNIVERSIDADES / GOB. LOCALES","5","GASTO CORRIENTE","2","1","PERSONAL Y OBLIGACIONES SOCIALES","1","RETRIBUCIONES Y COMPLEMENTOS EN EFECTIVO","8","PERSONAL OBRERO","2","PERSONAL OBRERO EVENTUAL","1","OBREROS CON CONTRATO A PLAZO FIJO","0","0","0","0","0","0","0","0","0","0","0","1750.91","1750.91","0","0","0","0","3501.82"
"2019","M","GOBIERNOS LOCALES"," "," "," "," ","300331","040101","MUNICIPALIDAD PROVINCIAL DE AREQUIPA","04","AREQUIPA","01","AREQUIPA","01","AREQUIPA","35","0132","PUESTA EN VALOR Y USO SOCIAL DEL PATRIMONIO CULTURAL","3","ACTIVIDAD","3000708","PATRIMONIO CULTURAL SALVAGUARDADO Y PROTEGIDO","5005601","DEFENSA POR ATENTADOS CONTRA EL PATRIMONIO CULTURAL ","21","CULTURA Y DEPORTE","045","CULTURA","0099","PATRIMONIO HISTORICO Y CULTURAL","00001","0160815","DEFENSA POR ATENTADOS CONTRA EL PATRIMONIO CULTURAL","04","AREQUIPA","2","RECURSOS DIRECTAMENTE RECAUDADOS","09","RECURSOS DIRECTAMENTE RECAUDADOS","1","UNIVERSIDADES / GOB. LOCALES","5","GASTO CORRIENTE","2","1","PERSONAL Y OBLIGACIONES SOCIALES","1","RETRIBUCIONES Y COMPLEMENTOS EN EFECTIVO","9","GASTOS VARIABLES Y OCASIONALES","1","ESCOLARIDAD, AGUINALDOS Y GRATIFICACIONES","2","AGUINALDOS","0","0","0","0","0","0","0","0","0","0","0","24678.97","0","0","0","0","26482.89","51161.86"
"2019","M","GOBIERNOS LOCALES"," "," "," "," ","300331","040101","MUNICIPALIDAD PROVINCIAL DE AREQUIPA","04","AREQUIPA","01","AREQUIPA","01","AREQUIPA","35","0132","PUESTA EN VALOR Y USO SOCIAL DEL PATRIMONIO CULTURAL","3","ACTIVIDAD","3000708","PATRIMONIO CULTURAL SALVAGUARDADO Y PROTEGIDO","5005601","DEFENSA POR ATENTADOS CONTRA EL PATRIMONIO CULTURAL ","21","CULTURA Y DEPORTE","045","CULTURA","0099","PATRIMONIO HISTORICO Y CULTURAL","00001","0160815","DEFENSA POR ATENTADOS CONTRA EL PATRIMONIO CULTURAL","04","AREQUIPA","2","RECURSOS DIRECTAMENTE RECAUDADOS","09","RECURSOS DIRECTAMENTE RECAUDADOS","1","UNIVERSIDADES / GOB. LOCALES","5","GASTO CORRIENTE","2","1","PERSONAL Y OBLIGACIONES SOCIALES","1","RETRIBUCIONES Y COMPLEMENTOS EN EFECTIVO","9","GASTOS VARIABLES Y OCASIONALES","1","ESCOLARIDAD, AGUINALDOS Y GRATIFICACIONES","3","BONIFICACION POR ESCOLARIDAD","0","0","0","0","0","0","5933.33","0","0","0","0","0","0","0","0","0","0","5933.33"
"2019","M","GOBIERNOS LOCALES"," "," "," "," ","300331","040101","MUNICIPALIDAD PROVINCIAL DE AREQUIPA","04","AREQUIPA","01","AREQUIPA","01","AREQUIPA","35","0132","PUESTA EN VALOR Y USO SOCIAL DEL PATRIMONIO CULTURAL","3","ACTIVIDAD","3000708","PATRIMONIO CULTURAL SALVAGUARDADO Y PROTEGIDO","5005601","DEFENSA POR ATENTADOS CONTRA EL PATRIMONIO CULTURAL ","21","CULTURA Y DEPORTE","045","CULTURA","0099","PATRIMONIO HISTORICO Y CULTURAL","00001","0160815","DEFENSA POR ATENTADOS CONTRA EL PATRIMONIO CULTURAL","04","AREQUIPA","2","RECURSOS DIRECTAMENTE RECAUDADOS","09","RECURSOS DIRECTAMENTE RECAUDADOS","1","UNIVERSIDADES / GOB. LOCALES","5","GASTO CORRIENTE","2","1","PERSONAL Y OBLIGACIONES SOCIALES","3","CONTRIBUCIONES A LA SEGURIDAD SOCIAL","1","OBLIGACIONES DEL EMPLEADOR","1","OBLIGACIONES DEL EMPLEADOR","5","CONTRIBUCIONES A ESSALUD","0","0","0","0","0","1728.33","1747.67","0","0","2112.87","2279.74","2037.64","2174.55","2017.85","450","0","0","14548.65"
"2019","M","GOBIERNOS LOCALES"," "," "," "," ","300331","040101","MUNICIPALIDAD PROVINCIAL DE AREQUIPA","04","AREQUIPA","01","AREQUIPA","01","AREQUIPA","35","0132","PUESTA EN VALOR Y USO SOCIAL DEL PATRIMONIO CULTURAL","3","ACTIVIDAD","3000708","PATRIMONIO CULTURAL SALVAGUARDADO Y PROTEGIDO","5005601","DEFENSA POR ATENTADOS CONTRA EL PATRIMONIO CULTURAL ","21","CULTURA Y DEPORTE","045","CULTURA","0099","PATRIMONIO HISTORICO Y CULTURAL","00001","0160815","DEFENSA POR ATENTADOS CONTRA EL PATRIMONIO CULTURAL","04","AREQUIPA","2","RECURSOS DIRECTAMENTE RECAUDADOS","09","RECURSOS DIRECTAMENTE RECAUDADOS","1","UNIVERSIDADES / GOB. LOCALES","5","GASTO CORRIENTE","2","3","BIENES Y SERVICIOS","1","COMPRA DE BIENES","1","ALIMENTOS Y BEBIDAS","1","ALIMENTOS Y BEBIDAS","1","ALIMENTOS Y BEBIDAS PARA CONSUMO HUMANO","0","0","0","0","0","0","0","0","66","50.80","0","0","50.80","98.10","227.70","102","96.10","691.50"
"2019","M","GOBIERNOS LOCALES"," "," "," "," ","300331","040101","MUNICIPALIDAD PROVINCIAL DE AREQUIPA","04","AREQUIPA","01","AREQUIPA","01","AREQUIPA","35","0132","PUESTA EN VALOR Y USO SOCIAL DEL PATRIMONIO CULTURAL","3","ACTIVIDAD","3000708","PATRIMONIO CULTURAL SALVAGUARDADO Y PROTEGIDO","5005601","DEFENSA POR ATENTADOS CONTRA EL PATRIMONIO CULTURAL ","21","CULTURA Y DEPORTE","045","CULTURA","0099","PATRIMONIO HISTORICO Y CULTURAL","00001","0160815","DEFENSA POR ATENTADOS CONTRA EL PATRIMONIO CULTURAL","04","AREQUIPA","2","RECURSOS DIRECTAMENTE RECAUDADOS","09","RECURSOS DIRECTAMENTE RECAUDADOS","1","UNIVERSIDADES / GOB. LOCALES","5","GASTO CORRIENTE","2","3","BIENES Y SERVICIOS","1","COMPRA DE BIENES","3","COMBUSTIBLES, CARBURANTES, LUBRICANTES Y AFINES","1","COMBUSTIBLES, CARBURANTES, LUBRICANTES Y AFINES","1","COMBUSTIBLES Y CARBURANTES","0","0","0","0","0","0","0","0","0","0","0","0","0","0","88","0","0","88"
"2019","M","GOBIERNOS LOCALES"," "," "," "," ","300331","040101","MUNICIPALIDAD PROVINCIAL DE AREQUIPA","04","AREQUIPA","01","AREQUIPA","01","AREQUIPA","35","0132","PUESTA EN VALOR Y USO SOCIAL DEL PATRIMONIO CULTURAL","3","ACTIVIDAD","3000708","PATRIMONIO CULTURAL SALVAGUARDADO Y PROTEGIDO","5005601","DEFENSA POR ATENTADOS CONTRA EL PATRIMONIO CULTURAL ","21","CULTURA Y DEPORTE","045","CULTURA","0099","PATRIMONIO HISTORICO Y CULTURAL","00001","0160815","DEFENSA POR ATENTADOS CONTRA EL PATRIMONIO CULTURAL","04","AREQUIPA","2","RECURSOS DIRECTAMENTE RECAUDADOS","09","RECURSOS DIRECTAMENTE RECAUDADOS","1","UNIVERSIDADES / GOB. LOCALES","5","GASTO CORRIENTE","2","3","BIENES Y SERVICIOS","1","COMPRA DE BIENES","5","MATERIALES Y  UTILES","1","DE OFICINA","1","REPUESTOS Y ACCESORIOS","0","0","0","0","0","0","0","0","31","0","0","0","0","52.50","111.50","0","0","195"
"2019","M","GOBIERNOS LOCALES"," "," "," "," ","300331","040101","MUNICIPALIDAD PROVINCIAL DE AREQUIPA","04","AREQUIPA","01","AREQUIPA","01","AREQUIPA","35","0132","PUESTA EN VALOR Y USO SOCIAL DEL PATRIMONIO CULTURAL","3","ACTIVIDAD","3000708","PATRIMONIO CULTURAL SALVAGUARDADO Y PROTEGIDO","5005601","DEFENSA POR ATENTADOS CONTRA EL PATRIMONIO CULTURAL ","21","CULTURA Y DEPORTE","045","CULTURA","0099","PATRIMONIO HISTORICO Y CULTURAL","00001","0160815","DEFENSA POR ATENTADOS CONTRA EL PATRIMONIO CULTURAL","04","AREQUIPA","2","RECURSOS DIRECTAMENTE RECAUDADOS","09","RECURSOS DIRECTAMENTE RECAUDADOS","1","UNIVERSIDADES / GOB. LOCALES","5","GASTO CORRIENTE","2","3","BIENES Y SERVICIOS","1","COMPRA DE BIENES","5","MATERIALES Y  UTILES","1","DE OFICINA","2","PAPELERIA EN GENERAL, UTILES Y MATERIALES DE OFICINA","0","0","0","0","0","0","0","0","134","262.70","0","0","262.70","111.90","57.80","320.70","191.30","1341.10"
"2019","M","GOBIERNOS LOCALES"," "," "," "," ","300331","040101","MUNICIPALIDAD PROVINCIAL DE AREQUIPA","04","AREQUIPA","01","AREQUIPA","01","AREQUIPA","35","0132","PUESTA EN VALOR Y USO SOCIAL DEL PATRIMONIO CULTURAL","3","ACTIVIDAD","3000708","PATRIMONIO CULTURAL SALVAGUARDADO Y PROTEGIDO","5005601","DEFENSA POR ATENTADOS CONTRA EL PATRIMONIO CULTURAL ","21","CULTURA Y DEPORTE","045","CULTURA","0099","PATRIMONIO HISTORICO Y CULTURAL","00001","0160815","DEFENSA POR ATENTADOS CONTRA EL PATRIMONIO CULTURAL","04","AREQUIPA","2","RECURSOS DIRECTAMENTE RECAUDADOS","09","RECURSOS DIRECTAMENTE RECAUDADOS","1","UNIVERSIDADES / GOB. LOCALES","5","GASTO CORRIENTE","2","3","BIENES Y SERVICIOS","1","COMPRA DE BIENES","5","MATERIALES Y  UTILES","3","ASEO, LIMPIEZA Y COCINA","1","ASEO, LIMPIEZA Y TOCADOR","0","0","0","0","0","0","0","0","0","0","0","0","0","0","15","0","211.93","226.93"
"2019","M","GOBIERNOS LOCALES"," "," "," "," ","300331","040101","MUNICIPALIDAD PROVINCIAL DE AREQUIPA","04","AREQUIPA","01","AREQUIPA","01","AREQUIPA","35","0132","PUESTA EN VALOR Y USO SOCIAL DEL PATRIMONIO CULTURAL","3","ACTIVIDAD","3000708","PATRIMONIO CULTURAL SALVAGUARDADO Y PROTEGIDO","5005601","DEFENSA POR ATENTADOS CONTRA EL PATRIMONIO CULTURAL ","21","CULTURA Y DEPORTE","045","CULTURA","0099","PATRIMONIO HISTORICO Y CULTURAL","00001","0160815","DEFENSA POR ATENTADOS CONTRA EL PATRIMONIO CULTURAL","04","AREQUIPA","2","RECURSOS DIRECTAMENTE RECAUDADOS","09","RECURSOS DIRECTAMENTE RECAUDADOS","1","UNIVERSIDADES / GOB. LOCALES","5","GASTO CORRIENTE","2","3","BIENES Y SERVICIOS","1","COMPRA DE BIENES","99","COMPRA DE OTROS BIENES","1","COMPRA DE OTROS BIENES","99","OTROS BIENES","0","0","0","0","0","0","0","0","0","64.50","0","0","64.50","65.30","1200","11","196.80","1602.10"
"2019","M","GOBIERNOS LOCALES"," "," "," "," ","300331","040101","MUNICIPALIDAD PROVINCIAL DE AREQUIPA","04","AREQUIPA","01","AREQUIPA","01","AREQUIPA","35","0132","PUESTA EN VALOR Y USO SOCIAL DEL PATRIMONIO CULTURAL","3","ACTIVIDAD","3000708","PATRIMONIO CULTURAL SALVAGUARDADO Y PROTEGIDO","5005601","DEFENSA POR ATENTADOS CONTRA EL PATRIMONIO CULTURAL ","21","CULTURA Y DEPORTE","045","CULTURA","0099","PATRIMONIO HISTORICO Y CULTURAL","00001","0160815","DEFENSA POR ATENTADOS CONTRA EL PATRIMONIO CULTURAL","04","AREQUIPA","2","RECURSOS DIRECTAMENTE RECAUDADOS","09","RECURSOS DIRECTAMENTE RECAUDADOS","1","UNIVERSIDADES / GOB. LOCALES","5","GASTO CORRIENTE","2","3","BIENES Y SERVICIOS","2","CONTRATACION DE SERVICIOS","1","VIAJES","2","VIAJES DOMESTICOS","99","OTROS GASTOS","0","0","0","0","0","0","0","0","41","4","0","19.80","4","12.20","0","51.90","0","132.90"
"2019","M","GOBIERNOS LOCALES"," "," "," "," ","300331","040101","MUNICIPALIDAD PROVINCIAL DE AREQUIPA","04","AREQUIPA","01","AREQUIPA","01","AREQUIPA","35","0132","PUESTA EN VALOR Y USO SOCIAL DEL PATRIMONIO CULTURAL","3","ACTIVIDAD","3000708","PATRIMONIO CULTURAL SALVAGUARDADO Y PROTEGIDO","5005601","DEFENSA POR ATENTADOS CONTRA EL PATRIMONIO CULTURAL ","21","CULTURA Y DEPORTE","045","CULTURA","0099","PATRIMONIO HISTORICO Y CULTURAL","00001","0160815","DEFENSA POR ATENTADOS CONTRA EL PATRIMONIO CULTURAL","04","AREQUIPA","2","RECURSOS DIRECTAMENTE RECAUDADOS","09","RECURSOS DIRECTAMENTE RECAUDADOS","1","UNIVERSIDADES / GOB. LOCALES","5","GASTO CORRIENTE","2","3","BIENES Y SERVICIOS","2","CONTRATACION DE SERVICIOS","7","SERVICIOS PROFESIONALES Y TECNICOS","11","OTROS SERVICIOS","6","SERVICIO DE IMPRESIONES, ENCUADERNACION Y EMPASTADO","0","0","0","0","0","0","0","0","8","18","0","0","18","50","0","0","0","94"
"2019","M","GOBIERNOS LOCALES"," "," "," "," ","300331","040101","MUNICIPALIDAD PROVINCIAL DE AREQUIPA","04","AREQUIPA","01","AREQUIPA","01","AREQUIPA","35","0132","PUESTA EN VALOR Y USO SOCIAL DEL PATRIMONIO CULTURAL","3","ACTIVIDAD","3000708","PATRIMONIO CULTURAL SALVAGUARDADO Y PROTEGIDO","5005601","DEFENSA POR ATENTADOS CONTRA EL PATRIMONIO CULTURAL ","21","CULTURA Y DEPORTE","045","CULTURA","0099","PATRIMONIO HISTORICO Y CULTURAL","00001","0160815","DEFENSA POR ATENTADOS CONTRA EL PATRIMONIO CULTURAL","04","AREQUIPA","2","RECURSOS DIRECTAMENTE RECAUDADOS","09","RECURSOS DIRECTAMENTE RECAUDADOS","1","UNIVERSIDADES / GOB. LOCALES","5","GASTO CORRIENTE","2","3","BIENES Y SERVICIOS","2","CONTRATACION DE SERVICIOS","7","SERVICIOS PROFESIONALES Y TECNICOS","11","OTROS SERVICIOS","99","SERVICIOS DIVERSOS","0","0","0","0","0","0","0","0","220","100","0","0","100","110","0","0","0","530"
"2019","M","GOBIERNOS LOCALES"," "," "," "," ","300331","040101","MUNICIPALIDAD PROVINCIAL DE AREQUIPA","04","AREQUIPA","01","AREQUIPA","01","AREQUIPA","35","0132","PUESTA EN VALOR Y USO SOCIAL DEL PATRIMONIO CULTURAL","3","ACTIVIDAD","3000708","PATRIMONIO CULTURAL SALVAGUARDADO Y PROTEGIDO","5005601","DEFENSA POR ATENTADOS CONTRA EL PATRIMONIO CULTURAL ","21","CULTURA Y DEPORTE","045","CULTURA","0099","PATRIMONIO HISTORICO Y CULTURAL","00001","0160815","DEFENSA POR ATENTADOS CONTRA EL PATRIMONIO CULTURAL","04","AREQUIPA","2","RECURSOS DIRECTAMENTE RECAUDADOS","09","RECURSOS DIRECTAMENTE RECAUDADOS","1","UNIVERSIDADES / GOB. LOCALES","5","GASTO CORRIENTE","2","3","BIENES Y SERVICIOS","2","CONTRATACION DE SERVICIOS","8","CONTRATO ADMINISTRATIVO DE SERVICIOS","1","CONTRATO ADMINISTRATIVO DE SERVICIOS","2","CONTRIBUCIONES A ESSALUD DE C.A.S.","0","0","0","0","0","0","0","0","0","0","0","793.80","0","0","0","0","0","793.80"
"2019","M","GOBIERNOS LOCALES"," "," "," "," ","300331","040101","MUNICIPALIDAD PROVINCIAL DE AREQUIPA","04","AREQUIPA","01","AREQUIPA","01","AREQUIPA","35","0132","PUESTA EN VALOR Y USO SOCIAL DEL PATRIMONIO CULTURAL","3","ACTIVIDAD","3000708","PATRIMONIO CULTURAL SALVAGUARDADO Y PROTEGIDO","5005601","DEFENSA POR ATENTADOS CONTRA EL PATRIMONIO CULTURAL ","21","CULTURA Y DEPORTE","045","CULTURA","0099","PATRIMONIO HISTORICO Y CULTURAL","00001","0160815","DEFENSA POR ATENTADOS CONTRA EL PATRIMONIO CULTURAL","04","AREQUIPA","2","RECURSOS DIRECTAMENTE RECAUDADOS","09","RECURSOS DIRECTAMENTE RECAUDADOS","7","SUB CUENTA - RECURSOS DIRECTAMENTE RECAUDADOS","5","GASTO CORRIENTE","2","1","PERSONAL Y OBLIGACIONES SOCIALES","1","RETRIBUCIONES Y COMPLEMENTOS EN EFECTIVO","1","PERSONAL ADMINISTRATIVO","1","PERSONAL ADMINISTRATIVO","2","PERSONAL ADMINISTRATIVO NOMBRADO (REGIMEN PUBLICO)","0","0","0","0","0","0","0","0","0","2298.61","0","2174.52","0","0","0","0","0","4473.13"
"2019","M","GOBIERNOS LOCALES"," "," "," "," ","300331","040101","MUNICIPALIDAD PROVINCIAL DE AREQUIPA","04","AREQUIPA","01","AREQUIPA","01","AREQUIPA","35","0132","PUESTA EN VALOR Y USO SOCIAL DEL PATRIMONIO CULTURAL","3","ACTIVIDAD","3000708","PATRIMONIO CULTURAL SALVAGUARDADO Y PROTEGIDO","5005601","DEFENSA POR ATENTADOS CONTRA EL PATRIMONIO CULTURAL ","21","CULTURA Y DEPORTE","045","CULTURA","0099","PATRIMONIO HISTORICO Y CULTURAL","00001","0160815","DEFENSA POR ATENTADOS CONTRA EL PATRIMONIO CULTURAL","04","AREQUIPA","2","RECURSOS DIRECTAMENTE RECAUDADOS","09","RECURSOS DIRECTAMENTE RECAUDADOS","7","SUB CUENTA - RECURSOS DIRECTAMENTE RECAUDADOS","5","GASTO CORRIENTE","2","1","PERSONAL Y OBLIGACIONES SOCIALES","1","RETRIBUCIONES Y COMPLEMENTOS EN EFECTIVO","1","PERSONAL ADMINISTRATIVO","1","PERSONAL ADMINISTRATIVO","9","PERSONAL DE CONFIANZA (RÉGIMEN LABORAL PÚBLICO)","0","0","0","0","0","0","0","0","0","652","0","652","652","0","471","5000","0","7427"
"2019","M","GOBIERNOS LOCALES"," "," "," "," ","300331","040101","MUNICIPALIDAD PROVINCIAL DE AREQUIPA","04","AREQUIPA","01","AREQUIPA","01","AREQUIPA","35","0132","PUESTA EN VALOR Y USO SOCIAL DEL PATRIMONIO CULTURAL","3","ACTIVIDAD","3000708","PATRIMONIO CULTURAL SALVAGUARDADO Y PROTEGIDO","5005601","DEFENSA POR ATENTADOS CONTRA EL PATRIMONIO CULTURAL ","21","CULTURA Y DEPORTE","045","CULTURA","0099","PATRIMONIO HISTORICO Y CULTURAL","00001","0160815","DEFENSA POR ATENTADOS CONTRA EL PATRIMONIO CULTURAL","04","AREQUIPA","2","RECURSOS DIRECTAMENTE RECAUDADOS","09","RECURSOS DIRECTAMENTE RECAUDADOS","7","SUB CUENTA - RECURSOS DIRECTAMENTE RECAUDADOS","5","GASTO CORRIENTE","2","1","PERSONAL Y OBLIGACIONES SOCIALES","1","RETRIBUCIONES Y COMPLEMENTOS EN EFECTIVO","8","PERSONAL OBRERO","2","PERSONAL OBRERO EVENTUAL","1","OBREROS CON CONTRATO A PLAZO FIJO","0","0","0","0","0","0","0","0","0","0","0","109.09","0","109.09","0","0","0","218.18"
"2019","M","GOBIERNOS LOCALES"," "," "," "," ","300331","040101","MUNICIPALIDAD PROVINCIAL DE AREQUIPA","04","AREQUIPA","01","AREQUIPA","01","AREQUIPA","35","0132","PUESTA EN VALOR Y USO SOCIAL DEL PATRIMONIO CULTURAL","3","ACTIVIDAD","3000708","PATRIMONIO CULTURAL SALVAGUARDADO Y PROTEGIDO","5005601","DEFENSA POR ATENTADOS CONTRA EL PATRIMONIO CULTURAL ","21","CULTURA Y DEPORTE","045","CULTURA","0099","PATRIMONIO HISTORICO Y CULTURAL","00001","0160815","DEFENSA POR ATENTADOS CONTRA EL PATRIMONIO CULTURAL","04","AREQUIPA","2","RECURSOS DIRECTAMENTE RECAUDADOS","09","RECURSOS DIRECTAMENTE RECAUDADOS","7","SUB CUENTA - RECURSOS DIRECTAMENTE RECAUDADOS","5","GASTO CORRIENTE","2","1","PERSONAL Y OBLIGACIONES SOCIALES","1","RETRIBUCIONES Y COMPLEMENTOS EN EFECTIVO","9","GASTOS VARIABLES Y OCASIONALES","1","ESCOLARIDAD, AGUINALDOS Y GRATIFICACIONES","2","AGUINALDOS","0","0","0","0","0","0","0","0","0","0","0","0","0","0","0","0","0","0"
"2019","M","GOBIERNOS LOCALES"," "," "," "," ","300331","040101","MUNICIPALIDAD PROVINCIAL DE AREQUIPA","04","AREQUIPA","01","AREQUIPA","01","AREQUIPA","35","0132","PUESTA EN VALOR Y USO SOCIAL DEL PATRIMONIO CULTURAL","3","ACTIVIDAD","3000708","PATRIMONIO CULTURAL SALVAGUARDADO Y PROTEGIDO","5005601","DEFENSA POR ATENTADOS CONTRA EL PATRIMONIO CULTURAL ","21","CULTURA Y DEPORTE","045","CULTURA","0099","PATRIMONIO HISTORICO Y CULTURAL","00001","0160815","DEFENSA POR ATENTADOS CONTRA EL PATRIMONIO CULTURAL","04","AREQUIPA","5","RECURSOS DETERMINADOS","07","FONDO DE COMPENSACION MUNICIPAL","0","NORMAL","5","GASTO CORRIENTE","2","1","PERSONAL Y OBLIGACIONES SOCIALES","1","RETRIBUCIONES Y COMPLEMENTOS EN EFECTIVO","8","PERSONAL OBRERO","2","PERSONAL OBRERO EVENTUAL","1","OBREROS CON CONTRATO A PLAZO FIJO","0","1606","1606","0","0","0","0","0","0","0","0","0","0","0","0","0","0","0"
"2019","M","GOBIERNOS LOCALES"," "," "," "," ","300331","040101","MUNICIPALIDAD PROVINCIAL DE AREQUIPA","04","AREQUIPA","01","AREQUIPA","01","AREQUIPA","35","0132","PUESTA EN VALOR Y USO SOCIAL DEL PATRIMONIO CULTURAL","3","ACTIVIDAD","3000708","PATRIMONIO CULTURAL SALVAGUARDADO Y PROTEGIDO","5005601","DEFENSA POR ATENTADOS CONTRA EL PATRIMONIO CULTURAL ","21","CULTURA Y DEPORTE","045","CULTURA","0099","PATRIMONIO HISTORICO Y CULTURAL","00001","0160815","DEFENSA POR ATENTADOS CONTRA EL PATRIMONIO CULTURAL","04","AREQUIPA","5","RECURSOS DETERMINADOS","07","FONDO DE COMPENSACION MUNICIPAL","0","NORMAL","5","GASTO CORRIENTE","2","1","PERSONAL Y OBLIGACIONES SOCIALES","1","RETRIBUCIONES Y COMPLEMENTOS EN EFECTIVO","8","PERSONAL OBRERO","2","PERSONAL OBRERO EVENTUAL","1","OBREROS CON CONTRATO A PLAZO FIJO","0","0","0","1606","1238.42","0","0","0","0","0","0","0","0","0","0","0","0","0"
"2019","M","GOBIERNOS LOCALES"," "," "," "," ","300331","040101","MUNICIPALIDAD PROVINCIAL DE AREQUIPA","04","AREQUIPA","01","AREQUIPA","01","AREQUIPA","35","0132","PUESTA EN VALOR Y USO SOCIAL DEL PATRIMONIO CULTURAL","3","ACTIVIDAD","3000708","PATRIMONIO CULTURAL SALVAGUARDADO Y PROTEGIDO","5005601","DEFENSA POR ATENTADOS CONTRA EL PATRIMONIO CULTURAL ","21","CULTURA Y DEPORTE","045","CULTURA","0099","PATRIMONIO HISTORICO Y CULTURAL","00001","0160815","DEFENSA POR ATENTADOS CONTRA EL PATRIMONIO CULTURAL","04","AREQUIPA","5","RECURSOS DETERMINADOS","07","FONDO DE COMPENSACION MUNICIPAL","0","NORMAL","5","GASTO CORRIENTE","2","1","PERSONAL Y OBLIGACIONES SOCIALES","1","RETRIBUCIONES Y COMPLEMENTOS EN EFECTIVO","9","GASTOS VARIABLES Y OCASIONALES","1","ESCOLARIDAD, AGUINALDOS Y GRATIFICACIONES","1","GRATIFICACIONES","0","1860","1860","0","0","0","0","0","0","0","0","0","0","0","0","0","0","0"
"2019","M","GOBIERNOS LOCALES"," "," "," "," ","300331","040101","MUNICIPALIDAD PROVINCIAL DE AREQUIPA","04","AREQUIPA","01","AREQUIPA","01","AREQUIPA","35","0132","PUESTA EN VALOR Y USO SOCIAL DEL PATRIMONIO CULTURAL","3","ACTIVIDAD","3000708","PATRIMONIO CULTURAL SALVAGUARDADO Y PROTEGIDO","5005601","DEFENSA POR ATENTADOS CONTRA EL PATRIMONIO CULTURAL ","21","CULTURA Y DEPORTE","045","CULTURA","0099","PATRIMONIO HISTORICO Y CULTURAL","00001","0160815","DEFENSA POR ATENTADOS CONTRA EL PATRIMONIO CULTURAL","04","AREQUIPA","5","RECURSOS DETERMINADOS","07","FONDO DE COMPENSACION MUNICIPAL","0","NORMAL","5","GASTO CORRIENTE","2","1","PERSONAL Y OBLIGACIONES SOCIALES","1","RETRIBUCIONES Y COMPLEMENTOS EN EFECTIVO","9","GASTOS VARIABLES Y OCASIONALES","1","ESCOLARIDAD, AGUINALDOS Y GRATIFICACIONES","1","GRATIFICACIONES","0","0","0","1860","1860","0","0","0","0","0","0","0","0","0","0","0","0","0"
"2019","M","GOBIERNOS LOCALES"," "," "," "," ","300331","040101","MUNICIPALIDAD PROVINCIAL DE AREQUIPA","04","AREQUIPA","01","AREQUIPA","01","AREQUIPA","35","0132","PUESTA EN VALOR Y USO SOCIAL DEL PATRIMONIO CULTURAL","3","ACTIVIDAD","3000708","PATRIMONIO CULTURAL SALVAGUARDADO Y PROTEGIDO","5005601","DEFENSA POR ATENTADOS CONTRA EL PATRIMONIO CULTURAL ","21","CULTURA Y DEPORTE","045","CULTURA","0099","PATRIMONIO HISTORICO Y CULTURAL","00001","0160815","DEFENSA POR ATENTADOS CONTRA EL PATRIMONIO CULTURAL","04","AREQUIPA","5","RECURSOS DETERMINADOS","07","FONDO DE COMPENSACION MUNICIPAL","0","NORMAL","5","GASTO CORRIENTE","2","1","PERSONAL Y OBLIGACIONES SOCIALES","1","RETRIBUCIONES Y COMPLEMENTOS EN EFECTIVO","9","GASTOS VARIABLES Y OCASIONALES","3","OTROS GASTOS VARIABLES Y OCASIONALES","99","OTRAS OCASIONALES","0","168","168","0","0","0","0","0","0","0","0","0","0","0","0","0","0","0"
"2019","M","GOBIERNOS LOCALES"," "," "," "," ","300331","040101","MUNICIPALIDAD PROVINCIAL DE AREQUIPA","04","AREQUIPA","01","AREQUIPA","01","AREQUIPA","35","0132","PUESTA EN VALOR Y USO SOCIAL DEL PATRIMONIO CULTURAL","3","ACTIVIDAD","3000708","PATRIMONIO CULTURAL SALVAGUARDADO Y PROTEGIDO","5005601","DEFENSA POR ATENTADOS CONTRA EL PATRIMONIO CULTURAL ","21","CULTURA Y DEPORTE","045","CULTURA","0099","PATRIMONIO HISTORICO Y CULTURAL","00001","0160815","DEFENSA POR ATENTADOS CONTRA EL PATRIMONIO CULTURAL","04","AREQUIPA","5","RECURSOS DETERMINADOS","07","FONDO DE COMPENSACION MUNICIPAL","0","NORMAL","5","GASTO CORRIENTE","2","1","PERSONAL Y OBLIGACIONES SOCIALES","1","RETRIBUCIONES Y COMPLEMENTOS EN EFECTIVO","9","GASTOS VARIABLES Y OCASIONALES","3","OTROS GASTOS VARIABLES Y OCASIONALES","99","OTRAS OCASIONALES","0","0","0","168","168","0","0","0","0","0","0","0","0","0","0","0","0","0"
"2019","M","GOBIERNOS LOCALES"," "," "," "," ","300331","040101","MUNICIPALIDAD PROVINCIAL DE AREQUIPA","04","AREQUIPA","01","AREQUIPA","01","AREQUIPA","35","0132","PUESTA EN VALOR Y USO SOCIAL DEL PATRIMONIO CULTURAL","3","ACTIVIDAD","3000708","PATRIMONIO CULTURAL SALVAGUARDADO Y PROTEGIDO","5005601","DEFENSA POR ATENTADOS CONTRA EL PATRIMONIO CULTURAL ","21","CULTURA Y DEPORTE","045","CULTURA","0099","PATRIMONIO HISTORICO Y CULTURAL","00001","0160815","DEFENSA POR ATENTADOS CONTRA EL PATRIMONIO CULTURAL","04","AREQUIPA","5","RECURSOS DETERMINADOS","07","FONDO DE COMPENSACION MUNICIPAL","0","NORMAL","5","GASTO CORRIENTE","2","1","PERSONAL Y OBLIGACIONES SOCIALES","3","CONTRIBUCIONES A LA SEGURIDAD SOCIAL","1","OBLIGACIONES DEL EMPLEADOR","1","OBLIGACIONES DEL EMPLEADOR","5","CONTRIBUCIONES A ESSALUD","0","2630","2630","0","0","0","0","0","0","0","0","0","0","0","0","0","0","0"
"2019","M","GOBIERNOS LOCALES"," "," "," "," ","300331","040101","MUNICIPALIDAD PROVINCIAL DE AREQUIPA","04","AREQUIPA","01","AREQUIPA","01","AREQUIPA","35","0132","PUESTA EN VALOR Y USO SOCIAL DEL PATRIMONIO CULTURAL","3","ACTIVIDAD","3000708","PATRIMONIO CULTURAL SALVAGUARDADO Y PROTEGIDO","5005601","DEFENSA POR ATENTADOS CONTRA EL PATRIMONIO CULTURAL ","21","CULTURA Y DEPORTE","045","CULTURA","0099","PATRIMONIO HISTORICO Y CULTURAL","00001","0160815","DEFENSA POR ATENTADOS CONTRA EL PATRIMONIO CULTURAL","04","AREQUIPA","5","RECURSOS DETERMINADOS","07","FONDO DE COMPENSACION MUNICIPAL","0","NORMAL","5","GASTO CORRIENTE","2","1","PERSONAL Y OBLIGACIONES SOCIALES","3","CONTRIBUCIONES A LA SEGURIDAD SOCIAL","1","OBLIGACIONES DEL EMPLEADOR","1","OBLIGACIONES DEL EMPLEADOR","5","CONTRIBUCIONES A ESSALUD","0","0","0","2462","2462","0","0","0","0","0","0","0","0","0","0","0","0","0"
"2019","M","GOBIERNOS LOCALES"," "," "," "," ","300331","040101","MUNICIPALIDAD PROVINCIAL DE AREQUIPA","04","AREQUIPA","01","AREQUIPA","01","AREQUIPA","35","0132","PUESTA EN VALOR Y USO SOCIAL DEL PATRIMONIO CULTURAL","3","ACTIVIDAD","3000708","PATRIMONIO CULTURAL SALVAGUARDADO Y PROTEGIDO","5005601","DEFENSA POR ATENTADOS CONTRA EL PATRIMONIO CULTURAL ","21","CULTURA Y DEPORTE","045","CULTURA","0099","PATRIMONIO HISTORICO Y CULTURAL","00001","0160815","DEFENSA POR ATENTADOS CONTRA EL PATRIMONIO CULTURAL","04","AREQUIPA","5","RECURSOS DETERMINADOS","07","FONDO DE COMPENSACION MUNICIPAL","0","NORMAL","5","GASTO CORRIENTE","2","3","BIENES Y SERVICIOS","2","CONTRATACION DE SERVICIOS","8","CONTRATO ADMINISTRATIVO DE SERVICIOS","1","CONTRATO ADMINISTRATIVO DE SERVICIOS","1","CONTRATO ADMINISTRATIVO DE SERVICIOS","0","48134","48134","0","0","0","0","0","0","0","0","0","0","0","0","0","0","0"
"2019","M","GOBIERNOS LOCALES"," "," "," "," ","300331","040101","MUNICIPALIDAD PROVINCIAL DE AREQUIPA","04","AREQUIPA","01","AREQUIPA","01","AREQUIPA","35","0132","PUESTA EN VALOR Y USO SOCIAL DEL PATRIMONIO CULTURAL","3","ACTIVIDAD","3000708","PATRIMONIO CULTURAL SALVAGUARDADO Y PROTEGIDO","5005601","DEFENSA POR ATENTADOS CONTRA EL PATRIMONIO CULTURAL ","21","CULTURA Y DEPORTE","045","CULTURA","0099","PATRIMONIO HISTORICO Y CULTURAL","00001","0160815","DEFENSA POR ATENTADOS CONTRA EL PATRIMONIO CULTURAL","04","AREQUIPA","5","RECURSOS DETERMINADOS","07","FONDO DE COMPENSACION MUNICIPAL","0","NORMAL","5","GASTO CORRIENTE","2","3","BIENES Y SERVICIOS","2","CONTRATACION DE SERVICIOS","8","CONTRATO ADMINISTRATIVO DE SERVICIOS","1","CONTRATO ADMINISTRATIVO DE SERVICIOS","1","CONTRATO ADMINISTRATIVO DE SERVICIOS","0","0","0","48133.80","48133.80","0","0","0","0","0","0","0","0","0","0","0","0","0"
"2019","M","GOBIERNOS LOCALES"," "," "," "," ","300331","040101","MUNICIPALIDAD PROVINCIAL DE AREQUIPA","04","AREQUIPA","01","AREQUIPA","01","AREQUIPA","35","0132","PUESTA EN VALOR Y USO SOCIAL DEL PATRIMONIO CULTURAL","3","ACTIVIDAD","3000708","PATRIMONIO CULTURAL SALVAGUARDADO Y PROTEGIDO","5005601","DEFENSA POR ATENTADOS CONTRA EL PATRIMONIO CULTURAL ","21","CULTURA Y DEPORTE","045","CULTURA","0099","PATRIMONIO HISTORICO Y CULTURAL","00001","0160815","DEFENSA POR ATENTADOS CONTRA EL PATRIMONIO CULTURAL","04","AREQUIPA","5","RECURSOS DETERMINADOS","07","FONDO DE COMPENSACION MUNICIPAL","0","NORMAL","5","GASTO CORRIENTE","2","3","BIENES Y SERVICIOS","2","CONTRATACION DE SERVICIOS","8","CONTRATO ADMINISTRATIVO DE SERVICIOS","1","CONTRATO ADMINISTRATIVO DE SERVICIOS","2","CONTRIBUCIONES A ESSALUD DE C.A.S.","0","2156","2156","0","0","0","0","0","0","0","0","0","0","0","0","0","0","0"
"2019","M","GOBIERNOS LOCALES"," "," "," "," ","300331","040101","MUNICIPALIDAD PROVINCIAL DE AREQUIPA","04","AREQUIPA","01","AREQUIPA","01","AREQUIPA","35","0132","PUESTA EN VALOR Y USO SOCIAL DEL PATRIMONIO CULTURAL","3","ACTIVIDAD","3000708","PATRIMONIO CULTURAL SALVAGUARDADO Y PROTEGIDO","5005601","DEFENSA POR ATENTADOS CONTRA EL PATRIMONIO CULTURAL ","21","CULTURA Y DEPORTE","045","CULTURA","0099","PATRIMONIO HISTORICO Y CULTURAL","00001","0160815","DEFENSA POR ATENTADOS CONTRA EL PATRIMONIO CULTURAL","04","AREQUIPA","5","RECURSOS DETERMINADOS","07","FONDO DE COMPENSACION MUNICIPAL","0","NORMAL","5","GASTO CORRIENTE","2","3","BIENES Y SERVICIOS","2","CONTRATACION DE SERVICIOS","8","CONTRATO ADMINISTRATIVO DE SERVICIOS","1","CONTRATO ADMINISTRATIVO DE SERVICIOS","2","CONTRIBUCIONES A ESSALUD DE C.A.S.","0","0","0","2155.40","2154.60","0","0","0","0","0","0","0","0","0","0","0","0","0"
"2019","M","GOBIERNOS LOCALES"," "," "," "," ","300331","040101","MUNICIPALIDAD PROVINCIAL DE AREQUIPA","04","AREQUIPA","01","AREQUIPA","01","AREQUIPA","35","0132","PUESTA EN VALOR Y USO SOCIAL DEL PATRIMONIO CULTURAL","3","ACTIVIDAD","3000708","PATRIMONIO CULTURAL SALVAGUARDADO Y PROTEGIDO","5005601","DEFENSA POR ATENTADOS CONTRA EL PATRIMONIO CULTURAL ","21","CULTURA Y DEPORTE","045","CULTURA","0099","PATRIMONIO HISTORICO Y CULTURAL","00001","0160815","DEFENSA POR ATENTADOS CONTRA EL PATRIMONIO CULTURAL","04","AREQUIPA","5","RECURSOS DETERMINADOS","07","FONDO DE COMPENSACION MUNICIPAL","A","SUB CUENTA - FONCOMUN","5","GASTO CORRIENTE","2","1","PERSONAL Y OBLIGACIONES SOCIALES","1","RETRIBUCIONES Y COMPLEMENTOS EN EFECTIVO","8","PERSONAL OBRERO","2","PERSONAL OBRERO EVENTUAL","1","OBREROS CON CONTRATO A PLAZO FIJO","0","0","0","0","0","0","0","0","0","0","0","0","0","0","0","0","1238.42","1238.42"
"2019","M","GOBIERNOS LOCALES"," "," "," "," ","300331","040101","MUNICIPALIDAD PROVINCIAL DE AREQUIPA","04","AREQUIPA","01","AREQUIPA","01","AREQUIPA","35","0132","PUESTA EN VALOR Y USO SOCIAL DEL PATRIMONIO CULTURAL","3","ACTIVIDAD","3000708","PATRIMONIO CULTURAL SALVAGUARDADO Y PROTEGIDO","5005601","DEFENSA POR ATENTADOS CONTRA EL PATRIMONIO CULTURAL ","21","CULTURA Y DEPORTE","045","CULTURA","0099","PATRIMONIO HISTORICO Y CULTURAL","00001","0160815","DEFENSA POR ATENTADOS CONTRA EL PATRIMONIO CULTURAL","04","AREQUIPA","5","RECURSOS DETERMINADOS","07","FONDO DE COMPENSACION MUNICIPAL","A","SUB CUENTA - FONCOMUN","5","GASTO CORRIENTE","2","1","PERSONAL Y OBLIGACIONES SOCIALES","1","RETRIBUCIONES Y COMPLEMENTOS EN EFECTIVO","9","GASTOS VARIABLES Y OCASIONALES","1","ESCOLARIDAD, AGUINALDOS Y GRATIFICACIONES","1","GRATIFICACIONES","0","0","0","0","0","0","0","0","0","0","0","0","0","0","0","0","1860","1860"
"2019","M","GOBIERNOS LOCALES"," "," "," "," ","300331","040101","MUNICIPALIDAD PROVINCIAL DE AREQUIPA","04","AREQUIPA","01","AREQUIPA","01","AREQUIPA","35","0132","PUESTA EN VALOR Y USO SOCIAL DEL PATRIMONIO CULTURAL","3","ACTIVIDAD","3000708","PATRIMONIO CULTURAL SALVAGUARDADO Y PROTEGIDO","5005601","DEFENSA POR ATENTADOS CONTRA EL PATRIMONIO CULTURAL ","21","CULTURA Y DEPORTE","045","CULTURA","0099","PATRIMONIO HISTORICO Y CULTURAL","00001","0160815","DEFENSA POR ATENTADOS CONTRA EL PATRIMONIO CULTURAL","04","AREQUIPA","5","RECURSOS DETERMINADOS","07","FONDO DE COMPENSACION MUNICIPAL","A","SUB CUENTA - FONCOMUN","5","GASTO CORRIENTE","2","1","PERSONAL Y OBLIGACIONES SOCIALES","1","RETRIBUCIONES Y COMPLEMENTOS EN EFECTIVO","9","GASTOS VARIABLES Y OCASIONALES","3","OTROS GASTOS VARIABLES Y OCASIONALES","99","OTRAS OCASIONALES","0","0","0","0","0","0","0","0","0","0","0","0","0","0","0","0","167.40","167.40"
"2019","M","GOBIERNOS LOCALES"," "," "," "," ","300331","040101","MUNICIPALIDAD PROVINCIAL DE AREQUIPA","04","AREQUIPA","01","AREQUIPA","01","AREQUIPA","35","0132","PUESTA EN VALOR Y USO SOCIAL DEL PATRIMONIO CULTURAL","3","ACTIVIDAD","3000708","PATRIMONIO CULTURAL SALVAGUARDADO Y PROTEGIDO","5005601","DEFENSA POR ATENTADOS CONTRA EL PATRIMONIO CULTURAL ","21","CULTURA Y DEPORTE","045","CULTURA","0099","PATRIMONIO HISTORICO Y CULTURAL","00001","0160815","DEFENSA POR ATENTADOS CONTRA EL PATRIMONIO CULTURAL","04","AREQUIPA","5","RECURSOS DETERMINADOS","07","FONDO DE COMPENSACION MUNICIPAL","A","SUB CUENTA - FONCOMUN","5","GASTO CORRIENTE","2","1","PERSONAL Y OBLIGACIONES SOCIALES","3","CONTRIBUCIONES A LA SEGURIDAD SOCIAL","1","OBLIGACIONES DEL EMPLEADOR","1","OBLIGACIONES DEL EMPLEADOR","5","CONTRIBUCIONES A ESSALUD","0","0","0","0","0","0","0","2125.81","0","0","0","0","167.40","0","0","167.40","-0.40","2460.21"
"2019","M","GOBIERNOS LOCALES"," "," "," "," ","300331","040101","MUNICIPALIDAD PROVINCIAL DE AREQUIPA","04","AREQUIPA","01","AREQUIPA","01","AREQUIPA","35","0132","PUESTA EN VALOR Y USO SOCIAL DEL PATRIMONIO CULTURAL","3","ACTIVIDAD","3000708","PATRIMONIO CULTURAL SALVAGUARDADO Y PROTEGIDO","5005601","DEFENSA POR ATENTADOS CONTRA EL PATRIMONIO CULTURAL ","21","CULTURA Y DEPORTE","045","CULTURA","0099","PATRIMONIO HISTORICO Y CULTURAL","00001","0160815","DEFENSA POR ATENTADOS CONTRA EL PATRIMONIO CULTURAL","04","AREQUIPA","5","RECURSOS DETERMINADOS","07","FONDO DE COMPENSACION MUNICIPAL","A","SUB CUENTA - FONCOMUN","5","GASTO CORRIENTE","2","3","BIENES Y SERVICIOS","2","CONTRATACION DE SERVICIOS","8","CONTRATO ADMINISTRATIVO DE SERVICIOS","1","CONTRATO ADMINISTRATIVO DE SERVICIOS","1","CONTRATO ADMINISTRATIVO DE SERVICIOS","0","0","0","0","0","0","0","0","0","2900","0","12320","0","11658","2055.80","13200","6000","48133.80"
"2019","M","GOBIERNOS LOCALES"," "," "," "," ","300331","040101","MUNICIPALIDAD PROVINCIAL DE AREQUIPA","04","AREQUIPA","01","AREQUIPA","01","AREQUIPA","35","0132","PUESTA EN VALOR Y USO SOCIAL DEL PATRIMONIO CULTURAL","3","ACTIVIDAD","3000708","PATRIMONIO CULTURAL SALVAGUARDADO Y PROTEGIDO","5005601","DEFENSA POR ATENTADOS CONTRA EL PATRIMONIO CULTURAL ","21","CULTURA Y DEPORTE","045","CULTURA","0099","PATRIMONIO HISTORICO Y CULTURAL","00001","0160815","DEFENSA POR ATENTADOS CONTRA EL PATRIMONIO CULTURAL","04","AREQUIPA","5","RECURSOS DETERMINADOS","07","FONDO DE COMPENSACION MUNICIPAL","A","SUB CUENTA - FONCOMUN","5","GASTO CORRIENTE","2","3","BIENES Y SERVICIOS","2","CONTRATACION DE SERVICIOS","8","CONTRATO ADMINISTRATIVO DE SERVICIOS","1","CONTRATO ADMINISTRATIVO DE SERVICIOS","2","CONTRIBUCIONES A ESSALUD DE C.A.S.","0","0","0","0","0","0","0","226.80","0","0","226.80","793.80","0","0","0","793.80","113.40","2154.60"
"2019","M","GOBIERNOS LOCALES"," "," "," "," ","300331","040101","MUNICIPALIDAD PROVINCIAL DE AREQUIPA","04","AREQUIPA","01","AREQUIPA","01","AREQUIPA","35","0132","PUESTA EN VALOR Y USO SOCIAL DEL PATRIMONIO CULTURAL","3","ACTIVIDAD","3000708","PATRIMONIO CULTURAL SALVAGUARDADO Y PROTEGIDO","5005601","DEFENSA POR ATENTADOS CONTRA EL PATRIMONIO CULTURAL ","21","CULTURA Y DEPORTE","045","CULTURA","0099","PATRIMONIO HISTORICO Y CULTURAL","00001","0160815","DEFENSA POR ATENTADOS CONTRA EL PATRIMONIO CULTURAL","04","AREQUIPA","5","RECURSOS DETERMINADOS","08","IMPUESTOS MUNICIPALES","0","NORMAL","5","GASTO CORRIENTE","2","1","PERSONAL Y OBLIGACIONES SOCIALES","1","RETRIBUCIONES Y COMPLEMENTOS EN EFECTIVO","1","PERSONAL ADMINISTRATIVO","1","PERSONAL ADMINISTRATIVO","2","PERSONAL ADMINISTRATIVO NOMBRADO (REGIMEN PUBLICO)","0","203161","203161","0","0","0","0","0","0","0","0","0","0","0","0","0","0","0"
"2019","M","GOBIERNOS LOCALES"," "," "," "," ","300331","040101","MUNICIPALIDAD PROVINCIAL DE AREQUIPA","04","AREQUIPA","01","AREQUIPA","01","AREQUIPA","35","0132","PUESTA EN VALOR Y USO SOCIAL DEL PATRIMONIO CULTURAL","3","ACTIVIDAD","3000708","PATRIMONIO CULTURAL SALVAGUARDADO Y PROTEGIDO","5005601","DEFENSA POR ATENTADOS CONTRA EL PATRIMONIO CULTURAL ","21","CULTURA Y DEPORTE","045","CULTURA","0099","PATRIMONIO HISTORICO Y CULTURAL","00001","0160815","DEFENSA POR ATENTADOS CONTRA EL PATRIMONIO CULTURAL","04","AREQUIPA","5","RECURSOS DETERMINADOS","08","IMPUESTOS MUNICIPALES","0","NORMAL","5","GASTO CORRIENTE","2","1","PERSONAL Y OBLIGACIONES SOCIALES","1","RETRIBUCIONES Y COMPLEMENTOS EN EFECTIVO","1","PERSONAL ADMINISTRATIVO","1","PERSONAL ADMINISTRATIVO","2","PERSONAL ADMINISTRATIVO NOMBRADO (REGIMEN PUBLICO)","0","0","0","203159.69","203159.69","6916.87","21330.48","16849.13","16004.08","0","15954.02","16051.27","17091.53","14185","20882.12","25307.05","19940.65","190512.20"
"2019","M","GOBIERNOS LOCALES"," "," "," "," ","300331","040101","MUNICIPALIDAD PROVINCIAL DE AREQUIPA","04","AREQUIPA","01","AREQUIPA","01","AREQUIPA","35","0132","PUESTA EN VALOR Y USO SOCIAL DEL PATRIMONIO CULTURAL","3","ACTIVIDAD","3000708","PATRIMONIO CULTURAL SALVAGUARDADO Y PROTEGIDO","5005601","DEFENSA POR ATENTADOS CONTRA EL PATRIMONIO CULTURAL ","21","CULTURA Y DEPORTE","045","CULTURA","0099","PATRIMONIO HISTORICO Y CULTURAL","00001","0160815","DEFENSA POR ATENTADOS CONTRA EL PATRIMONIO CULTURAL","04","AREQUIPA","5","RECURSOS DETERMINADOS","08","IMPUESTOS MUNICIPALES","0","NORMAL","5","GASTO CORRIENTE","2","1","PERSONAL Y OBLIGACIONES SOCIALES","1","RETRIBUCIONES Y COMPLEMENTOS EN EFECTIVO","1","PERSONAL ADMINISTRATIVO","1","PERSONAL ADMINISTRATIVO","9","PERSONAL DE CONFIANZA (RÉGIMEN LABORAL PÚBLICO)","0","18551","18551","0","0","0","0","0","0","0","0","0","0","0","0","0","0","0"
"2019","M","GOBIERNOS LOCALES"," "," "," "," ","300331","040101","MUNICIPALIDAD PROVINCIAL DE AREQUIPA","04","AREQUIPA","01","AREQUIPA","01","AREQUIPA","35","0132","PUESTA EN VALOR Y USO SOCIAL DEL PATRIMONIO CULTURAL","3","ACTIVIDAD","3000708","PATRIMONIO CULTURAL SALVAGUARDADO Y PROTEGIDO","5005601","DEFENSA POR ATENTADOS CONTRA EL PATRIMONIO CULTURAL ","21","CULTURA Y DEPORTE","045","CULTURA","0099","PATRIMONIO HISTORICO Y CULTURAL","00001","0160815","DEFENSA POR ATENTADOS CONTRA EL PATRIMONIO CULTURAL","04","AREQUIPA","5","RECURSOS DETERMINADOS","08","IMPUESTOS MUNICIPALES","0","NORMAL","5","GASTO CORRIENTE","2","1","PERSONAL Y OBLIGACIONES SOCIALES","1","RETRIBUCIONES Y COMPLEMENTOS EN EFECTIVO","1","PERSONAL ADMINISTRATIVO","1","PERSONAL ADMINISTRATIVO","9","PERSONAL DE CONFIANZA (RÉGIMEN LABORAL PÚBLICO)","0","0","0","18550.67","18550.67","2898.67","4369.74","4348","4369.74","0","0","0","0","0","0","0","0","15986.15"
"2019","M","GOBIERNOS LOCALES"," "," "," "," ","300331","040101","MUNICIPALIDAD PROVINCIAL DE AREQUIPA","04","AREQUIPA","01","AREQUIPA","01","AREQUIPA","35","0132","PUESTA EN VALOR Y USO SOCIAL DEL PATRIMONIO CULTURAL","3","ACTIVIDAD","3000708","PATRIMONIO CULTURAL SALVAGUARDADO Y PROTEGIDO","5005601","DEFENSA POR ATENTADOS CONTRA EL PATRIMONIO CULTURAL ","21","CULTURA Y DEPORTE","045","CULTURA","0099","PATRIMONIO HISTORICO Y CULTURAL","00001","0160815","DEFENSA POR ATENTADOS CONTRA EL PATRIMONIO CULTURAL","04","AREQUIPA","5","RECURSOS DETERMINADOS","08","IMPUESTOS MUNICIPALES","0","NORMAL","5","GASTO CORRIENTE","2","1","PERSONAL Y OBLIGACIONES SOCIALES","1","RETRIBUCIONES Y COMPLEMENTOS EN EFECTIVO","8","PERSONAL OBRERO","2","PERSONAL OBRERO EVENTUAL","1","OBREROS CON CONTRATO A PLAZO FIJO","0","9765","9765","0","0","0","0","0","0","0","0","0","0","0","0","0","0","0"
"2019","M","GOBIERNOS LOCALES"," "," "," "," ","300331","040101","MUNICIPALIDAD PROVINCIAL DE AREQUIPA","04","AREQUIPA","01","AREQUIPA","01","AREQUIPA","35","0132","PUESTA EN VALOR Y USO SOCIAL DEL PATRIMONIO CULTURAL","3","ACTIVIDAD","3000708","PATRIMONIO CULTURAL SALVAGUARDADO Y PROTEGIDO","5005601","DEFENSA POR ATENTADOS CONTRA EL PATRIMONIO CULTURAL ","21","CULTURA Y DEPORTE","045","CULTURA","0099","PATRIMONIO HISTORICO Y CULTURAL","00001","0160815","DEFENSA POR ATENTADOS CONTRA EL PATRIMONIO CULTURAL","04","AREQUIPA","5","RECURSOS DETERMINADOS","08","IMPUESTOS MUNICIPALES","0","NORMAL","5","GASTO CORRIENTE","2","1","PERSONAL Y OBLIGACIONES SOCIALES","1","RETRIBUCIONES Y COMPLEMENTOS EN EFECTIVO","8","PERSONAL OBRERO","2","PERSONAL OBRERO EVENTUAL","1","OBREROS CON CONTRATO A PLAZO FIJO","0","0","0","9765","9765","0","0","0","1158.14","820.91","1843.91","0","0","1860","1510.58","1860","0","9053.54"
"2019","M","GOBIERNOS LOCALES"," "," "," "," ","300331","040101","MUNICIPALIDAD PROVINCIAL DE AREQUIPA","04","AREQUIPA","01","AREQUIPA","01","AREQUIPA","35","0132","PUESTA EN VALOR Y USO SOCIAL DEL PATRIMONIO CULTURAL","3","ACTIVIDAD","3000708","PATRIMONIO CULTURAL SALVAGUARDADO Y PROTEGIDO","5005601","DEFENSA POR ATENTADOS CONTRA EL PATRIMONIO CULTURAL ","21","CULTURA Y DEPORTE","045","CULTURA","0099","PATRIMONIO HISTORICO Y CULTURAL","00001","0160815","DEFENSA POR ATENTADOS CONTRA EL PATRIMONIO CULTURAL","04","AREQUIPA","5","RECURSOS DETERMINADOS","08","IMPUESTOS MUNICIPALES","0","NORMAL","5","GASTO CORRIENTE","2","1","PERSONAL Y OBLIGACIONES SOCIALES","1","RETRIBUCIONES Y COMPLEMENTOS EN EFECTIVO","9","GASTOS VARIABLES Y OCASIONALES","1","ESCOLARIDAD, AGUINALDOS Y GRATIFICACIONES","1","GRATIFICACIONES","0","698","698","0","0","0","0","0","0","0","0","0","0","0","0","0","0","0"
"2019","M","GOBIERNOS LOCALES"," "," "," "," ","300331","040101","MUNICIPALIDAD PROVINCIAL DE AREQUIPA","04","AREQUIPA","01","AREQUIPA","01","AREQUIPA","35","0132","PUESTA EN VALOR Y USO SOCIAL DEL PATRIMONIO CULTURAL","3","ACTIVIDAD","3000708","PATRIMONIO CULTURAL SALVAGUARDADO Y PROTEGIDO","5005601","DEFENSA POR ATENTADOS CONTRA EL PATRIMONIO CULTURAL ","21","CULTURA Y DEPORTE","045","CULTURA","0099","PATRIMONIO HISTORICO Y CULTURAL","00001","0160815","DEFENSA POR ATENTADOS CONTRA EL PATRIMONIO CULTURAL","04","AREQUIPA","5","RECURSOS DETERMINADOS","08","IMPUESTOS MUNICIPALES","0","NORMAL","5","GASTO CORRIENTE","2","1","PERSONAL Y OBLIGACIONES SOCIALES","1","RETRIBUCIONES Y COMPLEMENTOS EN EFECTIVO","9","GASTOS VARIABLES Y OCASIONALES","1","ESCOLARIDAD, AGUINALDOS Y GRATIFICACIONES","1","GRATIFICACIONES","0","0","0","698","698","0","0","0","0","0","0","697.50","0","0","0","0","0","697.50"
"2019","M","GOBIERNOS LOCALES"," "," "," "," ","300331","040101","MUNICIPALIDAD PROVINCIAL DE AREQUIPA","04","AREQUIPA","01","AREQUIPA","01","AREQUIPA","35","0132","PUESTA EN VALOR Y USO SOCIAL DEL PATRIMONIO CULTURAL","3","ACTIVIDAD","3000708","PATRIMONIO CULTURAL SALVAGUARDADO Y PROTEGIDO","5005601","DEFENSA POR ATENTADOS CONTRA EL PATRIMONIO CULTURAL ","21","CULTURA Y DEPORTE","045","CULTURA","0099","PATRIMONIO HISTORICO Y CULTURAL","00001","0160815","DEFENSA POR ATENTADOS CONTRA EL PATRIMONIO CULTURAL","04","AREQUIPA","5","RECURSOS DETERMINADOS","08","IMPUESTOS MUNICIPALES","0","NORMAL","5","GASTO CORRIENTE","2","1","PERSONAL Y OBLIGACIONES SOCIALES","1","RETRIBUCIONES Y COMPLEMENTOS EN EFECTIVO","9","GASTOS VARIABLES Y OCASIONALES","3","OTROS GASTOS VARIABLES Y OCASIONALES","1","ASIGNACION POR CUMPLIR 25 O 30 AÑOS","0","810","810","0","0","0","0","0","0","0","0","0","0","0","0","0","0","0"
"2019","M","GOBIERNOS LOCALES"," "," "," "," ","300331","040101","MUNICIPALIDAD PROVINCIAL DE AREQUIPA","04","AREQUIPA","01","AREQUIPA","01","AREQUIPA","35","0132","PUESTA EN VALOR Y USO SOCIAL DEL PATRIMONIO CULTURAL","3","ACTIVIDAD","3000708","PATRIMONIO CULTURAL SALVAGUARDADO Y PROTEGIDO","5005601","DEFENSA POR ATENTADOS CONTRA EL PATRIMONIO CULTURAL ","21","CULTURA Y DEPORTE","045","CULTURA","0099","PATRIMONIO HISTORICO Y CULTURAL","00001","0160815","DEFENSA POR ATENTADOS CONTRA EL PATRIMONIO CULTURAL","04","AREQUIPA","5","RECURSOS DETERMINADOS","08","IMPUESTOS MUNICIPALES","0","NORMAL","5","GASTO CORRIENTE","2","1","PERSONAL Y OBLIGACIONES SOCIALES","1","RETRIBUCIONES Y COMPLEMENTOS EN EFECTIVO","9","GASTOS VARIABLES Y OCASIONALES","3","OTROS GASTOS VARIABLES Y OCASIONALES","1","ASIGNACION POR CUMPLIR 25 O 30 AÑOS","0","0","0","810","810","0","810","0","0","0","0","0","0","0","0","0","0","810"
"2019","M","GOBIERNOS LOCALES"," "," "," "," ","300331","040101","MUNICIPALIDAD PROVINCIAL DE AREQUIPA","04","AREQUIPA","01","AREQUIPA","01","AREQUIPA","35","0132","PUESTA EN VALOR Y USO SOCIAL DEL PATRIMONIO CULTURAL","3","ACTIVIDAD","3000708","PATRIMONIO CULTURAL SALVAGUARDADO Y PROTEGIDO","5005601","DEFENSA POR ATENTADOS CONTRA EL PATRIMONIO CULTURAL ","21","CULTURA Y DEPORTE","045","CULTURA","0099","PATRIMONIO HISTORICO Y CULTURAL","00001","0160815","DEFENSA POR ATENTADOS CONTRA EL PATRIMONIO CULTURAL","04","AREQUIPA","5","RECURSOS DETERMINADOS","08","IMPUESTOS MUNICIPALES","0","NORMAL","5","GASTO CORRIENTE","2","1","PERSONAL Y OBLIGACIONES SOCIALES","1","RETRIBUCIONES Y COMPLEMENTOS EN EFECTIVO","9","GASTOS VARIABLES Y OCASIONALES","3","OTROS GASTOS VARIABLES Y OCASIONALES","2","BONIFICACION ADICIONAL POR VACACIONES","0","1200","1200","0","0","0","0","0","0","0","0","0","0","0","0","0","0","0"
"2019","M","GOBIERNOS LOCALES"," "," "," "," ","300331","040101","MUNICIPALIDAD PROVINCIAL DE AREQUIPA","04","AREQUIPA","01","AREQUIPA","01","AREQUIPA","35","0132","PUESTA EN VALOR Y USO SOCIAL DEL PATRIMONIO CULTURAL","3","ACTIVIDAD","3000708","PATRIMONIO CULTURAL SALVAGUARDADO Y PROTEGIDO","5005601","DEFENSA POR ATENTADOS CONTRA EL PATRIMONIO CULTURAL ","21","CULTURA Y DEPORTE","045","CULTURA","0099","PATRIMONIO HISTORICO Y CULTURAL","00001","0160815","DEFENSA POR ATENTADOS CONTRA EL PATRIMONIO CULTURAL","04","AREQUIPA","5","RECURSOS DETERMINADOS","08","IMPUESTOS MUNICIPALES","0","NORMAL","5","GASTO CORRIENTE","2","1","PERSONAL Y OBLIGACIONES SOCIALES","1","RETRIBUCIONES Y COMPLEMENTOS EN EFECTIVO","9","GASTOS VARIABLES Y OCASIONALES","3","OTROS GASTOS VARIABLES Y OCASIONALES","2","BONIFICACION ADICIONAL POR VACACIONES","0","0","0","1200","1200","0","300","300","0","0","300","0","300","0","0","0","0","1200"
"2019","M","GOBIERNOS LOCALES"," "," "," "," ","300331","040101","MUNICIPALIDAD PROVINCIAL DE AREQUIPA","04","AREQUIPA","01","AREQUIPA","01","AREQUIPA","35","0132","PUESTA EN VALOR Y USO SOCIAL DEL PATRIMONIO CULTURAL","3","ACTIVIDAD","3000708","PATRIMONIO CULTURAL SALVAGUARDADO Y PROTEGIDO","5005601","DEFENSA POR ATENTADOS CONTRA EL PATRIMONIO CULTURAL ","21","CULTURA Y DEPORTE","045","CULTURA","0099","PATRIMONIO HISTORICO Y CULTURAL","00001","0160815","DEFENSA POR ATENTADOS CONTRA EL PATRIMONIO CULTURAL","04","AREQUIPA","5","RECURSOS DETERMINADOS","08","IMPUESTOS MUNICIPALES","0","NORMAL","5","GASTO CORRIENTE","2","1","PERSONAL Y OBLIGACIONES SOCIALES","1","RETRIBUCIONES Y COMPLEMENTOS EN EFECTIVO","9","GASTOS VARIABLES Y OCASIONALES","3","OTROS GASTOS VARIABLES Y OCASIONALES","99","OTRAS OCASIONALES","0","231","231","0","0","0","0","0","0","0","0","0","0","0","0","0","0","0"
"2019","M","GOBIERNOS LOCALES"," "," "," "," ","300331","040101","MUNICIPALIDAD PROVINCIAL DE AREQUIPA","04","AREQUIPA","01","AREQUIPA","01","AREQUIPA","35","0132","PUESTA EN VALOR Y USO SOCIAL DEL PATRIMONIO CULTURAL","3","ACTIVIDAD","3000708","PATRIMONIO CULTURAL SALVAGUARDADO Y PROTEGIDO","5005601","DEFENSA POR ATENTADOS CONTRA EL PATRIMONIO CULTURAL ","21","CULTURA Y DEPORTE","045","CULTURA","0099","PATRIMONIO HISTORICO Y CULTURAL","00001","0160815","DEFENSA POR ATENTADOS CONTRA EL PATRIMONIO CULTURAL","04","AREQUIPA","5","RECURSOS DETERMINADOS","08","IMPUESTOS MUNICIPALES","0","NORMAL","5","GASTO CORRIENTE","2","1","PERSONAL Y OBLIGACIONES SOCIALES","1","RETRIBUCIONES Y COMPLEMENTOS EN EFECTIVO","9","GASTOS VARIABLES Y OCASIONALES","3","OTROS GASTOS VARIABLES Y OCASIONALES","99","OTRAS OCASIONALES","0","0","0","63","62.78","0","0","0","0","0","0","62.78","0","0","0","0","0","62.78"
"2019","M","GOBIERNOS LOCALES"," "," "," "," ","300331","040101","MUNICIPALIDAD PROVINCIAL DE AREQUIPA","04","AREQUIPA","01","AREQUIPA","01","AREQUIPA","35","0132","PUESTA EN VALOR Y USO SOCIAL DEL PATRIMONIO CULTURAL","3","ACTIVIDAD","3000708","PATRIMONIO CULTURAL SALVAGUARDADO Y PROTEGIDO","5005601","DEFENSA POR ATENTADOS CONTRA EL PATRIMONIO CULTURAL ","21","CULTURA Y DEPORTE","045","CULTURA","0099","PATRIMONIO HISTORICO Y CULTURAL","00001","0160815","DEFENSA POR ATENTADOS CONTRA EL PATRIMONIO CULTURAL","04","AREQUIPA","5","RECURSOS DETERMINADOS","08","IMPUESTOS MUNICIPALES","0","NORMAL","5","GASTO CORRIENTE","2","1","PERSONAL Y OBLIGACIONES SOCIALES","3","CONTRIBUCIONES A LA SEGURIDAD SOCIAL","1","OBLIGACIONES DEL EMPLEADOR","1","OBLIGACIONES DEL EMPLEADOR","5","CONTRIBUCIONES A ESSALUD","0","10144","10144","0","0","0","0","0","0","0","0","0","0","0","0","0","0","0"
"2019","M","GOBIERNOS LOCALES"," "," "," "," ","300331","040101","MUNICIPALIDAD PROVINCIAL DE AREQUIPA","04","AREQUIPA","01","AREQUIPA","01","AREQUIPA","35","0132","PUESTA EN VALOR Y USO SOCIAL DEL PATRIMONIO CULTURAL","3","ACTIVIDAD","3000708","PATRIMONIO CULTURAL SALVAGUARDADO Y PROTEGIDO","5005601","DEFENSA POR ATENTADOS CONTRA EL PATRIMONIO CULTURAL ","21","CULTURA Y DEPORTE","045","CULTURA","0099","PATRIMONIO HISTORICO Y CULTURAL","00001","0160815","DEFENSA POR ATENTADOS CONTRA EL PATRIMONIO CULTURAL","04","AREQUIPA","5","RECURSOS DETERMINADOS","08","IMPUESTOS MUNICIPALES","0","NORMAL","5","GASTO CORRIENTE","2","1","PERSONAL Y OBLIGACIONES SOCIALES","3","CONTRIBUCIONES A LA SEGURIDAD SOCIAL","1","OBLIGACIONES DEL EMPLEADOR","1","OBLIGACIONES DEL EMPLEADOR","5","CONTRIBUCIONES A ESSALUD","0","0","0","10144","9202.59","0","236.64","0","2148.68","83.70","0","167.40","0","167.40","1939.72","2699.40","1759.65","9202.59"
"2019","M","GOBIERNOS LOCALES"," "," "," "," ","300331","040101","MUNICIPALIDAD PROVINCIAL DE AREQUIPA","04","AREQUIPA","01","AREQUIPA","01","AREQUIPA","35","0132","PUESTA EN VALOR Y USO SOCIAL DEL PATRIMONIO CULTURAL","3","ACTIVIDAD","3000708","PATRIMONIO CULTURAL SALVAGUARDADO Y PROTEGIDO","5005601","DEFENSA POR ATENTADOS CONTRA EL PATRIMONIO CULTURAL ","21","CULTURA Y DEPORTE","045","CULTURA","0099","PATRIMONIO HISTORICO Y CULTURAL","00001","0160815","DEFENSA POR ATENTADOS CONTRA EL PATRIMONIO CULTURAL","04","AREQUIPA","5","RECURSOS DETERMINADOS","08","IMPUESTOS MUNICIPALES","0","NORMAL","5","GASTO CORRIENTE","2","3","BIENES Y SERVICIOS","1","COMPRA DE BIENES","5","MATERIALES Y  UTILES","2","AGROPECUARIO, GANADERO Y DE JARDINERIA","1","AGROPECUARIO, GANADERO Y DE JARDINERIA","0","2000","2000","0","0","0","0","0","0","0","0","0","0","0","0","0","0","0"
"2019","M","GOBIERNOS LOCALES"," "," "," "," ","300331","040101","MUNICIPALIDAD PROVINCIAL DE AREQUIPA","04","AREQUIPA","01","AREQUIPA","01","AREQUIPA","35","0132","PUESTA EN VALOR Y USO SOCIAL DEL PATRIMONIO CULTURAL","3","ACTIVIDAD","3000708","PATRIMONIO CULTURAL SALVAGUARDADO Y PROTEGIDO","5005601","DEFENSA POR ATENTADOS CONTRA EL PATRIMONIO CULTURAL ","21","CULTURA Y DEPORTE","045","CULTURA","0099","PATRIMONIO HISTORICO Y CULTURAL","00001","0160815","DEFENSA POR ATENTADOS CONTRA EL PATRIMONIO CULTURAL","04","AREQUIPA","5","RECURSOS DETERMINADOS","08","IMPUESTOS MUNICIPALES","0","NORMAL","5","GASTO CORRIENTE","2","3","BIENES Y SERVICIOS","1","COMPRA DE BIENES","5","MATERIALES Y  UTILES","2","AGROPECUARIO, GANADERO Y DE JARDINERIA","1","AGROPECUARIO, GANADERO Y DE JARDINERIA","0","0","0","2000","0","0","0","0","0","0","0","0","0","0","0","0","0","0"
"2019","M","GOBIERNOS LOCALES"," "," "," "," ","300331","040101","MUNICIPALIDAD PROVINCIAL DE AREQUIPA","04","AREQUIPA","01","AREQUIPA","01","AREQUIPA","35","0132","PUESTA EN VALOR Y USO SOCIAL DEL PATRIMONIO CULTURAL","3","ACTIVIDAD","3000708","PATRIMONIO CULTURAL SALVAGUARDADO Y PROTEGIDO","5005601","DEFENSA POR ATENTADOS CONTRA EL PATRIMONIO CULTURAL ","21","CULTURA Y DEPORTE","045","CULTURA","0099","PATRIMONIO HISTORICO Y CULTURAL","00001","0160815","DEFENSA POR ATENTADOS CONTRA EL PATRIMONIO CULTURAL","04","AREQUIPA","5","RECURSOS DETERMINADOS","08","IMPUESTOS MUNICIPALES","0","NORMAL","5","GASTO CORRIENTE","2","3","BIENES Y SERVICIOS","1","COMPRA DE BIENES","6","REPUESTOS Y ACCESORIOS","1","REPUESTOS Y ACCESORIOS","4","DE SEGURIDAD","0","6000","6000","0","0","0","0","0","0","0","0","0","0","0","0","0","0","0"
"2019","M","GOBIERNOS LOCALES"," "," "," "," ","300331","040101","MUNICIPALIDAD PROVINCIAL DE AREQUIPA","04","AREQUIPA","01","AREQUIPA","01","AREQUIPA","35","0132","PUESTA EN VALOR Y USO SOCIAL DEL PATRIMONIO CULTURAL","3","ACTIVIDAD","3000708","PATRIMONIO CULTURAL SALVAGUARDADO Y PROTEGIDO","5005601","DEFENSA POR ATENTADOS CONTRA EL PATRIMONIO CULTURAL ","21","CULTURA Y DEPORTE","045","CULTURA","0099","PATRIMONIO HISTORICO Y CULTURAL","00001","0160815","DEFENSA POR ATENTADOS CONTRA EL PATRIMONIO CULTURAL","04","AREQUIPA","5","RECURSOS DETERMINADOS","08","IMPUESTOS MUNICIPALES","0","NORMAL","5","GASTO CORRIENTE","2","3","BIENES Y SERVICIOS","1","COMPRA DE BIENES","6","REPUESTOS Y ACCESORIOS","1","REPUESTOS Y ACCESORIOS","4","DE SEGURIDAD","0","0","0","6000","0","0","0","0","0","0","0","0","0","0","0","0","0","0"
"2019","M","GOBIERNOS LOCALES"," "," "," "," ","300331","040101","MUNICIPALIDAD PROVINCIAL DE AREQUIPA","04","AREQUIPA","01","AREQUIPA","01","AREQUIPA","35","0132","PUESTA EN VALOR Y USO SOCIAL DEL PATRIMONIO CULTURAL","3","ACTIVIDAD","3000708","PATRIMONIO CULTURAL SALVAGUARDADO Y PROTEGIDO","5005601","DEFENSA POR ATENTADOS CONTRA EL PATRIMONIO CULTURAL ","21","CULTURA Y DEPORTE","045","CULTURA","0099","PATRIMONIO HISTORICO Y CULTURAL","00001","0160815","DEFENSA POR ATENTADOS CONTRA EL PATRIMONIO CULTURAL","04","AREQUIPA","5","RECURSOS DETERMINADOS","08","IMPUESTOS MUNICIPALES","0","NORMAL","5","GASTO CORRIENTE","2","3","BIENES Y SERVICIOS","1","COMPRA DE BIENES","99","COMPRA DE OTROS BIENES","1","COMPRA DE OTROS BIENES","99","OTROS BIENES","0","9300","9300","0","0","0","0","0","0","0","0","0","0","0","0","0","0","0"
"2019","M","GOBIERNOS LOCALES"," "," "," "," ","300331","040101","MUNICIPALIDAD PROVINCIAL DE AREQUIPA","04","AREQUIPA","01","AREQUIPA","01","AREQUIPA","35","0132","PUESTA EN VALOR Y USO SOCIAL DEL PATRIMONIO CULTURAL","3","ACTIVIDAD","3000708","PATRIMONIO CULTURAL SALVAGUARDADO Y PROTEGIDO","5005601","DEFENSA POR ATENTADOS CONTRA EL PATRIMONIO CULTURAL ","21","CULTURA Y DEPORTE","045","CULTURA","0099","PATRIMONIO HISTORICO Y CULTURAL","00001","0160815","DEFENSA POR ATENTADOS CONTRA EL PATRIMONIO CULTURAL","04","AREQUIPA","5","RECURSOS DETERMINADOS","08","IMPUESTOS MUNICIPALES","0","NORMAL","5","GASTO CORRIENTE","2","3","BIENES Y SERVICIOS","1","COMPRA DE BIENES","99","COMPRA DE OTROS BIENES","1","COMPRA DE OTROS BIENES","99","OTROS BIENES","0","0","0","9300","0","0","0","0","0","0","0","0","0","0","0","0","0","0"
"2019","M","GOBIERNOS LOCALES"," "," "," "," ","300331","040101","MUNICIPALIDAD PROVINCIAL DE AREQUIPA","04","AREQUIPA","01","AREQUIPA","01","AREQUIPA","35","0132","PUESTA EN VALOR Y USO SOCIAL DEL PATRIMONIO CULTURAL","3","ACTIVIDAD","3000708","PATRIMONIO CULTURAL SALVAGUARDADO Y PROTEGIDO","5005601","DEFENSA POR ATENTADOS CONTRA EL PATRIMONIO CULTURAL ","21","CULTURA Y DEPORTE","045","CULTURA","0099","PATRIMONIO HISTORICO Y CULTURAL","00001","0160815","DEFENSA POR ATENTADOS CONTRA EL PATRIMONIO CULTURAL","04","AREQUIPA","5","RECURSOS DETERMINADOS","08","IMPUESTOS MUNICIPALES","0","NORMAL","5","GASTO CORRIENTE","2","3","BIENES Y SERVICIOS","2","CONTRATACION DE SERVICIOS","2","SERVICIOS BASICOS, COMUNICACIONES, PUBLICIDAD Y DIFUSION","4","SERVICIO DE PUBLICIDAD, IMPRESIONES, DIFUSION E IMAGEN INSTITUCIONAL","1","SERVICIO DE PUBLICIDAD","0","1700","1700","0","0","0","0","0","0","0","0","0","0","0","0","0","0","0"
"2019","M","GOBIERNOS LOCALES"," "," "," "," ","300331","040101","MUNICIPALIDAD PROVINCIAL DE AREQUIPA","04","AREQUIPA","01","AREQUIPA","01","AREQUIPA","35","0132","PUESTA EN VALOR Y USO SOCIAL DEL PATRIMONIO CULTURAL","3","ACTIVIDAD","3000708","PATRIMONIO CULTURAL SALVAGUARDADO Y PROTEGIDO","5005601","DEFENSA POR ATENTADOS CONTRA EL PATRIMONIO CULTURAL ","21","CULTURA Y DEPORTE","045","CULTURA","0099","PATRIMONIO HISTORICO Y CULTURAL","00001","0160815","DEFENSA POR ATENTADOS CONTRA EL PATRIMONIO CULTURAL","04","AREQUIPA","5","RECURSOS DETERMINADOS","08","IMPUESTOS MUNICIPALES","0","NORMAL","5","GASTO CORRIENTE","2","3","BIENES Y SERVICIOS","2","CONTRATACION DE SERVICIOS","2","SERVICIOS BASICOS, COMUNICACIONES, PUBLICIDAD Y DIFUSION","4","SERVICIO DE PUBLICIDAD, IMPRESIONES, DIFUSION E IMAGEN INSTITUCIONAL","1","SERVICIO DE PUBLICIDAD","0","0","0","1700","0","0","0","0","0","0","0","0","0","0","0","0","0","0"
"2019","M","GOBIERNOS LOCALES"," "," "," "," ","300331","040101","MUNICIPALIDAD PROVINCIAL DE AREQUIPA","04","AREQUIPA","01","AREQUIPA","01","AREQUIPA","35","0132","PUESTA EN VALOR Y USO SOCIAL DEL PATRIMONIO CULTURAL","3","ACTIVIDAD","3000708","PATRIMONIO CULTURAL SALVAGUARDADO Y PROTEGIDO","5005601","DEFENSA POR ATENTADOS CONTRA EL PATRIMONIO CULTURAL ","21","CULTURA Y DEPORTE","045","CULTURA","0099","PATRIMONIO HISTORICO Y CULTURAL","00001","0160815","DEFENSA POR ATENTADOS CONTRA EL PATRIMONIO CULTURAL","04","AREQUIPA","5","RECURSOS DETERMINADOS","08","IMPUESTOS MUNICIPALES","0","NORMAL","5","GASTO CORRIENTE","2","3","BIENES Y SERVICIOS","2","CONTRATACION DE SERVICIOS","7","SERVICIOS PROFESIONALES Y TECNICOS","11","OTROS SERVICIOS","99","SERVICIOS DIVERSOS","0","31280","31280","0","0","0","0","0","0","0","0","0","0","0","0","0","0","0"
"2019","M","GOBIERNOS LOCALES"," "," "," "," ","300331","040101","MUNICIPALIDAD PROVINCIAL DE AREQUIPA","04","AREQUIPA","01","AREQUIPA","01","AREQUIPA","35","0132","PUESTA EN VALOR Y USO SOCIAL DEL PATRIMONIO CULTURAL","3","ACTIVIDAD","3000708","PATRIMONIO CULTURAL SALVAGUARDADO Y PROTEGIDO","5005601","DEFENSA POR ATENTADOS CONTRA EL PATRIMONIO CULTURAL ","21","CULTURA Y DEPORTE","045","CULTURA","0099","PATRIMONIO HISTORICO Y CULTURAL","00001","0160815","DEFENSA POR ATENTADOS CONTRA EL PATRIMONIO CULTURAL","04","AREQUIPA","5","RECURSOS DETERMINADOS","08","IMPUESTOS MUNICIPALES","0","NORMAL","5","GASTO CORRIENTE","2","3","BIENES Y SERVICIOS","2","CONTRATACION DE SERVICIOS","7","SERVICIOS PROFESIONALES Y TECNICOS","11","OTROS SERVICIOS","99","SERVICIOS DIVERSOS","0","0","0","24080.20","14080.20","0","0","0","0","3600","0","10480.20","0","0","0","0","0","14080.20"
"2019","M","GOBIERNOS LOCALES"," "," "," "," ","300331","040101","MUNICIPALIDAD PROVINCIAL DE AREQUIPA","04","AREQUIPA","01","AREQUIPA","01","AREQUIPA","35","0132","PUESTA EN VALOR Y USO SOCIAL DEL PATRIMONIO CULTURAL","3","ACTIVIDAD","3000708","PATRIMONIO CULTURAL SALVAGUARDADO Y PROTEGIDO","5005601","DEFENSA POR ATENTADOS CONTRA EL PATRIMONIO CULTURAL ","21","CULTURA Y DEPORTE","045","CULTURA","0099","PATRIMONIO HISTORICO Y CULTURAL","00001","0160815","DEFENSA POR ATENTADOS CONTRA EL PATRIMONIO CULTURAL","04","AREQUIPA","5","RECURSOS DETERMINADOS","08","IMPUESTOS MUNICIPALES","0","NORMAL","5","GASTO CORRIENTE","2","3","BIENES Y SERVICIOS","2","CONTRATACION DE SERVICIOS","8","CONTRATO ADMINISTRATIVO DE SERVICIOS","1","CONTRATO ADMINISTRATIVO DE SERVICIOS","1","CONTRATO ADMINISTRATIVO DE SERVICIOS","0","66208","66208","0","0","0","0","0","0","0","0","0","0","0","0","0","0","0"
"2019","M","GOBIERNOS LOCALES"," "," "," "," ","300331","040101","MUNICIPALIDAD PROVINCIAL DE AREQUIPA","04","AREQUIPA","01","AREQUIPA","01","AREQUIPA","35","0132","PUESTA EN VALOR Y USO SOCIAL DEL PATRIMONIO CULTURAL","3","ACTIVIDAD","3000708","PATRIMONIO CULTURAL SALVAGUARDADO Y PROTEGIDO","5005601","DEFENSA POR ATENTADOS CONTRA EL PATRIMONIO CULTURAL ","21","CULTURA Y DEPORTE","045","CULTURA","0099","PATRIMONIO HISTORICO Y CULTURAL","00001","0160815","DEFENSA POR ATENTADOS CONTRA EL PATRIMONIO CULTURAL","04","AREQUIPA","5","RECURSOS DETERMINADOS","08","IMPUESTOS MUNICIPALES","0","NORMAL","5","GASTO CORRIENTE","2","3","BIENES Y SERVICIOS","2","CONTRATACION DE SERVICIOS","8","CONTRATO ADMINISTRATIVO DE SERVICIOS","1","CONTRATO ADMINISTRATIVO DE SERVICIOS","1","CONTRATO ADMINISTRATIVO DE SERVICIOS","0","0","0","66206.67","66206.67","0","5800","2900","2806.67","0","0","12219.33","12214.32","0","12279.33","0","15233.33","63452.98"
"2019","M","GOBIERNOS LOCALES"," "," "," "," ","300331","040101","MUNICIPALIDAD PROVINCIAL DE AREQUIPA","04","AREQUIPA","01","AREQUIPA","01","AREQUIPA","35","0132","PUESTA EN VALOR Y USO SOCIAL DEL PATRIMONIO CULTURAL","3","ACTIVIDAD","3000708","PATRIMONIO CULTURAL SALVAGUARDADO Y PROTEGIDO","5005601","DEFENSA POR ATENTADOS CONTRA EL PATRIMONIO CULTURAL ","21","CULTURA Y DEPORTE","045","CULTURA","0099","PATRIMONIO HISTORICO Y CULTURAL","00001","0160815","DEFENSA POR ATENTADOS CONTRA EL PATRIMONIO CULTURAL","04","AREQUIPA","5","RECURSOS DETERMINADOS","08","IMPUESTOS MUNICIPALES","0","NORMAL","5","GASTO CORRIENTE","2","3","BIENES Y SERVICIOS","2","CONTRATACION DE SERVICIOS","8","CONTRATO ADMINISTRATIVO DE SERVICIOS","1","CONTRATO ADMINISTRATIVO DE SERVICIOS","2","CONTRIBUCIONES A ESSALUD DE C.A.S.","0","3062","3062","0","0","0","0","0","0","0","0","0","0","0","0","0","0","0"
"2019","M","GOBIERNOS LOCALES"," "," "," "," ","300331","040101","MUNICIPALIDAD PROVINCIAL DE AREQUIPA","04","AREQUIPA","01","AREQUIPA","01","AREQUIPA","35","0132","PUESTA EN VALOR Y USO SOCIAL DEL PATRIMONIO CULTURAL","3","ACTIVIDAD","3000708","PATRIMONIO CULTURAL SALVAGUARDADO Y PROTEGIDO","5005601","DEFENSA POR ATENTADOS CONTRA EL PATRIMONIO CULTURAL ","21","CULTURA Y DEPORTE","045","CULTURA","0099","PATRIMONIO HISTORICO Y CULTURAL","00001","0160815","DEFENSA POR ATENTADOS CONTRA EL PATRIMONIO CULTURAL","04","AREQUIPA","5","RECURSOS DETERMINADOS","08","IMPUESTOS MUNICIPALES","0","NORMAL","5","GASTO CORRIENTE","2","3","BIENES Y SERVICIOS","2","CONTRATACION DE SERVICIOS","8","CONTRATO ADMINISTRATIVO DE SERVICIOS","1","CONTRATO ADMINISTRATIVO DE SERVICIOS","2","CONTRIBUCIONES A ESSALUD DE C.A.S.","0","0","0","3061.80","3061.80","0","226.80","226.80","226","0","0","0","793.80","0","793.80","0","793.80","3061"
"2019","M","GOBIERNOS LOCALES"," "," "," "," ","300331","040101","MUNICIPALIDAD PROVINCIAL DE AREQUIPA","04","AREQUIPA","01","AREQUIPA","01","AREQUIPA","35","0132","PUESTA EN VALOR Y USO SOCIAL DEL PATRIMONIO CULTURAL","3","ACTIVIDAD","3000708","PATRIMONIO CULTURAL SALVAGUARDADO Y PROTEGIDO","5005601","DEFENSA POR ATENTADOS CONTRA EL PATRIMONIO CULTURAL ","21","CULTURA Y DEPORTE","045","CULTURA","0099","PATRIMONIO HISTORICO Y CULTURAL","00001","0160815","DEFENSA POR ATENTADOS CONTRA EL PATRIMONIO CULTURAL","04","AREQUIPA","5","RECURSOS DETERMINADOS","08","IMPUESTOS MUNICIPALES","0","NORMAL","5","GASTO CORRIENTE","2","3","BIENES Y SERVICIOS","2","CONTRATACION DE SERVICIOS","8","CONTRATO ADMINISTRATIVO DE SERVICIOS","1","CONTRATO ADMINISTRATIVO DE SERVICIOS","4","AGUINALDOS DE C.A.S.","0","3078","3078","0","0","0","0","0","0","0","0","0","0","0","0","0","0","0"
"2019","M","GOBIERNOS LOCALES"," "," "," "," ","300331","040101","MUNICIPALIDAD PROVINCIAL DE AREQUIPA","04","AREQUIPA","01","AREQUIPA","01","AREQUIPA","35","0132","PUESTA EN VALOR Y USO SOCIAL DEL PATRIMONIO CULTURAL","3","ACTIVIDAD","3000708","PATRIMONIO CULTURAL SALVAGUARDADO Y PROTEGIDO","5005601","DEFENSA POR ATENTADOS CONTRA EL PATRIMONIO CULTURAL ","21","CULTURA Y DEPORTE","045","CULTURA","0099","PATRIMONIO HISTORICO Y CULTURAL","00001","0160815","DEFENSA POR ATENTADOS CONTRA EL PATRIMONIO CULTURAL","04","AREQUIPA","5","RECURSOS DETERMINADOS","08","IMPUESTOS MUNICIPALES","0","NORMAL","5","GASTO CORRIENTE","2","3","BIENES Y SERVICIOS","2","CONTRATACION DE SERVICIOS","8","CONTRATO ADMINISTRATIVO DE SERVICIOS","1","CONTRATO ADMINISTRATIVO DE SERVICIOS","4","AGUINALDOS DE C.A.S.","0","0","0","3076.66","3076.66","0","0","0","0","0","0","993.33","0","0","0","0","2083.33","3076.66"
"2019","M","GOBIERNOS LOCALES"," "," "," "," ","300331","040101","MUNICIPALIDAD PROVINCIAL DE AREQUIPA","04","AREQUIPA","01","AREQUIPA","01","AREQUIPA","35","0132","PUESTA EN VALOR Y USO SOCIAL DEL PATRIMONIO CULTURAL","3","ACTIVIDAD","3000708","PATRIMONIO CULTURAL SALVAGUARDADO Y PROTEGIDO","5005601","DEFENSA POR ATENTADOS CONTRA EL PATRIMONIO CULTURAL ","21","CULTURA Y DEPORTE","045","CULTURA","0099","PATRIMONIO HISTORICO Y CULTURAL","00001","0160815","DEFENSA POR ATENTADOS CONTRA EL PATRIMONIO CULTURAL","04","AREQUIPA","5","RECURSOS DETERMINADOS","08","IMPUESTOS MUNICIPALES","7","SUB CUENTA - IMPUESTOS MUNICIPALES","5","GASTO CORRIENTE","2","1","PERSONAL Y OBLIGACIONES SOCIALES","1","RETRIBUCIONES Y COMPLEMENTOS EN EFECTIVO","1","PERSONAL ADMINISTRATIVO","1","PERSONAL ADMINISTRATIVO","2","PERSONAL ADMINISTRATIVO NOMBRADO (REGIMEN PUBLICO)","0","0","0","0","0","0","2139.44","2310","2219.51","0","0","2269.57","2110.97","0","1598","0","0","12647.49"
"2019","M","GOBIERNOS LOCALES"," "," "," "," ","300331","040101","MUNICIPALIDAD PROVINCIAL DE AREQUIPA","04","AREQUIPA","01","AREQUIPA","01","AREQUIPA","35","0132","PUESTA EN VALOR Y USO SOCIAL DEL PATRIMONIO CULTURAL","3","ACTIVIDAD","3000708","PATRIMONIO CULTURAL SALVAGUARDADO Y PROTEGIDO","5005601","DEFENSA POR ATENTADOS CONTRA EL PATRIMONIO CULTURAL ","21","CULTURA Y DEPORTE","045","CULTURA","0099","PATRIMONIO HISTORICO Y CULTURAL","00001","0160815","DEFENSA POR ATENTADOS CONTRA EL PATRIMONIO CULTURAL","04","AREQUIPA","5","RECURSOS DETERMINADOS","08","IMPUESTOS MUNICIPALES","7","SUB CUENTA - IMPUESTOS MUNICIPALES","5","GASTO CORRIENTE","2","1","PERSONAL Y OBLIGACIONES SOCIALES","1","RETRIBUCIONES Y COMPLEMENTOS EN EFECTIVO","1","PERSONAL ADMINISTRATIVO","1","PERSONAL ADMINISTRATIVO","9","PERSONAL DE CONFIANZA (RÉGIMEN LABORAL PÚBLICO)","0","0","0","0","0","0","630.26","652","630.26","0","0","652","0","0","0","0","0","2564.52"
"2019","M","GOBIERNOS LOCALES"," "," "," "," ","300331","040101","MUNICIPALIDAD PROVINCIAL DE AREQUIPA","04","AREQUIPA","01","AREQUIPA","01","AREQUIPA","35","0132","PUESTA EN VALOR Y USO SOCIAL DEL PATRIMONIO CULTURAL","3","ACTIVIDAD","3000708","PATRIMONIO CULTURAL SALVAGUARDADO Y PROTEGIDO","5005601","DEFENSA POR ATENTADOS CONTRA EL PATRIMONIO CULTURAL ","21","CULTURA Y DEPORTE","045","CULTURA","0099","PATRIMONIO HISTORICO Y CULTURAL","00001","0160815","DEFENSA POR ATENTADOS CONTRA EL PATRIMONIO CULTURAL","04","AREQUIPA","5","RECURSOS DETERMINADOS","08","IMPUESTOS MUNICIPALES","7","SUB CUENTA - IMPUESTOS MUNICIPALES","5","GASTO CORRIENTE","2","1","PERSONAL Y OBLIGACIONES SOCIALES","1","RETRIBUCIONES Y COMPLEMENTOS EN EFECTIVO","8","PERSONAL OBRERO","2","PERSONAL OBRERO EVENTUAL","1","OBREROS CON CONTRATO A PLAZO FIJO","0","0","0","0","0","0","0","0","0","252.95","109.09","0","0","0","0","349.42","0","711.46"
"2019","M","GOBIERNOS LOCALES"," "," "," "," ","300331","040101","MUNICIPALIDAD PROVINCIAL DE AREQUIPA","04","AREQUIPA","01","AREQUIPA","01","AREQUIPA","35","0132","PUESTA EN VALOR Y USO SOCIAL DEL PATRIMONIO CULTURAL","3","ACTIVIDAD","3000708","PATRIMONIO CULTURAL SALVAGUARDADO Y PROTEGIDO","5005601","DEFENSA POR ATENTADOS CONTRA EL PATRIMONIO CULTURAL ","21","CULTURA Y DEPORTE","045","CULTURA","0099","PATRIMONIO HISTORICO Y CULTURAL","00001","0160815","DEFENSA POR ATENTADOS CONTRA EL PATRIMONIO CULTURAL","04","AREQUIPA","5","RECURSOS DETERMINADOS","08","IMPUESTOS MUNICIPALES","7","SUB CUENTA - IMPUESTOS MUNICIPALES","5","GASTO CORRIENTE","2","3","BIENES Y SERVICIOS","2","CONTRATACION DE SERVICIOS","8","CONTRATO ADMINISTRATIVO DE SERVICIOS","1","CONTRATO ADMINISTRATIVO DE SERVICIOS","1","CONTRATO ADMINISTRATIVO DE SERVICIOS","0","0","0","0","0","0","0","0","0","0","0","920.67","912.35","0","920.67","0","0","2753.69"
"2019","M","GOBIERNOS LOCALES"," "," "," "," ","300331","040101","MUNICIPALIDAD PROVINCIAL DE AREQUIPA","04","AREQUIPA","01","AREQUIPA","01","AREQUIPA","36","0132","PUESTA EN VALOR Y USO SOCIAL DEL PATRIMONIO CULTURAL","3","ACTIVIDAD","3000709","POBLACION INFORMADA Y CONCIENTIZADA EN LA IMPORTANCIA DEL PATRIMONIO CULTURAL","5005210","PROMOCION DE EMPRENDIMIENTOS ASOCIADOS A LA GESTION DEL PATRIMONIO CULTURAL","21","CULTURA Y DEPORTE","045","CULTURA","0099","PATRIMONIO HISTORICO Y CULTURAL","00001","0136802","PROMOCION DE EMPRENDIMIENTOS ASOCIADOS A LA GESTION DEL PATRIMONIO CULTURAL","04","AREQUIPA","2","RECURSOS DIRECTAMENTE RECAUDADOS","09","RECURSOS DIRECTAMENTE RECAUDADOS","0","NORMAL","5","GASTO CORRIENTE","2","3","BIENES Y SERVICIOS","1","COMPRA DE BIENES","2","VESTUARIOS Y TEXTILES","1","VESTUARIO, ZAPATERIA Y ACCESORIOS, TALABARTERIA Y MATERIALES TEXTILES","1","VESTUARIO, ACCESORIOS Y PRENDAS DIVERSAS","0","120","120","0","0","0","0","0","0","0","0","0","0","0","0","0","0","0"
"2019","M","GOBIERNOS LOCALES"," "," "," "," ","300331","040101","MUNICIPALIDAD PROVINCIAL DE AREQUIPA","04","AREQUIPA","01","AREQUIPA","01","AREQUIPA","36","0132","PUESTA EN VALOR Y USO SOCIAL DEL PATRIMONIO CULTURAL","3","ACTIVIDAD","3000709","POBLACION INFORMADA Y CONCIENTIZADA EN LA IMPORTANCIA DEL PATRIMONIO CULTURAL","5005210","PROMOCION DE EMPRENDIMIENTOS ASOCIADOS A LA GESTION DEL PATRIMONIO CULTURAL","21","CULTURA Y DEPORTE","045","CULTURA","0099","PATRIMONIO HISTORICO Y CULTURAL","00001","0136802","PROMOCION DE EMPRENDIMIENTOS ASOCIADOS A LA GESTION DEL PATRIMONIO CULTURAL","04","AREQUIPA","2","RECURSOS DIRECTAMENTE RECAUDADOS","09","RECURSOS DIRECTAMENTE RECAUDADOS","0","NORMAL","5","GASTO CORRIENTE","2","3","BIENES Y SERVICIOS","1","COMPRA DE BIENES","3","COMBUSTIBLES, CARBURANTES, LUBRICANTES Y AFINES","1","COMBUSTIBLES, CARBURANTES, LUBRICANTES Y AFINES","1","COMBUSTIBLES Y CARBURANTES","0","5520","5520","0","0","0","0","0","0","0","0","0","0","0","0","0","0","0"
"2019","M","GOBIERNOS LOCALES"," "," "," "," ","300331","040101","MUNICIPALIDAD PROVINCIAL DE AREQUIPA","04","AREQUIPA","01","AREQUIPA","01","AREQUIPA","36","0132","PUESTA EN VALOR Y USO SOCIAL DEL PATRIMONIO CULTURAL","3","ACTIVIDAD","3000709","POBLACION INFORMADA Y CONCIENTIZADA EN LA IMPORTANCIA DEL PATRIMONIO CULTURAL","5005210","PROMOCION DE EMPRENDIMIENTOS ASOCIADOS A LA GESTION DEL PATRIMONIO CULTURAL","21","CULTURA Y DEPORTE","045","CULTURA","0099","PATRIMONIO HISTORICO Y CULTURAL","00001","0136802","PROMOCION DE EMPRENDIMIENTOS ASOCIADOS A LA GESTION DEL PATRIMONIO CULTURAL","04","AREQUIPA","2","RECURSOS DIRECTAMENTE RECAUDADOS","09","RECURSOS DIRECTAMENTE RECAUDADOS","0","NORMAL","5","GASTO CORRIENTE","2","3","BIENES Y SERVICIOS","1","COMPRA DE BIENES","3","COMBUSTIBLES, CARBURANTES, LUBRICANTES Y AFINES","1","COMBUSTIBLES, CARBURANTES, LUBRICANTES Y AFINES","1","COMBUSTIBLES Y CARBURANTES","0","0","0","5520","3051.91","0","0","0","0","0","0","0","0","0","0","0","0","0"
"2019","M","GOBIERNOS LOCALES"," "," "," "," ","300331","040101","MUNICIPALIDAD PROVINCIAL DE AREQUIPA","04","AREQUIPA","01","AREQUIPA","01","AREQUIPA","36","0132","PUESTA EN VALOR Y USO SOCIAL DEL PATRIMONIO CULTURAL","3","ACTIVIDAD","3000709","POBLACION INFORMADA Y CONCIENTIZADA EN LA IMPORTANCIA DEL PATRIMONIO CULTURAL","5005210","PROMOCION DE EMPRENDIMIENTOS ASOCIADOS A LA GESTION DEL PATRIMONIO CULTURAL","21","CULTURA Y DEPORTE","045","CULTURA","0099","PATRIMONIO HISTORICO Y CULTURAL","00001","0136802","PROMOCION DE EMPRENDIMIENTOS ASOCIADOS A LA GESTION DEL PATRIMONIO CULTURAL","04","AREQUIPA","2","RECURSOS DIRECTAMENTE RECAUDADOS","09","RECURSOS DIRECTAMENTE RECAUDADOS","0","NORMAL","5","GASTO CORRIENTE","2","3","BIENES Y SERVICIOS","1","COMPRA DE BIENES","6","REPUESTOS Y ACCESORIOS","1","REPUESTOS Y ACCESORIOS","3","DE CONSTRUCCION Y MAQUINAS","0","510","510","0","0","0","0","0","0","0","0","0","0","0","0","0","0","0"
"2019","M","GOBIERNOS LOCALES"," "," "," "," ","300331","040101","MUNICIPALIDAD PROVINCIAL DE AREQUIPA","04","AREQUIPA","01","AREQUIPA","01","AREQUIPA","36","0132","PUESTA EN VALOR Y USO SOCIAL DEL PATRIMONIO CULTURAL","3","ACTIVIDAD","3000709","POBLACION INFORMADA Y CONCIENTIZADA EN LA IMPORTANCIA DEL PATRIMONIO CULTURAL","5005210","PROMOCION DE EMPRENDIMIENTOS ASOCIADOS A LA GESTION DEL PATRIMONIO CULTURAL","21","CULTURA Y DEPORTE","045","CULTURA","0099","PATRIMONIO HISTORICO Y CULTURAL","00001","0136802","PROMOCION DE EMPRENDIMIENTOS ASOCIADOS A LA GESTION DEL PATRIMONIO CULTURAL","04","AREQUIPA","2","RECURSOS DIRECTAMENTE RECAUDADOS","09","RECURSOS DIRECTAMENTE RECAUDADOS","0","NORMAL","5","GASTO CORRIENTE","2","3","BIENES Y SERVICIOS","1","COMPRA DE BIENES","6","REPUESTOS Y ACCESORIOS","1","REPUESTOS Y ACCESORIOS","3","DE CONSTRUCCION Y MAQUINAS","0","0","0","510","0","0","0","0","0","0","0","0","0","0","0","0","0","0"
"2019","M","GOBIERNOS LOCALES"," "," "," "," ","300331","040101","MUNICIPALIDAD PROVINCIAL DE AREQUIPA","04","AREQUIPA","01","AREQUIPA","01","AREQUIPA","36","0132","PUESTA EN VALOR Y USO SOCIAL DEL PATRIMONIO CULTURAL","3","ACTIVIDAD","3000709","POBLACION INFORMADA Y CONCIENTIZADA EN LA IMPORTANCIA DEL PATRIMONIO CULTURAL","5005210","PROMOCION DE EMPRENDIMIENTOS ASOCIADOS A LA GESTION DEL PATRIMONIO CULTURAL","21","CULTURA Y DEPORTE","045","CULTURA","0099","PATRIMONIO HISTORICO Y CULTURAL","00001","0136802","PROMOCION DE EMPRENDIMIENTOS ASOCIADOS A LA GESTION DEL PATRIMONIO CULTURAL","04","AREQUIPA","2","RECURSOS DIRECTAMENTE RECAUDADOS","09","RECURSOS DIRECTAMENTE RECAUDADOS","0","NORMAL","5","GASTO CORRIENTE","2","3","BIENES Y SERVICIOS","1","COMPRA DE BIENES","11","SUMINISTROS PARA MANTENIMIENTO Y REPARACION","1","SUMINISTROS PARA MANTENIMIENTO Y REPARACION","5","OTROS MATERIALES DE MANTENIMIENTO","0","3223","3223","0","0","0","0","0","0","0","0","0","0","0","0","0","0","0"
"2019","M","GOBIERNOS LOCALES"," "," "," "," ","300331","040101","MUNICIPALIDAD PROVINCIAL DE AREQUIPA","04","AREQUIPA","01","AREQUIPA","01","AREQUIPA","36","0132","PUESTA EN VALOR Y USO SOCIAL DEL PATRIMONIO CULTURAL","3","ACTIVIDAD","3000709","POBLACION INFORMADA Y CONCIENTIZADA EN LA IMPORTANCIA DEL PATRIMONIO CULTURAL","5005210","PROMOCION DE EMPRENDIMIENTOS ASOCIADOS A LA GESTION DEL PATRIMONIO CULTURAL","21","CULTURA Y DEPORTE","045","CULTURA","0099","PATRIMONIO HISTORICO Y CULTURAL","00001","0136802","PROMOCION DE EMPRENDIMIENTOS ASOCIADOS A LA GESTION DEL PATRIMONIO CULTURAL","04","AREQUIPA","2","RECURSOS DIRECTAMENTE RECAUDADOS","09","RECURSOS DIRECTAMENTE RECAUDADOS","0","NORMAL","5","GASTO CORRIENTE","2","3","BIENES Y SERVICIOS","1","COMPRA DE BIENES","11","SUMINISTROS PARA MANTENIMIENTO Y REPARACION","1","SUMINISTROS PARA MANTENIMIENTO Y REPARACION","5","OTROS MATERIALES DE MANTENIMIENTO","0","0","0","3223","0","0","0","0","0","0","0","0","0","0","0","0","0","0"
"2019","M","GOBIERNOS LOCALES"," "," "," "," ","300331","040101","MUNICIPALIDAD PROVINCIAL DE AREQUIPA","04","AREQUIPA","01","AREQUIPA","01","AREQUIPA","36","0132","PUESTA EN VALOR Y USO SOCIAL DEL PATRIMONIO CULTURAL","3","ACTIVIDAD","3000709","POBLACION INFORMADA Y CONCIENTIZADA EN LA IMPORTANCIA DEL PATRIMONIO CULTURAL","5005210","PROMOCION DE EMPRENDIMIENTOS ASOCIADOS A LA GESTION DEL PATRIMONIO CULTURAL","21","CULTURA Y DEPORTE","045","CULTURA","0099","PATRIMONIO HISTORICO Y CULTURAL","00001","0136802","PROMOCION DE EMPRENDIMIENTOS ASOCIADOS A LA GESTION DEL PATRIMONIO CULTURAL","04","AREQUIPA","2","RECURSOS DIRECTAMENTE RECAUDADOS","09","RECURSOS DIRECTAMENTE RECAUDADOS","0","NORMAL","5","GASTO CORRIENTE","2","3","BIENES Y SERVICIOS","1","COMPRA DE BIENES","99","COMPRA DE OTROS BIENES","1","COMPRA DE OTROS BIENES","3","LIBROS, DIARIOS, REVISTAS Y OTROS BIENES IMPRESOS NO VINCULADOS A ENSEÑANZA","1350","-1350","0","0","0","0","0","0","0","0","0","0","0","0","0","0","0","0"
"2019","M","GOBIERNOS LOCALES"," "," "," "," ","300331","040101","MUNICIPALIDAD PROVINCIAL DE AREQUIPA","04","AREQUIPA","01","AREQUIPA","01","AREQUIPA","36","0132","PUESTA EN VALOR Y USO SOCIAL DEL PATRIMONIO CULTURAL","3","ACTIVIDAD","3000709","POBLACION INFORMADA Y CONCIENTIZADA EN LA IMPORTANCIA DEL PATRIMONIO CULTURAL","5005210","PROMOCION DE EMPRENDIMIENTOS ASOCIADOS A LA GESTION DEL PATRIMONIO CULTURAL","21","CULTURA Y DEPORTE","045","CULTURA","0099","PATRIMONIO HISTORICO Y CULTURAL","00001","0136802","PROMOCION DE EMPRENDIMIENTOS ASOCIADOS A LA GESTION DEL PATRIMONIO CULTURAL","04","AREQUIPA","2","RECURSOS DIRECTAMENTE RECAUDADOS","09","RECURSOS DIRECTAMENTE RECAUDADOS","0","NORMAL","5","GASTO CORRIENTE","2","3","BIENES Y SERVICIOS","1","COMPRA DE BIENES","99","COMPRA DE OTROS BIENES","1","COMPRA DE OTROS BIENES","99","OTROS BIENES","0","13193","13193","0","0","0","0","0","0","0","0","0","0","0","0","0","0","0"
"2019","M","GOBIERNOS LOCALES"," "," "," "," ","300331","040101","MUNICIPALIDAD PROVINCIAL DE AREQUIPA","04","AREQUIPA","01","AREQUIPA","01","AREQUIPA","36","0132","PUESTA EN VALOR Y USO SOCIAL DEL PATRIMONIO CULTURAL","3","ACTIVIDAD","3000709","POBLACION INFORMADA Y CONCIENTIZADA EN LA IMPORTANCIA DEL PATRIMONIO CULTURAL","5005210","PROMOCION DE EMPRENDIMIENTOS ASOCIADOS A LA GESTION DEL PATRIMONIO CULTURAL","21","CULTURA Y DEPORTE","045","CULTURA","0099","PATRIMONIO HISTORICO Y CULTURAL","00001","0136802","PROMOCION DE EMPRENDIMIENTOS ASOCIADOS A LA GESTION DEL PATRIMONIO CULTURAL","04","AREQUIPA","2","RECURSOS DIRECTAMENTE RECAUDADOS","09","RECURSOS DIRECTAMENTE RECAUDADOS","0","NORMAL","5","GASTO CORRIENTE","2","3","BIENES Y SERVICIOS","1","COMPRA DE BIENES","99","COMPRA DE OTROS BIENES","1","COMPRA DE OTROS BIENES","99","OTROS BIENES","0","0","0","13193","12780","0","0","0","0","0","0","0","0","0","0","0","0","0"
"2019","M","GOBIERNOS LOCALES"," "," "," "," ","300331","040101","MUNICIPALIDAD PROVINCIAL DE AREQUIPA","04","AREQUIPA","01","AREQUIPA","01","AREQUIPA","36","0132","PUESTA EN VALOR Y USO SOCIAL DEL PATRIMONIO CULTURAL","3","ACTIVIDAD","3000709","POBLACION INFORMADA Y CONCIENTIZADA EN LA IMPORTANCIA DEL PATRIMONIO CULTURAL","5005210","PROMOCION DE EMPRENDIMIENTOS ASOCIADOS A LA GESTION DEL PATRIMONIO CULTURAL","21","CULTURA Y DEPORTE","045","CULTURA","0099","PATRIMONIO HISTORICO Y CULTURAL","00001","0136802","PROMOCION DE EMPRENDIMIENTOS ASOCIADOS A LA GESTION DEL PATRIMONIO CULTURAL","04","AREQUIPA","2","RECURSOS DIRECTAMENTE RECAUDADOS","09","RECURSOS DIRECTAMENTE RECAUDADOS","0","NORMAL","5","GASTO CORRIENTE","2","3","BIENES Y SERVICIOS","2","CONTRATACION DE SERVICIOS","6","SERVICIOS ADMINISTRATIVOS, FINANCIEROS Y DE SEGUROS","3","SEGUROS","4","OTROS SEGUROS PERSONALES","0","7020","7020","0","0","0","0","0","0","0","0","0","0","0","0","0","0","0"
"2019","M","GOBIERNOS LOCALES"," "," "," "," ","300331","040101","MUNICIPALIDAD PROVINCIAL DE AREQUIPA","04","AREQUIPA","01","AREQUIPA","01","AREQUIPA","36","0132","PUESTA EN VALOR Y USO SOCIAL DEL PATRIMONIO CULTURAL","3","ACTIVIDAD","3000709","POBLACION INFORMADA Y CONCIENTIZADA EN LA IMPORTANCIA DEL PATRIMONIO CULTURAL","5005210","PROMOCION DE EMPRENDIMIENTOS ASOCIADOS A LA GESTION DEL PATRIMONIO CULTURAL","21","CULTURA Y DEPORTE","045","CULTURA","0099","PATRIMONIO HISTORICO Y CULTURAL","00001","0136802","PROMOCION DE EMPRENDIMIENTOS ASOCIADOS A LA GESTION DEL PATRIMONIO CULTURAL","04","AREQUIPA","2","RECURSOS DIRECTAMENTE RECAUDADOS","09","RECURSOS DIRECTAMENTE RECAUDADOS","0","NORMAL","5","GASTO CORRIENTE","2","3","BIENES Y SERVICIOS","2","CONTRATACION DE SERVICIOS","6","SERVICIOS ADMINISTRATIVOS, FINANCIEROS Y DE SEGUROS","3","SEGUROS","4","OTROS SEGUROS PERSONALES","0","0","0","7020","0","0","0","0","0","0","0","0","0","0","0","0","0","0"
"2019","M","GOBIERNOS LOCALES"," "," "," "," ","300331","040101","MUNICIPALIDAD PROVINCIAL DE AREQUIPA","04","AREQUIPA","01","AREQUIPA","01","AREQUIPA","36","0132","PUESTA EN VALOR Y USO SOCIAL DEL PATRIMONIO CULTURAL","3","ACTIVIDAD","3000709","POBLACION INFORMADA Y CONCIENTIZADA EN LA IMPORTANCIA DEL PATRIMONIO CULTURAL","5005210","PROMOCION DE EMPRENDIMIENTOS ASOCIADOS A LA GESTION DEL PATRIMONIO CULTURAL","21","CULTURA Y DEPORTE","045","CULTURA","0099","PATRIMONIO HISTORICO Y CULTURAL","00001","0136802","PROMOCION DE EMPRENDIMIENTOS ASOCIADOS A LA GESTION DEL PATRIMONIO CULTURAL","04","AREQUIPA","2","RECURSOS DIRECTAMENTE RECAUDADOS","09","RECURSOS DIRECTAMENTE RECAUDADOS","0","NORMAL","5","GASTO CORRIENTE","2","3","BIENES Y SERVICIOS","2","CONTRATACION DE SERVICIOS","7","SERVICIOS PROFESIONALES Y TECNICOS","2","SERVICIOS DE CONSULTORIAS, ASESORIAS Y SIMILARES DESARROLLADOS POR PERSONAS NATURALES","1","CONSULTORIAS","3000","0","3000","0","0","0","0","0","0","0","0","0","0","0","0","0","0","0"
"2019","M","GOBIERNOS LOCALES"," "," "," "," ","300331","040101","MUNICIPALIDAD PROVINCIAL DE AREQUIPA","04","AREQUIPA","01","AREQUIPA","01","AREQUIPA","36","0132","PUESTA EN VALOR Y USO SOCIAL DEL PATRIMONIO CULTURAL","3","ACTIVIDAD","3000709","POBLACION INFORMADA Y CONCIENTIZADA EN LA IMPORTANCIA DEL PATRIMONIO CULTURAL","5005210","PROMOCION DE EMPRENDIMIENTOS ASOCIADOS A LA GESTION DEL PATRIMONIO CULTURAL","21","CULTURA Y DEPORTE","045","CULTURA","0099","PATRIMONIO HISTORICO Y CULTURAL","00001","0136802","PROMOCION DE EMPRENDIMIENTOS ASOCIADOS A LA GESTION DEL PATRIMONIO CULTURAL","04","AREQUIPA","2","RECURSOS DIRECTAMENTE RECAUDADOS","09","RECURSOS DIRECTAMENTE RECAUDADOS","0","NORMAL","5","GASTO CORRIENTE","2","3","BIENES Y SERVICIOS","2","CONTRATACION DE SERVICIOS","7","SERVICIOS PROFESIONALES Y TECNICOS","11","OTROS SERVICIOS","99","SERVICIOS DIVERSOS","1200","116511","117711","0","0","0","0","0","0","0","0","0","0","0","0","0","0","0"
"2019","M","GOBIERNOS LOCALES"," "," "," "," ","300331","040101","MUNICIPALIDAD PROVINCIAL DE AREQUIPA","04","AREQUIPA","01","AREQUIPA","01","AREQUIPA","36","0132","PUESTA EN VALOR Y USO SOCIAL DEL PATRIMONIO CULTURAL","3","ACTIVIDAD","3000709","POBLACION INFORMADA Y CONCIENTIZADA EN LA IMPORTANCIA DEL PATRIMONIO CULTURAL","5005210","PROMOCION DE EMPRENDIMIENTOS ASOCIADOS A LA GESTION DEL PATRIMONIO CULTURAL","21","CULTURA Y DEPORTE","045","CULTURA","0099","PATRIMONIO HISTORICO Y CULTURAL","00001","0136802","PROMOCION DE EMPRENDIMIENTOS ASOCIADOS A LA GESTION DEL PATRIMONIO CULTURAL","04","AREQUIPA","2","RECURSOS DIRECTAMENTE RECAUDADOS","09","RECURSOS DIRECTAMENTE RECAUDADOS","0","NORMAL","5","GASTO CORRIENTE","2","3","BIENES Y SERVICIOS","2","CONTRATACION DE SERVICIOS","7","SERVICIOS PROFESIONALES Y TECNICOS","11","OTROS SERVICIOS","99","SERVICIOS DIVERSOS","0","0","0","117711","108445","0","0","0","0","0","0","0","0","0","0","0","0","0"
"2019","M","GOBIERNOS LOCALES"," "," "," "," ","300331","040101","MUNICIPALIDAD PROVINCIAL DE AREQUIPA","04","AREQUIPA","01","AREQUIPA","01","AREQUIPA","36","0132","PUESTA EN VALOR Y USO SOCIAL DEL PATRIMONIO CULTURAL","3","ACTIVIDAD","3000709","POBLACION INFORMADA Y CONCIENTIZADA EN LA IMPORTANCIA DEL PATRIMONIO CULTURAL","5005210","PROMOCION DE EMPRENDIMIENTOS ASOCIADOS A LA GESTION DEL PATRIMONIO CULTURAL","21","CULTURA Y DEPORTE","045","CULTURA","0099","PATRIMONIO HISTORICO Y CULTURAL","00001","0136802","PROMOCION DE EMPRENDIMIENTOS ASOCIADOS A LA GESTION DEL PATRIMONIO CULTURAL","04","AREQUIPA","2","RECURSOS DIRECTAMENTE RECAUDADOS","09","RECURSOS DIRECTAMENTE RECAUDADOS","1","UNIVERSIDADES / GOB. LOCALES","5","GASTO CORRIENTE","2","3","BIENES Y SERVICIOS","1","COMPRA DE BIENES","3","COMBUSTIBLES, CARBURANTES, LUBRICANTES Y AFINES","1","COMBUSTIBLES, CARBURANTES, LUBRICANTES Y AFINES","1","COMBUSTIBLES Y CARBURANTES","0","0","0","0","0","0","0","253","126.50","358.50","0","1273.05","349.34","287.04","0","203.32","201.16","3051.91"
"2019","M","GOBIERNOS LOCALES"," "," "," "," ","300331","040101","MUNICIPALIDAD PROVINCIAL DE AREQUIPA","04","AREQUIPA","01","AREQUIPA","01","AREQUIPA","36","0132","PUESTA EN VALOR Y USO SOCIAL DEL PATRIMONIO CULTURAL","3","ACTIVIDAD","3000709","POBLACION INFORMADA Y CONCIENTIZADA EN LA IMPORTANCIA DEL PATRIMONIO CULTURAL","5005210","PROMOCION DE EMPRENDIMIENTOS ASOCIADOS A LA GESTION DEL PATRIMONIO CULTURAL","21","CULTURA Y DEPORTE","045","CULTURA","0099","PATRIMONIO HISTORICO Y CULTURAL","00001","0136802","PROMOCION DE EMPRENDIMIENTOS ASOCIADOS A LA GESTION DEL PATRIMONIO CULTURAL","04","AREQUIPA","2","RECURSOS DIRECTAMENTE RECAUDADOS","09","RECURSOS DIRECTAMENTE RECAUDADOS","1","UNIVERSIDADES / GOB. LOCALES","5","GASTO CORRIENTE","2","3","BIENES Y SERVICIOS","1","COMPRA DE BIENES","99","COMPRA DE OTROS BIENES","1","COMPRA DE OTROS BIENES","99","OTROS BIENES","0","0","0","0","0","0","0","0","0","0","0","0","12780","0","0","0","0","12780"
"2019","M","GOBIERNOS LOCALES"," "," "," "," ","300331","040101","MUNICIPALIDAD PROVINCIAL DE AREQUIPA","04","AREQUIPA","01","AREQUIPA","01","AREQUIPA","36","0132","PUESTA EN VALOR Y USO SOCIAL DEL PATRIMONIO CULTURAL","3","ACTIVIDAD","3000709","POBLACION INFORMADA Y CONCIENTIZADA EN LA IMPORTANCIA DEL PATRIMONIO CULTURAL","5005210","PROMOCION DE EMPRENDIMIENTOS ASOCIADOS A LA GESTION DEL PATRIMONIO CULTURAL","21","CULTURA Y DEPORTE","045","CULTURA","0099","PATRIMONIO HISTORICO Y CULTURAL","00001","0136802","PROMOCION DE EMPRENDIMIENTOS ASOCIADOS A LA GESTION DEL PATRIMONIO CULTURAL","04","AREQUIPA","2","RECURSOS DIRECTAMENTE RECAUDADOS","09","RECURSOS DIRECTAMENTE RECAUDADOS","1","UNIVERSIDADES / GOB. LOCALES","5","GASTO CORRIENTE","2","3","BIENES Y SERVICIOS","2","CONTRATACION DE SERVICIOS","6","SERVICIOS ADMINISTRATIVOS, FINANCIEROS Y DE SEGUROS","3","SEGUROS","4","OTROS SEGUROS PERSONALES","0","0","0","0","0","0","0","0","0","0","0","0","0","0","0","0","0","0"
"2019","M","GOBIERNOS LOCALES"," "," "," "," ","300331","040101","MUNICIPALIDAD PROVINCIAL DE AREQUIPA","04","AREQUIPA","01","AREQUIPA","01","AREQUIPA","36","0132","PUESTA EN VALOR Y USO SOCIAL DEL PATRIMONIO CULTURAL","3","ACTIVIDAD","3000709","POBLACION INFORMADA Y CONCIENTIZADA EN LA IMPORTANCIA DEL PATRIMONIO CULTURAL","5005210","PROMOCION DE EMPRENDIMIENTOS ASOCIADOS A LA GESTION DEL PATRIMONIO CULTURAL","21","CULTURA Y DEPORTE","045","CULTURA","0099","PATRIMONIO HISTORICO Y CULTURAL","00001","0136802","PROMOCION DE EMPRENDIMIENTOS ASOCIADOS A LA GESTION DEL PATRIMONIO CULTURAL","04","AREQUIPA","2","RECURSOS DIRECTAMENTE RECAUDADOS","09","RECURSOS DIRECTAMENTE RECAUDADOS","1","UNIVERSIDADES / GOB. LOCALES","5","GASTO CORRIENTE","2","3","BIENES Y SERVICIOS","2","CONTRATACION DE SERVICIOS","7","SERVICIOS PROFESIONALES Y TECNICOS","11","OTROS SERVICIOS","99","SERVICIOS DIVERSOS","0","0","0","0","0","0","0","0","0","20370","12956","1882.50","35516","15056","9622.50","8001","5040","108444"
"2019","M","GOBIERNOS LOCALES"," "," "," "," ","300331","040101","MUNICIPALIDAD PROVINCIAL DE AREQUIPA","04","AREQUIPA","01","AREQUIPA","01","AREQUIPA","36","0132","PUESTA EN VALOR Y USO SOCIAL DEL PATRIMONIO CULTURAL","3","ACTIVIDAD","3000709","POBLACION INFORMADA Y CONCIENTIZADA EN LA IMPORTANCIA DEL PATRIMONIO CULTURAL","5005210","PROMOCION DE EMPRENDIMIENTOS ASOCIADOS A LA GESTION DEL PATRIMONIO CULTURAL","21","CULTURA Y DEPORTE","045","CULTURA","0099","PATRIMONIO HISTORICO Y CULTURAL","00001","0136802","PROMOCION DE EMPRENDIMIENTOS ASOCIADOS A LA GESTION DEL PATRIMONIO CULTURAL","04","AREQUIPA","4","DONACIONES Y TRANSFERENCIAS","13","DONACIONES Y TRANSFERENCIAS","0","NORMAL","5","GASTO CORRIENTE","2","3","BIENES Y SERVICIOS","2","CONTRATACION DE SERVICIOS","7","SERVICIOS PROFESIONALES Y TECNICOS","11","OTROS SERVICIOS","99","SERVICIOS DIVERSOS","0","96474","96474","0","0","0","0","0","0","0","0","0","0","0","0","0","0","0"
"2019","M","GOBIERNOS LOCALES"," "," "," "," ","300331","040101","MUNICIPALIDAD PROVINCIAL DE AREQUIPA","04","AREQUIPA","01","AREQUIPA","01","AREQUIPA","36","0132","PUESTA EN VALOR Y USO SOCIAL DEL PATRIMONIO CULTURAL","3","ACTIVIDAD","3000709","POBLACION INFORMADA Y CONCIENTIZADA EN LA IMPORTANCIA DEL PATRIMONIO CULTURAL","5005210","PROMOCION DE EMPRENDIMIENTOS ASOCIADOS A LA GESTION DEL PATRIMONIO CULTURAL","21","CULTURA Y DEPORTE","045","CULTURA","0099","PATRIMONIO HISTORICO Y CULTURAL","00001","0136802","PROMOCION DE EMPRENDIMIENTOS ASOCIADOS A LA GESTION DEL PATRIMONIO CULTURAL","04","AREQUIPA","4","DONACIONES Y TRANSFERENCIAS","13","DONACIONES Y TRANSFERENCIAS","0","NORMAL","5","GASTO CORRIENTE","2","3","BIENES Y SERVICIOS","2","CONTRATACION DE SERVICIOS","7","SERVICIOS PROFESIONALES Y TECNICOS","11","OTROS SERVICIOS","99","SERVICIOS DIVERSOS","0","0","0","96474","46570","0","0","0","0","0","0","0","0","0","0","5878","40692","46570"
"2019","M","GOBIERNOS LOCALES"," "," "," "," ","300331","040101","MUNICIPALIDAD PROVINCIAL DE AREQUIPA","04","AREQUIPA","01","AREQUIPA","01","AREQUIPA","36","0132","PUESTA EN VALOR Y USO SOCIAL DEL PATRIMONIO CULTURAL","3","ACTIVIDAD","3000709","POBLACION INFORMADA Y CONCIENTIZADA EN LA IMPORTANCIA DEL PATRIMONIO CULTURAL","5005210","PROMOCION DE EMPRENDIMIENTOS ASOCIADOS A LA GESTION DEL PATRIMONIO CULTURAL","21","CULTURA Y DEPORTE","045","CULTURA","0099","PATRIMONIO HISTORICO Y CULTURAL","00001","0136802","PROMOCION DE EMPRENDIMIENTOS ASOCIADOS A LA GESTION DEL PATRIMONIO CULTURAL","04","AREQUIPA","5","RECURSOS DETERMINADOS","07","FONDO DE COMPENSACION MUNICIPAL","0","NORMAL","5","GASTO CORRIENTE","2","3","BIENES Y SERVICIOS","1","COMPRA DE BIENES","5","MATERIALES Y  UTILES","2","AGROPECUARIO, GANADERO Y DE JARDINERIA","1","AGROPECUARIO, GANADERO Y DE JARDINERIA","0","3000","3000","0","0","0","0","0","0","0","0","0","0","0","0","0","0","0"
"2019","M","GOBIERNOS LOCALES"," "," "," "," ","300331","040101","MUNICIPALIDAD PROVINCIAL DE AREQUIPA","04","AREQUIPA","01","AREQUIPA","01","AREQUIPA","36","0132","PUESTA EN VALOR Y USO SOCIAL DEL PATRIMONIO CULTURAL","3","ACTIVIDAD","3000709","POBLACION INFORMADA Y CONCIENTIZADA EN LA IMPORTANCIA DEL PATRIMONIO CULTURAL","5005210","PROMOCION DE EMPRENDIMIENTOS ASOCIADOS A LA GESTION DEL PATRIMONIO CULTURAL","21","CULTURA Y DEPORTE","045","CULTURA","0099","PATRIMONIO HISTORICO Y CULTURAL","00001","0136802","PROMOCION DE EMPRENDIMIENTOS ASOCIADOS A LA GESTION DEL PATRIMONIO CULTURAL","04","AREQUIPA","5","RECURSOS DETERMINADOS","07","FONDO DE COMPENSACION MUNICIPAL","0","NORMAL","5","GASTO CORRIENTE","2","3","BIENES Y SERVICIOS","1","COMPRA DE BIENES","11","SUMINISTROS PARA MANTENIMIENTO Y REPARACION","1","SUMINISTROS PARA MANTENIMIENTO Y REPARACION","5","OTROS MATERIALES DE MANTENIMIENTO","0","5000","5000","0","0","0","0","0","0","0","0","0","0","0","0","0","0","0"
"2019","M","GOBIERNOS LOCALES"," "," "," "," ","300331","040101","MUNICIPALIDAD PROVINCIAL DE AREQUIPA","04","AREQUIPA","01","AREQUIPA","01","AREQUIPA","36","0132","PUESTA EN VALOR Y USO SOCIAL DEL PATRIMONIO CULTURAL","3","ACTIVIDAD","3000709","POBLACION INFORMADA Y CONCIENTIZADA EN LA IMPORTANCIA DEL PATRIMONIO CULTURAL","5005210","PROMOCION DE EMPRENDIMIENTOS ASOCIADOS A LA GESTION DEL PATRIMONIO CULTURAL","21","CULTURA Y DEPORTE","045","CULTURA","0099","PATRIMONIO HISTORICO Y CULTURAL","00001","0136802","PROMOCION DE EMPRENDIMIENTOS ASOCIADOS A LA GESTION DEL PATRIMONIO CULTURAL","04","AREQUIPA","5","RECURSOS DETERMINADOS","07","FONDO DE COMPENSACION MUNICIPAL","0","NORMAL","5","GASTO CORRIENTE","2","3","BIENES Y SERVICIOS","1","COMPRA DE BIENES","99","COMPRA DE OTROS BIENES","1","COMPRA DE OTROS BIENES","99","OTROS BIENES","0","5000","5000","0","0","0","0","0","0","0","0","0","0","0","0","0","0","0"
"2019","M","GOBIERNOS LOCALES"," "," "," "," ","300331","040101","MUNICIPALIDAD PROVINCIAL DE AREQUIPA","04","AREQUIPA","01","AREQUIPA","01","AREQUIPA","36","0132","PUESTA EN VALOR Y USO SOCIAL DEL PATRIMONIO CULTURAL","3","ACTIVIDAD","3000709","POBLACION INFORMADA Y CONCIENTIZADA EN LA IMPORTANCIA DEL PATRIMONIO CULTURAL","5005210","PROMOCION DE EMPRENDIMIENTOS ASOCIADOS A LA GESTION DEL PATRIMONIO CULTURAL","21","CULTURA Y DEPORTE","045","CULTURA","0099","PATRIMONIO HISTORICO Y CULTURAL","00001","0136802","PROMOCION DE EMPRENDIMIENTOS ASOCIADOS A LA GESTION DEL PATRIMONIO CULTURAL","04","AREQUIPA","5","RECURSOS DETERMINADOS","07","FONDO DE COMPENSACION MUNICIPAL","0","NORMAL","5","GASTO CORRIENTE","2","3","BIENES Y SERVICIOS","1","COMPRA DE BIENES","99","COMPRA DE OTROS BIENES","1","COMPRA DE OTROS BIENES","99","OTROS BIENES","0","0","0","5000","0","0","0","0","0","0","0","0","0","0","0","0","0","0"
"2019","M","GOBIERNOS LOCALES"," "," "," "," ","300331","040101","MUNICIPALIDAD PROVINCIAL DE AREQUIPA","04","AREQUIPA","01","AREQUIPA","01","AREQUIPA","36","0132","PUESTA EN VALOR Y USO SOCIAL DEL PATRIMONIO CULTURAL","3","ACTIVIDAD","3000709","POBLACION INFORMADA Y CONCIENTIZADA EN LA IMPORTANCIA DEL PATRIMONIO CULTURAL","5005210","PROMOCION DE EMPRENDIMIENTOS ASOCIADOS A LA GESTION DEL PATRIMONIO CULTURAL","21","CULTURA Y DEPORTE","045","CULTURA","0099","PATRIMONIO HISTORICO Y CULTURAL","00001","0136802","PROMOCION DE EMPRENDIMIENTOS ASOCIADOS A LA GESTION DEL PATRIMONIO CULTURAL","04","AREQUIPA","5","RECURSOS DETERMINADOS","07","FONDO DE COMPENSACION MUNICIPAL","0","NORMAL","5","GASTO CORRIENTE","2","3","BIENES Y SERVICIOS","2","CONTRATACION DE SERVICIOS","7","SERVICIOS PROFESIONALES Y TECNICOS","11","OTROS SERVICIOS","99","SERVICIOS DIVERSOS","0","14708","14708","0","0","0","0","0","0","0","0","0","0","0","0","0","0","0"
"2019","M","GOBIERNOS LOCALES"," "," "," "," ","300331","040101","MUNICIPALIDAD PROVINCIAL DE AREQUIPA","04","AREQUIPA","01","AREQUIPA","01","AREQUIPA","36","0132","PUESTA EN VALOR Y USO SOCIAL DEL PATRIMONIO CULTURAL","3","ACTIVIDAD","3000709","POBLACION INFORMADA Y CONCIENTIZADA EN LA IMPORTANCIA DEL PATRIMONIO CULTURAL","5005210","PROMOCION DE EMPRENDIMIENTOS ASOCIADOS A LA GESTION DEL PATRIMONIO CULTURAL","21","CULTURA Y DEPORTE","045","CULTURA","0099","PATRIMONIO HISTORICO Y CULTURAL","00001","0136802","PROMOCION DE EMPRENDIMIENTOS ASOCIADOS A LA GESTION DEL PATRIMONIO CULTURAL","04","AREQUIPA","5","RECURSOS DETERMINADOS","07","FONDO DE COMPENSACION MUNICIPAL","0","NORMAL","5","GASTO CORRIENTE","2","3","BIENES Y SERVICIOS","2","CONTRATACION DE SERVICIOS","7","SERVICIOS PROFESIONALES Y TECNICOS","11","OTROS SERVICIOS","99","SERVICIOS DIVERSOS","0","0","0","13918","7642.50","0","0","0","0","0","0","0","0","0","0","0","0","0"
"2019","M","GOBIERNOS LOCALES"," "," "," "," ","300331","040101","MUNICIPALIDAD PROVINCIAL DE AREQUIPA","04","AREQUIPA","01","AREQUIPA","01","AREQUIPA","36","0132","PUESTA EN VALOR Y USO SOCIAL DEL PATRIMONIO CULTURAL","3","ACTIVIDAD","3000709","POBLACION INFORMADA Y CONCIENTIZADA EN LA IMPORTANCIA DEL PATRIMONIO CULTURAL","5005210","PROMOCION DE EMPRENDIMIENTOS ASOCIADOS A LA GESTION DEL PATRIMONIO CULTURAL","21","CULTURA Y DEPORTE","045","CULTURA","0099","PATRIMONIO HISTORICO Y CULTURAL","00001","0136802","PROMOCION DE EMPRENDIMIENTOS ASOCIADOS A LA GESTION DEL PATRIMONIO CULTURAL","04","AREQUIPA","5","RECURSOS DETERMINADOS","07","FONDO DE COMPENSACION MUNICIPAL","A","SUB CUENTA - FONCOMUN","5","GASTO CORRIENTE","2","3","BIENES Y SERVICIOS","2","CONTRATACION DE SERVICIOS","7","SERVICIOS PROFESIONALES Y TECNICOS","11","OTROS SERVICIOS","99","SERVICIOS DIVERSOS","0","0","0","0","0","0","0","0","0","0","0","0","0","0","0","8300","-657.50","7642.50"
"2019","M","GOBIERNOS LOCALES"," "," "," "," ","300331","040101","MUNICIPALIDAD PROVINCIAL DE AREQUIPA","04","AREQUIPA","01","AREQUIPA","01","AREQUIPA","36","0132","PUESTA EN VALOR Y USO SOCIAL DEL PATRIMONIO CULTURAL","3","ACTIVIDAD","3000709","POBLACION INFORMADA Y CONCIENTIZADA EN LA IMPORTANCIA DEL PATRIMONIO CULTURAL","5005210","PROMOCION DE EMPRENDIMIENTOS ASOCIADOS A LA GESTION DEL PATRIMONIO CULTURAL","21","CULTURA Y DEPORTE","045","CULTURA","0099","PATRIMONIO HISTORICO Y CULTURAL","00001","0136802","PROMOCION DE EMPRENDIMIENTOS ASOCIADOS A LA GESTION DEL PATRIMONIO CULTURAL","04","AREQUIPA","5","RECURSOS DETERMINADOS","08","IMPUESTOS MUNICIPALES","0","NORMAL","5","GASTO CORRIENTE","2","3","BIENES Y SERVICIOS","2","CONTRATACION DE SERVICIOS","7","SERVICIOS PROFESIONALES Y TECNICOS","11","OTROS SERVICIOS","99","SERVICIOS DIVERSOS","0","10200","10200","0","0","0","0","0","0","0","0","0","0","0","0","0","0","0"
"2019","M","GOBIERNOS LOCALES"," "," "," "," ","300331","040101","MUNICIPALIDAD PROVINCIAL DE AREQUIPA","04","AREQUIPA","01","AREQUIPA","01","AREQUIPA","36","0132","PUESTA EN VALOR Y USO SOCIAL DEL PATRIMONIO CULTURAL","3","ACTIVIDAD","3000709","POBLACION INFORMADA Y CONCIENTIZADA EN LA IMPORTANCIA DEL PATRIMONIO CULTURAL","5005210","PROMOCION DE EMPRENDIMIENTOS ASOCIADOS A LA GESTION DEL PATRIMONIO CULTURAL","21","CULTURA Y DEPORTE","045","CULTURA","0099","PATRIMONIO HISTORICO Y CULTURAL","00001","0136802","PROMOCION DE EMPRENDIMIENTOS ASOCIADOS A LA GESTION DEL PATRIMONIO CULTURAL","04","AREQUIPA","5","RECURSOS DETERMINADOS","08","IMPUESTOS MUNICIPALES","0","NORMAL","5","GASTO CORRIENTE","2","3","BIENES Y SERVICIOS","2","CONTRATACION DE SERVICIOS","7","SERVICIOS PROFESIONALES Y TECNICOS","11","OTROS SERVICIOS","99","SERVICIOS DIVERSOS","0","0","0","10200","10200","0","0","700","4000","2000","0","0","0","0","3500","0","0","10200"
"2019","M","GOBIERNOS LOCALES"," "," "," "," ","300331","040101","MUNICIPALIDAD PROVINCIAL DE AREQUIPA","04","AREQUIPA","01","AREQUIPA","01","AREQUIPA","37","0132","PUESTA EN VALOR Y USO SOCIAL DEL PATRIMONIO CULTURAL","3","ACTIVIDAD","3000709","POBLACION INFORMADA Y CONCIENTIZADA EN LA IMPORTANCIA DEL PATRIMONIO CULTURAL","5005211","SENSIBILIZACION Y CAPACITACION PARA RECONOCER EL PATRIMONIO CULTURAL","21","CULTURA Y DEPORTE","045","CULTURA","0099","PATRIMONIO HISTORICO Y CULTURAL","00001","0136803","SENSIBILIZACION Y CAPACITACION PARA RECONOCER EL PATRIMONIO CULTURAL","04","AREQUIPA","2","RECURSOS DIRECTAMENTE RECAUDADOS","09","RECURSOS DIRECTAMENTE RECAUDADOS","0","NORMAL","5","GASTO CORRIENTE","2","3","BIENES Y SERVICIOS","1","COMPRA DE BIENES","3","COMBUSTIBLES, CARBURANTES, LUBRICANTES Y AFINES","1","COMBUSTIBLES, CARBURANTES, LUBRICANTES Y AFINES","1","COMBUSTIBLES Y CARBURANTES","0","5520","5520","0","0","0","0","0","0","0","0","0","0","0","0","0","0","0"
"2019","M","GOBIERNOS LOCALES"," "," "," "," ","300331","040101","MUNICIPALIDAD PROVINCIAL DE AREQUIPA","04","AREQUIPA","01","AREQUIPA","01","AREQUIPA","37","0132","PUESTA EN VALOR Y USO SOCIAL DEL PATRIMONIO CULTURAL","3","ACTIVIDAD","3000709","POBLACION INFORMADA Y CONCIENTIZADA EN LA IMPORTANCIA DEL PATRIMONIO CULTURAL","5005211","SENSIBILIZACION Y CAPACITACION PARA RECONOCER EL PATRIMONIO CULTURAL","21","CULTURA Y DEPORTE","045","CULTURA","0099","PATRIMONIO HISTORICO Y CULTURAL","00001","0136803","SENSIBILIZACION Y CAPACITACION PARA RECONOCER EL PATRIMONIO CULTURAL","04","AREQUIPA","2","RECURSOS DIRECTAMENTE RECAUDADOS","09","RECURSOS DIRECTAMENTE RECAUDADOS","0","NORMAL","5","GASTO CORRIENTE","2","3","BIENES Y SERVICIOS","1","COMPRA DE BIENES","3","COMBUSTIBLES, CARBURANTES, LUBRICANTES Y AFINES","1","COMBUSTIBLES, CARBURANTES, LUBRICANTES Y AFINES","1","COMBUSTIBLES Y CARBURANTES","0","0","0","3017.38","3017.38","0","0","0","0","0","0","0","0","0","0","0","0","0"
"2019","M","GOBIERNOS LOCALES"," "," "," "," ","300331","040101","MUNICIPALIDAD PROVINCIAL DE AREQUIPA","04","AREQUIPA","01","AREQUIPA","01","AREQUIPA","37","0132","PUESTA EN VALOR Y USO SOCIAL DEL PATRIMONIO CULTURAL","3","ACTIVIDAD","3000709","POBLACION INFORMADA Y CONCIENTIZADA EN LA IMPORTANCIA DEL PATRIMONIO CULTURAL","5005211","SENSIBILIZACION Y CAPACITACION PARA RECONOCER EL PATRIMONIO CULTURAL","21","CULTURA Y DEPORTE","045","CULTURA","0099","PATRIMONIO HISTORICO Y CULTURAL","00001","0136803","SENSIBILIZACION Y CAPACITACION PARA RECONOCER EL PATRIMONIO CULTURAL","04","AREQUIPA","2","RECURSOS DIRECTAMENTE RECAUDADOS","09","RECURSOS DIRECTAMENTE RECAUDADOS","0","NORMAL","5","GASTO CORRIENTE","2","3","BIENES Y SERVICIOS","1","COMPRA DE BIENES","5","MATERIALES Y  UTILES","1","DE OFICINA","2","PAPELERIA EN GENERAL, UTILES Y MATERIALES DE OFICINA","294","-36","258","0","0","0","0","0","0","0","0","0","0","0","0","0","0","0"
"2019","M","GOBIERNOS LOCALES"," "," "," "," ","300331","040101","MUNICIPALIDAD PROVINCIAL DE AREQUIPA","04","AREQUIPA","01","AREQUIPA","01","AREQUIPA","37","0132","PUESTA EN VALOR Y USO SOCIAL DEL PATRIMONIO CULTURAL","3","ACTIVIDAD","3000709","POBLACION INFORMADA Y CONCIENTIZADA EN LA IMPORTANCIA DEL PATRIMONIO CULTURAL","5005211","SENSIBILIZACION Y CAPACITACION PARA RECONOCER EL PATRIMONIO CULTURAL","21","CULTURA Y DEPORTE","045","CULTURA","0099","PATRIMONIO HISTORICO Y CULTURAL","00001","0136803","SENSIBILIZACION Y CAPACITACION PARA RECONOCER EL PATRIMONIO CULTURAL","04","AREQUIPA","2","RECURSOS DIRECTAMENTE RECAUDADOS","09","RECURSOS DIRECTAMENTE RECAUDADOS","0","NORMAL","5","GASTO CORRIENTE","2","3","BIENES Y SERVICIOS","1","COMPRA DE BIENES","5","MATERIALES Y  UTILES","1","DE OFICINA","2","PAPELERIA EN GENERAL, UTILES Y MATERIALES DE OFICINA","0","0","0","258","258","0","0","0","0","0","0","0","0","0","0","0","0","0"
"2019","M","GOBIERNOS LOCALES"," "," "," "," ","300331","040101","MUNICIPALIDAD PROVINCIAL DE AREQUIPA","04","AREQUIPA","01","AREQUIPA","01","AREQUIPA","37","0132","PUESTA EN VALOR Y USO SOCIAL DEL PATRIMONIO CULTURAL","3","ACTIVIDAD","3000709","POBLACION INFORMADA Y CONCIENTIZADA EN LA IMPORTANCIA DEL PATRIMONIO CULTURAL","5005211","SENSIBILIZACION Y CAPACITACION PARA RECONOCER EL PATRIMONIO CULTURAL","21","CULTURA Y DEPORTE","045","CULTURA","0099","PATRIMONIO HISTORICO Y CULTURAL","00001","0136803","SENSIBILIZACION Y CAPACITACION PARA RECONOCER EL PATRIMONIO CULTURAL","04","AREQUIPA","2","RECURSOS DIRECTAMENTE RECAUDADOS","09","RECURSOS DIRECTAMENTE RECAUDADOS","0","NORMAL","5","GASTO CORRIENTE","2","3","BIENES Y SERVICIOS","1","COMPRA DE BIENES","99","COMPRA DE OTROS BIENES","1","COMPRA DE OTROS BIENES","3","LIBROS, DIARIOS, REVISTAS Y OTROS BIENES IMPRESOS NO VINCULADOS A ENSEÑANZA","5000","-160","4840","0","0","0","0","0","0","0","0","0","0","0","0","0","0","0"
"2019","M","GOBIERNOS LOCALES"," "," "," "," ","300331","040101","MUNICIPALIDAD PROVINCIAL DE AREQUIPA","04","AREQUIPA","01","AREQUIPA","01","AREQUIPA","37","0132","PUESTA EN VALOR Y USO SOCIAL DEL PATRIMONIO CULTURAL","3","ACTIVIDAD","3000709","POBLACION INFORMADA Y CONCIENTIZADA EN LA IMPORTANCIA DEL PATRIMONIO CULTURAL","5005211","SENSIBILIZACION Y CAPACITACION PARA RECONOCER EL PATRIMONIO CULTURAL","21","CULTURA Y DEPORTE","045","CULTURA","0099","PATRIMONIO HISTORICO Y CULTURAL","00001","0136803","SENSIBILIZACION Y CAPACITACION PARA RECONOCER EL PATRIMONIO CULTURAL","04","AREQUIPA","2","RECURSOS DIRECTAMENTE RECAUDADOS","09","RECURSOS DIRECTAMENTE RECAUDADOS","0","NORMAL","5","GASTO CORRIENTE","2","3","BIENES Y SERVICIOS","1","COMPRA DE BIENES","99","COMPRA DE OTROS BIENES","1","COMPRA DE OTROS BIENES","3","LIBROS, DIARIOS, REVISTAS Y OTROS BIENES IMPRESOS NO VINCULADOS A ENSEÑANZA","0","0","0","4840","4360","0","0","0","0","0","0","0","0","0","0","0","0","0"
"2019","M","GOBIERNOS LOCALES"," "," "," "," ","300331","040101","MUNICIPALIDAD PROVINCIAL DE AREQUIPA","04","AREQUIPA","01","AREQUIPA","01","AREQUIPA","37","0132","PUESTA EN VALOR Y USO SOCIAL DEL PATRIMONIO CULTURAL","3","ACTIVIDAD","3000709","POBLACION INFORMADA Y CONCIENTIZADA EN LA IMPORTANCIA DEL PATRIMONIO CULTURAL","5005211","SENSIBILIZACION Y CAPACITACION PARA RECONOCER EL PATRIMONIO CULTURAL","21","CULTURA Y DEPORTE","045","CULTURA","0099","PATRIMONIO HISTORICO Y CULTURAL","00001","0136803","SENSIBILIZACION Y CAPACITACION PARA RECONOCER EL PATRIMONIO CULTURAL","04","AREQUIPA","2","RECURSOS DIRECTAMENTE RECAUDADOS","09","RECURSOS DIRECTAMENTE RECAUDADOS","0","NORMAL","5","GASTO CORRIENTE","2","3","BIENES Y SERVICIOS","2","CONTRATACION DE SERVICIOS","1","VIAJES","2","VIAJES DOMESTICOS","99","OTROS GASTOS","600","-600","0","0","0","0","0","0","0","0","0","0","0","0","0","0","0","0"
"2019","M","GOBIERNOS LOCALES"," "," "," "," ","300331","040101","MUNICIPALIDAD PROVINCIAL DE AREQUIPA","04","AREQUIPA","01","AREQUIPA","01","AREQUIPA","37","0132","PUESTA EN VALOR Y USO SOCIAL DEL PATRIMONIO CULTURAL","3","ACTIVIDAD","3000709","POBLACION INFORMADA Y CONCIENTIZADA EN LA IMPORTANCIA DEL PATRIMONIO CULTURAL","5005211","SENSIBILIZACION Y CAPACITACION PARA RECONOCER EL PATRIMONIO CULTURAL","21","CULTURA Y DEPORTE","045","CULTURA","0099","PATRIMONIO HISTORICO Y CULTURAL","00001","0136803","SENSIBILIZACION Y CAPACITACION PARA RECONOCER EL PATRIMONIO CULTURAL","04","AREQUIPA","2","RECURSOS DIRECTAMENTE RECAUDADOS","09","RECURSOS DIRECTAMENTE RECAUDADOS","0","NORMAL","5","GASTO CORRIENTE","2","3","BIENES Y SERVICIOS","2","CONTRATACION DE SERVICIOS","2","SERVICIOS BASICOS, COMUNICACIONES, PUBLICIDAD Y DIFUSION","3","SERVICIOS DE MENSAJERIA, TELECOMUNICACIONES Y OTROS AFINES","1","CORREOS Y SERVICIOS DE MENSAJERIA","800","-800","0","0","0","0","0","0","0","0","0","0","0","0","0","0","0","0"
"2019","M","GOBIERNOS LOCALES"," "," "," "," ","300331","040101","MUNICIPALIDAD PROVINCIAL DE AREQUIPA","04","AREQUIPA","01","AREQUIPA","01","AREQUIPA","37","0132","PUESTA EN VALOR Y USO SOCIAL DEL PATRIMONIO CULTURAL","3","ACTIVIDAD","3000709","POBLACION INFORMADA Y CONCIENTIZADA EN LA IMPORTANCIA DEL PATRIMONIO CULTURAL","5005211","SENSIBILIZACION Y CAPACITACION PARA RECONOCER EL PATRIMONIO CULTURAL","21","CULTURA Y DEPORTE","045","CULTURA","0099","PATRIMONIO HISTORICO Y CULTURAL","00001","0136803","SENSIBILIZACION Y CAPACITACION PARA RECONOCER EL PATRIMONIO CULTURAL","04","AREQUIPA","2","RECURSOS DIRECTAMENTE RECAUDADOS","09","RECURSOS DIRECTAMENTE RECAUDADOS","0","NORMAL","5","GASTO CORRIENTE","2","3","BIENES Y SERVICIOS","2","CONTRATACION DE SERVICIOS","7","SERVICIOS PROFESIONALES Y TECNICOS","11","OTROS SERVICIOS","3","SERVICIOS RELACIONADOS CON FLORERIA, JARDINERIA Y OTRAS ACTIVIDADES SIMILARES","200","-200","0","0","0","0","0","0","0","0","0","0","0","0","0","0","0","0"
"2019","M","GOBIERNOS LOCALES"," "," "," "," ","300331","040101","MUNICIPALIDAD PROVINCIAL DE AREQUIPA","04","AREQUIPA","01","AREQUIPA","01","AREQUIPA","37","0132","PUESTA EN VALOR Y USO SOCIAL DEL PATRIMONIO CULTURAL","3","ACTIVIDAD","3000709","POBLACION INFORMADA Y CONCIENTIZADA EN LA IMPORTANCIA DEL PATRIMONIO CULTURAL","5005211","SENSIBILIZACION Y CAPACITACION PARA RECONOCER EL PATRIMONIO CULTURAL","21","CULTURA Y DEPORTE","045","CULTURA","0099","PATRIMONIO HISTORICO Y CULTURAL","00001","0136803","SENSIBILIZACION Y CAPACITACION PARA RECONOCER EL PATRIMONIO CULTURAL","04","AREQUIPA","2","RECURSOS DIRECTAMENTE RECAUDADOS","09","RECURSOS DIRECTAMENTE RECAUDADOS","0","NORMAL","5","GASTO CORRIENTE","2","3","BIENES Y SERVICIOS","2","CONTRATACION DE SERVICIOS","7","SERVICIOS PROFESIONALES Y TECNICOS","11","OTROS SERVICIOS","99","SERVICIOS DIVERSOS","4600","-2600","2000","0","0","0","0","0","0","0","0","0","0","0","0","0","0","0"
"2019","M","GOBIERNOS LOCALES"," "," "," "," ","300331","040101","MUNICIPALIDAD PROVINCIAL DE AREQUIPA","04","AREQUIPA","01","AREQUIPA","01","AREQUIPA","37","0132","PUESTA EN VALOR Y USO SOCIAL DEL PATRIMONIO CULTURAL","3","ACTIVIDAD","3000709","POBLACION INFORMADA Y CONCIENTIZADA EN LA IMPORTANCIA DEL PATRIMONIO CULTURAL","5005211","SENSIBILIZACION Y CAPACITACION PARA RECONOCER EL PATRIMONIO CULTURAL","21","CULTURA Y DEPORTE","045","CULTURA","0099","PATRIMONIO HISTORICO Y CULTURAL","00001","0136803","SENSIBILIZACION Y CAPACITACION PARA RECONOCER EL PATRIMONIO CULTURAL","04","AREQUIPA","2","RECURSOS DIRECTAMENTE RECAUDADOS","09","RECURSOS DIRECTAMENTE RECAUDADOS","0","NORMAL","5","GASTO CORRIENTE","2","3","BIENES Y SERVICIOS","2","CONTRATACION DE SERVICIOS","7","SERVICIOS PROFESIONALES Y TECNICOS","11","OTROS SERVICIOS","99","SERVICIOS DIVERSOS","0","0","0","2000","1400","0","0","0","0","0","0","0","0","0","0","0","0","0"
"2019","M","GOBIERNOS LOCALES"," "," "," "," ","300331","040101","MUNICIPALIDAD PROVINCIAL DE AREQUIPA","04","AREQUIPA","01","AREQUIPA","01","AREQUIPA","37","0132","PUESTA EN VALOR Y USO SOCIAL DEL PATRIMONIO CULTURAL","3","ACTIVIDAD","3000709","POBLACION INFORMADA Y CONCIENTIZADA EN LA IMPORTANCIA DEL PATRIMONIO CULTURAL","5005211","SENSIBILIZACION Y CAPACITACION PARA RECONOCER EL PATRIMONIO CULTURAL","21","CULTURA Y DEPORTE","045","CULTURA","0099","PATRIMONIO HISTORICO Y CULTURAL","00001","0136803","SENSIBILIZACION Y CAPACITACION PARA RECONOCER EL PATRIMONIO CULTURAL","04","AREQUIPA","2","RECURSOS DIRECTAMENTE RECAUDADOS","09","RECURSOS DIRECTAMENTE RECAUDADOS","1","UNIVERSIDADES / GOB. LOCALES","5","GASTO CORRIENTE","2","3","BIENES Y SERVICIOS","1","COMPRA DE BIENES","3","COMBUSTIBLES, CARBURANTES, LUBRICANTES Y AFINES","1","COMBUSTIBLES, CARBURANTES, LUBRICANTES Y AFINES","1","COMBUSTIBLES Y CARBURANTES","0","0","0","0","0","0","0","0","119.50","358.50","501.90","790.05","239.20","119.60","888.63","0","0","3017.38"
"2019","M","GOBIERNOS LOCALES"," "," "," "," ","300331","040101","MUNICIPALIDAD PROVINCIAL DE AREQUIPA","04","AREQUIPA","01","AREQUIPA","01","AREQUIPA","37","0132","PUESTA EN VALOR Y USO SOCIAL DEL PATRIMONIO CULTURAL","3","ACTIVIDAD","3000709","POBLACION INFORMADA Y CONCIENTIZADA EN LA IMPORTANCIA DEL PATRIMONIO CULTURAL","5005211","SENSIBILIZACION Y CAPACITACION PARA RECONOCER EL PATRIMONIO CULTURAL","21","CULTURA Y DEPORTE","045","CULTURA","0099","PATRIMONIO HISTORICO Y CULTURAL","00001","0136803","SENSIBILIZACION Y CAPACITACION PARA RECONOCER EL PATRIMONIO CULTURAL","04","AREQUIPA","2","RECURSOS DIRECTAMENTE RECAUDADOS","09","RECURSOS DIRECTAMENTE RECAUDADOS","1","UNIVERSIDADES / GOB. LOCALES","5","GASTO CORRIENTE","2","3","BIENES Y SERVICIOS","1","COMPRA DE BIENES","5","MATERIALES Y  UTILES","1","DE OFICINA","2","PAPELERIA EN GENERAL, UTILES Y MATERIALES DE OFICINA","0","0","0","0","0","0","0","0","0","0","0","0","0","0","0","0","258","258"
"2019","M","GOBIERNOS LOCALES"," "," "," "," ","300331","040101","MUNICIPALIDAD PROVINCIAL DE AREQUIPA","04","AREQUIPA","01","AREQUIPA","01","AREQUIPA","37","0132","PUESTA EN VALOR Y USO SOCIAL DEL PATRIMONIO CULTURAL","3","ACTIVIDAD","3000709","POBLACION INFORMADA Y CONCIENTIZADA EN LA IMPORTANCIA DEL PATRIMONIO CULTURAL","5005211","SENSIBILIZACION Y CAPACITACION PARA RECONOCER EL PATRIMONIO CULTURAL","21","CULTURA Y DEPORTE","045","CULTURA","0099","PATRIMONIO HISTORICO Y CULTURAL","00001","0136803","SENSIBILIZACION Y CAPACITACION PARA RECONOCER EL PATRIMONIO CULTURAL","04","AREQUIPA","2","RECURSOS DIRECTAMENTE RECAUDADOS","09","RECURSOS DIRECTAMENTE RECAUDADOS","1","UNIVERSIDADES / GOB. LOCALES","5","GASTO CORRIENTE","2","3","BIENES Y SERVICIOS","1","COMPRA DE BIENES","99","COMPRA DE OTROS BIENES","1","COMPRA DE OTROS BIENES","3","LIBROS, DIARIOS, REVISTAS Y OTROS BIENES IMPRESOS NO VINCULADOS A ENSEÑANZA","0","0","0","0","0","0","0","0","0","0","480","360","0","2000","0","0","1520","4360"
"2019","M","GOBIERNOS LOCALES"," "," "," "," ","300331","040101","MUNICIPALIDAD PROVINCIAL DE AREQUIPA","04","AREQUIPA","01","AREQUIPA","01","AREQUIPA","37","0132","PUESTA EN VALOR Y USO SOCIAL DEL PATRIMONIO CULTURAL","3","ACTIVIDAD","3000709","POBLACION INFORMADA Y CONCIENTIZADA EN LA IMPORTANCIA DEL PATRIMONIO CULTURAL","5005211","SENSIBILIZACION Y CAPACITACION PARA RECONOCER EL PATRIMONIO CULTURAL","21","CULTURA Y DEPORTE","045","CULTURA","0099","PATRIMONIO HISTORICO Y CULTURAL","00001","0136803","SENSIBILIZACION Y CAPACITACION PARA RECONOCER EL PATRIMONIO CULTURAL","04","AREQUIPA","2","RECURSOS DIRECTAMENTE RECAUDADOS","09","RECURSOS DIRECTAMENTE RECAUDADOS","1","UNIVERSIDADES / GOB. LOCALES","5","GASTO CORRIENTE","2","3","BIENES Y SERVICIOS","2","CONTRATACION DE SERVICIOS","7","SERVICIOS PROFESIONALES Y TECNICOS","11","OTROS SERVICIOS","99","SERVICIOS DIVERSOS","0","0","0","0","0","0","0","0","0","500","0","0","0","0","0","0","900","1400"
"2019","M","GOBIERNOS LOCALES"," "," "," "," ","300331","040101","MUNICIPALIDAD PROVINCIAL DE AREQUIPA","04","AREQUIPA","01","AREQUIPA","01","AREQUIPA","37","0132","PUESTA EN VALOR Y USO SOCIAL DEL PATRIMONIO CULTURAL","3","ACTIVIDAD","3000709","POBLACION INFORMADA Y CONCIENTIZADA EN LA IMPORTANCIA DEL PATRIMONIO CULTURAL","5005211","SENSIBILIZACION Y CAPACITACION PARA RECONOCER EL PATRIMONIO CULTURAL","21","CULTURA Y DEPORTE","045","CULTURA","0099","PATRIMONIO HISTORICO Y CULTURAL","00001","0136803","SENSIBILIZACION Y CAPACITACION PARA RECONOCER EL PATRIMONIO CULTURAL","04","AREQUIPA","5","RECURSOS DETERMINADOS","08","IMPUESTOS MUNICIPALES","0","NORMAL","5","GASTO CORRIENTE","2","3","BIENES Y SERVICIOS","1","COMPRA DE BIENES","5","MATERIALES Y  UTILES","1","DE OFICINA","2","PAPELERIA EN GENERAL, UTILES Y MATERIALES DE OFICINA","0","101","101","0","0","0","0","0","0","0","0","0","0","0","0","0","0","0"
"2019","M","GOBIERNOS LOCALES"," "," "," "," ","300331","040101","MUNICIPALIDAD PROVINCIAL DE AREQUIPA","04","AREQUIPA","01","AREQUIPA","01","AREQUIPA","37","0132","PUESTA EN VALOR Y USO SOCIAL DEL PATRIMONIO CULTURAL","3","ACTIVIDAD","3000709","POBLACION INFORMADA Y CONCIENTIZADA EN LA IMPORTANCIA DEL PATRIMONIO CULTURAL","5005211","SENSIBILIZACION Y CAPACITACION PARA RECONOCER EL PATRIMONIO CULTURAL","21","CULTURA Y DEPORTE","045","CULTURA","0099","PATRIMONIO HISTORICO Y CULTURAL","00001","0136803","SENSIBILIZACION Y CAPACITACION PARA RECONOCER EL PATRIMONIO CULTURAL","04","AREQUIPA","5","RECURSOS DETERMINADOS","08","IMPUESTOS MUNICIPALES","0","NORMAL","5","GASTO CORRIENTE","2","3","BIENES Y SERVICIOS","1","COMPRA DE BIENES","5","MATERIALES Y  UTILES","1","DE OFICINA","2","PAPELERIA EN GENERAL, UTILES Y MATERIALES DE OFICINA","0","0","0","100.30","100.30","0","100.30","0","0","0","0","0","0","0","0","0","0","100.30"
"2019","M","GOBIERNOS LOCALES"," "," "," "," ","300331","040101","MUNICIPALIDAD PROVINCIAL DE AREQUIPA","04","AREQUIPA","01","AREQUIPA","01","AREQUIPA","37","0132","PUESTA EN VALOR Y USO SOCIAL DEL PATRIMONIO CULTURAL","3","ACTIVIDAD","3000709","POBLACION INFORMADA Y CONCIENTIZADA EN LA IMPORTANCIA DEL PATRIMONIO CULTURAL","5005211","SENSIBILIZACION Y CAPACITACION PARA RECONOCER EL PATRIMONIO CULTURAL","21","CULTURA Y DEPORTE","045","CULTURA","0099","PATRIMONIO HISTORICO Y CULTURAL","00001","0136803","SENSIBILIZACION Y CAPACITACION PARA RECONOCER EL PATRIMONIO CULTURAL","04","AREQUIPA","5","RECURSOS DETERMINADOS","08","IMPUESTOS MUNICIPALES","0","NORMAL","5","GASTO CORRIENTE","2","3","BIENES Y SERVICIOS","1","COMPRA DE BIENES","99","COMPRA DE OTROS BIENES","1","COMPRA DE OTROS BIENES","3","LIBROS, DIARIOS, REVISTAS Y OTROS BIENES IMPRESOS NO VINCULADOS A ENSEÑANZA","0","5040","5040","0","0","0","0","0","0","0","0","0","0","0","0","0","0","0"
"2019","M","GOBIERNOS LOCALES"," "," "," "," ","300331","040101","MUNICIPALIDAD PROVINCIAL DE AREQUIPA","04","AREQUIPA","01","AREQUIPA","01","AREQUIPA","37","0132","PUESTA EN VALOR Y USO SOCIAL DEL PATRIMONIO CULTURAL","3","ACTIVIDAD","3000709","POBLACION INFORMADA Y CONCIENTIZADA EN LA IMPORTANCIA DEL PATRIMONIO CULTURAL","5005211","SENSIBILIZACION Y CAPACITACION PARA RECONOCER EL PATRIMONIO CULTURAL","21","CULTURA Y DEPORTE","045","CULTURA","0099","PATRIMONIO HISTORICO Y CULTURAL","00001","0136803","SENSIBILIZACION Y CAPACITACION PARA RECONOCER EL PATRIMONIO CULTURAL","04","AREQUIPA","5","RECURSOS DETERMINADOS","08","IMPUESTOS MUNICIPALES","0","NORMAL","5","GASTO CORRIENTE","2","3","BIENES Y SERVICIOS","1","COMPRA DE BIENES","99","COMPRA DE OTROS BIENES","1","COMPRA DE OTROS BIENES","3","LIBROS, DIARIOS, REVISTAS Y OTROS BIENES IMPRESOS NO VINCULADOS A ENSEÑANZA","0","0","0","5040","0","0","0","0","0","0","0","0","0","0","0","0","0","0"
"2019","M","GOBIERNOS LOCALES"," "," "," "," ","300331","040101","MUNICIPALIDAD PROVINCIAL DE AREQUIPA","04","AREQUIPA","01","AREQUIPA","01","AREQUIPA","37","0132","PUESTA EN VALOR Y USO SOCIAL DEL PATRIMONIO CULTURAL","3","ACTIVIDAD","3000709","POBLACION INFORMADA Y CONCIENTIZADA EN LA IMPORTANCIA DEL PATRIMONIO CULTURAL","5005211","SENSIBILIZACION Y CAPACITACION PARA RECONOCER EL PATRIMONIO CULTURAL","21","CULTURA Y DEPORTE","045","CULTURA","0099","PATRIMONIO HISTORICO Y CULTURAL","00001","0136803","SENSIBILIZACION Y CAPACITACION PARA RECONOCER EL PATRIMONIO CULTURAL","04","AREQUIPA","5","RECURSOS DETERMINADOS","08","IMPUESTOS MUNICIPALES","0","NORMAL","5","GASTO CORRIENTE","2","3","BIENES Y SERVICIOS","2","CONTRATACION DE SERVICIOS","1","VIAJES","2","VIAJES DOMESTICOS","99","OTROS GASTOS","0","97","97","0","0","0","0","0","0","0","0","0","0","0","0","0","0","0"
"2019","M","GOBIERNOS LOCALES"," "," "," "," ","300331","040101","MUNICIPALIDAD PROVINCIAL DE AREQUIPA","04","AREQUIPA","01","AREQUIPA","01","AREQUIPA","37","0132","PUESTA EN VALOR Y USO SOCIAL DEL PATRIMONIO CULTURAL","3","ACTIVIDAD","3000709","POBLACION INFORMADA Y CONCIENTIZADA EN LA IMPORTANCIA DEL PATRIMONIO CULTURAL","5005211","SENSIBILIZACION Y CAPACITACION PARA RECONOCER EL PATRIMONIO CULTURAL","21","CULTURA Y DEPORTE","045","CULTURA","0099","PATRIMONIO HISTORICO Y CULTURAL","00001","0136803","SENSIBILIZACION Y CAPACITACION PARA RECONOCER EL PATRIMONIO CULTURAL","04","AREQUIPA","5","RECURSOS DETERMINADOS","08","IMPUESTOS MUNICIPALES","0","NORMAL","5","GASTO CORRIENTE","2","3","BIENES Y SERVICIOS","2","CONTRATACION DE SERVICIOS","1","VIAJES","2","VIAJES DOMESTICOS","99","OTROS GASTOS","0","0","0","97","97","0","97","0","0","0","0","0","0","0","0","0","0","97"
"2019","M","GOBIERNOS LOCALES"," "," "," "," ","300331","040101","MUNICIPALIDAD PROVINCIAL DE AREQUIPA","04","AREQUIPA","01","AREQUIPA","01","AREQUIPA","37","0132","PUESTA EN VALOR Y USO SOCIAL DEL PATRIMONIO CULTURAL","3","ACTIVIDAD","3000709","POBLACION INFORMADA Y CONCIENTIZADA EN LA IMPORTANCIA DEL PATRIMONIO CULTURAL","5005211","SENSIBILIZACION Y CAPACITACION PARA RECONOCER EL PATRIMONIO CULTURAL","21","CULTURA Y DEPORTE","045","CULTURA","0099","PATRIMONIO HISTORICO Y CULTURAL","00001","0136803","SENSIBILIZACION Y CAPACITACION PARA RECONOCER EL PATRIMONIO CULTURAL","04","AREQUIPA","5","RECURSOS DETERMINADOS","08","IMPUESTOS MUNICIPALES","0","NORMAL","5","GASTO CORRIENTE","2","3","BIENES Y SERVICIOS","2","CONTRATACION DE SERVICIOS","2","SERVICIOS BASICOS, COMUNICACIONES, PUBLICIDAD Y DIFUSION","3","SERVICIOS DE MENSAJERIA, TELECOMUNICACIONES Y OTROS AFINES","1","CORREOS Y SERVICIOS DE MENSAJERIA","0","25","25","0","0","0","0","0","0","0","0","0","0","0","0","0","0","0"
"2019","M","GOBIERNOS LOCALES"," "," "," "," ","300331","040101","MUNICIPALIDAD PROVINCIAL DE AREQUIPA","04","AREQUIPA","01","AREQUIPA","01","AREQUIPA","37","0132","PUESTA EN VALOR Y USO SOCIAL DEL PATRIMONIO CULTURAL","3","ACTIVIDAD","3000709","POBLACION INFORMADA Y CONCIENTIZADA EN LA IMPORTANCIA DEL PATRIMONIO CULTURAL","5005211","SENSIBILIZACION Y CAPACITACION PARA RECONOCER EL PATRIMONIO CULTURAL","21","CULTURA Y DEPORTE","045","CULTURA","0099","PATRIMONIO HISTORICO Y CULTURAL","00001","0136803","SENSIBILIZACION Y CAPACITACION PARA RECONOCER EL PATRIMONIO CULTURAL","04","AREQUIPA","5","RECURSOS DETERMINADOS","08","IMPUESTOS MUNICIPALES","0","NORMAL","5","GASTO CORRIENTE","2","3","BIENES Y SERVICIOS","2","CONTRATACION DE SERVICIOS","2","SERVICIOS BASICOS, COMUNICACIONES, PUBLICIDAD Y DIFUSION","3","SERVICIOS DE MENSAJERIA, TELECOMUNICACIONES Y OTROS AFINES","1","CORREOS Y SERVICIOS DE MENSAJERIA","0","0","0","25","25","0","25","0","0","0","0","0","0","0","0","0","0","25"
"2019","M","GOBIERNOS LOCALES"," "," "," "," ","300331","040101","MUNICIPALIDAD PROVINCIAL DE AREQUIPA","04","AREQUIPA","01","AREQUIPA","01","AREQUIPA","37","0132","PUESTA EN VALOR Y USO SOCIAL DEL PATRIMONIO CULTURAL","3","ACTIVIDAD","3000709","POBLACION INFORMADA Y CONCIENTIZADA EN LA IMPORTANCIA DEL PATRIMONIO CULTURAL","5005211","SENSIBILIZACION Y CAPACITACION PARA RECONOCER EL PATRIMONIO CULTURAL","21","CULTURA Y DEPORTE","045","CULTURA","0099","PATRIMONIO HISTORICO Y CULTURAL","00001","0136803","SENSIBILIZACION Y CAPACITACION PARA RECONOCER EL PATRIMONIO CULTURAL","04","AREQUIPA","5","RECURSOS DETERMINADOS","08","IMPUESTOS MUNICIPALES","0","NORMAL","5","GASTO CORRIENTE","2","3","BIENES Y SERVICIOS","2","CONTRATACION DE SERVICIOS","2","SERVICIOS BASICOS, COMUNICACIONES, PUBLICIDAD Y DIFUSION","4","SERVICIO DE PUBLICIDAD, IMPRESIONES, DIFUSION E IMAGEN INSTITUCIONAL","1","SERVICIO DE PUBLICIDAD","0","1700","1700","0","0","0","0","0","0","0","0","0","0","0","0","0","0","0"
"2019","M","GOBIERNOS LOCALES"," "," "," "," ","300331","040101","MUNICIPALIDAD PROVINCIAL DE AREQUIPA","04","AREQUIPA","01","AREQUIPA","01","AREQUIPA","37","0132","PUESTA EN VALOR Y USO SOCIAL DEL PATRIMONIO CULTURAL","3","ACTIVIDAD","3000709","POBLACION INFORMADA Y CONCIENTIZADA EN LA IMPORTANCIA DEL PATRIMONIO CULTURAL","5005211","SENSIBILIZACION Y CAPACITACION PARA RECONOCER EL PATRIMONIO CULTURAL","21","CULTURA Y DEPORTE","045","CULTURA","0099","PATRIMONIO HISTORICO Y CULTURAL","00001","0136803","SENSIBILIZACION Y CAPACITACION PARA RECONOCER EL PATRIMONIO CULTURAL","04","AREQUIPA","5","RECURSOS DETERMINADOS","08","IMPUESTOS MUNICIPALES","0","NORMAL","5","GASTO CORRIENTE","2","3","BIENES Y SERVICIOS","2","CONTRATACION DE SERVICIOS","2","SERVICIOS BASICOS, COMUNICACIONES, PUBLICIDAD Y DIFUSION","4","SERVICIO DE PUBLICIDAD, IMPRESIONES, DIFUSION E IMAGEN INSTITUCIONAL","1","SERVICIO DE PUBLICIDAD","0","0","0","1700","0","0","0","0","0","0","0","0","0","0","0","0","0","0"
"2019","M","GOBIERNOS LOCALES"," "," "," "," ","300331","040101","MUNICIPALIDAD PROVINCIAL DE AREQUIPA","04","AREQUIPA","01","AREQUIPA","01","AREQUIPA","37","0132","PUESTA EN VALOR Y USO SOCIAL DEL PATRIMONIO CULTURAL","3","ACTIVIDAD","3000709","POBLACION INFORMADA Y CONCIENTIZADA EN LA IMPORTANCIA DEL PATRIMONIO CULTURAL","5005211","SENSIBILIZACION Y CAPACITACION PARA RECONOCER EL PATRIMONIO CULTURAL","21","CULTURA Y DEPORTE","045","CULTURA","0099","PATRIMONIO HISTORICO Y CULTURAL","00001","0136803","SENSIBILIZACION Y CAPACITACION PARA RECONOCER EL PATRIMONIO CULTURAL","04","AREQUIPA","5","RECURSOS DETERMINADOS","08","IMPUESTOS MUNICIPALES","0","NORMAL","5","GASTO CORRIENTE","2","3","BIENES Y SERVICIOS","2","CONTRATACION DE SERVICIOS","7","SERVICIOS PROFESIONALES Y TECNICOS","11","OTROS SERVICIOS","6","SERVICIO DE IMPRESIONES, ENCUADERNACION Y EMPASTADO","0","228","228","0","0","0","0","0","0","0","0","0","0","0","0","0","0","0"
"2019","M","GOBIERNOS LOCALES"," "," "," "," ","300331","040101","MUNICIPALIDAD PROVINCIAL DE AREQUIPA","04","AREQUIPA","01","AREQUIPA","01","AREQUIPA","37","0132","PUESTA EN VALOR Y USO SOCIAL DEL PATRIMONIO CULTURAL","3","ACTIVIDAD","3000709","POBLACION INFORMADA Y CONCIENTIZADA EN LA IMPORTANCIA DEL PATRIMONIO CULTURAL","5005211","SENSIBILIZACION Y CAPACITACION PARA RECONOCER EL PATRIMONIO CULTURAL","21","CULTURA Y DEPORTE","045","CULTURA","0099","PATRIMONIO HISTORICO Y CULTURAL","00001","0136803","SENSIBILIZACION Y CAPACITACION PARA RECONOCER EL PATRIMONIO CULTURAL","04","AREQUIPA","5","RECURSOS DETERMINADOS","08","IMPUESTOS MUNICIPALES","0","NORMAL","5","GASTO CORRIENTE","2","3","BIENES Y SERVICIOS","2","CONTRATACION DE SERVICIOS","7","SERVICIOS PROFESIONALES Y TECNICOS","11","OTROS SERVICIOS","6","SERVICIO DE IMPRESIONES, ENCUADERNACION Y EMPASTADO","0","0","0","227.70","227.70","0","227.70","0","0","0","0","0","0","0","0","0","0","227.70"
"2019","M","GOBIERNOS LOCALES"," "," "," "," ","300331","040101","MUNICIPALIDAD PROVINCIAL DE AREQUIPA","04","AREQUIPA","01","AREQUIPA","01","AREQUIPA","99","9002","ASIGNACIONES PRESUPUESTARIAS QUE NO RESULTAN EN PRODUCTOS","3","ACTIVIDAD","3999999","SIN PRODUCTO","5001074","PROMOCION DE LA PROTECCION Y DIFUSION DEL PATRIMONIO HISTORICO Y CULTURAL","21","CULTURA Y DEPORTE","045","CULTURA","0099","PATRIMONIO HISTORICO Y CULTURAL","00001","0038926","MANTENIMIENTO Y PRESERVACION DEL PATRIMONIO HISTORICO Y CULTURAL","04","AREQUIPA","2","RECURSOS DIRECTAMENTE RECAUDADOS","09","RECURSOS DIRECTAMENTE RECAUDADOS","0","NORMAL","5","GASTO CORRIENTE","2","1","PERSONAL Y OBLIGACIONES SOCIALES","1","RETRIBUCIONES Y COMPLEMENTOS EN EFECTIVO","1","PERSONAL ADMINISTRATIVO","1","PERSONAL ADMINISTRATIVO","2","PERSONAL ADMINISTRATIVO NOMBRADO (REGIMEN PUBLICO)","42165","-42165","0","0","0","0","0","0","0","0","0","0","0","0","0","0","0","0"
"2019","M","GOBIERNOS LOCALES"," "," "," "," ","300331","040101","MUNICIPALIDAD PROVINCIAL DE AREQUIPA","04","AREQUIPA","01","AREQUIPA","01","AREQUIPA","99","9002","ASIGNACIONES PRESUPUESTARIAS QUE NO RESULTAN EN PRODUCTOS","3","ACTIVIDAD","3999999","SIN PRODUCTO","5001074","PROMOCION DE LA PROTECCION Y DIFUSION DEL PATRIMONIO HISTORICO Y CULTURAL","21","CULTURA Y DEPORTE","045","CULTURA","0099","PATRIMONIO HISTORICO Y CULTURAL","00001","0038926","MANTENIMIENTO Y PRESERVACION DEL PATRIMONIO HISTORICO Y CULTURAL","04","AREQUIPA","2","RECURSOS DIRECTAMENTE RECAUDADOS","09","RECURSOS DIRECTAMENTE RECAUDADOS","0","NORMAL","5","GASTO CORRIENTE","2","1","PERSONAL Y OBLIGACIONES SOCIALES","1","RETRIBUCIONES Y COMPLEMENTOS EN EFECTIVO","1","PERSONAL ADMINISTRATIVO","2","OTRAS RETRIBUCIONES Y COMPLEMENTOS","99","OTRAS RETRIBUCIONES Y COMPLEMENTOS","22677","-22677","0","0","0","0","0","0","0","0","0","0","0","0","0","0","0","0"
"2019","M","GOBIERNOS LOCALES"," "," "," "," ","300331","040101","MUNICIPALIDAD PROVINCIAL DE AREQUIPA","04","AREQUIPA","01","AREQUIPA","01","AREQUIPA","99","9002","ASIGNACIONES PRESUPUESTARIAS QUE NO RESULTAN EN PRODUCTOS","3","ACTIVIDAD","3999999","SIN PRODUCTO","5001074","PROMOCION DE LA PROTECCION Y DIFUSION DEL PATRIMONIO HISTORICO Y CULTURAL","21","CULTURA Y DEPORTE","045","CULTURA","0099","PATRIMONIO HISTORICO Y CULTURAL","00001","0038926","MANTENIMIENTO Y PRESERVACION DEL PATRIMONIO HISTORICO Y CULTURAL","04","AREQUIPA","2","RECURSOS DIRECTAMENTE RECAUDADOS","09","RECURSOS DIRECTAMENTE RECAUDADOS","0","NORMAL","5","GASTO CORRIENTE","2","1","PERSONAL Y OBLIGACIONES SOCIALES","1","RETRIBUCIONES Y COMPLEMENTOS EN EFECTIVO","9","GASTOS VARIABLES Y OCASIONALES","1","ESCOLARIDAD, AGUINALDOS Y GRATIFICACIONES","3","BONIFICACION POR ESCOLARIDAD","18590","-18590","0","0","0","0","0","0","0","0","0","0","0","0","0","0","0","0"
"2019","M","GOBIERNOS LOCALES"," "," "," "," ","300331","040101","MUNICIPALIDAD PROVINCIAL DE AREQUIPA","04","AREQUIPA","01","AREQUIPA","01","AREQUIPA","99","9002","ASIGNACIONES PRESUPUESTARIAS QUE NO RESULTAN EN PRODUCTOS","3","ACTIVIDAD","3999999","SIN PRODUCTO","5001074","PROMOCION DE LA PROTECCION Y DIFUSION DEL PATRIMONIO HISTORICO Y CULTURAL","21","CULTURA Y DEPORTE","045","CULTURA","0099","PATRIMONIO HISTORICO Y CULTURAL","00001","0038926","MANTENIMIENTO Y PRESERVACION DEL PATRIMONIO HISTORICO Y CULTURAL","04","AREQUIPA","2","RECURSOS DIRECTAMENTE RECAUDADOS","09","RECURSOS DIRECTAMENTE RECAUDADOS","0","NORMAL","5","GASTO CORRIENTE","2","1","PERSONAL Y OBLIGACIONES SOCIALES","1","RETRIBUCIONES Y COMPLEMENTOS EN EFECTIVO","9","GASTOS VARIABLES Y OCASIONALES","3","OTROS GASTOS VARIABLES Y OCASIONALES","2","BONIFICACION ADICIONAL POR VACACIONES","665","-665","0","0","0","0","0","0","0","0","0","0","0","0","0","0","0","0"
"2019","M","GOBIERNOS LOCALES"," "," "," "," ","300331","040101","MUNICIPALIDAD PROVINCIAL DE AREQUIPA","04","AREQUIPA","01","AREQUIPA","01","AREQUIPA","99","9002","ASIGNACIONES PRESUPUESTARIAS QUE NO RESULTAN EN PRODUCTOS","3","ACTIVIDAD","3999999","SIN PRODUCTO","5001074","PROMOCION DE LA PROTECCION Y DIFUSION DEL PATRIMONIO HISTORICO Y CULTURAL","21","CULTURA Y DEPORTE","045","CULTURA","0099","PATRIMONIO HISTORICO Y CULTURAL","00001","0038926","MANTENIMIENTO Y PRESERVACION DEL PATRIMONIO HISTORICO Y CULTURAL","04","AREQUIPA","2","RECURSOS DIRECTAMENTE RECAUDADOS","09","RECURSOS DIRECTAMENTE RECAUDADOS","0","NORMAL","5","GASTO CORRIENTE","2","1","PERSONAL Y OBLIGACIONES SOCIALES","3","CONTRIBUCIONES A LA SEGURIDAD SOCIAL","1","OBLIGACIONES DEL EMPLEADOR","1","OBLIGACIONES DEL EMPLEADOR","5","CONTRIBUCIONES A ESSALUD","14817","-14817","0","0","0","0","0","0","0","0","0","0","0","0","0","0","0","0"
"2019","M","GOBIERNOS LOCALES"," "," "," "," ","300331","040101","MUNICIPALIDAD PROVINCIAL DE AREQUIPA","04","AREQUIPA","01","AREQUIPA","01","AREQUIPA","99","9002","ASIGNACIONES PRESUPUESTARIAS QUE NO RESULTAN EN PRODUCTOS","3","ACTIVIDAD","3999999","SIN PRODUCTO","5001074","PROMOCION DE LA PROTECCION Y DIFUSION DEL PATRIMONIO HISTORICO Y CULTURAL","21","CULTURA Y DEPORTE","045","CULTURA","0099","PATRIMONIO HISTORICO Y CULTURAL","00001","0038926","MANTENIMIENTO Y PRESERVACION DEL PATRIMONIO HISTORICO Y CULTURAL","04","AREQUIPA","2","RECURSOS DIRECTAMENTE RECAUDADOS","09","RECURSOS DIRECTAMENTE RECAUDADOS","0","NORMAL","5","GASTO CORRIENTE","2","3","BIENES Y SERVICIOS","1","COMPRA DE BIENES","2","VESTUARIOS Y TEXTILES","1","VESTUARIO, ZAPATERIA Y ACCESORIOS, TALABARTERIA Y MATERIALES TEXTILES","1","VESTUARIO, ACCESORIOS Y PRENDAS DIVERSAS","780","-780","0","0","0","0","0","0","0","0","0","0","0","0","0","0","0","0"
"2019","M","GOBIERNOS LOCALES"," "," "," "," ","300331","040101","MUNICIPALIDAD PROVINCIAL DE AREQUIPA","04","AREQUIPA","01","AREQUIPA","01","AREQUIPA","99","9002","ASIGNACIONES PRESUPUESTARIAS QUE NO RESULTAN EN PRODUCTOS","3","ACTIVIDAD","3999999","SIN PRODUCTO","5001074","PROMOCION DE LA PROTECCION Y DIFUSION DEL PATRIMONIO HISTORICO Y CULTURAL","21","CULTURA Y DEPORTE","045","CULTURA","0099","PATRIMONIO HISTORICO Y CULTURAL","00001","0038926","MANTENIMIENTO Y PRESERVACION DEL PATRIMONIO HISTORICO Y CULTURAL","04","AREQUIPA","2","RECURSOS DIRECTAMENTE RECAUDADOS","09","RECURSOS DIRECTAMENTE RECAUDADOS","0","NORMAL","5","GASTO CORRIENTE","2","3","BIENES Y SERVICIOS","1","COMPRA DE BIENES","5","MATERIALES Y  UTILES","1","DE OFICINA","2","PAPELERIA EN GENERAL, UTILES Y MATERIALES DE OFICINA","327","-327","0","0","0","0","0","0","0","0","0","0","0","0","0","0","0","0"
"2019","M","GOBIERNOS LOCALES"," "," "," "," ","300331","040101","MUNICIPALIDAD PROVINCIAL DE AREQUIPA","04","AREQUIPA","01","AREQUIPA","01","AREQUIPA","99","9002","ASIGNACIONES PRESUPUESTARIAS QUE NO RESULTAN EN PRODUCTOS","3","ACTIVIDAD","3999999","SIN PRODUCTO","5001074","PROMOCION DE LA PROTECCION Y DIFUSION DEL PATRIMONIO HISTORICO Y CULTURAL","21","CULTURA Y DEPORTE","045","CULTURA","0099","PATRIMONIO HISTORICO Y CULTURAL","00001","0038926","MANTENIMIENTO Y PRESERVACION DEL PATRIMONIO HISTORICO Y CULTURAL","04","AREQUIPA","2","RECURSOS DIRECTAMENTE RECAUDADOS","09","RECURSOS DIRECTAMENTE RECAUDADOS","0","NORMAL","5","GASTO CORRIENTE","2","3","BIENES Y SERVICIOS","1","COMPRA DE BIENES","5","MATERIALES Y  UTILES","3","ASEO, LIMPIEZA Y COCINA","1","ASEO, LIMPIEZA Y TOCADOR","674","-674","0","0","0","0","0","0","0","0","0","0","0","0","0","0","0","0"
"2019","M","GOBIERNOS LOCALES"," "," "," "," ","300331","040101","MUNICIPALIDAD PROVINCIAL DE AREQUIPA","04","AREQUIPA","01","AREQUIPA","01","AREQUIPA","99","9002","ASIGNACIONES PRESUPUESTARIAS QUE NO RESULTAN EN PRODUCTOS","3","ACTIVIDAD","3999999","SIN PRODUCTO","5001074","PROMOCION DE LA PROTECCION Y DIFUSION DEL PATRIMONIO HISTORICO Y CULTURAL","21","CULTURA Y DEPORTE","045","CULTURA","0099","PATRIMONIO HISTORICO Y CULTURAL","00001","0038926","MANTENIMIENTO Y PRESERVACION DEL PATRIMONIO HISTORICO Y CULTURAL","04","AREQUIPA","2","RECURSOS DIRECTAMENTE RECAUDADOS","09","RECURSOS DIRECTAMENTE RECAUDADOS","0","NORMAL","5","GASTO CORRIENTE","2","3","BIENES Y SERVICIOS","1","COMPRA DE BIENES","6","REPUESTOS Y ACCESORIOS","1","REPUESTOS Y ACCESORIOS","3","DE CONSTRUCCION Y MAQUINAS","37509","-37509","0","0","0","0","0","0","0","0","0","0","0","0","0","0","0","0"
"2019","M","GOBIERNOS LOCALES"," "," "," "," ","300331","040101","MUNICIPALIDAD PROVINCIAL DE AREQUIPA","04","AREQUIPA","01","AREQUIPA","01","AREQUIPA","99","9002","ASIGNACIONES PRESUPUESTARIAS QUE NO RESULTAN EN PRODUCTOS","3","ACTIVIDAD","3999999","SIN PRODUCTO","5001074","PROMOCION DE LA PROTECCION Y DIFUSION DEL PATRIMONIO HISTORICO Y CULTURAL","21","CULTURA Y DEPORTE","045","CULTURA","0099","PATRIMONIO HISTORICO Y CULTURAL","00001","0038926","MANTENIMIENTO Y PRESERVACION DEL PATRIMONIO HISTORICO Y CULTURAL","04","AREQUIPA","2","RECURSOS DIRECTAMENTE RECAUDADOS","09","RECURSOS DIRECTAMENTE RECAUDADOS","0","NORMAL","5","GASTO CORRIENTE","2","3","BIENES Y SERVICIOS","1","COMPRA DE BIENES","6","REPUESTOS Y ACCESORIOS","1","REPUESTOS Y ACCESORIOS","4","DE SEGURIDAD","1806","-1806","0","0","0","0","0","0","0","0","0","0","0","0","0","0","0","0"
"2019","M","GOBIERNOS LOCALES"," "," "," "," ","300331","040101","MUNICIPALIDAD PROVINCIAL DE AREQUIPA","04","AREQUIPA","01","AREQUIPA","01","AREQUIPA","99","9002","ASIGNACIONES PRESUPUESTARIAS QUE NO RESULTAN EN PRODUCTOS","3","ACTIVIDAD","3999999","SIN PRODUCTO","5001074","PROMOCION DE LA PROTECCION Y DIFUSION DEL PATRIMONIO HISTORICO Y CULTURAL","21","CULTURA Y DEPORTE","045","CULTURA","0099","PATRIMONIO HISTORICO Y CULTURAL","00001","0038926","MANTENIMIENTO Y PRESERVACION DEL PATRIMONIO HISTORICO Y CULTURAL","04","AREQUIPA","2","RECURSOS DIRECTAMENTE RECAUDADOS","09","RECURSOS DIRECTAMENTE RECAUDADOS","0","NORMAL","5","GASTO CORRIENTE","2","3","BIENES Y SERVICIOS","1","COMPRA DE BIENES","99","COMPRA DE OTROS BIENES","1","COMPRA DE OTROS BIENES","1","HERRAMIENTAS","8003","-8003","0","0","0","0","0","0","0","0","0","0","0","0","0","0","0","0"
"2019","M","GOBIERNOS LOCALES"," "," "," "," ","300331","040101","MUNICIPALIDAD PROVINCIAL DE AREQUIPA","04","AREQUIPA","01","AREQUIPA","01","AREQUIPA","99","9002","ASIGNACIONES PRESUPUESTARIAS QUE NO RESULTAN EN PRODUCTOS","3","ACTIVIDAD","3999999","SIN PRODUCTO","5001074","PROMOCION DE LA PROTECCION Y DIFUSION DEL PATRIMONIO HISTORICO Y CULTURAL","21","CULTURA Y DEPORTE","045","CULTURA","0099","PATRIMONIO HISTORICO Y CULTURAL","00001","0038926","MANTENIMIENTO Y PRESERVACION DEL PATRIMONIO HISTORICO Y CULTURAL","04","AREQUIPA","2","RECURSOS DIRECTAMENTE RECAUDADOS","09","RECURSOS DIRECTAMENTE RECAUDADOS","0","NORMAL","5","GASTO CORRIENTE","2","3","BIENES Y SERVICIOS","1","COMPRA DE BIENES","99","COMPRA DE OTROS BIENES","1","COMPRA DE OTROS BIENES","3","LIBROS, DIARIOS, REVISTAS Y OTROS BIENES IMPRESOS NO VINCULADOS A ENSEÑANZA","4500","-4500","0","0","0","0","0","0","0","0","0","0","0","0","0","0","0","0"
"2019","M","GOBIERNOS LOCALES"," "," "," "," ","300331","040101","MUNICIPALIDAD PROVINCIAL DE AREQUIPA","04","AREQUIPA","01","AREQUIPA","01","AREQUIPA","99","9002","ASIGNACIONES PRESUPUESTARIAS QUE NO RESULTAN EN PRODUCTOS","3","ACTIVIDAD","3999999","SIN PRODUCTO","5001074","PROMOCION DE LA PROTECCION Y DIFUSION DEL PATRIMONIO HISTORICO Y CULTURAL","21","CULTURA Y DEPORTE","045","CULTURA","0099","PATRIMONIO HISTORICO Y CULTURAL","00001","0038926","MANTENIMIENTO Y PRESERVACION DEL PATRIMONIO HISTORICO Y CULTURAL","04","AREQUIPA","2","RECURSOS DIRECTAMENTE RECAUDADOS","09","RECURSOS DIRECTAMENTE RECAUDADOS","0","NORMAL","5","GASTO CORRIENTE","2","3","BIENES Y SERVICIOS","1","COMPRA DE BIENES","99","COMPRA DE OTROS BIENES","1","COMPRA DE OTROS BIENES","99","OTROS BIENES","20136","-20136","0","0","0","0","0","0","0","0","0","0","0","0","0","0","0","0"
"2019","M","GOBIERNOS LOCALES"," "," "," "," ","300331","040101","MUNICIPALIDAD PROVINCIAL DE AREQUIPA","04","AREQUIPA","01","AREQUIPA","01","AREQUIPA","99","9002","ASIGNACIONES PRESUPUESTARIAS QUE NO RESULTAN EN PRODUCTOS","3","ACTIVIDAD","3999999","SIN PRODUCTO","5001074","PROMOCION DE LA PROTECCION Y DIFUSION DEL PATRIMONIO HISTORICO Y CULTURAL","21","CULTURA Y DEPORTE","045","CULTURA","0099","PATRIMONIO HISTORICO Y CULTURAL","00001","0038926","MANTENIMIENTO Y PRESERVACION DEL PATRIMONIO HISTORICO Y CULTURAL","04","AREQUIPA","2","RECURSOS DIRECTAMENTE RECAUDADOS","09","RECURSOS DIRECTAMENTE RECAUDADOS","0","NORMAL","5","GASTO CORRIENTE","2","3","BIENES Y SERVICIOS","2","CONTRATACION DE SERVICIOS","4","SERVICIO DE MANTENIMIENTO, ACONDICIONAMIENTO Y  REPARACIONES","1","SERVICIO DE MANTENIMIENTO, ACONDICIONAMIENTO Y  REPARACIONES","5","DE MAQUINARIAS Y EQUIPOS","6000","-6000","0","0","0","0","0","0","0","0","0","0","0","0","0","0","0","0"
"2019","M","GOBIERNOS LOCALES"," "," "," "," ","300331","040101","MUNICIPALIDAD PROVINCIAL DE AREQUIPA","04","AREQUIPA","01","AREQUIPA","01","AREQUIPA","99","9002","ASIGNACIONES PRESUPUESTARIAS QUE NO RESULTAN EN PRODUCTOS","3","ACTIVIDAD","3999999","SIN PRODUCTO","5001074","PROMOCION DE LA PROTECCION Y DIFUSION DEL PATRIMONIO HISTORICO Y CULTURAL","21","CULTURA Y DEPORTE","045","CULTURA","0099","PATRIMONIO HISTORICO Y CULTURAL","00001","0038926","MANTENIMIENTO Y PRESERVACION DEL PATRIMONIO HISTORICO Y CULTURAL","04","AREQUIPA","2","RECURSOS DIRECTAMENTE RECAUDADOS","09","RECURSOS DIRECTAMENTE RECAUDADOS","0","NORMAL","5","GASTO CORRIENTE","2","3","BIENES Y SERVICIOS","2","CONTRATACION DE SERVICIOS","6","SERVICIOS ADMINISTRATIVOS, FINANCIEROS Y DE SEGUROS","3","SEGUROS","4","OTROS SEGUROS PERSONALES","7020","-7020","0","0","0","0","0","0","0","0","0","0","0","0","0","0","0","0"
"2019","M","GOBIERNOS LOCALES"," "," "," "," ","300331","040101","MUNICIPALIDAD PROVINCIAL DE AREQUIPA","04","AREQUIPA","01","AREQUIPA","01","AREQUIPA","99","9002","ASIGNACIONES PRESUPUESTARIAS QUE NO RESULTAN EN PRODUCTOS","3","ACTIVIDAD","3999999","SIN PRODUCTO","5001074","PROMOCION DE LA PROTECCION Y DIFUSION DEL PATRIMONIO HISTORICO Y CULTURAL","21","CULTURA Y DEPORTE","045","CULTURA","0099","PATRIMONIO HISTORICO Y CULTURAL","00001","0038926","MANTENIMIENTO Y PRESERVACION DEL PATRIMONIO HISTORICO Y CULTURAL","04","AREQUIPA","2","RECURSOS DIRECTAMENTE RECAUDADOS","09","RECURSOS DIRECTAMENTE RECAUDADOS","0","NORMAL","5","GASTO CORRIENTE","2","3","BIENES Y SERVICIOS","2","CONTRATACION DE SERVICIOS","8","CONTRATO ADMINISTRATIVO DE SERVICIOS","1","CONTRATO ADMINISTRATIVO DE SERVICIOS","2","CONTRIBUCIONES A ESSALUD DE C.A.S.","18614","-18614","0","0","0","0","0","0","0","0","0","0","0","0","0","0","0","0"
"2019","M","GOBIERNOS LOCALES"," "," "," "," ","300331","040101","MUNICIPALIDAD PROVINCIAL DE AREQUIPA","04","AREQUIPA","01","AREQUIPA","01","AREQUIPA","99","9002","ASIGNACIONES PRESUPUESTARIAS QUE NO RESULTAN EN PRODUCTOS","3","ACTIVIDAD","3999999","SIN PRODUCTO","5001074","PROMOCION DE LA PROTECCION Y DIFUSION DEL PATRIMONIO HISTORICO Y CULTURAL","21","CULTURA Y DEPORTE","045","CULTURA","0099","PATRIMONIO HISTORICO Y CULTURAL","00001","0038926","MANTENIMIENTO Y PRESERVACION DEL PATRIMONIO HISTORICO Y CULTURAL","04","AREQUIPA","5","RECURSOS DETERMINADOS","07","FONDO DE COMPENSACION MUNICIPAL","0","NORMAL","5","GASTO CORRIENTE","2","1","PERSONAL Y OBLIGACIONES SOCIALES","1","RETRIBUCIONES Y COMPLEMENTOS EN EFECTIVO","1","PERSONAL ADMINISTRATIVO","1","PERSONAL ADMINISTRATIVO","2","PERSONAL ADMINISTRATIVO NOMBRADO (REGIMEN PUBLICO)","41195","-41195","0","0","0","0","0","0","0","0","0","0","0","0","0","0","0","0"
"2019","M","GOBIERNOS LOCALES"," "," "," "," ","300331","040101","MUNICIPALIDAD PROVINCIAL DE AREQUIPA","04","AREQUIPA","01","AREQUIPA","01","AREQUIPA","99","9002","ASIGNACIONES PRESUPUESTARIAS QUE NO RESULTAN EN PRODUCTOS","3","ACTIVIDAD","3999999","SIN PRODUCTO","5001074","PROMOCION DE LA PROTECCION Y DIFUSION DEL PATRIMONIO HISTORICO Y CULTURAL","21","CULTURA Y DEPORTE","045","CULTURA","0099","PATRIMONIO HISTORICO Y CULTURAL","00001","0038926","MANTENIMIENTO Y PRESERVACION DEL PATRIMONIO HISTORICO Y CULTURAL","04","AREQUIPA","5","RECURSOS DETERMINADOS","07","FONDO DE COMPENSACION MUNICIPAL","0","NORMAL","5","GASTO CORRIENTE","2","1","PERSONAL Y OBLIGACIONES SOCIALES","1","RETRIBUCIONES Y COMPLEMENTOS EN EFECTIVO","9","GASTOS VARIABLES Y OCASIONALES","3","OTROS GASTOS VARIABLES Y OCASIONALES","2","BONIFICACION ADICIONAL POR VACACIONES","665","-665","0","0","0","0","0","0","0","0","0","0","0","0","0","0","0","0"
"2019","M","GOBIERNOS LOCALES"," "," "," "," ","300331","040101","MUNICIPALIDAD PROVINCIAL DE AREQUIPA","04","AREQUIPA","01","AREQUIPA","01","AREQUIPA","99","9002","ASIGNACIONES PRESUPUESTARIAS QUE NO RESULTAN EN PRODUCTOS","3","ACTIVIDAD","3999999","SIN PRODUCTO","5001074","PROMOCION DE LA PROTECCION Y DIFUSION DEL PATRIMONIO HISTORICO Y CULTURAL","21","CULTURA Y DEPORTE","045","CULTURA","0099","PATRIMONIO HISTORICO Y CULTURAL","00001","0038926","MANTENIMIENTO Y PRESERVACION DEL PATRIMONIO HISTORICO Y CULTURAL","04","AREQUIPA","5","RECURSOS DETERMINADOS","07","FONDO DE COMPENSACION MUNICIPAL","0","NORMAL","5","GASTO CORRIENTE","2","1","PERSONAL Y OBLIGACIONES SOCIALES","3","CONTRIBUCIONES A LA SEGURIDAD SOCIAL","1","OBLIGACIONES DEL EMPLEADOR","1","OBLIGACIONES DEL EMPLEADOR","5","CONTRIBUCIONES A ESSALUD","6515","-6515","0","0","0","0","0","0","0","0","0","0","0","0","0","0","0","0"
"2019","M","GOBIERNOS LOCALES"," "," "," "," ","300331","040101","MUNICIPALIDAD PROVINCIAL DE AREQUIPA","04","AREQUIPA","01","AREQUIPA","01","AREQUIPA","99","9002","ASIGNACIONES PRESUPUESTARIAS QUE NO RESULTAN EN PRODUCTOS","3","ACTIVIDAD","3999999","SIN PRODUCTO","5001074","PROMOCION DE LA PROTECCION Y DIFUSION DEL PATRIMONIO HISTORICO Y CULTURAL","21","CULTURA Y DEPORTE","045","CULTURA","0099","PATRIMONIO HISTORICO Y CULTURAL","00001","0038926","MANTENIMIENTO Y PRESERVACION DEL PATRIMONIO HISTORICO Y CULTURAL","04","AREQUIPA","5","RECURSOS DETERMINADOS","07","FONDO DE COMPENSACION MUNICIPAL","0","NORMAL","5","GASTO CORRIENTE","2","3","BIENES Y SERVICIOS","2","CONTRATACION DE SERVICIOS","8","CONTRATO ADMINISTRATIVO DE SERVICIOS","1","CONTRATO ADMINISTRATIVO DE SERVICIOS","1","CONTRATO ADMINISTRATIVO DE SERVICIOS","223590","-223590","0","0","0","0","0","0","0","0","0","0","0","0","0","0","0","0"
"2019","M","GOBIERNOS LOCALES"," "," "," "," ","300331","040101","MUNICIPALIDAD PROVINCIAL DE AREQUIPA","04","AREQUIPA","01","AREQUIPA","01","AREQUIPA","99","9002","ASIGNACIONES PRESUPUESTARIAS QUE NO RESULTAN EN PRODUCTOS","3","ACTIVIDAD","3999999","SIN PRODUCTO","5001074","PROMOCION DE LA PROTECCION Y DIFUSION DEL PATRIMONIO HISTORICO Y CULTURAL","21","CULTURA Y DEPORTE","045","CULTURA","0099","PATRIMONIO HISTORICO Y CULTURAL","00001","0038926","MANTENIMIENTO Y PRESERVACION DEL PATRIMONIO HISTORICO Y CULTURAL","04","AREQUIPA","5","RECURSOS DETERMINADOS","08","IMPUESTOS MUNICIPALES","0","NORMAL","5","GASTO CORRIENTE","2","1","PERSONAL Y OBLIGACIONES SOCIALES","1","RETRIBUCIONES Y COMPLEMENTOS EN EFECTIVO","1","PERSONAL ADMINISTRATIVO","1","PERSONAL ADMINISTRATIVO","2","PERSONAL ADMINISTRATIVO NOMBRADO (REGIMEN PUBLICO)","156487","-156487","0","0","0","0","0","0","0","0","0","0","0","0","0","0","0","0"
"2019","M","GOBIERNOS LOCALES"," "," "," "," ","300331","040101","MUNICIPALIDAD PROVINCIAL DE AREQUIPA","04","AREQUIPA","01","AREQUIPA","01","AREQUIPA","99","9002","ASIGNACIONES PRESUPUESTARIAS QUE NO RESULTAN EN PRODUCTOS","3","ACTIVIDAD","3999999","SIN PRODUCTO","5001074","PROMOCION DE LA PROTECCION Y DIFUSION DEL PATRIMONIO HISTORICO Y CULTURAL","21","CULTURA Y DEPORTE","045","CULTURA","0099","PATRIMONIO HISTORICO Y CULTURAL","00001","0038926","MANTENIMIENTO Y PRESERVACION DEL PATRIMONIO HISTORICO Y CULTURAL","04","AREQUIPA","5","RECURSOS DETERMINADOS","08","IMPUESTOS MUNICIPALES","0","NORMAL","5","GASTO CORRIENTE","2","1","PERSONAL Y OBLIGACIONES SOCIALES","1","RETRIBUCIONES Y COMPLEMENTOS EN EFECTIVO","9","GASTOS VARIABLES Y OCASIONALES","3","OTROS GASTOS VARIABLES Y OCASIONALES","2","BONIFICACION ADICIONAL POR VACACIONES","1330","-1330","0","0","0","0","0","0","0","0","0","0","0","0","0","0","0","0"
"2019","M","GOBIERNOS LOCALES"," "," "," "," ","300331","040101","MUNICIPALIDAD PROVINCIAL DE AREQUIPA","04","AREQUIPA","01","AREQUIPA","01","AREQUIPA","99","9002","ASIGNACIONES PRESUPUESTARIAS QUE NO RESULTAN EN PRODUCTOS","3","ACTIVIDAD","3999999","SIN PRODUCTO","5001074","PROMOCION DE LA PROTECCION Y DIFUSION DEL PATRIMONIO HISTORICO Y CULTURAL","21","CULTURA Y DEPORTE","045","CULTURA","0099","PATRIMONIO HISTORICO Y CULTURAL","00001","0038926","MANTENIMIENTO Y PRESERVACION DEL PATRIMONIO HISTORICO Y CULTURAL","04","AREQUIPA","5","RECURSOS DETERMINADOS","08","IMPUESTOS MUNICIPALES","0","NORMAL","5","GASTO CORRIENTE","2","1","PERSONAL Y OBLIGACIONES SOCIALES","3","CONTRIBUCIONES A LA SEGURIDAD SOCIAL","1","OBLIGACIONES DEL EMPLEADOR","1","OBLIGACIONES DEL EMPLEADOR","5","CONTRIBUCIONES A ESSALUD","7884","-7884","0","0","0","0","0","0","0","0","0","0","0","0","0","0","0","0"
"2019","M","GOBIERNOS LOCALES"," "," "," "," ","300331","040101","MUNICIPALIDAD PROVINCIAL DE AREQUIPA","04","AREQUIPA","01","AREQUIPA","01","AREQUIPA","99","9002","ASIGNACIONES PRESUPUESTARIAS QUE NO RESULTAN EN PRODUCTOS","3","ACTIVIDAD","3999999","SIN PRODUCTO","5001074","PROMOCION DE LA PROTECCION Y DIFUSION DEL PATRIMONIO HISTORICO Y CULTURAL","21","CULTURA Y DEPORTE","045","CULTURA","0099","PATRIMONIO HISTORICO Y CULTURAL","00001","0038926","MANTENIMIENTO Y PRESERVACION DEL PATRIMONIO HISTORICO Y CULTURAL","04","AREQUIPA","5","RECURSOS DETERMINADOS","08","IMPUESTOS MUNICIPALES","0","NORMAL","5","GASTO CORRIENTE","2","3","BIENES Y SERVICIOS","1","COMPRA DE BIENES","1","ALIMENTOS Y BEBIDAS","1","ALIMENTOS Y BEBIDAS","1","ALIMENTOS Y BEBIDAS PARA CONSUMO HUMANO","80","-80","0","0","0","0","0","0","0","0","0","0","0","0","0","0","0","0"
"2019","M","GOBIERNOS LOCALES"," "," "," "," ","300331","040101","MUNICIPALIDAD PROVINCIAL DE AREQUIPA","04","AREQUIPA","01","AREQUIPA","01","AREQUIPA","99","9002","ASIGNACIONES PRESUPUESTARIAS QUE NO RESULTAN EN PRODUCTOS","3","ACTIVIDAD","3999999","SIN PRODUCTO","5001074","PROMOCION DE LA PROTECCION Y DIFUSION DEL PATRIMONIO HISTORICO Y CULTURAL","21","CULTURA Y DEPORTE","045","CULTURA","0099","PATRIMONIO HISTORICO Y CULTURAL","00001","0038926","MANTENIMIENTO Y PRESERVACION DEL PATRIMONIO HISTORICO Y CULTURAL","04","AREQUIPA","5","RECURSOS DETERMINADOS","08","IMPUESTOS MUNICIPALES","0","NORMAL","5","GASTO CORRIENTE","2","3","BIENES Y SERVICIOS","1","COMPRA DE BIENES","5","MATERIALES Y  UTILES","1","DE OFICINA","1","REPUESTOS Y ACCESORIOS","2","-2","0","0","0","0","0","0","0","0","0","0","0","0","0","0","0","0"
"2019","M","GOBIERNOS LOCALES"," "," "," "," ","300331","040101","MUNICIPALIDAD PROVINCIAL DE AREQUIPA","04","AREQUIPA","01","AREQUIPA","01","AREQUIPA","99","9002","ASIGNACIONES PRESUPUESTARIAS QUE NO RESULTAN EN PRODUCTOS","3","ACTIVIDAD","3999999","SIN PRODUCTO","5001074","PROMOCION DE LA PROTECCION Y DIFUSION DEL PATRIMONIO HISTORICO Y CULTURAL","21","CULTURA Y DEPORTE","045","CULTURA","0099","PATRIMONIO HISTORICO Y CULTURAL","00001","0038926","MANTENIMIENTO Y PRESERVACION DEL PATRIMONIO HISTORICO Y CULTURAL","04","AREQUIPA","5","RECURSOS DETERMINADOS","08","IMPUESTOS MUNICIPALES","0","NORMAL","5","GASTO CORRIENTE","2","3","BIENES Y SERVICIOS","1","COMPRA DE BIENES","5","MATERIALES Y  UTILES","1","DE OFICINA","2","PAPELERIA EN GENERAL, UTILES Y MATERIALES DE OFICINA","306","-306","0","0","0","0","0","0","0","0","0","0","0","0","0","0","0","0"
"2019","M","GOBIERNOS LOCALES"," "," "," "," ","300331","040101","MUNICIPALIDAD PROVINCIAL DE AREQUIPA","04","AREQUIPA","01","AREQUIPA","01","AREQUIPA","99","9002","ASIGNACIONES PRESUPUESTARIAS QUE NO RESULTAN EN PRODUCTOS","3","ACTIVIDAD","3999999","SIN PRODUCTO","5001074","PROMOCION DE LA PROTECCION Y DIFUSION DEL PATRIMONIO HISTORICO Y CULTURAL","21","CULTURA Y DEPORTE","045","CULTURA","0099","PATRIMONIO HISTORICO Y CULTURAL","00001","0038926","MANTENIMIENTO Y PRESERVACION DEL PATRIMONIO HISTORICO Y CULTURAL","04","AREQUIPA","5","RECURSOS DETERMINADOS","08","IMPUESTOS MUNICIPALES","0","NORMAL","5","GASTO CORRIENTE","2","3","BIENES Y SERVICIOS","2","CONTRATACION DE SERVICIOS","1","VIAJES","2","VIAJES DOMESTICOS","99","OTROS GASTOS","11","-11","0","0","0","0","0","0","0","0","0","0","0","0","0","0","0","0"
"2019","M","GOBIERNOS LOCALES"," "," "," "," ","300331","040101","MUNICIPALIDAD PROVINCIAL DE AREQUIPA","04","AREQUIPA","01","AREQUIPA","01","AREQUIPA","99","9002","ASIGNACIONES PRESUPUESTARIAS QUE NO RESULTAN EN PRODUCTOS","3","ACTIVIDAD","3999999","SIN PRODUCTO","5001074","PROMOCION DE LA PROTECCION Y DIFUSION DEL PATRIMONIO HISTORICO Y CULTURAL","21","CULTURA Y DEPORTE","045","CULTURA","0099","PATRIMONIO HISTORICO Y CULTURAL","00001","0038926","MANTENIMIENTO Y PRESERVACION DEL PATRIMONIO HISTORICO Y CULTURAL","04","AREQUIPA","5","RECURSOS DETERMINADOS","08","IMPUESTOS MUNICIPALES","0","NORMAL","5","GASTO CORRIENTE","2","3","BIENES Y SERVICIOS","2","CONTRATACION DE SERVICIOS","7","SERVICIOS PROFESIONALES Y TECNICOS","11","OTROS SERVICIOS","99","SERVICIOS DIVERSOS","123051","-123027","24","0","0","0","0","0","0","0","0","0","0","0","0","0","0","0"
"2019","M","GOBIERNOS LOCALES"," "," "," "," ","300331","040101","MUNICIPALIDAD PROVINCIAL DE AREQUIPA","04","AREQUIPA","01","AREQUIPA","01","AREQUIPA","99","9002","ASIGNACIONES PRESUPUESTARIAS QUE NO RESULTAN EN PRODUCTOS","3","ACTIVIDAD","3999999","SIN PRODUCTO","5001074","PROMOCION DE LA PROTECCION Y DIFUSION DEL PATRIMONIO HISTORICO Y CULTURAL","21","CULTURA Y DEPORTE","045","CULTURA","0099","PATRIMONIO HISTORICO Y CULTURAL","00001","0038926","MANTENIMIENTO Y PRESERVACION DEL PATRIMONIO HISTORICO Y CULTURAL","04","AREQUIPA","5","RECURSOS DETERMINADOS","08","IMPUESTOS MUNICIPALES","0","NORMAL","5","GASTO CORRIENTE","2","3","BIENES Y SERVICIOS","2","CONTRATACION DE SERVICIOS","7","SERVICIOS PROFESIONALES Y TECNICOS","11","OTROS SERVICIOS","99","SERVICIOS DIVERSOS","0","0","0","23.04","23","0","0","23","0","0","0","0","0","0","0","0","0","23"
"2019","M","GOBIERNOS LOCALES"," "," "," "," ","300331","040101","MUNICIPALIDAD PROVINCIAL DE AREQUIPA","04","AREQUIPA","01","AREQUIPA","01","AREQUIPA","105","0140","DESARROLLO Y PROMOCION DE LAS ARTES E INDUSTRIAS CULTURALES","3","ACTIVIDAD","3000767","ARTISTAS ACCEDEN A HERRAMIENTAS PARA EL DESARROLLO DE SUS PROCESOS CREATIVOS","5005776","INCENTIVOS PARA EL DESARROLLO DEL POTENCIAL ARTISTICO","21","CULTURA Y DEPORTE","045","CULTURA","0100","PROMOCION Y DESARROLLO CULTURAL","00001","0167397","INCENTIVOS PARA EL DESARROLLO DEL POTENCIAL ARTISTICO","04","AREQUIPA","2","RECURSOS DIRECTAMENTE RECAUDADOS","09","RECURSOS DIRECTAMENTE RECAUDADOS","0","NORMAL","5","GASTO CORRIENTE","2","3","BIENES Y SERVICIOS","1","COMPRA DE BIENES","1","ALIMENTOS Y BEBIDAS","1","ALIMENTOS Y BEBIDAS","1","ALIMENTOS Y BEBIDAS PARA CONSUMO HUMANO","0","3420","3420","0","0","0","0","0","0","0","0","0","0","0","0","0","0","0"
"2019","M","GOBIERNOS LOCALES"," "," "," "," ","300331","040101","MUNICIPALIDAD PROVINCIAL DE AREQUIPA","04","AREQUIPA","01","AREQUIPA","01","AREQUIPA","105","0140","DESARROLLO Y PROMOCION DE LAS ARTES E INDUSTRIAS CULTURALES","3","ACTIVIDAD","3000767","ARTISTAS ACCEDEN A HERRAMIENTAS PARA EL DESARROLLO DE SUS PROCESOS CREATIVOS","5005776","INCENTIVOS PARA EL DESARROLLO DEL POTENCIAL ARTISTICO","21","CULTURA Y DEPORTE","045","CULTURA","0100","PROMOCION Y DESARROLLO CULTURAL","00001","0167397","INCENTIVOS PARA EL DESARROLLO DEL POTENCIAL ARTISTICO","04","AREQUIPA","2","RECURSOS DIRECTAMENTE RECAUDADOS","09","RECURSOS DIRECTAMENTE RECAUDADOS","0","NORMAL","5","GASTO CORRIENTE","2","3","BIENES Y SERVICIOS","1","COMPRA DE BIENES","1","ALIMENTOS Y BEBIDAS","1","ALIMENTOS Y BEBIDAS","1","ALIMENTOS Y BEBIDAS PARA CONSUMO HUMANO","0","0","0","3420","3420","0","0","0","0","0","0","0","0","0","0","0","0","0"
"2019","M","GOBIERNOS LOCALES"," "," "," "," ","300331","040101","MUNICIPALIDAD PROVINCIAL DE AREQUIPA","04","AREQUIPA","01","AREQUIPA","01","AREQUIPA","105","0140","DESARROLLO Y PROMOCION DE LAS ARTES E INDUSTRIAS CULTURALES","3","ACTIVIDAD","3000767","ARTISTAS ACCEDEN A HERRAMIENTAS PARA EL DESARROLLO DE SUS PROCESOS CREATIVOS","5005776","INCENTIVOS PARA EL DESARROLLO DEL POTENCIAL ARTISTICO","21","CULTURA Y DEPORTE","045","CULTURA","0100","PROMOCION Y DESARROLLO CULTURAL","00001","0167397","INCENTIVOS PARA EL DESARROLLO DEL POTENCIAL ARTISTICO","04","AREQUIPA","2","RECURSOS DIRECTAMENTE RECAUDADOS","09","RECURSOS DIRECTAMENTE RECAUDADOS","0","NORMAL","5","GASTO CORRIENTE","2","3","BIENES Y SERVICIOS","1","COMPRA DE BIENES","99","COMPRA DE OTROS BIENES","1","COMPRA DE OTROS BIENES","3","LIBROS, DIARIOS, REVISTAS Y OTROS BIENES IMPRESOS NO VINCULADOS A ENSEÑANZA","0","480","480","0","0","0","0","0","0","0","0","0","0","0","0","0","0","0"
"2019","M","GOBIERNOS LOCALES"," "," "," "," ","300331","040101","MUNICIPALIDAD PROVINCIAL DE AREQUIPA","04","AREQUIPA","01","AREQUIPA","01","AREQUIPA","105","0140","DESARROLLO Y PROMOCION DE LAS ARTES E INDUSTRIAS CULTURALES","3","ACTIVIDAD","3000767","ARTISTAS ACCEDEN A HERRAMIENTAS PARA EL DESARROLLO DE SUS PROCESOS CREATIVOS","5005776","INCENTIVOS PARA EL DESARROLLO DEL POTENCIAL ARTISTICO","21","CULTURA Y DEPORTE","045","CULTURA","0100","PROMOCION Y DESARROLLO CULTURAL","00001","0167397","INCENTIVOS PARA EL DESARROLLO DEL POTENCIAL ARTISTICO","04","AREQUIPA","2","RECURSOS DIRECTAMENTE RECAUDADOS","09","RECURSOS DIRECTAMENTE RECAUDADOS","0","NORMAL","5","GASTO CORRIENTE","2","3","BIENES Y SERVICIOS","1","COMPRA DE BIENES","99","COMPRA DE OTROS BIENES","1","COMPRA DE OTROS BIENES","3","LIBROS, DIARIOS, REVISTAS Y OTROS BIENES IMPRESOS NO VINCULADOS A ENSEÑANZA","0","0","0","480","40","0","0","0","0","0","0","0","0","0","0","0","0","0"
"2019","M","GOBIERNOS LOCALES"," "," "," "," ","300331","040101","MUNICIPALIDAD PROVINCIAL DE AREQUIPA","04","AREQUIPA","01","AREQUIPA","01","AREQUIPA","105","0140","DESARROLLO Y PROMOCION DE LAS ARTES E INDUSTRIAS CULTURALES","3","ACTIVIDAD","3000767","ARTISTAS ACCEDEN A HERRAMIENTAS PARA EL DESARROLLO DE SUS PROCESOS CREATIVOS","5005776","INCENTIVOS PARA EL DESARROLLO DEL POTENCIAL ARTISTICO","21","CULTURA Y DEPORTE","045","CULTURA","0100","PROMOCION Y DESARROLLO CULTURAL","00001","0167397","INCENTIVOS PARA EL DESARROLLO DEL POTENCIAL ARTISTICO","04","AREQUIPA","2","RECURSOS DIRECTAMENTE RECAUDADOS","09","RECURSOS DIRECTAMENTE RECAUDADOS","0","NORMAL","5","GASTO CORRIENTE","2","3","BIENES Y SERVICIOS","1","COMPRA DE BIENES","99","COMPRA DE OTROS BIENES","1","COMPRA DE OTROS BIENES","4","SIMBOLOS, DISTINTIVOS Y CONDECORACIONES","0","400","400","0","0","0","0","0","0","0","0","0","0","0","0","0","0","0"
"2019","M","GOBIERNOS LOCALES"," "," "," "," ","300331","040101","MUNICIPALIDAD PROVINCIAL DE AREQUIPA","04","AREQUIPA","01","AREQUIPA","01","AREQUIPA","105","0140","DESARROLLO Y PROMOCION DE LAS ARTES E INDUSTRIAS CULTURALES","3","ACTIVIDAD","3000767","ARTISTAS ACCEDEN A HERRAMIENTAS PARA EL DESARROLLO DE SUS PROCESOS CREATIVOS","5005776","INCENTIVOS PARA EL DESARROLLO DEL POTENCIAL ARTISTICO","21","CULTURA Y DEPORTE","045","CULTURA","0100","PROMOCION Y DESARROLLO CULTURAL","00001","0167397","INCENTIVOS PARA EL DESARROLLO DEL POTENCIAL ARTISTICO","04","AREQUIPA","2","RECURSOS DIRECTAMENTE RECAUDADOS","09","RECURSOS DIRECTAMENTE RECAUDADOS","0","NORMAL","5","GASTO CORRIENTE","2","3","BIENES Y SERVICIOS","1","COMPRA DE BIENES","99","COMPRA DE OTROS BIENES","1","COMPRA DE OTROS BIENES","4","SIMBOLOS, DISTINTIVOS Y CONDECORACIONES","0","0","0","400","0","0","0","0","0","0","0","0","0","0","0","0","0","0"
"2019","M","GOBIERNOS LOCALES"," "," "," "," ","300331","040101","MUNICIPALIDAD PROVINCIAL DE AREQUIPA","04","AREQUIPA","01","AREQUIPA","01","AREQUIPA","105","0140","DESARROLLO Y PROMOCION DE LAS ARTES E INDUSTRIAS CULTURALES","3","ACTIVIDAD","3000767","ARTISTAS ACCEDEN A HERRAMIENTAS PARA EL DESARROLLO DE SUS PROCESOS CREATIVOS","5005776","INCENTIVOS PARA EL DESARROLLO DEL POTENCIAL ARTISTICO","21","CULTURA Y DEPORTE","045","CULTURA","0100","PROMOCION Y DESARROLLO CULTURAL","00001","0167397","INCENTIVOS PARA EL DESARROLLO DEL POTENCIAL ARTISTICO","04","AREQUIPA","2","RECURSOS DIRECTAMENTE RECAUDADOS","09","RECURSOS DIRECTAMENTE RECAUDADOS","0","NORMAL","5","GASTO CORRIENTE","2","3","BIENES Y SERVICIOS","1","COMPRA DE BIENES","99","COMPRA DE OTROS BIENES","1","COMPRA DE OTROS BIENES","99","OTROS BIENES","0","1300","1300","0","0","0","0","0","0","0","0","0","0","0","0","0","0","0"
"2019","M","GOBIERNOS LOCALES"," "," "," "," ","300331","040101","MUNICIPALIDAD PROVINCIAL DE AREQUIPA","04","AREQUIPA","01","AREQUIPA","01","AREQUIPA","105","0140","DESARROLLO Y PROMOCION DE LAS ARTES E INDUSTRIAS CULTURALES","3","ACTIVIDAD","3000767","ARTISTAS ACCEDEN A HERRAMIENTAS PARA EL DESARROLLO DE SUS PROCESOS CREATIVOS","5005776","INCENTIVOS PARA EL DESARROLLO DEL POTENCIAL ARTISTICO","21","CULTURA Y DEPORTE","045","CULTURA","0100","PROMOCION Y DESARROLLO CULTURAL","00001","0167397","INCENTIVOS PARA EL DESARROLLO DEL POTENCIAL ARTISTICO","04","AREQUIPA","2","RECURSOS DIRECTAMENTE RECAUDADOS","09","RECURSOS DIRECTAMENTE RECAUDADOS","0","NORMAL","5","GASTO CORRIENTE","2","3","BIENES Y SERVICIOS","1","COMPRA DE BIENES","99","COMPRA DE OTROS BIENES","1","COMPRA DE OTROS BIENES","99","OTROS BIENES","0","0","0","1300","0","0","0","0","0","0","0","0","0","0","0","0","0","0"
"2019","M","GOBIERNOS LOCALES"," "," "," "," ","300331","040101","MUNICIPALIDAD PROVINCIAL DE AREQUIPA","04","AREQUIPA","01","AREQUIPA","01","AREQUIPA","105","0140","DESARROLLO Y PROMOCION DE LAS ARTES E INDUSTRIAS CULTURALES","3","ACTIVIDAD","3000767","ARTISTAS ACCEDEN A HERRAMIENTAS PARA EL DESARROLLO DE SUS PROCESOS CREATIVOS","5005776","INCENTIVOS PARA EL DESARROLLO DEL POTENCIAL ARTISTICO","21","CULTURA Y DEPORTE","045","CULTURA","0100","PROMOCION Y DESARROLLO CULTURAL","00001","0167397","INCENTIVOS PARA EL DESARROLLO DEL POTENCIAL ARTISTICO","04","AREQUIPA","2","RECURSOS DIRECTAMENTE RECAUDADOS","09","RECURSOS DIRECTAMENTE RECAUDADOS","0","NORMAL","5","GASTO CORRIENTE","2","3","BIENES Y SERVICIOS","2","CONTRATACION DE SERVICIOS","5","ALQUILERES DE MUEBLES E INMUEBLES","1","ALQUILERES DE MUEBLES E INMUEBLES","4","DE MAQUINARIAS Y EQUIPOS","0","1200","1200","0","0","0","0","0","0","0","0","0","0","0","0","0","0","0"
"2019","M","GOBIERNOS LOCALES"," "," "," "," ","300331","040101","MUNICIPALIDAD PROVINCIAL DE AREQUIPA","04","AREQUIPA","01","AREQUIPA","01","AREQUIPA","105","0140","DESARROLLO Y PROMOCION DE LAS ARTES E INDUSTRIAS CULTURALES","3","ACTIVIDAD","3000767","ARTISTAS ACCEDEN A HERRAMIENTAS PARA EL DESARROLLO DE SUS PROCESOS CREATIVOS","5005776","INCENTIVOS PARA EL DESARROLLO DEL POTENCIAL ARTISTICO","21","CULTURA Y DEPORTE","045","CULTURA","0100","PROMOCION Y DESARROLLO CULTURAL","00001","0167397","INCENTIVOS PARA EL DESARROLLO DEL POTENCIAL ARTISTICO","04","AREQUIPA","2","RECURSOS DIRECTAMENTE RECAUDADOS","09","RECURSOS DIRECTAMENTE RECAUDADOS","0","NORMAL","5","GASTO CORRIENTE","2","3","BIENES Y SERVICIOS","2","CONTRATACION DE SERVICIOS","5","ALQUILERES DE MUEBLES E INMUEBLES","1","ALQUILERES DE MUEBLES E INMUEBLES","4","DE MAQUINARIAS Y EQUIPOS","0","0","0","1200","1000","0","0","0","0","0","0","0","0","0","0","0","0","0"
"2019","M","GOBIERNOS LOCALES"," "," "," "," ","300331","040101","MUNICIPALIDAD PROVINCIAL DE AREQUIPA","04","AREQUIPA","01","AREQUIPA","01","AREQUIPA","105","0140","DESARROLLO Y PROMOCION DE LAS ARTES E INDUSTRIAS CULTURALES","3","ACTIVIDAD","3000767","ARTISTAS ACCEDEN A HERRAMIENTAS PARA EL DESARROLLO DE SUS PROCESOS CREATIVOS","5005776","INCENTIVOS PARA EL DESARROLLO DEL POTENCIAL ARTISTICO","21","CULTURA Y DEPORTE","045","CULTURA","0100","PROMOCION Y DESARROLLO CULTURAL","00001","0167397","INCENTIVOS PARA EL DESARROLLO DEL POTENCIAL ARTISTICO","04","AREQUIPA","2","RECURSOS DIRECTAMENTE RECAUDADOS","09","RECURSOS DIRECTAMENTE RECAUDADOS","0","NORMAL","5","GASTO CORRIENTE","2","3","BIENES Y SERVICIOS","2","CONTRATACION DE SERVICIOS","7","SERVICIOS PROFESIONALES Y TECNICOS","11","OTROS SERVICIOS","99","SERVICIOS DIVERSOS","0","8200","8200","0","0","0","0","0","0","0","0","0","0","0","0","0","0","0"
"2019","M","GOBIERNOS LOCALES"," "," "," "," ","300331","040101","MUNICIPALIDAD PROVINCIAL DE AREQUIPA","04","AREQUIPA","01","AREQUIPA","01","AREQUIPA","105","0140","DESARROLLO Y PROMOCION DE LAS ARTES E INDUSTRIAS CULTURALES","3","ACTIVIDAD","3000767","ARTISTAS ACCEDEN A HERRAMIENTAS PARA EL DESARROLLO DE SUS PROCESOS CREATIVOS","5005776","INCENTIVOS PARA EL DESARROLLO DEL POTENCIAL ARTISTICO","21","CULTURA Y DEPORTE","045","CULTURA","0100","PROMOCION Y DESARROLLO CULTURAL","00001","0167397","INCENTIVOS PARA EL DESARROLLO DEL POTENCIAL ARTISTICO","04","AREQUIPA","2","RECURSOS DIRECTAMENTE RECAUDADOS","09","RECURSOS DIRECTAMENTE RECAUDADOS","0","NORMAL","5","GASTO CORRIENTE","2","3","BIENES Y SERVICIOS","2","CONTRATACION DE SERVICIOS","7","SERVICIOS PROFESIONALES Y TECNICOS","11","OTROS SERVICIOS","99","SERVICIOS DIVERSOS","0","0","0","8200","7500","0","0","0","0","0","0","0","0","0","0","0","0","0"
"2019","M","GOBIERNOS LOCALES"," "," "," "," ","300331","040101","MUNICIPALIDAD PROVINCIAL DE AREQUIPA","04","AREQUIPA","01","AREQUIPA","01","AREQUIPA","105","0140","DESARROLLO Y PROMOCION DE LAS ARTES E INDUSTRIAS CULTURALES","3","ACTIVIDAD","3000767","ARTISTAS ACCEDEN A HERRAMIENTAS PARA EL DESARROLLO DE SUS PROCESOS CREATIVOS","5005776","INCENTIVOS PARA EL DESARROLLO DEL POTENCIAL ARTISTICO","21","CULTURA Y DEPORTE","045","CULTURA","0100","PROMOCION Y DESARROLLO CULTURAL","00001","0167397","INCENTIVOS PARA EL DESARROLLO DEL POTENCIAL ARTISTICO","04","AREQUIPA","2","RECURSOS DIRECTAMENTE RECAUDADOS","09","RECURSOS DIRECTAMENTE RECAUDADOS","1","UNIVERSIDADES / GOB. LOCALES","5","GASTO CORRIENTE","2","3","BIENES Y SERVICIOS","1","COMPRA DE BIENES","1","ALIMENTOS Y BEBIDAS","1","ALIMENTOS Y BEBIDAS","1","ALIMENTOS Y BEBIDAS PARA CONSUMO HUMANO","0","0","0","0","0","0","0","0","0","160","160","0","0","0","480","480","2140","3420"
"2019","M","GOBIERNOS LOCALES"," "," "," "," ","300331","040101","MUNICIPALIDAD PROVINCIAL DE AREQUIPA","04","AREQUIPA","01","AREQUIPA","01","AREQUIPA","105","0140","DESARROLLO Y PROMOCION DE LAS ARTES E INDUSTRIAS CULTURALES","3","ACTIVIDAD","3000767","ARTISTAS ACCEDEN A HERRAMIENTAS PARA EL DESARROLLO DE SUS PROCESOS CREATIVOS","5005776","INCENTIVOS PARA EL DESARROLLO DEL POTENCIAL ARTISTICO","21","CULTURA Y DEPORTE","045","CULTURA","0100","PROMOCION Y DESARROLLO CULTURAL","00001","0167397","INCENTIVOS PARA EL DESARROLLO DEL POTENCIAL ARTISTICO","04","AREQUIPA","2","RECURSOS DIRECTAMENTE RECAUDADOS","09","RECURSOS DIRECTAMENTE RECAUDADOS","1","UNIVERSIDADES / GOB. LOCALES","5","GASTO CORRIENTE","2","3","BIENES Y SERVICIOS","1","COMPRA DE BIENES","99","COMPRA DE OTROS BIENES","1","COMPRA DE OTROS BIENES","3","LIBROS, DIARIOS, REVISTAS Y OTROS BIENES IMPRESOS NO VINCULADOS A ENSEÑANZA","0","0","0","0","0","0","0","0","0","0","0","0","0","0","0","0","40","40"
"2019","M","GOBIERNOS LOCALES"," "," "," "," ","300331","040101","MUNICIPALIDAD PROVINCIAL DE AREQUIPA","04","AREQUIPA","01","AREQUIPA","01","AREQUIPA","105","0140","DESARROLLO Y PROMOCION DE LAS ARTES E INDUSTRIAS CULTURALES","3","ACTIVIDAD","3000767","ARTISTAS ACCEDEN A HERRAMIENTAS PARA EL DESARROLLO DE SUS PROCESOS CREATIVOS","5005776","INCENTIVOS PARA EL DESARROLLO DEL POTENCIAL ARTISTICO","21","CULTURA Y DEPORTE","045","CULTURA","0100","PROMOCION Y DESARROLLO CULTURAL","00001","0167397","INCENTIVOS PARA EL DESARROLLO DEL POTENCIAL ARTISTICO","04","AREQUIPA","2","RECURSOS DIRECTAMENTE RECAUDADOS","09","RECURSOS DIRECTAMENTE RECAUDADOS","1","UNIVERSIDADES / GOB. LOCALES","5","GASTO CORRIENTE","2","3","BIENES Y SERVICIOS","2","CONTRATACION DE SERVICIOS","5","ALQUILERES DE MUEBLES E INMUEBLES","1","ALQUILERES DE MUEBLES E INMUEBLES","4","DE MAQUINARIAS Y EQUIPOS","0","0","0","0","0","0","0","0","0","1000","0","0","0","0","0","0","0","1000"
"2019","M","GOBIERNOS LOCALES"," "," "," "," ","300331","040101","MUNICIPALIDAD PROVINCIAL DE AREQUIPA","04","AREQUIPA","01","AREQUIPA","01","AREQUIPA","105","0140","DESARROLLO Y PROMOCION DE LAS ARTES E INDUSTRIAS CULTURALES","3","ACTIVIDAD","3000767","ARTISTAS ACCEDEN A HERRAMIENTAS PARA EL DESARROLLO DE SUS PROCESOS CREATIVOS","5005776","INCENTIVOS PARA EL DESARROLLO DEL POTENCIAL ARTISTICO","21","CULTURA Y DEPORTE","045","CULTURA","0100","PROMOCION Y DESARROLLO CULTURAL","00001","0167397","INCENTIVOS PARA EL DESARROLLO DEL POTENCIAL ARTISTICO","04","AREQUIPA","2","RECURSOS DIRECTAMENTE RECAUDADOS","09","RECURSOS DIRECTAMENTE RECAUDADOS","1","UNIVERSIDADES / GOB. LOCALES","5","GASTO CORRIENTE","2","3","BIENES Y SERVICIOS","2","CONTRATACION DE SERVICIOS","7","SERVICIOS PROFESIONALES Y TECNICOS","11","OTROS SERVICIOS","99","SERVICIOS DIVERSOS","0","0","0","0","0","0","0","0","600","2000","300","2700","700","650","300","250","0","7500"
"2019","M","GOBIERNOS LOCALES"," "," "," "," ","300331","040101","MUNICIPALIDAD PROVINCIAL DE AREQUIPA","04","AREQUIPA","01","AREQUIPA","01","AREQUIPA","105","0140","DESARROLLO Y PROMOCION DE LAS ARTES E INDUSTRIAS CULTURALES","3","ACTIVIDAD","3000767","ARTISTAS ACCEDEN A HERRAMIENTAS PARA EL DESARROLLO DE SUS PROCESOS CREATIVOS","5005776","INCENTIVOS PARA EL DESARROLLO DEL POTENCIAL ARTISTICO","21","CULTURA Y DEPORTE","045","CULTURA","0100","PROMOCION Y DESARROLLO CULTURAL","00001","0167397","INCENTIVOS PARA EL DESARROLLO DEL POTENCIAL ARTISTICO","04","AREQUIPA","5","RECURSOS DETERMINADOS","07","FONDO DE COMPENSACION MUNICIPAL","0","NORMAL","5","GASTO CORRIENTE","2","3","BIENES Y SERVICIOS","1","COMPRA DE BIENES","99","COMPRA DE OTROS BIENES","1","COMPRA DE OTROS BIENES","99","OTROS BIENES","0","2000","2000","0","0","0","0","0","0","0","0","0","0","0","0","0","0","0"
"2019","M","GOBIERNOS LOCALES"," "," "," "," ","300331","040101","MUNICIPALIDAD PROVINCIAL DE AREQUIPA","04","AREQUIPA","01","AREQUIPA","01","AREQUIPA","105","0140","DESARROLLO Y PROMOCION DE LAS ARTES E INDUSTRIAS CULTURALES","3","ACTIVIDAD","3000767","ARTISTAS ACCEDEN A HERRAMIENTAS PARA EL DESARROLLO DE SUS PROCESOS CREATIVOS","5005776","INCENTIVOS PARA EL DESARROLLO DEL POTENCIAL ARTISTICO","21","CULTURA Y DEPORTE","045","CULTURA","0100","PROMOCION Y DESARROLLO CULTURAL","00001","0167397","INCENTIVOS PARA EL DESARROLLO DEL POTENCIAL ARTISTICO","04","AREQUIPA","5","RECURSOS DETERMINADOS","07","FONDO DE COMPENSACION MUNICIPAL","0","NORMAL","5","GASTO CORRIENTE","2","3","BIENES Y SERVICIOS","1","COMPRA DE BIENES","99","COMPRA DE OTROS BIENES","1","COMPRA DE OTROS BIENES","99","OTROS BIENES","0","0","0","2000","2000","0","0","0","0","0","0","0","0","0","0","0","0","0"
"2019","M","GOBIERNOS LOCALES"," "," "," "," ","300331","040101","MUNICIPALIDAD PROVINCIAL DE AREQUIPA","04","AREQUIPA","01","AREQUIPA","01","AREQUIPA","105","0140","DESARROLLO Y PROMOCION DE LAS ARTES E INDUSTRIAS CULTURALES","3","ACTIVIDAD","3000767","ARTISTAS ACCEDEN A HERRAMIENTAS PARA EL DESARROLLO DE SUS PROCESOS CREATIVOS","5005776","INCENTIVOS PARA EL DESARROLLO DEL POTENCIAL ARTISTICO","21","CULTURA Y DEPORTE","045","CULTURA","0100","PROMOCION Y DESARROLLO CULTURAL","00001","0167397","INCENTIVOS PARA EL DESARROLLO DEL POTENCIAL ARTISTICO","04","AREQUIPA","5","RECURSOS DETERMINADOS","07","FONDO DE COMPENSACION MUNICIPAL","A","SUB CUENTA - FONCOMUN","5","GASTO CORRIENTE","2","3","BIENES Y SERVICIOS","1","COMPRA DE BIENES","99","COMPRA DE OTROS BIENES","1","COMPRA DE OTROS BIENES","99","OTROS BIENES","0","0","0","0","0","0","0","0","0","0","0","0","0","0","0","0","2000","2000"
"2019","M","GOBIERNOS LOCALES"," "," "," "," ","300331","040101","MUNICIPALIDAD PROVINCIAL DE AREQUIPA","04","AREQUIPA","01","AREQUIPA","01","AREQUIPA","105","0140","DESARROLLO Y PROMOCION DE LAS ARTES E INDUSTRIAS CULTURALES","3","ACTIVIDAD","3000767","ARTISTAS ACCEDEN A HERRAMIENTAS PARA EL DESARROLLO DE SUS PROCESOS CREATIVOS","5005776","INCENTIVOS PARA EL DESARROLLO DEL POTENCIAL ARTISTICO","21","CULTURA Y DEPORTE","045","CULTURA","0100","PROMOCION Y DESARROLLO CULTURAL","00001","0167397","INCENTIVOS PARA EL DESARROLLO DEL POTENCIAL ARTISTICO","04","AREQUIPA","5","RECURSOS DETERMINADOS","08","IMPUESTOS MUNICIPALES","0","NORMAL","5","GASTO CORRIENTE","2","3","BIENES Y SERVICIOS","1","COMPRA DE BIENES","99","COMPRA DE OTROS BIENES","1","COMPRA DE OTROS BIENES","99","OTROS BIENES","0","3300","3300","0","0","0","0","0","0","0","0","0","0","0","0","0","0","0"
"2019","M","GOBIERNOS LOCALES"," "," "," "," ","300331","040101","MUNICIPALIDAD PROVINCIAL DE AREQUIPA","04","AREQUIPA","01","AREQUIPA","01","AREQUIPA","105","0140","DESARROLLO Y PROMOCION DE LAS ARTES E INDUSTRIAS CULTURALES","3","ACTIVIDAD","3000767","ARTISTAS ACCEDEN A HERRAMIENTAS PARA EL DESARROLLO DE SUS PROCESOS CREATIVOS","5005776","INCENTIVOS PARA EL DESARROLLO DEL POTENCIAL ARTISTICO","21","CULTURA Y DEPORTE","045","CULTURA","0100","PROMOCION Y DESARROLLO CULTURAL","00001","0167397","INCENTIVOS PARA EL DESARROLLO DEL POTENCIAL ARTISTICO","04","AREQUIPA","5","RECURSOS DETERMINADOS","08","IMPUESTOS MUNICIPALES","0","NORMAL","5","GASTO CORRIENTE","2","3","BIENES Y SERVICIOS","1","COMPRA DE BIENES","99","COMPRA DE OTROS BIENES","1","COMPRA DE OTROS BIENES","99","OTROS BIENES","0","0","0","1300","1300","0","0","0","0","1300","0","0","0","0","0","0","0","1300"
"2019","M","GOBIERNOS LOCALES"," "," "," "," ","300331","040101","MUNICIPALIDAD PROVINCIAL DE AREQUIPA","04","AREQUIPA","01","AREQUIPA","01","AREQUIPA","106","0140","DESARROLLO Y PROMOCION DE LAS ARTES E INDUSTRIAS CULTURALES","3","ACTIVIDAD","3000773","POBLACION SE BENEFICIA DE UNA OFERTA CULTURAL DIVERSA Y RECONOCIDA A NIVEL NACIONAL E INTERNACIONAL","5005769","IMPLEMENTACION DE ACCIONES PARA LA VALORACION Y EL RECONOCIMIENTO A LA ACTIVIDAD ARTISTICA Y CULTURAL","21","CULTURA Y DEPORTE","045","CULTURA","0100","PROMOCION Y DESARROLLO CULTURAL","00001","0167390","IMPLEMENTACION DE ACCIONES PARA LA VALORACION Y EL RECONOCIMIENTO A LA ACTIVIDAD ARTISTICA Y CULTURAL","04","AREQUIPA","2","RECURSOS DIRECTAMENTE RECAUDADOS","09","RECURSOS DIRECTAMENTE RECAUDADOS","0","NORMAL","5","GASTO CORRIENTE","2","3","BIENES Y SERVICIOS","1","COMPRA DE BIENES","1","ALIMENTOS Y BEBIDAS","1","ALIMENTOS Y BEBIDAS","1","ALIMENTOS Y BEBIDAS PARA CONSUMO HUMANO","0","2300","2300","0","0","0","0","0","0","0","0","0","0","0","0","0","0","0"
"2019","M","GOBIERNOS LOCALES"," "," "," "," ","300331","040101","MUNICIPALIDAD PROVINCIAL DE AREQUIPA","04","AREQUIPA","01","AREQUIPA","01","AREQUIPA","106","0140","DESARROLLO Y PROMOCION DE LAS ARTES E INDUSTRIAS CULTURALES","3","ACTIVIDAD","3000773","POBLACION SE BENEFICIA DE UNA OFERTA CULTURAL DIVERSA Y RECONOCIDA A NIVEL NACIONAL E INTERNACIONAL","5005769","IMPLEMENTACION DE ACCIONES PARA LA VALORACION Y EL RECONOCIMIENTO A LA ACTIVIDAD ARTISTICA Y CULTURAL","21","CULTURA Y DEPORTE","045","CULTURA","0100","PROMOCION Y DESARROLLO CULTURAL","00001","0167390","IMPLEMENTACION DE ACCIONES PARA LA VALORACION Y EL RECONOCIMIENTO A LA ACTIVIDAD ARTISTICA Y CULTURAL","04","AREQUIPA","2","RECURSOS DIRECTAMENTE RECAUDADOS","09","RECURSOS DIRECTAMENTE RECAUDADOS","0","NORMAL","5","GASTO CORRIENTE","2","3","BIENES Y SERVICIOS","1","COMPRA DE BIENES","1","ALIMENTOS Y BEBIDAS","1","ALIMENTOS Y BEBIDAS","1","ALIMENTOS Y BEBIDAS PARA CONSUMO HUMANO","0","0","0","2300","1979.50","0","0","0","0","0","0","0","0","0","0","0","0","0"
"2019","M","GOBIERNOS LOCALES"," "," "," "," ","300331","040101","MUNICIPALIDAD PROVINCIAL DE AREQUIPA","04","AREQUIPA","01","AREQUIPA","01","AREQUIPA","106","0140","DESARROLLO Y PROMOCION DE LAS ARTES E INDUSTRIAS CULTURALES","3","ACTIVIDAD","3000773","POBLACION SE BENEFICIA DE UNA OFERTA CULTURAL DIVERSA Y RECONOCIDA A NIVEL NACIONAL E INTERNACIONAL","5005769","IMPLEMENTACION DE ACCIONES PARA LA VALORACION Y EL RECONOCIMIENTO A LA ACTIVIDAD ARTISTICA Y CULTURAL","21","CULTURA Y DEPORTE","045","CULTURA","0100","PROMOCION Y DESARROLLO CULTURAL","00001","0167390","IMPLEMENTACION DE ACCIONES PARA LA VALORACION Y EL RECONOCIMIENTO A LA ACTIVIDAD ARTISTICA Y CULTURAL","04","AREQUIPA","2","RECURSOS DIRECTAMENTE RECAUDADOS","09","RECURSOS DIRECTAMENTE RECAUDADOS","0","NORMAL","5","GASTO CORRIENTE","2","3","BIENES Y SERVICIOS","1","COMPRA DE BIENES","2","VESTUARIOS Y TEXTILES","1","VESTUARIO, ZAPATERIA Y ACCESORIOS, TALABARTERIA Y MATERIALES TEXTILES","2","TEXTILES Y ACABADOS TEXTILES","0","500","500","0","0","0","0","0","0","0","0","0","0","0","0","0","0","0"
"2019","M","GOBIERNOS LOCALES"," "," "," "," ","300331","040101","MUNICIPALIDAD PROVINCIAL DE AREQUIPA","04","AREQUIPA","01","AREQUIPA","01","AREQUIPA","106","0140","DESARROLLO Y PROMOCION DE LAS ARTES E INDUSTRIAS CULTURALES","3","ACTIVIDAD","3000773","POBLACION SE BENEFICIA DE UNA OFERTA CULTURAL DIVERSA Y RECONOCIDA A NIVEL NACIONAL E INTERNACIONAL","5005769","IMPLEMENTACION DE ACCIONES PARA LA VALORACION Y EL RECONOCIMIENTO A LA ACTIVIDAD ARTISTICA Y CULTURAL","21","CULTURA Y DEPORTE","045","CULTURA","0100","PROMOCION Y DESARROLLO CULTURAL","00001","0167390","IMPLEMENTACION DE ACCIONES PARA LA VALORACION Y EL RECONOCIMIENTO A LA ACTIVIDAD ARTISTICA Y CULTURAL","04","AREQUIPA","2","RECURSOS DIRECTAMENTE RECAUDADOS","09","RECURSOS DIRECTAMENTE RECAUDADOS","0","NORMAL","5","GASTO CORRIENTE","2","3","BIENES Y SERVICIOS","1","COMPRA DE BIENES","2","VESTUARIOS Y TEXTILES","1","VESTUARIO, ZAPATERIA Y ACCESORIOS, TALABARTERIA Y MATERIALES TEXTILES","2","TEXTILES Y ACABADOS TEXTILES","0","0","0","500","500","0","0","0","0","0","0","0","0","0","0","0","0","0"
"2019","M","GOBIERNOS LOCALES"," "," "," "," ","300331","040101","MUNICIPALIDAD PROVINCIAL DE AREQUIPA","04","AREQUIPA","01","AREQUIPA","01","AREQUIPA","106","0140","DESARROLLO Y PROMOCION DE LAS ARTES E INDUSTRIAS CULTURALES","3","ACTIVIDAD","3000773","POBLACION SE BENEFICIA DE UNA OFERTA CULTURAL DIVERSA Y RECONOCIDA A NIVEL NACIONAL E INTERNACIONAL","5005769","IMPLEMENTACION DE ACCIONES PARA LA VALORACION Y EL RECONOCIMIENTO A LA ACTIVIDAD ARTISTICA Y CULTURAL","21","CULTURA Y DEPORTE","045","CULTURA","0100","PROMOCION Y DESARROLLO CULTURAL","00001","0167390","IMPLEMENTACION DE ACCIONES PARA LA VALORACION Y EL RECONOCIMIENTO A LA ACTIVIDAD ARTISTICA Y CULTURAL","04","AREQUIPA","2","RECURSOS DIRECTAMENTE RECAUDADOS","09","RECURSOS DIRECTAMENTE RECAUDADOS","0","NORMAL","5","GASTO CORRIENTE","2","3","BIENES Y SERVICIOS","1","COMPRA DE BIENES","5","MATERIALES Y  UTILES","1","DE OFICINA","2","PAPELERIA EN GENERAL, UTILES Y MATERIALES DE OFICINA","0","802","802","0","0","0","0","0","0","0","0","0","0","0","0","0","0","0"
"2019","M","GOBIERNOS LOCALES"," "," "," "," ","300331","040101","MUNICIPALIDAD PROVINCIAL DE AREQUIPA","04","AREQUIPA","01","AREQUIPA","01","AREQUIPA","106","0140","DESARROLLO Y PROMOCION DE LAS ARTES E INDUSTRIAS CULTURALES","3","ACTIVIDAD","3000773","POBLACION SE BENEFICIA DE UNA OFERTA CULTURAL DIVERSA Y RECONOCIDA A NIVEL NACIONAL E INTERNACIONAL","5005769","IMPLEMENTACION DE ACCIONES PARA LA VALORACION Y EL RECONOCIMIENTO A LA ACTIVIDAD ARTISTICA Y CULTURAL","21","CULTURA Y DEPORTE","045","CULTURA","0100","PROMOCION Y DESARROLLO CULTURAL","00001","0167390","IMPLEMENTACION DE ACCIONES PARA LA VALORACION Y EL RECONOCIMIENTO A LA ACTIVIDAD ARTISTICA Y CULTURAL","04","AREQUIPA","2","RECURSOS DIRECTAMENTE RECAUDADOS","09","RECURSOS DIRECTAMENTE RECAUDADOS","0","NORMAL","5","GASTO CORRIENTE","2","3","BIENES Y SERVICIOS","1","COMPRA DE BIENES","5","MATERIALES Y  UTILES","1","DE OFICINA","2","PAPELERIA EN GENERAL, UTILES Y MATERIALES DE OFICINA","0","0","0","802","787.89","0","0","0","0","0","0","0","0","0","0","0","0","0"
"2019","M","GOBIERNOS LOCALES"," "," "," "," ","300331","040101","MUNICIPALIDAD PROVINCIAL DE AREQUIPA","04","AREQUIPA","01","AREQUIPA","01","AREQUIPA","106","0140","DESARROLLO Y PROMOCION DE LAS ARTES E INDUSTRIAS CULTURALES","3","ACTIVIDAD","3000773","POBLACION SE BENEFICIA DE UNA OFERTA CULTURAL DIVERSA Y RECONOCIDA A NIVEL NACIONAL E INTERNACIONAL","5005769","IMPLEMENTACION DE ACCIONES PARA LA VALORACION Y EL RECONOCIMIENTO A LA ACTIVIDAD ARTISTICA Y CULTURAL","21","CULTURA Y DEPORTE","045","CULTURA","0100","PROMOCION Y DESARROLLO CULTURAL","00001","0167390","IMPLEMENTACION DE ACCIONES PARA LA VALORACION Y EL RECONOCIMIENTO A LA ACTIVIDAD ARTISTICA Y CULTURAL","04","AREQUIPA","2","RECURSOS DIRECTAMENTE RECAUDADOS","09","RECURSOS DIRECTAMENTE RECAUDADOS","0","NORMAL","5","GASTO CORRIENTE","2","3","BIENES Y SERVICIOS","1","COMPRA DE BIENES","8","SUMINISTROS MEDICOS","2","MATERIAL,INSUMOS,INSTRUMENTAL Y ACCESORIOS MEDICOS,QUIRURGICOS, ODONTOLOGICOS Y DE LABORATORIO","1","MATERIAL, INSUMOS, INSTRUMENTAL Y ACCESORIOS  MEDICOS, QUIRURGICOS, ODONTOLOGICOS Y DE LABORATORIO","0","4","4","0","0","0","0","0","0","0","0","0","0","0","0","0","0","0"
"2019","M","GOBIERNOS LOCALES"," "," "," "," ","300331","040101","MUNICIPALIDAD PROVINCIAL DE AREQUIPA","04","AREQUIPA","01","AREQUIPA","01","AREQUIPA","106","0140","DESARROLLO Y PROMOCION DE LAS ARTES E INDUSTRIAS CULTURALES","3","ACTIVIDAD","3000773","POBLACION SE BENEFICIA DE UNA OFERTA CULTURAL DIVERSA Y RECONOCIDA A NIVEL NACIONAL E INTERNACIONAL","5005769","IMPLEMENTACION DE ACCIONES PARA LA VALORACION Y EL RECONOCIMIENTO A LA ACTIVIDAD ARTISTICA Y CULTURAL","21","CULTURA Y DEPORTE","045","CULTURA","0100","PROMOCION Y DESARROLLO CULTURAL","00001","0167390","IMPLEMENTACION DE ACCIONES PARA LA VALORACION Y EL RECONOCIMIENTO A LA ACTIVIDAD ARTISTICA Y CULTURAL","04","AREQUIPA","2","RECURSOS DIRECTAMENTE RECAUDADOS","09","RECURSOS DIRECTAMENTE RECAUDADOS","0","NORMAL","5","GASTO CORRIENTE","2","3","BIENES Y SERVICIOS","1","COMPRA DE BIENES","8","SUMINISTROS MEDICOS","2","MATERIAL,INSUMOS,INSTRUMENTAL Y ACCESORIOS MEDICOS,QUIRURGICOS, ODONTOLOGICOS Y DE LABORATORIO","1","MATERIAL, INSUMOS, INSTRUMENTAL Y ACCESORIOS  MEDICOS, QUIRURGICOS, ODONTOLOGICOS Y DE LABORATORIO","0","0","0","4","3.50","0","0","0","0","0","0","0","0","0","0","0","0","0"
"2019","M","GOBIERNOS LOCALES"," "," "," "," ","300331","040101","MUNICIPALIDAD PROVINCIAL DE AREQUIPA","04","AREQUIPA","01","AREQUIPA","01","AREQUIPA","106","0140","DESARROLLO Y PROMOCION DE LAS ARTES E INDUSTRIAS CULTURALES","3","ACTIVIDAD","3000773","POBLACION SE BENEFICIA DE UNA OFERTA CULTURAL DIVERSA Y RECONOCIDA A NIVEL NACIONAL E INTERNACIONAL","5005769","IMPLEMENTACION DE ACCIONES PARA LA VALORACION Y EL RECONOCIMIENTO A LA ACTIVIDAD ARTISTICA Y CULTURAL","21","CULTURA Y DEPORTE","045","CULTURA","0100","PROMOCION Y DESARROLLO CULTURAL","00001","0167390","IMPLEMENTACION DE ACCIONES PARA LA VALORACION Y EL RECONOCIMIENTO A LA ACTIVIDAD ARTISTICA Y CULTURAL","04","AREQUIPA","2","RECURSOS DIRECTAMENTE RECAUDADOS","09","RECURSOS DIRECTAMENTE RECAUDADOS","0","NORMAL","5","GASTO CORRIENTE","2","3","BIENES Y SERVICIOS","1","COMPRA DE BIENES","99","COMPRA DE OTROS BIENES","1","COMPRA DE OTROS BIENES","3","LIBROS, DIARIOS, REVISTAS Y OTROS BIENES IMPRESOS NO VINCULADOS A ENSEÑANZA","0","2565","2565","0","0","0","0","0","0","0","0","0","0","0","0","0","0","0"
"2019","M","GOBIERNOS LOCALES"," "," "," "," ","300331","040101","MUNICIPALIDAD PROVINCIAL DE AREQUIPA","04","AREQUIPA","01","AREQUIPA","01","AREQUIPA","106","0140","DESARROLLO Y PROMOCION DE LAS ARTES E INDUSTRIAS CULTURALES","3","ACTIVIDAD","3000773","POBLACION SE BENEFICIA DE UNA OFERTA CULTURAL DIVERSA Y RECONOCIDA A NIVEL NACIONAL E INTERNACIONAL","5005769","IMPLEMENTACION DE ACCIONES PARA LA VALORACION Y EL RECONOCIMIENTO A LA ACTIVIDAD ARTISTICA Y CULTURAL","21","CULTURA Y DEPORTE","045","CULTURA","0100","PROMOCION Y DESARROLLO CULTURAL","00001","0167390","IMPLEMENTACION DE ACCIONES PARA LA VALORACION Y EL RECONOCIMIENTO A LA ACTIVIDAD ARTISTICA Y CULTURAL","04","AREQUIPA","2","RECURSOS DIRECTAMENTE RECAUDADOS","09","RECURSOS DIRECTAMENTE RECAUDADOS","0","NORMAL","5","GASTO CORRIENTE","2","3","BIENES Y SERVICIOS","1","COMPRA DE BIENES","99","COMPRA DE OTROS BIENES","1","COMPRA DE OTROS BIENES","3","LIBROS, DIARIOS, REVISTAS Y OTROS BIENES IMPRESOS NO VINCULADOS A ENSEÑANZA","0","0","0","2200","1665","0","0","0","0","0","0","0","0","0","0","0","0","0"
"2019","M","GOBIERNOS LOCALES"," "," "," "," ","300331","040101","MUNICIPALIDAD PROVINCIAL DE AREQUIPA","04","AREQUIPA","01","AREQUIPA","01","AREQUIPA","106","0140","DESARROLLO Y PROMOCION DE LAS ARTES E INDUSTRIAS CULTURALES","3","ACTIVIDAD","3000773","POBLACION SE BENEFICIA DE UNA OFERTA CULTURAL DIVERSA Y RECONOCIDA A NIVEL NACIONAL E INTERNACIONAL","5005769","IMPLEMENTACION DE ACCIONES PARA LA VALORACION Y EL RECONOCIMIENTO A LA ACTIVIDAD ARTISTICA Y CULTURAL","21","CULTURA Y DEPORTE","045","CULTURA","0100","PROMOCION Y DESARROLLO CULTURAL","00001","0167390","IMPLEMENTACION DE ACCIONES PARA LA VALORACION Y EL RECONOCIMIENTO A LA ACTIVIDAD ARTISTICA Y CULTURAL","04","AREQUIPA","2","RECURSOS DIRECTAMENTE RECAUDADOS","09","RECURSOS DIRECTAMENTE RECAUDADOS","0","NORMAL","5","GASTO CORRIENTE","2","3","BIENES Y SERVICIOS","1","COMPRA DE BIENES","99","COMPRA DE OTROS BIENES","1","COMPRA DE OTROS BIENES","4","SIMBOLOS, DISTINTIVOS Y CONDECORACIONES","0","1200","1200","0","0","0","0","0","0","0","0","0","0","0","0","0","0","0"
"2019","M","GOBIERNOS LOCALES"," "," "," "," ","300331","040101","MUNICIPALIDAD PROVINCIAL DE AREQUIPA","04","AREQUIPA","01","AREQUIPA","01","AREQUIPA","106","0140","DESARROLLO Y PROMOCION DE LAS ARTES E INDUSTRIAS CULTURALES","3","ACTIVIDAD","3000773","POBLACION SE BENEFICIA DE UNA OFERTA CULTURAL DIVERSA Y RECONOCIDA A NIVEL NACIONAL E INTERNACIONAL","5005769","IMPLEMENTACION DE ACCIONES PARA LA VALORACION Y EL RECONOCIMIENTO A LA ACTIVIDAD ARTISTICA Y CULTURAL","21","CULTURA Y DEPORTE","045","CULTURA","0100","PROMOCION Y DESARROLLO CULTURAL","00001","0167390","IMPLEMENTACION DE ACCIONES PARA LA VALORACION Y EL RECONOCIMIENTO A LA ACTIVIDAD ARTISTICA Y CULTURAL","04","AREQUIPA","2","RECURSOS DIRECTAMENTE RECAUDADOS","09","RECURSOS DIRECTAMENTE RECAUDADOS","0","NORMAL","5","GASTO CORRIENTE","2","3","BIENES Y SERVICIOS","1","COMPRA DE BIENES","99","COMPRA DE OTROS BIENES","1","COMPRA DE OTROS BIENES","4","SIMBOLOS, DISTINTIVOS Y CONDECORACIONES","0","0","0","1200","900","0","0","0","0","0","0","0","0","0","0","0","0","0"
"2019","M","GOBIERNOS LOCALES"," "," "," "," ","300331","040101","MUNICIPALIDAD PROVINCIAL DE AREQUIPA","04","AREQUIPA","01","AREQUIPA","01","AREQUIPA","106","0140","DESARROLLO Y PROMOCION DE LAS ARTES E INDUSTRIAS CULTURALES","3","ACTIVIDAD","3000773","POBLACION SE BENEFICIA DE UNA OFERTA CULTURAL DIVERSA Y RECONOCIDA A NIVEL NACIONAL E INTERNACIONAL","5005769","IMPLEMENTACION DE ACCIONES PARA LA VALORACION Y EL RECONOCIMIENTO A LA ACTIVIDAD ARTISTICA Y CULTURAL","21","CULTURA Y DEPORTE","045","CULTURA","0100","PROMOCION Y DESARROLLO CULTURAL","00001","0167390","IMPLEMENTACION DE ACCIONES PARA LA VALORACION Y EL RECONOCIMIENTO A LA ACTIVIDAD ARTISTICA Y CULTURAL","04","AREQUIPA","2","RECURSOS DIRECTAMENTE RECAUDADOS","09","RECURSOS DIRECTAMENTE RECAUDADOS","0","NORMAL","5","GASTO CORRIENTE","2","3","BIENES Y SERVICIOS","1","COMPRA DE BIENES","99","COMPRA DE OTROS BIENES","1","COMPRA DE OTROS BIENES","99","OTROS BIENES","0","729","729","0","0","0","0","0","0","0","0","0","0","0","0","0","0","0"
"2019","M","GOBIERNOS LOCALES"," "," "," "," ","300331","040101","MUNICIPALIDAD PROVINCIAL DE AREQUIPA","04","AREQUIPA","01","AREQUIPA","01","AREQUIPA","106","0140","DESARROLLO Y PROMOCION DE LAS ARTES E INDUSTRIAS CULTURALES","3","ACTIVIDAD","3000773","POBLACION SE BENEFICIA DE UNA OFERTA CULTURAL DIVERSA Y RECONOCIDA A NIVEL NACIONAL E INTERNACIONAL","5005769","IMPLEMENTACION DE ACCIONES PARA LA VALORACION Y EL RECONOCIMIENTO A LA ACTIVIDAD ARTISTICA Y CULTURAL","21","CULTURA Y DEPORTE","045","CULTURA","0100","PROMOCION Y DESARROLLO CULTURAL","00001","0167390","IMPLEMENTACION DE ACCIONES PARA LA VALORACION Y EL RECONOCIMIENTO A LA ACTIVIDAD ARTISTICA Y CULTURAL","04","AREQUIPA","2","RECURSOS DIRECTAMENTE RECAUDADOS","09","RECURSOS DIRECTAMENTE RECAUDADOS","0","NORMAL","5","GASTO CORRIENTE","2","3","BIENES Y SERVICIOS","1","COMPRA DE BIENES","99","COMPRA DE OTROS BIENES","1","COMPRA DE OTROS BIENES","99","OTROS BIENES","0","0","0","500","240","0","0","0","0","0","0","0","0","0","0","0","0","0"
"2019","M","GOBIERNOS LOCALES"," "," "," "," ","300331","040101","MUNICIPALIDAD PROVINCIAL DE AREQUIPA","04","AREQUIPA","01","AREQUIPA","01","AREQUIPA","106","0140","DESARROLLO Y PROMOCION DE LAS ARTES E INDUSTRIAS CULTURALES","3","ACTIVIDAD","3000773","POBLACION SE BENEFICIA DE UNA OFERTA CULTURAL DIVERSA Y RECONOCIDA A NIVEL NACIONAL E INTERNACIONAL","5005769","IMPLEMENTACION DE ACCIONES PARA LA VALORACION Y EL RECONOCIMIENTO A LA ACTIVIDAD ARTISTICA Y CULTURAL","21","CULTURA Y DEPORTE","045","CULTURA","0100","PROMOCION Y DESARROLLO CULTURAL","00001","0167390","IMPLEMENTACION DE ACCIONES PARA LA VALORACION Y EL RECONOCIMIENTO A LA ACTIVIDAD ARTISTICA Y CULTURAL","04","AREQUIPA","2","RECURSOS DIRECTAMENTE RECAUDADOS","09","RECURSOS DIRECTAMENTE RECAUDADOS","0","NORMAL","5","GASTO CORRIENTE","2","3","BIENES Y SERVICIOS","2","CONTRATACION DE SERVICIOS","2","SERVICIOS BASICOS, COMUNICACIONES, PUBLICIDAD Y DIFUSION","3","SERVICIOS DE MENSAJERIA, TELECOMUNICACIONES Y OTROS AFINES","1","CORREOS Y SERVICIOS DE MENSAJERIA","0","600","600","0","0","0","0","0","0","0","0","0","0","0","0","0","0","0"
"2019","M","GOBIERNOS LOCALES"," "," "," "," ","300331","040101","MUNICIPALIDAD PROVINCIAL DE AREQUIPA","04","AREQUIPA","01","AREQUIPA","01","AREQUIPA","106","0140","DESARROLLO Y PROMOCION DE LAS ARTES E INDUSTRIAS CULTURALES","3","ACTIVIDAD","3000773","POBLACION SE BENEFICIA DE UNA OFERTA CULTURAL DIVERSA Y RECONOCIDA A NIVEL NACIONAL E INTERNACIONAL","5005769","IMPLEMENTACION DE ACCIONES PARA LA VALORACION Y EL RECONOCIMIENTO A LA ACTIVIDAD ARTISTICA Y CULTURAL","21","CULTURA Y DEPORTE","045","CULTURA","0100","PROMOCION Y DESARROLLO CULTURAL","00001","0167390","IMPLEMENTACION DE ACCIONES PARA LA VALORACION Y EL RECONOCIMIENTO A LA ACTIVIDAD ARTISTICA Y CULTURAL","04","AREQUIPA","2","RECURSOS DIRECTAMENTE RECAUDADOS","09","RECURSOS DIRECTAMENTE RECAUDADOS","0","NORMAL","5","GASTO CORRIENTE","2","3","BIENES Y SERVICIOS","2","CONTRATACION DE SERVICIOS","2","SERVICIOS BASICOS, COMUNICACIONES, PUBLICIDAD Y DIFUSION","3","SERVICIOS DE MENSAJERIA, TELECOMUNICACIONES Y OTROS AFINES","1","CORREOS Y SERVICIOS DE MENSAJERIA","0","0","0","600","0","0","0","0","0","0","0","0","0","0","0","0","0","0"
"2019","M","GOBIERNOS LOCALES"," "," "," "," ","300331","040101","MUNICIPALIDAD PROVINCIAL DE AREQUIPA","04","AREQUIPA","01","AREQUIPA","01","AREQUIPA","106","0140","DESARROLLO Y PROMOCION DE LAS ARTES E INDUSTRIAS CULTURALES","3","ACTIVIDAD","3000773","POBLACION SE BENEFICIA DE UNA OFERTA CULTURAL DIVERSA Y RECONOCIDA A NIVEL NACIONAL E INTERNACIONAL","5005769","IMPLEMENTACION DE ACCIONES PARA LA VALORACION Y EL RECONOCIMIENTO A LA ACTIVIDAD ARTISTICA Y CULTURAL","21","CULTURA Y DEPORTE","045","CULTURA","0100","PROMOCION Y DESARROLLO CULTURAL","00001","0167390","IMPLEMENTACION DE ACCIONES PARA LA VALORACION Y EL RECONOCIMIENTO A LA ACTIVIDAD ARTISTICA Y CULTURAL","04","AREQUIPA","2","RECURSOS DIRECTAMENTE RECAUDADOS","09","RECURSOS DIRECTAMENTE RECAUDADOS","0","NORMAL","5","GASTO CORRIENTE","2","3","BIENES Y SERVICIOS","2","CONTRATACION DE SERVICIOS","7","SERVICIOS PROFESIONALES Y TECNICOS","11","OTROS SERVICIOS","99","SERVICIOS DIVERSOS","0","10901","10901","0","0","0","0","0","0","0","0","0","0","0","0","0","0","0"
"2019","M","GOBIERNOS LOCALES"," "," "," "," ","300331","040101","MUNICIPALIDAD PROVINCIAL DE AREQUIPA","04","AREQUIPA","01","AREQUIPA","01","AREQUIPA","106","0140","DESARROLLO Y PROMOCION DE LAS ARTES E INDUSTRIAS CULTURALES","3","ACTIVIDAD","3000773","POBLACION SE BENEFICIA DE UNA OFERTA CULTURAL DIVERSA Y RECONOCIDA A NIVEL NACIONAL E INTERNACIONAL","5005769","IMPLEMENTACION DE ACCIONES PARA LA VALORACION Y EL RECONOCIMIENTO A LA ACTIVIDAD ARTISTICA Y CULTURAL","21","CULTURA Y DEPORTE","045","CULTURA","0100","PROMOCION Y DESARROLLO CULTURAL","00001","0167390","IMPLEMENTACION DE ACCIONES PARA LA VALORACION Y EL RECONOCIMIENTO A LA ACTIVIDAD ARTISTICA Y CULTURAL","04","AREQUIPA","2","RECURSOS DIRECTAMENTE RECAUDADOS","09","RECURSOS DIRECTAMENTE RECAUDADOS","0","NORMAL","5","GASTO CORRIENTE","2","3","BIENES Y SERVICIOS","2","CONTRATACION DE SERVICIOS","7","SERVICIOS PROFESIONALES Y TECNICOS","11","OTROS SERVICIOS","99","SERVICIOS DIVERSOS","0","0","0","10400","9025","0","0","0","0","0","0","0","0","0","0","0","0","0"
"2019","M","GOBIERNOS LOCALES"," "," "," "," ","300331","040101","MUNICIPALIDAD PROVINCIAL DE AREQUIPA","04","AREQUIPA","01","AREQUIPA","01","AREQUIPA","106","0140","DESARROLLO Y PROMOCION DE LAS ARTES E INDUSTRIAS CULTURALES","3","ACTIVIDAD","3000773","POBLACION SE BENEFICIA DE UNA OFERTA CULTURAL DIVERSA Y RECONOCIDA A NIVEL NACIONAL E INTERNACIONAL","5005769","IMPLEMENTACION DE ACCIONES PARA LA VALORACION Y EL RECONOCIMIENTO A LA ACTIVIDAD ARTISTICA Y CULTURAL","21","CULTURA Y DEPORTE","045","CULTURA","0100","PROMOCION Y DESARROLLO CULTURAL","00001","0167390","IMPLEMENTACION DE ACCIONES PARA LA VALORACION Y EL RECONOCIMIENTO A LA ACTIVIDAD ARTISTICA Y CULTURAL","04","AREQUIPA","2","RECURSOS DIRECTAMENTE RECAUDADOS","09","RECURSOS DIRECTAMENTE RECAUDADOS","0","NORMAL","5","GASTO CORRIENTE","2","3","BIENES Y SERVICIOS","2","CONTRATACION DE SERVICIOS","8","CONTRATO ADMINISTRATIVO DE SERVICIOS","1","CONTRATO ADMINISTRATIVO DE SERVICIOS","2","CONTRIBUCIONES A ESSALUD DE C.A.S.","0","681","681","0","0","0","0","0","0","0","0","0","0","0","0","0","0","0"
"2019","M","GOBIERNOS LOCALES"," "," "," "," ","300331","040101","MUNICIPALIDAD PROVINCIAL DE AREQUIPA","04","AREQUIPA","01","AREQUIPA","01","AREQUIPA","106","0140","DESARROLLO Y PROMOCION DE LAS ARTES E INDUSTRIAS CULTURALES","3","ACTIVIDAD","3000773","POBLACION SE BENEFICIA DE UNA OFERTA CULTURAL DIVERSA Y RECONOCIDA A NIVEL NACIONAL E INTERNACIONAL","5005769","IMPLEMENTACION DE ACCIONES PARA LA VALORACION Y EL RECONOCIMIENTO A LA ACTIVIDAD ARTISTICA Y CULTURAL","21","CULTURA Y DEPORTE","045","CULTURA","0100","PROMOCION Y DESARROLLO CULTURAL","00001","0167390","IMPLEMENTACION DE ACCIONES PARA LA VALORACION Y EL RECONOCIMIENTO A LA ACTIVIDAD ARTISTICA Y CULTURAL","04","AREQUIPA","2","RECURSOS DIRECTAMENTE RECAUDADOS","09","RECURSOS DIRECTAMENTE RECAUDADOS","0","NORMAL","5","GASTO CORRIENTE","2","3","BIENES Y SERVICIOS","2","CONTRATACION DE SERVICIOS","8","CONTRATO ADMINISTRATIVO DE SERVICIOS","1","CONTRATO ADMINISTRATIVO DE SERVICIOS","2","CONTRIBUCIONES A ESSALUD DE C.A.S.","0","0","0","680.40","680.40","0","0","0","0","0","0","0","0","0","0","0","0","0"
"2019","M","GOBIERNOS LOCALES"," "," "," "," ","300331","040101","MUNICIPALIDAD PROVINCIAL DE AREQUIPA","04","AREQUIPA","01","AREQUIPA","01","AREQUIPA","106","0140","DESARROLLO Y PROMOCION DE LAS ARTES E INDUSTRIAS CULTURALES","3","ACTIVIDAD","3000773","POBLACION SE BENEFICIA DE UNA OFERTA CULTURAL DIVERSA Y RECONOCIDA A NIVEL NACIONAL E INTERNACIONAL","5005769","IMPLEMENTACION DE ACCIONES PARA LA VALORACION Y EL RECONOCIMIENTO A LA ACTIVIDAD ARTISTICA Y CULTURAL","21","CULTURA Y DEPORTE","045","CULTURA","0100","PROMOCION Y DESARROLLO CULTURAL","00001","0167390","IMPLEMENTACION DE ACCIONES PARA LA VALORACION Y EL RECONOCIMIENTO A LA ACTIVIDAD ARTISTICA Y CULTURAL","04","AREQUIPA","2","RECURSOS DIRECTAMENTE RECAUDADOS","09","RECURSOS DIRECTAMENTE RECAUDADOS","1","UNIVERSIDADES / GOB. LOCALES","5","GASTO CORRIENTE","2","3","BIENES Y SERVICIOS","1","COMPRA DE BIENES","1","ALIMENTOS Y BEBIDAS","1","ALIMENTOS Y BEBIDAS","1","ALIMENTOS Y BEBIDAS PARA CONSUMO HUMANO","0","0","0","0","0","0","0","0","0","0","0","0","0","650","625","0","704.50","1979.50"
"2019","M","GOBIERNOS LOCALES"," "," "," "," ","300331","040101","MUNICIPALIDAD PROVINCIAL DE AREQUIPA","04","AREQUIPA","01","AREQUIPA","01","AREQUIPA","106","0140","DESARROLLO Y PROMOCION DE LAS ARTES E INDUSTRIAS CULTURALES","3","ACTIVIDAD","3000773","POBLACION SE BENEFICIA DE UNA OFERTA CULTURAL DIVERSA Y RECONOCIDA A NIVEL NACIONAL E INTERNACIONAL","5005769","IMPLEMENTACION DE ACCIONES PARA LA VALORACION Y EL RECONOCIMIENTO A LA ACTIVIDAD ARTISTICA Y CULTURAL","21","CULTURA Y DEPORTE","045","CULTURA","0100","PROMOCION Y DESARROLLO CULTURAL","00001","0167390","IMPLEMENTACION DE ACCIONES PARA LA VALORACION Y EL RECONOCIMIENTO A LA ACTIVIDAD ARTISTICA Y CULTURAL","04","AREQUIPA","2","RECURSOS DIRECTAMENTE RECAUDADOS","09","RECURSOS DIRECTAMENTE RECAUDADOS","1","UNIVERSIDADES / GOB. LOCALES","5","GASTO CORRIENTE","2","3","BIENES Y SERVICIOS","1","COMPRA DE BIENES","2","VESTUARIOS Y TEXTILES","1","VESTUARIO, ZAPATERIA Y ACCESORIOS, TALABARTERIA Y MATERIALES TEXTILES","2","TEXTILES Y ACABADOS TEXTILES","0","0","0","0","0","0","0","0","0","0","0","500","0","0","0","0","0","500"
"2019","M","GOBIERNOS LOCALES"," "," "," "," ","300331","040101","MUNICIPALIDAD PROVINCIAL DE AREQUIPA","04","AREQUIPA","01","AREQUIPA","01","AREQUIPA","106","0140","DESARROLLO Y PROMOCION DE LAS ARTES E INDUSTRIAS CULTURALES","3","ACTIVIDAD","3000773","POBLACION SE BENEFICIA DE UNA OFERTA CULTURAL DIVERSA Y RECONOCIDA A NIVEL NACIONAL E INTERNACIONAL","5005769","IMPLEMENTACION DE ACCIONES PARA LA VALORACION Y EL RECONOCIMIENTO A LA ACTIVIDAD ARTISTICA Y CULTURAL","21","CULTURA Y DEPORTE","045","CULTURA","0100","PROMOCION Y DESARROLLO CULTURAL","00001","0167390","IMPLEMENTACION DE ACCIONES PARA LA VALORACION Y EL RECONOCIMIENTO A LA ACTIVIDAD ARTISTICA Y CULTURAL","04","AREQUIPA","2","RECURSOS DIRECTAMENTE RECAUDADOS","09","RECURSOS DIRECTAMENTE RECAUDADOS","1","UNIVERSIDADES / GOB. LOCALES","5","GASTO CORRIENTE","2","3","BIENES Y SERVICIOS","1","COMPRA DE BIENES","5","MATERIALES Y  UTILES","1","DE OFICINA","2","PAPELERIA EN GENERAL, UTILES Y MATERIALES DE OFICINA","0","0","0","0","0","0","0","0","0","100","0","0","0","645.60","0","0","42.29","787.89"
"2019","M","GOBIERNOS LOCALES"," "," "," "," ","300331","040101","MUNICIPALIDAD PROVINCIAL DE AREQUIPA","04","AREQUIPA","01","AREQUIPA","01","AREQUIPA","106","0140","DESARROLLO Y PROMOCION DE LAS ARTES E INDUSTRIAS CULTURALES","3","ACTIVIDAD","3000773","POBLACION SE BENEFICIA DE UNA OFERTA CULTURAL DIVERSA Y RECONOCIDA A NIVEL NACIONAL E INTERNACIONAL","5005769","IMPLEMENTACION DE ACCIONES PARA LA VALORACION Y EL RECONOCIMIENTO A LA ACTIVIDAD ARTISTICA Y CULTURAL","21","CULTURA Y DEPORTE","045","CULTURA","0100","PROMOCION Y DESARROLLO CULTURAL","00001","0167390","IMPLEMENTACION DE ACCIONES PARA LA VALORACION Y EL RECONOCIMIENTO A LA ACTIVIDAD ARTISTICA Y CULTURAL","04","AREQUIPA","2","RECURSOS DIRECTAMENTE RECAUDADOS","09","RECURSOS DIRECTAMENTE RECAUDADOS","1","UNIVERSIDADES / GOB. LOCALES","5","GASTO CORRIENTE","2","3","BIENES Y SERVICIOS","1","COMPRA DE BIENES","8","SUMINISTROS MEDICOS","2","MATERIAL,INSUMOS,INSTRUMENTAL Y ACCESORIOS MEDICOS,QUIRURGICOS, ODONTOLOGICOS Y DE LABORATORIO","1","MATERIAL, INSUMOS, INSTRUMENTAL Y ACCESORIOS  MEDICOS, QUIRURGICOS, ODONTOLOGICOS Y DE LABORATORIO","0","0","0","0","0","0","0","0","0","0","0","0","0","3.50","0","0","0","3.50"
"2019","M","GOBIERNOS LOCALES"," "," "," "," ","300331","040101","MUNICIPALIDAD PROVINCIAL DE AREQUIPA","04","AREQUIPA","01","AREQUIPA","01","AREQUIPA","106","0140","DESARROLLO Y PROMOCION DE LAS ARTES E INDUSTRIAS CULTURALES","3","ACTIVIDAD","3000773","POBLACION SE BENEFICIA DE UNA OFERTA CULTURAL DIVERSA Y RECONOCIDA A NIVEL NACIONAL E INTERNACIONAL","5005769","IMPLEMENTACION DE ACCIONES PARA LA VALORACION Y EL RECONOCIMIENTO A LA ACTIVIDAD ARTISTICA Y CULTURAL","21","CULTURA Y DEPORTE","045","CULTURA","0100","PROMOCION Y DESARROLLO CULTURAL","00001","0167390","IMPLEMENTACION DE ACCIONES PARA LA VALORACION Y EL RECONOCIMIENTO A LA ACTIVIDAD ARTISTICA Y CULTURAL","04","AREQUIPA","2","RECURSOS DIRECTAMENTE RECAUDADOS","09","RECURSOS DIRECTAMENTE RECAUDADOS","1","UNIVERSIDADES / GOB. LOCALES","5","GASTO CORRIENTE","2","3","BIENES Y SERVICIOS","1","COMPRA DE BIENES","99","COMPRA DE OTROS BIENES","1","COMPRA DE OTROS BIENES","3","LIBROS, DIARIOS, REVISTAS Y OTROS BIENES IMPRESOS NO VINCULADOS A ENSEÑANZA","0","0","0","0","0","0","0","570","0","0","1095","0","0","0","0","0","0","1665"
"2019","M","GOBIERNOS LOCALES"," "," "," "," ","300331","040101","MUNICIPALIDAD PROVINCIAL DE AREQUIPA","04","AREQUIPA","01","AREQUIPA","01","AREQUIPA","106","0140","DESARROLLO Y PROMOCION DE LAS ARTES E INDUSTRIAS CULTURALES","3","ACTIVIDAD","3000773","POBLACION SE BENEFICIA DE UNA OFERTA CULTURAL DIVERSA Y RECONOCIDA A NIVEL NACIONAL E INTERNACIONAL","5005769","IMPLEMENTACION DE ACCIONES PARA LA VALORACION Y EL RECONOCIMIENTO A LA ACTIVIDAD ARTISTICA Y CULTURAL","21","CULTURA Y DEPORTE","045","CULTURA","0100","PROMOCION Y DESARROLLO CULTURAL","00001","0167390","IMPLEMENTACION DE ACCIONES PARA LA VALORACION Y EL RECONOCIMIENTO A LA ACTIVIDAD ARTISTICA Y CULTURAL","04","AREQUIPA","2","RECURSOS DIRECTAMENTE RECAUDADOS","09","RECURSOS DIRECTAMENTE RECAUDADOS","1","UNIVERSIDADES / GOB. LOCALES","5","GASTO CORRIENTE","2","3","BIENES Y SERVICIOS","1","COMPRA DE BIENES","99","COMPRA DE OTROS BIENES","1","COMPRA DE OTROS BIENES","4","SIMBOLOS, DISTINTIVOS Y CONDECORACIONES","0","0","0","0","0","0","0","0","0","0","0","900","0","0","0","0","0","900"
"2019","M","GOBIERNOS LOCALES"," "," "," "," ","300331","040101","MUNICIPALIDAD PROVINCIAL DE AREQUIPA","04","AREQUIPA","01","AREQUIPA","01","AREQUIPA","106","0140","DESARROLLO Y PROMOCION DE LAS ARTES E INDUSTRIAS CULTURALES","3","ACTIVIDAD","3000773","POBLACION SE BENEFICIA DE UNA OFERTA CULTURAL DIVERSA Y RECONOCIDA A NIVEL NACIONAL E INTERNACIONAL","5005769","IMPLEMENTACION DE ACCIONES PARA LA VALORACION Y EL RECONOCIMIENTO A LA ACTIVIDAD ARTISTICA Y CULTURAL","21","CULTURA Y DEPORTE","045","CULTURA","0100","PROMOCION Y DESARROLLO CULTURAL","00001","0167390","IMPLEMENTACION DE ACCIONES PARA LA VALORACION Y EL RECONOCIMIENTO A LA ACTIVIDAD ARTISTICA Y CULTURAL","04","AREQUIPA","2","RECURSOS DIRECTAMENTE RECAUDADOS","09","RECURSOS DIRECTAMENTE RECAUDADOS","1","UNIVERSIDADES / GOB. LOCALES","5","GASTO CORRIENTE","2","3","BIENES Y SERVICIOS","1","COMPRA DE BIENES","99","COMPRA DE OTROS BIENES","1","COMPRA DE OTROS BIENES","99","OTROS BIENES","0","0","0","0","0","0","0","0","0","0","0","0","0","240","0","0","0","240"
"2019","M","GOBIERNOS LOCALES"," "," "," "," ","300331","040101","MUNICIPALIDAD PROVINCIAL DE AREQUIPA","04","AREQUIPA","01","AREQUIPA","01","AREQUIPA","106","0140","DESARROLLO Y PROMOCION DE LAS ARTES E INDUSTRIAS CULTURALES","3","ACTIVIDAD","3000773","POBLACION SE BENEFICIA DE UNA OFERTA CULTURAL DIVERSA Y RECONOCIDA A NIVEL NACIONAL E INTERNACIONAL","5005769","IMPLEMENTACION DE ACCIONES PARA LA VALORACION Y EL RECONOCIMIENTO A LA ACTIVIDAD ARTISTICA Y CULTURAL","21","CULTURA Y DEPORTE","045","CULTURA","0100","PROMOCION Y DESARROLLO CULTURAL","00001","0167390","IMPLEMENTACION DE ACCIONES PARA LA VALORACION Y EL RECONOCIMIENTO A LA ACTIVIDAD ARTISTICA Y CULTURAL","04","AREQUIPA","2","RECURSOS DIRECTAMENTE RECAUDADOS","09","RECURSOS DIRECTAMENTE RECAUDADOS","1","UNIVERSIDADES / GOB. LOCALES","5","GASTO CORRIENTE","2","3","BIENES Y SERVICIOS","2","CONTRATACION DE SERVICIOS","2","SERVICIOS BASICOS, COMUNICACIONES, PUBLICIDAD Y DIFUSION","3","SERVICIOS DE MENSAJERIA, TELECOMUNICACIONES Y OTROS AFINES","1","CORREOS Y SERVICIOS DE MENSAJERIA","0","0","0","0","0","0","0","0","0","0","0","0","0","0","0","0","0","0"
"2019","M","GOBIERNOS LOCALES"," "," "," "," ","300331","040101","MUNICIPALIDAD PROVINCIAL DE AREQUIPA","04","AREQUIPA","01","AREQUIPA","01","AREQUIPA","106","0140","DESARROLLO Y PROMOCION DE LAS ARTES E INDUSTRIAS CULTURALES","3","ACTIVIDAD","3000773","POBLACION SE BENEFICIA DE UNA OFERTA CULTURAL DIVERSA Y RECONOCIDA A NIVEL NACIONAL E INTERNACIONAL","5005769","IMPLEMENTACION DE ACCIONES PARA LA VALORACION Y EL RECONOCIMIENTO A LA ACTIVIDAD ARTISTICA Y CULTURAL","21","CULTURA Y DEPORTE","045","CULTURA","0100","PROMOCION Y DESARROLLO CULTURAL","00001","0167390","IMPLEMENTACION DE ACCIONES PARA LA VALORACION Y EL RECONOCIMIENTO A LA ACTIVIDAD ARTISTICA Y CULTURAL","04","AREQUIPA","2","RECURSOS DIRECTAMENTE RECAUDADOS","09","RECURSOS DIRECTAMENTE RECAUDADOS","1","UNIVERSIDADES / GOB. LOCALES","5","GASTO CORRIENTE","2","3","BIENES Y SERVICIOS","2","CONTRATACION DE SERVICIOS","7","SERVICIOS PROFESIONALES Y TECNICOS","11","OTROS SERVICIOS","99","SERVICIOS DIVERSOS","0","0","0","0","0","0","0","0","0","0","0","1000","4275","2100","1650","0","0","9025"
"2019","M","GOBIERNOS LOCALES"," "," "," "," ","300331","040101","MUNICIPALIDAD PROVINCIAL DE AREQUIPA","04","AREQUIPA","01","AREQUIPA","01","AREQUIPA","106","0140","DESARROLLO Y PROMOCION DE LAS ARTES E INDUSTRIAS CULTURALES","3","ACTIVIDAD","3000773","POBLACION SE BENEFICIA DE UNA OFERTA CULTURAL DIVERSA Y RECONOCIDA A NIVEL NACIONAL E INTERNACIONAL","5005769","IMPLEMENTACION DE ACCIONES PARA LA VALORACION Y EL RECONOCIMIENTO A LA ACTIVIDAD ARTISTICA Y CULTURAL","21","CULTURA Y DEPORTE","045","CULTURA","0100","PROMOCION Y DESARROLLO CULTURAL","00001","0167390","IMPLEMENTACION DE ACCIONES PARA LA VALORACION Y EL RECONOCIMIENTO A LA ACTIVIDAD ARTISTICA Y CULTURAL","04","AREQUIPA","2","RECURSOS DIRECTAMENTE RECAUDADOS","09","RECURSOS DIRECTAMENTE RECAUDADOS","1","UNIVERSIDADES / GOB. LOCALES","5","GASTO CORRIENTE","2","3","BIENES Y SERVICIOS","2","CONTRATACION DE SERVICIOS","8","CONTRATO ADMINISTRATIVO DE SERVICIOS","1","CONTRATO ADMINISTRATIVO DE SERVICIOS","2","CONTRIBUCIONES A ESSALUD DE C.A.S.","0","0","0","0","0","0","0","0","0","0","0","680.40","0","0","0","0","0","680.40"
"2019","M","GOBIERNOS LOCALES"," "," "," "," ","300331","040101","MUNICIPALIDAD PROVINCIAL DE AREQUIPA","04","AREQUIPA","01","AREQUIPA","01","AREQUIPA","106","0140","DESARROLLO Y PROMOCION DE LAS ARTES E INDUSTRIAS CULTURALES","3","ACTIVIDAD","3000773","POBLACION SE BENEFICIA DE UNA OFERTA CULTURAL DIVERSA Y RECONOCIDA A NIVEL NACIONAL E INTERNACIONAL","5005769","IMPLEMENTACION DE ACCIONES PARA LA VALORACION Y EL RECONOCIMIENTO A LA ACTIVIDAD ARTISTICA Y CULTURAL","21","CULTURA Y DEPORTE","045","CULTURA","0100","PROMOCION Y DESARROLLO CULTURAL","00001","0167390","IMPLEMENTACION DE ACCIONES PARA LA VALORACION Y EL RECONOCIMIENTO A LA ACTIVIDAD ARTISTICA Y CULTURAL","04","AREQUIPA","5","RECURSOS DETERMINADOS","07","FONDO DE COMPENSACION MUNICIPAL","0","NORMAL","5","GASTO CORRIENTE","2","3","BIENES Y SERVICIOS","2","CONTRATACION DE SERVICIOS","8","CONTRATO ADMINISTRATIVO DE SERVICIOS","1","CONTRATO ADMINISTRATIVO DE SERVICIOS","1","CONTRATO ADMINISTRATIVO DE SERVICIOS","0","36361","36361","0","0","0","0","0","0","0","0","0","0","0","0","0","0","0"
"2019","M","GOBIERNOS LOCALES"," "," "," "," ","300331","040101","MUNICIPALIDAD PROVINCIAL DE AREQUIPA","04","AREQUIPA","01","AREQUIPA","01","AREQUIPA","106","0140","DESARROLLO Y PROMOCION DE LAS ARTES E INDUSTRIAS CULTURALES","3","ACTIVIDAD","3000773","POBLACION SE BENEFICIA DE UNA OFERTA CULTURAL DIVERSA Y RECONOCIDA A NIVEL NACIONAL E INTERNACIONAL","5005769","IMPLEMENTACION DE ACCIONES PARA LA VALORACION Y EL RECONOCIMIENTO A LA ACTIVIDAD ARTISTICA Y CULTURAL","21","CULTURA Y DEPORTE","045","CULTURA","0100","PROMOCION Y DESARROLLO CULTURAL","00001","0167390","IMPLEMENTACION DE ACCIONES PARA LA VALORACION Y EL RECONOCIMIENTO A LA ACTIVIDAD ARTISTICA Y CULTURAL","04","AREQUIPA","5","RECURSOS DETERMINADOS","07","FONDO DE COMPENSACION MUNICIPAL","0","NORMAL","5","GASTO CORRIENTE","2","3","BIENES Y SERVICIOS","2","CONTRATACION DE SERVICIOS","8","CONTRATO ADMINISTRATIVO DE SERVICIOS","1","CONTRATO ADMINISTRATIVO DE SERVICIOS","1","CONTRATO ADMINISTRATIVO DE SERVICIOS","0","0","0","36360.40","36360.40","0","0","0","0","0","0","0","0","0","0","0","0","0"
"2019","M","GOBIERNOS LOCALES"," "," "," "," ","300331","040101","MUNICIPALIDAD PROVINCIAL DE AREQUIPA","04","AREQUIPA","01","AREQUIPA","01","AREQUIPA","106","0140","DESARROLLO Y PROMOCION DE LAS ARTES E INDUSTRIAS CULTURALES","3","ACTIVIDAD","3000773","POBLACION SE BENEFICIA DE UNA OFERTA CULTURAL DIVERSA Y RECONOCIDA A NIVEL NACIONAL E INTERNACIONAL","5005769","IMPLEMENTACION DE ACCIONES PARA LA VALORACION Y EL RECONOCIMIENTO A LA ACTIVIDAD ARTISTICA Y CULTURAL","21","CULTURA Y DEPORTE","045","CULTURA","0100","PROMOCION Y DESARROLLO CULTURAL","00001","0167390","IMPLEMENTACION DE ACCIONES PARA LA VALORACION Y EL RECONOCIMIENTO A LA ACTIVIDAD ARTISTICA Y CULTURAL","04","AREQUIPA","5","RECURSOS DETERMINADOS","07","FONDO DE COMPENSACION MUNICIPAL","0","NORMAL","5","GASTO CORRIENTE","2","3","BIENES Y SERVICIOS","2","CONTRATACION DE SERVICIOS","8","CONTRATO ADMINISTRATIVO DE SERVICIOS","1","CONTRATO ADMINISTRATIVO DE SERVICIOS","2","CONTRIBUCIONES A ESSALUD DE C.A.S.","0","1361","1361","0","0","0","0","0","0","0","0","0","0","0","0","0","0","0"
"2019","M","GOBIERNOS LOCALES"," "," "," "," ","300331","040101","MUNICIPALIDAD PROVINCIAL DE AREQUIPA","04","AREQUIPA","01","AREQUIPA","01","AREQUIPA","106","0140","DESARROLLO Y PROMOCION DE LAS ARTES E INDUSTRIAS CULTURALES","3","ACTIVIDAD","3000773","POBLACION SE BENEFICIA DE UNA OFERTA CULTURAL DIVERSA Y RECONOCIDA A NIVEL NACIONAL E INTERNACIONAL","5005769","IMPLEMENTACION DE ACCIONES PARA LA VALORACION Y EL RECONOCIMIENTO A LA ACTIVIDAD ARTISTICA Y CULTURAL","21","CULTURA Y DEPORTE","045","CULTURA","0100","PROMOCION Y DESARROLLO CULTURAL","00001","0167390","IMPLEMENTACION DE ACCIONES PARA LA VALORACION Y EL RECONOCIMIENTO A LA ACTIVIDAD ARTISTICA Y CULTURAL","04","AREQUIPA","5","RECURSOS DETERMINADOS","07","FONDO DE COMPENSACION MUNICIPAL","0","NORMAL","5","GASTO CORRIENTE","2","3","BIENES Y SERVICIOS","2","CONTRATACION DE SERVICIOS","8","CONTRATO ADMINISTRATIVO DE SERVICIOS","1","CONTRATO ADMINISTRATIVO DE SERVICIOS","2","CONTRIBUCIONES A ESSALUD DE C.A.S.","0","0","0","1360.80","1360.80","0","0","0","0","0","0","0","0","0","0","0","0","0"
"2019","M","GOBIERNOS LOCALES"," "," "," "," ","300331","040101","MUNICIPALIDAD PROVINCIAL DE AREQUIPA","04","AREQUIPA","01","AREQUIPA","01","AREQUIPA","106","0140","DESARROLLO Y PROMOCION DE LAS ARTES E INDUSTRIAS CULTURALES","3","ACTIVIDAD","3000773","POBLACION SE BENEFICIA DE UNA OFERTA CULTURAL DIVERSA Y RECONOCIDA A NIVEL NACIONAL E INTERNACIONAL","5005769","IMPLEMENTACION DE ACCIONES PARA LA VALORACION Y EL RECONOCIMIENTO A LA ACTIVIDAD ARTISTICA Y CULTURAL","21","CULTURA Y DEPORTE","045","CULTURA","0100","PROMOCION Y DESARROLLO CULTURAL","00001","0167390","IMPLEMENTACION DE ACCIONES PARA LA VALORACION Y EL RECONOCIMIENTO A LA ACTIVIDAD ARTISTICA Y CULTURAL","04","AREQUIPA","5","RECURSOS DETERMINADOS","07","FONDO DE COMPENSACION MUNICIPAL","A","SUB CUENTA - FONCOMUN","5","GASTO CORRIENTE","2","3","BIENES Y SERVICIOS","2","CONTRATACION DE SERVICIOS","8","CONTRATO ADMINISTRATIVO DE SERVICIOS","1","CONTRATO ADMINISTRATIVO DE SERVICIOS","1","CONTRATO ADMINISTRATIVO DE SERVICIOS","0","0","0","0","0","0","0","0","0","0","0","12000","0","10698","1922.40","11736","-0.40","36356"
"2019","M","GOBIERNOS LOCALES"," "," "," "," ","300331","040101","MUNICIPALIDAD PROVINCIAL DE AREQUIPA","04","AREQUIPA","01","AREQUIPA","01","AREQUIPA","106","0140","DESARROLLO Y PROMOCION DE LAS ARTES E INDUSTRIAS CULTURALES","3","ACTIVIDAD","3000773","POBLACION SE BENEFICIA DE UNA OFERTA CULTURAL DIVERSA Y RECONOCIDA A NIVEL NACIONAL E INTERNACIONAL","5005769","IMPLEMENTACION DE ACCIONES PARA LA VALORACION Y EL RECONOCIMIENTO A LA ACTIVIDAD ARTISTICA Y CULTURAL","21","CULTURA Y DEPORTE","045","CULTURA","0100","PROMOCION Y DESARROLLO CULTURAL","00001","0167390","IMPLEMENTACION DE ACCIONES PARA LA VALORACION Y EL RECONOCIMIENTO A LA ACTIVIDAD ARTISTICA Y CULTURAL","04","AREQUIPA","5","RECURSOS DETERMINADOS","07","FONDO DE COMPENSACION MUNICIPAL","A","SUB CUENTA - FONCOMUN","5","GASTO CORRIENTE","2","3","BIENES Y SERVICIOS","2","CONTRATACION DE SERVICIOS","8","CONTRATO ADMINISTRATIVO DE SERVICIOS","1","CONTRATO ADMINISTRATIVO DE SERVICIOS","2","CONTRIBUCIONES A ESSALUD DE C.A.S.","0","0","0","0","0","0","0","0","0","0","0","680.40","0","0","0","648","0","1328.40"
"2019","M","GOBIERNOS LOCALES"," "," "," "," ","300331","040101","MUNICIPALIDAD PROVINCIAL DE AREQUIPA","04","AREQUIPA","01","AREQUIPA","01","AREQUIPA","106","0140","DESARROLLO Y PROMOCION DE LAS ARTES E INDUSTRIAS CULTURALES","3","ACTIVIDAD","3000773","POBLACION SE BENEFICIA DE UNA OFERTA CULTURAL DIVERSA Y RECONOCIDA A NIVEL NACIONAL E INTERNACIONAL","5005769","IMPLEMENTACION DE ACCIONES PARA LA VALORACION Y EL RECONOCIMIENTO A LA ACTIVIDAD ARTISTICA Y CULTURAL","21","CULTURA Y DEPORTE","045","CULTURA","0100","PROMOCION Y DESARROLLO CULTURAL","00001","0167390","IMPLEMENTACION DE ACCIONES PARA LA VALORACION Y EL RECONOCIMIENTO A LA ACTIVIDAD ARTISTICA Y CULTURAL","04","AREQUIPA","5","RECURSOS DETERMINADOS","08","IMPUESTOS MUNICIPALES","0","NORMAL","5","GASTO CORRIENTE","2","3","BIENES Y SERVICIOS","2","CONTRATACION DE SERVICIOS","5","ALQUILERES DE MUEBLES E INMUEBLES","1","ALQUILERES DE MUEBLES E INMUEBLES","4","DE MAQUINARIAS Y EQUIPOS","0","900","900","0","0","0","0","0","0","0","0","0","0","0","0","0","0","0"
"2019","M","GOBIERNOS LOCALES"," "," "," "," ","300331","040101","MUNICIPALIDAD PROVINCIAL DE AREQUIPA","04","AREQUIPA","01","AREQUIPA","01","AREQUIPA","106","0140","DESARROLLO Y PROMOCION DE LAS ARTES E INDUSTRIAS CULTURALES","3","ACTIVIDAD","3000773","POBLACION SE BENEFICIA DE UNA OFERTA CULTURAL DIVERSA Y RECONOCIDA A NIVEL NACIONAL E INTERNACIONAL","5005769","IMPLEMENTACION DE ACCIONES PARA LA VALORACION Y EL RECONOCIMIENTO A LA ACTIVIDAD ARTISTICA Y CULTURAL","21","CULTURA Y DEPORTE","045","CULTURA","0100","PROMOCION Y DESARROLLO CULTURAL","00001","0167390","IMPLEMENTACION DE ACCIONES PARA LA VALORACION Y EL RECONOCIMIENTO A LA ACTIVIDAD ARTISTICA Y CULTURAL","04","AREQUIPA","5","RECURSOS DETERMINADOS","08","IMPUESTOS MUNICIPALES","0","NORMAL","5","GASTO CORRIENTE","2","3","BIENES Y SERVICIOS","2","CONTRATACION DE SERVICIOS","7","SERVICIOS PROFESIONALES Y TECNICOS","11","OTROS SERVICIOS","99","SERVICIOS DIVERSOS","0","475","475","0","0","0","0","0","0","0","0","0","0","0","0","0","0","0"
"2019","M","GOBIERNOS LOCALES"," "," "," "," ","300331","040101","MUNICIPALIDAD PROVINCIAL DE AREQUIPA","04","AREQUIPA","01","AREQUIPA","01","AREQUIPA","106","0140","DESARROLLO Y PROMOCION DE LAS ARTES E INDUSTRIAS CULTURALES","3","ACTIVIDAD","3000773","POBLACION SE BENEFICIA DE UNA OFERTA CULTURAL DIVERSA Y RECONOCIDA A NIVEL NACIONAL E INTERNACIONAL","5005769","IMPLEMENTACION DE ACCIONES PARA LA VALORACION Y EL RECONOCIMIENTO A LA ACTIVIDAD ARTISTICA Y CULTURAL","21","CULTURA Y DEPORTE","045","CULTURA","0100","PROMOCION Y DESARROLLO CULTURAL","00001","0167390","IMPLEMENTACION DE ACCIONES PARA LA VALORACION Y EL RECONOCIMIENTO A LA ACTIVIDAD ARTISTICA Y CULTURAL","04","AREQUIPA","5","RECURSOS DETERMINADOS","08","IMPUESTOS MUNICIPALES","0","NORMAL","5","GASTO CORRIENTE","2","3","BIENES Y SERVICIOS","2","CONTRATACION DE SERVICIOS","7","SERVICIOS PROFESIONALES Y TECNICOS","11","OTROS SERVICIOS","99","SERVICIOS DIVERSOS","0","0","0","475","475","0","0","0","475","0","0","0","0","0","0","0","0","475"
"2019","M","GOBIERNOS LOCALES"," "," "," "," ","300331","040101","MUNICIPALIDAD PROVINCIAL DE AREQUIPA","04","AREQUIPA","01","AREQUIPA","01","AREQUIPA","106","0140","DESARROLLO Y PROMOCION DE LAS ARTES E INDUSTRIAS CULTURALES","3","ACTIVIDAD","3000773","POBLACION SE BENEFICIA DE UNA OFERTA CULTURAL DIVERSA Y RECONOCIDA A NIVEL NACIONAL E INTERNACIONAL","5005769","IMPLEMENTACION DE ACCIONES PARA LA VALORACION Y EL RECONOCIMIENTO A LA ACTIVIDAD ARTISTICA Y CULTURAL","21","CULTURA Y DEPORTE","045","CULTURA","0100","PROMOCION Y DESARROLLO CULTURAL","00001","0167390","IMPLEMENTACION DE ACCIONES PARA LA VALORACION Y EL RECONOCIMIENTO A LA ACTIVIDAD ARTISTICA Y CULTURAL","04","AREQUIPA","5","RECURSOS DETERMINADOS","08","IMPUESTOS MUNICIPALES","0","NORMAL","5","GASTO CORRIENTE","2","3","BIENES Y SERVICIOS","2","CONTRATACION DE SERVICIOS","8","CONTRATO ADMINISTRATIVO DE SERVICIOS","1","CONTRATO ADMINISTRATIVO DE SERVICIOS","1","CONTRATO ADMINISTRATIVO DE SERVICIOS","0","47400","47400","0","0","0","0","0","0","0","0","0","0","0","0","0","0","0"
"2019","M","GOBIERNOS LOCALES"," "," "," "," ","300331","040101","MUNICIPALIDAD PROVINCIAL DE AREQUIPA","04","AREQUIPA","01","AREQUIPA","01","AREQUIPA","106","0140","DESARROLLO Y PROMOCION DE LAS ARTES E INDUSTRIAS CULTURALES","3","ACTIVIDAD","3000773","POBLACION SE BENEFICIA DE UNA OFERTA CULTURAL DIVERSA Y RECONOCIDA A NIVEL NACIONAL E INTERNACIONAL","5005769","IMPLEMENTACION DE ACCIONES PARA LA VALORACION Y EL RECONOCIMIENTO A LA ACTIVIDAD ARTISTICA Y CULTURAL","21","CULTURA Y DEPORTE","045","CULTURA","0100","PROMOCION Y DESARROLLO CULTURAL","00001","0167390","IMPLEMENTACION DE ACCIONES PARA LA VALORACION Y EL RECONOCIMIENTO A LA ACTIVIDAD ARTISTICA Y CULTURAL","04","AREQUIPA","5","RECURSOS DETERMINADOS","08","IMPUESTOS MUNICIPALES","0","NORMAL","5","GASTO CORRIENTE","2","3","BIENES Y SERVICIOS","2","CONTRATACION DE SERVICIOS","8","CONTRATO ADMINISTRATIVO DE SERVICIOS","1","CONTRATO ADMINISTRATIVO DE SERVICIOS","1","CONTRATO ADMINISTRATIVO DE SERVICIOS","0","0","0","47276.67","41502.97","0","0","0","0","0","0","9781.49","10879.73","0","10806.46","0","7542.97","39010.65"
"2019","M","GOBIERNOS LOCALES"," "," "," "," ","300331","040101","MUNICIPALIDAD PROVINCIAL DE AREQUIPA","04","AREQUIPA","01","AREQUIPA","01","AREQUIPA","106","0140","DESARROLLO Y PROMOCION DE LAS ARTES E INDUSTRIAS CULTURALES","3","ACTIVIDAD","3000773","POBLACION SE BENEFICIA DE UNA OFERTA CULTURAL DIVERSA Y RECONOCIDA A NIVEL NACIONAL E INTERNACIONAL","5005769","IMPLEMENTACION DE ACCIONES PARA LA VALORACION Y EL RECONOCIMIENTO A LA ACTIVIDAD ARTISTICA Y CULTURAL","21","CULTURA Y DEPORTE","045","CULTURA","0100","PROMOCION Y DESARROLLO CULTURAL","00001","0167390","IMPLEMENTACION DE ACCIONES PARA LA VALORACION Y EL RECONOCIMIENTO A LA ACTIVIDAD ARTISTICA Y CULTURAL","04","AREQUIPA","5","RECURSOS DETERMINADOS","08","IMPUESTOS MUNICIPALES","0","NORMAL","5","GASTO CORRIENTE","2","3","BIENES Y SERVICIOS","2","CONTRATACION DE SERVICIOS","8","CONTRATO ADMINISTRATIVO DE SERVICIOS","1","CONTRATO ADMINISTRATIVO DE SERVICIOS","2","CONTRIBUCIONES A ESSALUD DE C.A.S.","0","2042","2042","0","0","0","0","0","0","0","0","0","0","0","0","0","0","0"
"2019","M","GOBIERNOS LOCALES"," "," "," "," ","300331","040101","MUNICIPALIDAD PROVINCIAL DE AREQUIPA","04","AREQUIPA","01","AREQUIPA","01","AREQUIPA","106","0140","DESARROLLO Y PROMOCION DE LAS ARTES E INDUSTRIAS CULTURALES","3","ACTIVIDAD","3000773","POBLACION SE BENEFICIA DE UNA OFERTA CULTURAL DIVERSA Y RECONOCIDA A NIVEL NACIONAL E INTERNACIONAL","5005769","IMPLEMENTACION DE ACCIONES PARA LA VALORACION Y EL RECONOCIMIENTO A LA ACTIVIDAD ARTISTICA Y CULTURAL","21","CULTURA Y DEPORTE","045","CULTURA","0100","PROMOCION Y DESARROLLO CULTURAL","00001","0167390","IMPLEMENTACION DE ACCIONES PARA LA VALORACION Y EL RECONOCIMIENTO A LA ACTIVIDAD ARTISTICA Y CULTURAL","04","AREQUIPA","5","RECURSOS DETERMINADOS","08","IMPUESTOS MUNICIPALES","0","NORMAL","5","GASTO CORRIENTE","2","3","BIENES Y SERVICIOS","2","CONTRATACION DE SERVICIOS","8","CONTRATO ADMINISTRATIVO DE SERVICIOS","1","CONTRATO ADMINISTRATIVO DE SERVICIOS","2","CONTRIBUCIONES A ESSALUD DE C.A.S.","0","0","0","2041.20","2041.20","0","0","0","0","0","0","0","680.40","0","680.40","0","680.40","2041.20"
"2019","M","GOBIERNOS LOCALES"," "," "," "," ","300331","040101","MUNICIPALIDAD PROVINCIAL DE AREQUIPA","04","AREQUIPA","01","AREQUIPA","01","AREQUIPA","106","0140","DESARROLLO Y PROMOCION DE LAS ARTES E INDUSTRIAS CULTURALES","3","ACTIVIDAD","3000773","POBLACION SE BENEFICIA DE UNA OFERTA CULTURAL DIVERSA Y RECONOCIDA A NIVEL NACIONAL E INTERNACIONAL","5005769","IMPLEMENTACION DE ACCIONES PARA LA VALORACION Y EL RECONOCIMIENTO A LA ACTIVIDAD ARTISTICA Y CULTURAL","21","CULTURA Y DEPORTE","045","CULTURA","0100","PROMOCION Y DESARROLLO CULTURAL","00001","0167390","IMPLEMENTACION DE ACCIONES PARA LA VALORACION Y EL RECONOCIMIENTO A LA ACTIVIDAD ARTISTICA Y CULTURAL","04","AREQUIPA","5","RECURSOS DETERMINADOS","08","IMPUESTOS MUNICIPALES","0","NORMAL","5","GASTO CORRIENTE","2","3","BIENES Y SERVICIOS","2","CONTRATACION DE SERVICIOS","8","CONTRATO ADMINISTRATIVO DE SERVICIOS","1","CONTRATO ADMINISTRATIVO DE SERVICIOS","4","AGUINALDOS DE C.A.S.","0","2277","2277","0","0","0","0","0","0","0","0","0","0","0","0","0","0","0"
"2019","M","GOBIERNOS LOCALES"," "," "," "," ","300331","040101","MUNICIPALIDAD PROVINCIAL DE AREQUIPA","04","AREQUIPA","01","AREQUIPA","01","AREQUIPA","106","0140","DESARROLLO Y PROMOCION DE LAS ARTES E INDUSTRIAS CULTURALES","3","ACTIVIDAD","3000773","POBLACION SE BENEFICIA DE UNA OFERTA CULTURAL DIVERSA Y RECONOCIDA A NIVEL NACIONAL E INTERNACIONAL","5005769","IMPLEMENTACION DE ACCIONES PARA LA VALORACION Y EL RECONOCIMIENTO A LA ACTIVIDAD ARTISTICA Y CULTURAL","21","CULTURA Y DEPORTE","045","CULTURA","0100","PROMOCION Y DESARROLLO CULTURAL","00001","0167390","IMPLEMENTACION DE ACCIONES PARA LA VALORACION Y EL RECONOCIMIENTO A LA ACTIVIDAD ARTISTICA Y CULTURAL","04","AREQUIPA","5","RECURSOS DETERMINADOS","08","IMPUESTOS MUNICIPALES","0","NORMAL","5","GASTO CORRIENTE","2","3","BIENES Y SERVICIOS","2","CONTRATACION DE SERVICIOS","8","CONTRATO ADMINISTRATIVO DE SERVICIOS","1","CONTRATO ADMINISTRATIVO DE SERVICIOS","4","AGUINALDOS DE C.A.S.","0","0","0","2276.67","2276.67","0","0","0","0","0","0","600","0","0","0","0","1676.67","2276.67"
"2019","M","GOBIERNOS LOCALES"," "," "," "," ","300331","040101","MUNICIPALIDAD PROVINCIAL DE AREQUIPA","04","AREQUIPA","01","AREQUIPA","01","AREQUIPA","106","0140","DESARROLLO Y PROMOCION DE LAS ARTES E INDUSTRIAS CULTURALES","3","ACTIVIDAD","3000773","POBLACION SE BENEFICIA DE UNA OFERTA CULTURAL DIVERSA Y RECONOCIDA A NIVEL NACIONAL E INTERNACIONAL","5005769","IMPLEMENTACION DE ACCIONES PARA LA VALORACION Y EL RECONOCIMIENTO A LA ACTIVIDAD ARTISTICA Y CULTURAL","21","CULTURA Y DEPORTE","045","CULTURA","0100","PROMOCION Y DESARROLLO CULTURAL","00001","0167390","IMPLEMENTACION DE ACCIONES PARA LA VALORACION Y EL RECONOCIMIENTO A LA ACTIVIDAD ARTISTICA Y CULTURAL","04","AREQUIPA","5","RECURSOS DETERMINADOS","08","IMPUESTOS MUNICIPALES","0","NORMAL","6","GASTO DE CAPITAL","2","6","ADQUISICION DE ACTIVOS NO FINANCIEROS","3","ADQUISICION DE VEHICULOS, MAQUINARIAS Y OTROS","2","ADQUISICION DE MAQUINARIAS, EQUIPO Y MOBILIARIO","9","ADQUISICION DE MAQUINARIA Y EQUIPO DIVERSOS","99","MAQUINARIAS, EQUIPOS Y MOBILIARIOS DE OTRAS INSTALACIONES","0","5759","5759","0","0","0","0","0","0","0","0","0","0","0","0","0","0","0"
"2019","M","GOBIERNOS LOCALES"," "," "," "," ","300331","040101","MUNICIPALIDAD PROVINCIAL DE AREQUIPA","04","AREQUIPA","01","AREQUIPA","01","AREQUIPA","106","0140","DESARROLLO Y PROMOCION DE LAS ARTES E INDUSTRIAS CULTURALES","3","ACTIVIDAD","3000773","POBLACION SE BENEFICIA DE UNA OFERTA CULTURAL DIVERSA Y RECONOCIDA A NIVEL NACIONAL E INTERNACIONAL","5005769","IMPLEMENTACION DE ACCIONES PARA LA VALORACION Y EL RECONOCIMIENTO A LA ACTIVIDAD ARTISTICA Y CULTURAL","21","CULTURA Y DEPORTE","045","CULTURA","0100","PROMOCION Y DESARROLLO CULTURAL","00001","0167390","IMPLEMENTACION DE ACCIONES PARA LA VALORACION Y EL RECONOCIMIENTO A LA ACTIVIDAD ARTISTICA Y CULTURAL","04","AREQUIPA","5","RECURSOS DETERMINADOS","08","IMPUESTOS MUNICIPALES","0","NORMAL","6","GASTO DE CAPITAL","2","6","ADQUISICION DE ACTIVOS NO FINANCIEROS","3","ADQUISICION DE VEHICULOS, MAQUINARIAS Y OTROS","2","ADQUISICION DE MAQUINARIAS, EQUIPO Y MOBILIARIO","9","ADQUISICION DE MAQUINARIA Y EQUIPO DIVERSOS","99","MAQUINARIAS, EQUIPOS Y MOBILIARIOS DE OTRAS INSTALACIONES","0","0","0","5758.80","5758.80","0","0","0","0","0","0","0","0","0","0","0","0","0"
"2019","M","GOBIERNOS LOCALES"," "," "," "," ","300331","040101","MUNICIPALIDAD PROVINCIAL DE AREQUIPA","04","AREQUIPA","01","AREQUIPA","01","AREQUIPA","106","0140","DESARROLLO Y PROMOCION DE LAS ARTES E INDUSTRIAS CULTURALES","3","ACTIVIDAD","3000773","POBLACION SE BENEFICIA DE UNA OFERTA CULTURAL DIVERSA Y RECONOCIDA A NIVEL NACIONAL E INTERNACIONAL","5005769","IMPLEMENTACION DE ACCIONES PARA LA VALORACION Y EL RECONOCIMIENTO A LA ACTIVIDAD ARTISTICA Y CULTURAL","21","CULTURA Y DEPORTE","045","CULTURA","0100","PROMOCION Y DESARROLLO CULTURAL","00001","0167390","IMPLEMENTACION DE ACCIONES PARA LA VALORACION Y EL RECONOCIMIENTO A LA ACTIVIDAD ARTISTICA Y CULTURAL","04","AREQUIPA","5","RECURSOS DETERMINADOS","08","IMPUESTOS MUNICIPALES","3","SUB CUENTA - TRAGAMONEDAS","6","GASTO DE CAPITAL","2","6","ADQUISICION DE ACTIVOS NO FINANCIEROS","3","ADQUISICION DE VEHICULOS, MAQUINARIAS Y OTROS","2","ADQUISICION DE MAQUINARIAS, EQUIPO Y MOBILIARIO","9","ADQUISICION DE MAQUINARIA Y EQUIPO DIVERSOS","99","MAQUINARIAS, EQUIPOS Y MOBILIARIOS DE OTRAS INSTALACIONES","0","0","0","0","0","0","0","0","0","0","0","0","0","0","0","5758.80","0","5758.80"
"2019","M","GOBIERNOS LOCALES"," "," "," "," ","300331","040101","MUNICIPALIDAD PROVINCIAL DE AREQUIPA","04","AREQUIPA","01","AREQUIPA","01","AREQUIPA","106","0140","DESARROLLO Y PROMOCION DE LAS ARTES E INDUSTRIAS CULTURALES","3","ACTIVIDAD","3000773","POBLACION SE BENEFICIA DE UNA OFERTA CULTURAL DIVERSA Y RECONOCIDA A NIVEL NACIONAL E INTERNACIONAL","5005769","IMPLEMENTACION DE ACCIONES PARA LA VALORACION Y EL RECONOCIMIENTO A LA ACTIVIDAD ARTISTICA Y CULTURAL","21","CULTURA Y DEPORTE","045","CULTURA","0100","PROMOCION Y DESARROLLO CULTURAL","00001","0167390","IMPLEMENTACION DE ACCIONES PARA LA VALORACION Y EL RECONOCIMIENTO A LA ACTIVIDAD ARTISTICA Y CULTURAL","04","AREQUIPA","5","RECURSOS DETERMINADOS","08","IMPUESTOS MUNICIPALES","7","SUB CUENTA - IMPUESTOS MUNICIPALES","5","GASTO CORRIENTE","2","3","BIENES Y SERVICIOS","2","CONTRATACION DE SERVICIOS","8","CONTRATO ADMINISTRATIVO DE SERVICIOS","1","CONTRATO ADMINISTRATIVO DE SERVICIOS","1","CONTRATO ADMINISTRATIVO DE SERVICIOS","0","0","0","0","0","0","0","0","0","0","0","818.51","840.27","0","833.54","0","0","2492.32"
"2019","M","GOBIERNOS LOCALES"," "," "," "," ","300331","040101","MUNICIPALIDAD PROVINCIAL DE AREQUIPA","04","AREQUIPA","01","AREQUIPA","01","AREQUIPA","107","0140","DESARROLLO Y PROMOCION DE LAS ARTES E INDUSTRIAS CULTURALES","3","ACTIVIDAD","3000773","POBLACION SE BENEFICIA DE UNA OFERTA CULTURAL DIVERSA Y RECONOCIDA A NIVEL NACIONAL E INTERNACIONAL","5005770","IMPLEMENTACION DE ACCIONES PARA EL ACCESO Y LA APRECIACION DE LA DIVERSIDAD DE EXPRESIONES ARTISTICAS ","21","CULTURA Y DEPORTE","045","CULTURA","0100","PROMOCION Y DESARROLLO CULTURAL","00001","0167391","IMPLEMENTACION DE ACCIONES PARA EL ACCESO Y LA APRECIACION DE LA DIVERSIDAD DE EXPRESIONES ARTISTICAS","04","AREQUIPA","2","RECURSOS DIRECTAMENTE RECAUDADOS","09","RECURSOS DIRECTAMENTE RECAUDADOS","0","NORMAL","5","GASTO CORRIENTE","2","1","PERSONAL Y OBLIGACIONES SOCIALES","1","RETRIBUCIONES Y COMPLEMENTOS EN EFECTIVO","1","PERSONAL ADMINISTRATIVO","1","PERSONAL ADMINISTRATIVO","2","PERSONAL ADMINISTRATIVO NOMBRADO (REGIMEN PUBLICO)","0","55860","55860","0","0","0","0","0","0","0","0","0","0","0","0","0","0","0"
"2019","M","GOBIERNOS LOCALES"," "," "," "," ","300331","040101","MUNICIPALIDAD PROVINCIAL DE AREQUIPA","04","AREQUIPA","01","AREQUIPA","01","AREQUIPA","107","0140","DESARROLLO Y PROMOCION DE LAS ARTES E INDUSTRIAS CULTURALES","3","ACTIVIDAD","3000773","POBLACION SE BENEFICIA DE UNA OFERTA CULTURAL DIVERSA Y RECONOCIDA A NIVEL NACIONAL E INTERNACIONAL","5005770","IMPLEMENTACION DE ACCIONES PARA EL ACCESO Y LA APRECIACION DE LA DIVERSIDAD DE EXPRESIONES ARTISTICAS ","21","CULTURA Y DEPORTE","045","CULTURA","0100","PROMOCION Y DESARROLLO CULTURAL","00001","0167391","IMPLEMENTACION DE ACCIONES PARA EL ACCESO Y LA APRECIACION DE LA DIVERSIDAD DE EXPRESIONES ARTISTICAS","04","AREQUIPA","2","RECURSOS DIRECTAMENTE RECAUDADOS","09","RECURSOS DIRECTAMENTE RECAUDADOS","0","NORMAL","5","GASTO CORRIENTE","2","1","PERSONAL Y OBLIGACIONES SOCIALES","1","RETRIBUCIONES Y COMPLEMENTOS EN EFECTIVO","1","PERSONAL ADMINISTRATIVO","1","PERSONAL ADMINISTRATIVO","2","PERSONAL ADMINISTRATIVO NOMBRADO (REGIMEN PUBLICO)","0","0","0","55858.46","55858.46","0","0","0","0","0","0","0","0","0","0","0","0","0"
"2019","M","GOBIERNOS LOCALES"," "," "," "," ","300331","040101","MUNICIPALIDAD PROVINCIAL DE AREQUIPA","04","AREQUIPA","01","AREQUIPA","01","AREQUIPA","107","0140","DESARROLLO Y PROMOCION DE LAS ARTES E INDUSTRIAS CULTURALES","3","ACTIVIDAD","3000773","POBLACION SE BENEFICIA DE UNA OFERTA CULTURAL DIVERSA Y RECONOCIDA A NIVEL NACIONAL E INTERNACIONAL","5005770","IMPLEMENTACION DE ACCIONES PARA EL ACCESO Y LA APRECIACION DE LA DIVERSIDAD DE EXPRESIONES ARTISTICAS ","21","CULTURA Y DEPORTE","045","CULTURA","0100","PROMOCION Y DESARROLLO CULTURAL","00001","0167391","IMPLEMENTACION DE ACCIONES PARA EL ACCESO Y LA APRECIACION DE LA DIVERSIDAD DE EXPRESIONES ARTISTICAS","04","AREQUIPA","2","RECURSOS DIRECTAMENTE RECAUDADOS","09","RECURSOS DIRECTAMENTE RECAUDADOS","0","NORMAL","5","GASTO CORRIENTE","2","1","PERSONAL Y OBLIGACIONES SOCIALES","1","RETRIBUCIONES Y COMPLEMENTOS EN EFECTIVO","1","PERSONAL ADMINISTRATIVO","1","PERSONAL ADMINISTRATIVO","9","PERSONAL DE CONFIANZA (RÉGIMEN LABORAL PÚBLICO)","0","28000","28000","0","0","0","0","0","0","0","0","0","0","0","0","0","0","0"
"2019","M","GOBIERNOS LOCALES"," "," "," "," ","300331","040101","MUNICIPALIDAD PROVINCIAL DE AREQUIPA","04","AREQUIPA","01","AREQUIPA","01","AREQUIPA","107","0140","DESARROLLO Y PROMOCION DE LAS ARTES E INDUSTRIAS CULTURALES","3","ACTIVIDAD","3000773","POBLACION SE BENEFICIA DE UNA OFERTA CULTURAL DIVERSA Y RECONOCIDA A NIVEL NACIONAL E INTERNACIONAL","5005770","IMPLEMENTACION DE ACCIONES PARA EL ACCESO Y LA APRECIACION DE LA DIVERSIDAD DE EXPRESIONES ARTISTICAS ","21","CULTURA Y DEPORTE","045","CULTURA","0100","PROMOCION Y DESARROLLO CULTURAL","00001","0167391","IMPLEMENTACION DE ACCIONES PARA EL ACCESO Y LA APRECIACION DE LA DIVERSIDAD DE EXPRESIONES ARTISTICAS","04","AREQUIPA","2","RECURSOS DIRECTAMENTE RECAUDADOS","09","RECURSOS DIRECTAMENTE RECAUDADOS","0","NORMAL","5","GASTO CORRIENTE","2","1","PERSONAL Y OBLIGACIONES SOCIALES","1","RETRIBUCIONES Y COMPLEMENTOS EN EFECTIVO","1","PERSONAL ADMINISTRATIVO","1","PERSONAL ADMINISTRATIVO","9","PERSONAL DE CONFIANZA (RÉGIMEN LABORAL PÚBLICO)","0","0","0","28000","28000","0","0","0","0","0","0","0","0","0","0","0","0","0"
"2019","M","GOBIERNOS LOCALES"," "," "," "," ","300331","040101","MUNICIPALIDAD PROVINCIAL DE AREQUIPA","04","AREQUIPA","01","AREQUIPA","01","AREQUIPA","107","0140","DESARROLLO Y PROMOCION DE LAS ARTES E INDUSTRIAS CULTURALES","3","ACTIVIDAD","3000773","POBLACION SE BENEFICIA DE UNA OFERTA CULTURAL DIVERSA Y RECONOCIDA A NIVEL NACIONAL E INTERNACIONAL","5005770","IMPLEMENTACION DE ACCIONES PARA EL ACCESO Y LA APRECIACION DE LA DIVERSIDAD DE EXPRESIONES ARTISTICAS ","21","CULTURA Y DEPORTE","045","CULTURA","0100","PROMOCION Y DESARROLLO CULTURAL","00001","0167391","IMPLEMENTACION DE ACCIONES PARA EL ACCESO Y LA APRECIACION DE LA DIVERSIDAD DE EXPRESIONES ARTISTICAS","04","AREQUIPA","2","RECURSOS DIRECTAMENTE RECAUDADOS","09","RECURSOS DIRECTAMENTE RECAUDADOS","0","NORMAL","5","GASTO CORRIENTE","2","1","PERSONAL Y OBLIGACIONES SOCIALES","1","RETRIBUCIONES Y COMPLEMENTOS EN EFECTIVO","1","PERSONAL ADMINISTRATIVO","2","OTRAS RETRIBUCIONES Y COMPLEMENTOS","99","OTRAS RETRIBUCIONES Y COMPLEMENTOS","0","53120","53120","0","0","0","0","0","0","0","0","0","0","0","0","0","0","0"
"2019","M","GOBIERNOS LOCALES"," "," "," "," ","300331","040101","MUNICIPALIDAD PROVINCIAL DE AREQUIPA","04","AREQUIPA","01","AREQUIPA","01","AREQUIPA","107","0140","DESARROLLO Y PROMOCION DE LAS ARTES E INDUSTRIAS CULTURALES","3","ACTIVIDAD","3000773","POBLACION SE BENEFICIA DE UNA OFERTA CULTURAL DIVERSA Y RECONOCIDA A NIVEL NACIONAL E INTERNACIONAL","5005770","IMPLEMENTACION DE ACCIONES PARA EL ACCESO Y LA APRECIACION DE LA DIVERSIDAD DE EXPRESIONES ARTISTICAS ","21","CULTURA Y DEPORTE","045","CULTURA","0100","PROMOCION Y DESARROLLO CULTURAL","00001","0167391","IMPLEMENTACION DE ACCIONES PARA EL ACCESO Y LA APRECIACION DE LA DIVERSIDAD DE EXPRESIONES ARTISTICAS","04","AREQUIPA","2","RECURSOS DIRECTAMENTE RECAUDADOS","09","RECURSOS DIRECTAMENTE RECAUDADOS","0","NORMAL","5","GASTO CORRIENTE","2","1","PERSONAL Y OBLIGACIONES SOCIALES","1","RETRIBUCIONES Y COMPLEMENTOS EN EFECTIVO","1","PERSONAL ADMINISTRATIVO","2","OTRAS RETRIBUCIONES Y COMPLEMENTOS","99","OTRAS RETRIBUCIONES Y COMPLEMENTOS","0","0","0","53120","53120","0","0","0","0","0","0","0","0","0","0","0","0","0"
"2019","M","GOBIERNOS LOCALES"," "," "," "," ","300331","040101","MUNICIPALIDAD PROVINCIAL DE AREQUIPA","04","AREQUIPA","01","AREQUIPA","01","AREQUIPA","107","0140","DESARROLLO Y PROMOCION DE LAS ARTES E INDUSTRIAS CULTURALES","3","ACTIVIDAD","3000773","POBLACION SE BENEFICIA DE UNA OFERTA CULTURAL DIVERSA Y RECONOCIDA A NIVEL NACIONAL E INTERNACIONAL","5005770","IMPLEMENTACION DE ACCIONES PARA EL ACCESO Y LA APRECIACION DE LA DIVERSIDAD DE EXPRESIONES ARTISTICAS ","21","CULTURA Y DEPORTE","045","CULTURA","0100","PROMOCION Y DESARROLLO CULTURAL","00001","0167391","IMPLEMENTACION DE ACCIONES PARA EL ACCESO Y LA APRECIACION DE LA DIVERSIDAD DE EXPRESIONES ARTISTICAS","04","AREQUIPA","2","RECURSOS DIRECTAMENTE RECAUDADOS","09","RECURSOS DIRECTAMENTE RECAUDADOS","0","NORMAL","5","GASTO CORRIENTE","2","1","PERSONAL Y OBLIGACIONES SOCIALES","1","RETRIBUCIONES Y COMPLEMENTOS EN EFECTIVO","9","GASTOS VARIABLES Y OCASIONALES","1","ESCOLARIDAD, AGUINALDOS Y GRATIFICACIONES","2","AGUINALDOS","0","123704","123704","0","0","0","0","0","0","0","0","0","0","0","0","0","0","0"
"2019","M","GOBIERNOS LOCALES"," "," "," "," ","300331","040101","MUNICIPALIDAD PROVINCIAL DE AREQUIPA","04","AREQUIPA","01","AREQUIPA","01","AREQUIPA","107","0140","DESARROLLO Y PROMOCION DE LAS ARTES E INDUSTRIAS CULTURALES","3","ACTIVIDAD","3000773","POBLACION SE BENEFICIA DE UNA OFERTA CULTURAL DIVERSA Y RECONOCIDA A NIVEL NACIONAL E INTERNACIONAL","5005770","IMPLEMENTACION DE ACCIONES PARA EL ACCESO Y LA APRECIACION DE LA DIVERSIDAD DE EXPRESIONES ARTISTICAS ","21","CULTURA Y DEPORTE","045","CULTURA","0100","PROMOCION Y DESARROLLO CULTURAL","00001","0167391","IMPLEMENTACION DE ACCIONES PARA EL ACCESO Y LA APRECIACION DE LA DIVERSIDAD DE EXPRESIONES ARTISTICAS","04","AREQUIPA","2","RECURSOS DIRECTAMENTE RECAUDADOS","09","RECURSOS DIRECTAMENTE RECAUDADOS","0","NORMAL","5","GASTO CORRIENTE","2","1","PERSONAL Y OBLIGACIONES SOCIALES","1","RETRIBUCIONES Y COMPLEMENTOS EN EFECTIVO","9","GASTOS VARIABLES Y OCASIONALES","1","ESCOLARIDAD, AGUINALDOS Y GRATIFICACIONES","2","AGUINALDOS","0","0","0","123703.51","123703.51","0","0","0","0","0","0","0","0","0","0","0","0","0"
"2019","M","GOBIERNOS LOCALES"," "," "," "," ","300331","040101","MUNICIPALIDAD PROVINCIAL DE AREQUIPA","04","AREQUIPA","01","AREQUIPA","01","AREQUIPA","107","0140","DESARROLLO Y PROMOCION DE LAS ARTES E INDUSTRIAS CULTURALES","3","ACTIVIDAD","3000773","POBLACION SE BENEFICIA DE UNA OFERTA CULTURAL DIVERSA Y RECONOCIDA A NIVEL NACIONAL E INTERNACIONAL","5005770","IMPLEMENTACION DE ACCIONES PARA EL ACCESO Y LA APRECIACION DE LA DIVERSIDAD DE EXPRESIONES ARTISTICAS ","21","CULTURA Y DEPORTE","045","CULTURA","0100","PROMOCION Y DESARROLLO CULTURAL","00001","0167391","IMPLEMENTACION DE ACCIONES PARA EL ACCESO Y LA APRECIACION DE LA DIVERSIDAD DE EXPRESIONES ARTISTICAS","04","AREQUIPA","2","RECURSOS DIRECTAMENTE RECAUDADOS","09","RECURSOS DIRECTAMENTE RECAUDADOS","0","NORMAL","5","GASTO CORRIENTE","2","1","PERSONAL Y OBLIGACIONES SOCIALES","1","RETRIBUCIONES Y COMPLEMENTOS EN EFECTIVO","9","GASTOS VARIABLES Y OCASIONALES","1","ESCOLARIDAD, AGUINALDOS Y GRATIFICACIONES","3","BONIFICACION POR ESCOLARIDAD","0","22800","22800","0","0","0","0","0","0","0","0","0","0","0","0","0","0","0"
"2019","M","GOBIERNOS LOCALES"," "," "," "," ","300331","040101","MUNICIPALIDAD PROVINCIAL DE AREQUIPA","04","AREQUIPA","01","AREQUIPA","01","AREQUIPA","107","0140","DESARROLLO Y PROMOCION DE LAS ARTES E INDUSTRIAS CULTURALES","3","ACTIVIDAD","3000773","POBLACION SE BENEFICIA DE UNA OFERTA CULTURAL DIVERSA Y RECONOCIDA A NIVEL NACIONAL E INTERNACIONAL","5005770","IMPLEMENTACION DE ACCIONES PARA EL ACCESO Y LA APRECIACION DE LA DIVERSIDAD DE EXPRESIONES ARTISTICAS ","21","CULTURA Y DEPORTE","045","CULTURA","0100","PROMOCION Y DESARROLLO CULTURAL","00001","0167391","IMPLEMENTACION DE ACCIONES PARA EL ACCESO Y LA APRECIACION DE LA DIVERSIDAD DE EXPRESIONES ARTISTICAS","04","AREQUIPA","2","RECURSOS DIRECTAMENTE RECAUDADOS","09","RECURSOS DIRECTAMENTE RECAUDADOS","0","NORMAL","5","GASTO CORRIENTE","2","1","PERSONAL Y OBLIGACIONES SOCIALES","1","RETRIBUCIONES Y COMPLEMENTOS EN EFECTIVO","9","GASTOS VARIABLES Y OCASIONALES","1","ESCOLARIDAD, AGUINALDOS Y GRATIFICACIONES","3","BONIFICACION POR ESCOLARIDAD","0","0","0","22800","22800","0","0","0","0","0","0","0","0","0","0","0","0","0"
"2019","M","GOBIERNOS LOCALES"," "," "," "," ","300331","040101","MUNICIPALIDAD PROVINCIAL DE AREQUIPA","04","AREQUIPA","01","AREQUIPA","01","AREQUIPA","107","0140","DESARROLLO Y PROMOCION DE LAS ARTES E INDUSTRIAS CULTURALES","3","ACTIVIDAD","3000773","POBLACION SE BENEFICIA DE UNA OFERTA CULTURAL DIVERSA Y RECONOCIDA A NIVEL NACIONAL E INTERNACIONAL","5005770","IMPLEMENTACION DE ACCIONES PARA EL ACCESO Y LA APRECIACION DE LA DIVERSIDAD DE EXPRESIONES ARTISTICAS ","21","CULTURA Y DEPORTE","045","CULTURA","0100","PROMOCION Y DESARROLLO CULTURAL","00001","0167391","IMPLEMENTACION DE ACCIONES PARA EL ACCESO Y LA APRECIACION DE LA DIVERSIDAD DE EXPRESIONES ARTISTICAS","04","AREQUIPA","2","RECURSOS DIRECTAMENTE RECAUDADOS","09","RECURSOS DIRECTAMENTE RECAUDADOS","0","NORMAL","5","GASTO CORRIENTE","2","1","PERSONAL Y OBLIGACIONES SOCIALES","1","RETRIBUCIONES Y COMPLEMENTOS EN EFECTIVO","9","GASTOS VARIABLES Y OCASIONALES","3","OTROS GASTOS VARIABLES Y OCASIONALES","1","ASIGNACION POR CUMPLIR 25 O 30 AÑOS","0","7382","7382","0","0","0","0","0","0","0","0","0","0","0","0","0","0","0"
"2019","M","GOBIERNOS LOCALES"," "," "," "," ","300331","040101","MUNICIPALIDAD PROVINCIAL DE AREQUIPA","04","AREQUIPA","01","AREQUIPA","01","AREQUIPA","107","0140","DESARROLLO Y PROMOCION DE LAS ARTES E INDUSTRIAS CULTURALES","3","ACTIVIDAD","3000773","POBLACION SE BENEFICIA DE UNA OFERTA CULTURAL DIVERSA Y RECONOCIDA A NIVEL NACIONAL E INTERNACIONAL","5005770","IMPLEMENTACION DE ACCIONES PARA EL ACCESO Y LA APRECIACION DE LA DIVERSIDAD DE EXPRESIONES ARTISTICAS ","21","CULTURA Y DEPORTE","045","CULTURA","0100","PROMOCION Y DESARROLLO CULTURAL","00001","0167391","IMPLEMENTACION DE ACCIONES PARA EL ACCESO Y LA APRECIACION DE LA DIVERSIDAD DE EXPRESIONES ARTISTICAS","04","AREQUIPA","2","RECURSOS DIRECTAMENTE RECAUDADOS","09","RECURSOS DIRECTAMENTE RECAUDADOS","0","NORMAL","5","GASTO CORRIENTE","2","1","PERSONAL Y OBLIGACIONES SOCIALES","1","RETRIBUCIONES Y COMPLEMENTOS EN EFECTIVO","9","GASTOS VARIABLES Y OCASIONALES","3","OTROS GASTOS VARIABLES Y OCASIONALES","1","ASIGNACION POR CUMPLIR 25 O 30 AÑOS","0","0","0","7382","7382","0","0","0","0","0","0","0","0","0","0","0","0","0"
"2019","M","GOBIERNOS LOCALES"," "," "," "," ","300331","040101","MUNICIPALIDAD PROVINCIAL DE AREQUIPA","04","AREQUIPA","01","AREQUIPA","01","AREQUIPA","107","0140","DESARROLLO Y PROMOCION DE LAS ARTES E INDUSTRIAS CULTURALES","3","ACTIVIDAD","3000773","POBLACION SE BENEFICIA DE UNA OFERTA CULTURAL DIVERSA Y RECONOCIDA A NIVEL NACIONAL E INTERNACIONAL","5005770","IMPLEMENTACION DE ACCIONES PARA EL ACCESO Y LA APRECIACION DE LA DIVERSIDAD DE EXPRESIONES ARTISTICAS ","21","CULTURA Y DEPORTE","045","CULTURA","0100","PROMOCION Y DESARROLLO CULTURAL","00001","0167391","IMPLEMENTACION DE ACCIONES PARA EL ACCESO Y LA APRECIACION DE LA DIVERSIDAD DE EXPRESIONES ARTISTICAS","04","AREQUIPA","2","RECURSOS DIRECTAMENTE RECAUDADOS","09","RECURSOS DIRECTAMENTE RECAUDADOS","0","NORMAL","5","GASTO CORRIENTE","2","1","PERSONAL Y OBLIGACIONES SOCIALES","1","RETRIBUCIONES Y COMPLEMENTOS EN EFECTIVO","9","GASTOS VARIABLES Y OCASIONALES","3","OTROS GASTOS VARIABLES Y OCASIONALES","2","BONIFICACION ADICIONAL POR VACACIONES","0","300","300","0","0","0","0","0","0","0","0","0","0","0","0","0","0","0"
"2019","M","GOBIERNOS LOCALES"," "," "," "," ","300331","040101","MUNICIPALIDAD PROVINCIAL DE AREQUIPA","04","AREQUIPA","01","AREQUIPA","01","AREQUIPA","107","0140","DESARROLLO Y PROMOCION DE LAS ARTES E INDUSTRIAS CULTURALES","3","ACTIVIDAD","3000773","POBLACION SE BENEFICIA DE UNA OFERTA CULTURAL DIVERSA Y RECONOCIDA A NIVEL NACIONAL E INTERNACIONAL","5005770","IMPLEMENTACION DE ACCIONES PARA EL ACCESO Y LA APRECIACION DE LA DIVERSIDAD DE EXPRESIONES ARTISTICAS ","21","CULTURA Y DEPORTE","045","CULTURA","0100","PROMOCION Y DESARROLLO CULTURAL","00001","0167391","IMPLEMENTACION DE ACCIONES PARA EL ACCESO Y LA APRECIACION DE LA DIVERSIDAD DE EXPRESIONES ARTISTICAS","04","AREQUIPA","2","RECURSOS DIRECTAMENTE RECAUDADOS","09","RECURSOS DIRECTAMENTE RECAUDADOS","0","NORMAL","5","GASTO CORRIENTE","2","1","PERSONAL Y OBLIGACIONES SOCIALES","1","RETRIBUCIONES Y COMPLEMENTOS EN EFECTIVO","9","GASTOS VARIABLES Y OCASIONALES","3","OTROS GASTOS VARIABLES Y OCASIONALES","2","BONIFICACION ADICIONAL POR VACACIONES","0","0","0","300","300","0","0","0","0","0","0","0","0","0","0","0","0","0"
"2019","M","GOBIERNOS LOCALES"," "," "," "," ","300331","040101","MUNICIPALIDAD PROVINCIAL DE AREQUIPA","04","AREQUIPA","01","AREQUIPA","01","AREQUIPA","107","0140","DESARROLLO Y PROMOCION DE LAS ARTES E INDUSTRIAS CULTURALES","3","ACTIVIDAD","3000773","POBLACION SE BENEFICIA DE UNA OFERTA CULTURAL DIVERSA Y RECONOCIDA A NIVEL NACIONAL E INTERNACIONAL","5005770","IMPLEMENTACION DE ACCIONES PARA EL ACCESO Y LA APRECIACION DE LA DIVERSIDAD DE EXPRESIONES ARTISTICAS ","21","CULTURA Y DEPORTE","045","CULTURA","0100","PROMOCION Y DESARROLLO CULTURAL","00001","0167391","IMPLEMENTACION DE ACCIONES PARA EL ACCESO Y LA APRECIACION DE LA DIVERSIDAD DE EXPRESIONES ARTISTICAS","04","AREQUIPA","2","RECURSOS DIRECTAMENTE RECAUDADOS","09","RECURSOS DIRECTAMENTE RECAUDADOS","0","NORMAL","5","GASTO CORRIENTE","2","1","PERSONAL Y OBLIGACIONES SOCIALES","3","CONTRIBUCIONES A LA SEGURIDAD SOCIAL","1","OBLIGACIONES DEL EMPLEADOR","1","OBLIGACIONES DEL EMPLEADOR","5","CONTRIBUCIONES A ESSALUD","0","47319","47319","0","0","0","0","0","0","0","0","0","0","0","0","0","0","0"
"2019","M","GOBIERNOS LOCALES"," "," "," "," ","300331","040101","MUNICIPALIDAD PROVINCIAL DE AREQUIPA","04","AREQUIPA","01","AREQUIPA","01","AREQUIPA","107","0140","DESARROLLO Y PROMOCION DE LAS ARTES E INDUSTRIAS CULTURALES","3","ACTIVIDAD","3000773","POBLACION SE BENEFICIA DE UNA OFERTA CULTURAL DIVERSA Y RECONOCIDA A NIVEL NACIONAL E INTERNACIONAL","5005770","IMPLEMENTACION DE ACCIONES PARA EL ACCESO Y LA APRECIACION DE LA DIVERSIDAD DE EXPRESIONES ARTISTICAS ","21","CULTURA Y DEPORTE","045","CULTURA","0100","PROMOCION Y DESARROLLO CULTURAL","00001","0167391","IMPLEMENTACION DE ACCIONES PARA EL ACCESO Y LA APRECIACION DE LA DIVERSIDAD DE EXPRESIONES ARTISTICAS","04","AREQUIPA","2","RECURSOS DIRECTAMENTE RECAUDADOS","09","RECURSOS DIRECTAMENTE RECAUDADOS","0","NORMAL","5","GASTO CORRIENTE","2","1","PERSONAL Y OBLIGACIONES SOCIALES","3","CONTRIBUCIONES A LA SEGURIDAD SOCIAL","1","OBLIGACIONES DEL EMPLEADOR","1","OBLIGACIONES DEL EMPLEADOR","5","CONTRIBUCIONES A ESSALUD","0","0","0","46427","46426.19","0","0","0","0","0","0","0","0","0","0","0","0","0"
"2019","M","GOBIERNOS LOCALES"," "," "," "," ","300331","040101","MUNICIPALIDAD PROVINCIAL DE AREQUIPA","04","AREQUIPA","01","AREQUIPA","01","AREQUIPA","107","0140","DESARROLLO Y PROMOCION DE LAS ARTES E INDUSTRIAS CULTURALES","3","ACTIVIDAD","3000773","POBLACION SE BENEFICIA DE UNA OFERTA CULTURAL DIVERSA Y RECONOCIDA A NIVEL NACIONAL E INTERNACIONAL","5005770","IMPLEMENTACION DE ACCIONES PARA EL ACCESO Y LA APRECIACION DE LA DIVERSIDAD DE EXPRESIONES ARTISTICAS ","21","CULTURA Y DEPORTE","045","CULTURA","0100","PROMOCION Y DESARROLLO CULTURAL","00001","0167391","IMPLEMENTACION DE ACCIONES PARA EL ACCESO Y LA APRECIACION DE LA DIVERSIDAD DE EXPRESIONES ARTISTICAS","04","AREQUIPA","2","RECURSOS DIRECTAMENTE RECAUDADOS","09","RECURSOS DIRECTAMENTE RECAUDADOS","0","NORMAL","5","GASTO CORRIENTE","2","3","BIENES Y SERVICIOS","1","COMPRA DE BIENES","1","ALIMENTOS Y BEBIDAS","1","ALIMENTOS Y BEBIDAS","1","ALIMENTOS Y BEBIDAS PARA CONSUMO HUMANO","0","4127","4127","0","0","0","0","0","0","0","0","0","0","0","0","0","0","0"
"2019","M","GOBIERNOS LOCALES"," "," "," "," ","300331","040101","MUNICIPALIDAD PROVINCIAL DE AREQUIPA","04","AREQUIPA","01","AREQUIPA","01","AREQUIPA","107","0140","DESARROLLO Y PROMOCION DE LAS ARTES E INDUSTRIAS CULTURALES","3","ACTIVIDAD","3000773","POBLACION SE BENEFICIA DE UNA OFERTA CULTURAL DIVERSA Y RECONOCIDA A NIVEL NACIONAL E INTERNACIONAL","5005770","IMPLEMENTACION DE ACCIONES PARA EL ACCESO Y LA APRECIACION DE LA DIVERSIDAD DE EXPRESIONES ARTISTICAS ","21","CULTURA Y DEPORTE","045","CULTURA","0100","PROMOCION Y DESARROLLO CULTURAL","00001","0167391","IMPLEMENTACION DE ACCIONES PARA EL ACCESO Y LA APRECIACION DE LA DIVERSIDAD DE EXPRESIONES ARTISTICAS","04","AREQUIPA","2","RECURSOS DIRECTAMENTE RECAUDADOS","09","RECURSOS DIRECTAMENTE RECAUDADOS","0","NORMAL","5","GASTO CORRIENTE","2","3","BIENES Y SERVICIOS","1","COMPRA DE BIENES","1","ALIMENTOS Y BEBIDAS","1","ALIMENTOS Y BEBIDAS","1","ALIMENTOS Y BEBIDAS PARA CONSUMO HUMANO","0","0","0","4127","4126.50","0","0","0","0","0","0","0","0","0","0","0","0","0"
"2019","M","GOBIERNOS LOCALES"," "," "," "," ","300331","040101","MUNICIPALIDAD PROVINCIAL DE AREQUIPA","04","AREQUIPA","01","AREQUIPA","01","AREQUIPA","107","0140","DESARROLLO Y PROMOCION DE LAS ARTES E INDUSTRIAS CULTURALES","3","ACTIVIDAD","3000773","POBLACION SE BENEFICIA DE UNA OFERTA CULTURAL DIVERSA Y RECONOCIDA A NIVEL NACIONAL E INTERNACIONAL","5005770","IMPLEMENTACION DE ACCIONES PARA EL ACCESO Y LA APRECIACION DE LA DIVERSIDAD DE EXPRESIONES ARTISTICAS ","21","CULTURA Y DEPORTE","045","CULTURA","0100","PROMOCION Y DESARROLLO CULTURAL","00001","0167391","IMPLEMENTACION DE ACCIONES PARA EL ACCESO Y LA APRECIACION DE LA DIVERSIDAD DE EXPRESIONES ARTISTICAS","04","AREQUIPA","2","RECURSOS DIRECTAMENTE RECAUDADOS","09","RECURSOS DIRECTAMENTE RECAUDADOS","0","NORMAL","5","GASTO CORRIENTE","2","3","BIENES Y SERVICIOS","1","COMPRA DE BIENES","5","MATERIALES Y  UTILES","1","DE OFICINA","2","PAPELERIA EN GENERAL, UTILES Y MATERIALES DE OFICINA","0","526","526","0","0","0","0","0","0","0","0","0","0","0","0","0","0","0"
"2019","M","GOBIERNOS LOCALES"," "," "," "," ","300331","040101","MUNICIPALIDAD PROVINCIAL DE AREQUIPA","04","AREQUIPA","01","AREQUIPA","01","AREQUIPA","107","0140","DESARROLLO Y PROMOCION DE LAS ARTES E INDUSTRIAS CULTURALES","3","ACTIVIDAD","3000773","POBLACION SE BENEFICIA DE UNA OFERTA CULTURAL DIVERSA Y RECONOCIDA A NIVEL NACIONAL E INTERNACIONAL","5005770","IMPLEMENTACION DE ACCIONES PARA EL ACCESO Y LA APRECIACION DE LA DIVERSIDAD DE EXPRESIONES ARTISTICAS ","21","CULTURA Y DEPORTE","045","CULTURA","0100","PROMOCION Y DESARROLLO CULTURAL","00001","0167391","IMPLEMENTACION DE ACCIONES PARA EL ACCESO Y LA APRECIACION DE LA DIVERSIDAD DE EXPRESIONES ARTISTICAS","04","AREQUIPA","2","RECURSOS DIRECTAMENTE RECAUDADOS","09","RECURSOS DIRECTAMENTE RECAUDADOS","0","NORMAL","5","GASTO CORRIENTE","2","3","BIENES Y SERVICIOS","1","COMPRA DE BIENES","5","MATERIALES Y  UTILES","1","DE OFICINA","2","PAPELERIA EN GENERAL, UTILES Y MATERIALES DE OFICINA","0","0","0","526","102","0","0","0","0","0","0","0","0","0","0","0","0","0"
"2019","M","GOBIERNOS LOCALES"," "," "," "," ","300331","040101","MUNICIPALIDAD PROVINCIAL DE AREQUIPA","04","AREQUIPA","01","AREQUIPA","01","AREQUIPA","107","0140","DESARROLLO Y PROMOCION DE LAS ARTES E INDUSTRIAS CULTURALES","3","ACTIVIDAD","3000773","POBLACION SE BENEFICIA DE UNA OFERTA CULTURAL DIVERSA Y RECONOCIDA A NIVEL NACIONAL E INTERNACIONAL","5005770","IMPLEMENTACION DE ACCIONES PARA EL ACCESO Y LA APRECIACION DE LA DIVERSIDAD DE EXPRESIONES ARTISTICAS ","21","CULTURA Y DEPORTE","045","CULTURA","0100","PROMOCION Y DESARROLLO CULTURAL","00001","0167391","IMPLEMENTACION DE ACCIONES PARA EL ACCESO Y LA APRECIACION DE LA DIVERSIDAD DE EXPRESIONES ARTISTICAS","04","AREQUIPA","2","RECURSOS DIRECTAMENTE RECAUDADOS","09","RECURSOS DIRECTAMENTE RECAUDADOS","0","NORMAL","5","GASTO CORRIENTE","2","3","BIENES Y SERVICIOS","1","COMPRA DE BIENES","5","MATERIALES Y  UTILES","3","ASEO, LIMPIEZA Y COCINA","1","ASEO, LIMPIEZA Y TOCADOR","0","122","122","0","0","0","0","0","0","0","0","0","0","0","0","0","0","0"
"2019","M","GOBIERNOS LOCALES"," "," "," "," ","300331","040101","MUNICIPALIDAD PROVINCIAL DE AREQUIPA","04","AREQUIPA","01","AREQUIPA","01","AREQUIPA","107","0140","DESARROLLO Y PROMOCION DE LAS ARTES E INDUSTRIAS CULTURALES","3","ACTIVIDAD","3000773","POBLACION SE BENEFICIA DE UNA OFERTA CULTURAL DIVERSA Y RECONOCIDA A NIVEL NACIONAL E INTERNACIONAL","5005770","IMPLEMENTACION DE ACCIONES PARA EL ACCESO Y LA APRECIACION DE LA DIVERSIDAD DE EXPRESIONES ARTISTICAS ","21","CULTURA Y DEPORTE","045","CULTURA","0100","PROMOCION Y DESARROLLO CULTURAL","00001","0167391","IMPLEMENTACION DE ACCIONES PARA EL ACCESO Y LA APRECIACION DE LA DIVERSIDAD DE EXPRESIONES ARTISTICAS","04","AREQUIPA","2","RECURSOS DIRECTAMENTE RECAUDADOS","09","RECURSOS DIRECTAMENTE RECAUDADOS","0","NORMAL","5","GASTO CORRIENTE","2","3","BIENES Y SERVICIOS","1","COMPRA DE BIENES","5","MATERIALES Y  UTILES","3","ASEO, LIMPIEZA Y COCINA","1","ASEO, LIMPIEZA Y TOCADOR","0","0","0","122","122","0","0","0","0","0","0","0","0","0","0","0","0","0"
"2019","M","GOBIERNOS LOCALES"," "," "," "," ","300331","040101","MUNICIPALIDAD PROVINCIAL DE AREQUIPA","04","AREQUIPA","01","AREQUIPA","01","AREQUIPA","107","0140","DESARROLLO Y PROMOCION DE LAS ARTES E INDUSTRIAS CULTURALES","3","ACTIVIDAD","3000773","POBLACION SE BENEFICIA DE UNA OFERTA CULTURAL DIVERSA Y RECONOCIDA A NIVEL NACIONAL E INTERNACIONAL","5005770","IMPLEMENTACION DE ACCIONES PARA EL ACCESO Y LA APRECIACION DE LA DIVERSIDAD DE EXPRESIONES ARTISTICAS ","21","CULTURA Y DEPORTE","045","CULTURA","0100","PROMOCION Y DESARROLLO CULTURAL","00001","0167391","IMPLEMENTACION DE ACCIONES PARA EL ACCESO Y LA APRECIACION DE LA DIVERSIDAD DE EXPRESIONES ARTISTICAS","04","AREQUIPA","2","RECURSOS DIRECTAMENTE RECAUDADOS","09","RECURSOS DIRECTAMENTE RECAUDADOS","0","NORMAL","5","GASTO CORRIENTE","2","3","BIENES Y SERVICIOS","1","COMPRA DE BIENES","6","REPUESTOS Y ACCESORIOS","1","REPUESTOS Y ACCESORIOS","2","DE COMUNICACIONES Y TELECOMUNICACIONES","0","980","980","0","0","0","0","0","0","0","0","0","0","0","0","0","0","0"
"2019","M","GOBIERNOS LOCALES"," "," "," "," ","300331","040101","MUNICIPALIDAD PROVINCIAL DE AREQUIPA","04","AREQUIPA","01","AREQUIPA","01","AREQUIPA","107","0140","DESARROLLO Y PROMOCION DE LAS ARTES E INDUSTRIAS CULTURALES","3","ACTIVIDAD","3000773","POBLACION SE BENEFICIA DE UNA OFERTA CULTURAL DIVERSA Y RECONOCIDA A NIVEL NACIONAL E INTERNACIONAL","5005770","IMPLEMENTACION DE ACCIONES PARA EL ACCESO Y LA APRECIACION DE LA DIVERSIDAD DE EXPRESIONES ARTISTICAS ","21","CULTURA Y DEPORTE","045","CULTURA","0100","PROMOCION Y DESARROLLO CULTURAL","00001","0167391","IMPLEMENTACION DE ACCIONES PARA EL ACCESO Y LA APRECIACION DE LA DIVERSIDAD DE EXPRESIONES ARTISTICAS","04","AREQUIPA","2","RECURSOS DIRECTAMENTE RECAUDADOS","09","RECURSOS DIRECTAMENTE RECAUDADOS","0","NORMAL","5","GASTO CORRIENTE","2","3","BIENES Y SERVICIOS","1","COMPRA DE BIENES","6","REPUESTOS Y ACCESORIOS","1","REPUESTOS Y ACCESORIOS","2","DE COMUNICACIONES Y TELECOMUNICACIONES","0","0","0","980","980","0","0","0","0","0","0","0","0","0","0","0","0","0"
"2019","M","GOBIERNOS LOCALES"," "," "," "," ","300331","040101","MUNICIPALIDAD PROVINCIAL DE AREQUIPA","04","AREQUIPA","01","AREQUIPA","01","AREQUIPA","107","0140","DESARROLLO Y PROMOCION DE LAS ARTES E INDUSTRIAS CULTURALES","3","ACTIVIDAD","3000773","POBLACION SE BENEFICIA DE UNA OFERTA CULTURAL DIVERSA Y RECONOCIDA A NIVEL NACIONAL E INTERNACIONAL","5005770","IMPLEMENTACION DE ACCIONES PARA EL ACCESO Y LA APRECIACION DE LA DIVERSIDAD DE EXPRESIONES ARTISTICAS ","21","CULTURA Y DEPORTE","045","CULTURA","0100","PROMOCION Y DESARROLLO CULTURAL","00001","0167391","IMPLEMENTACION DE ACCIONES PARA EL ACCESO Y LA APRECIACION DE LA DIVERSIDAD DE EXPRESIONES ARTISTICAS","04","AREQUIPA","2","RECURSOS DIRECTAMENTE RECAUDADOS","09","RECURSOS DIRECTAMENTE RECAUDADOS","0","NORMAL","5","GASTO CORRIENTE","2","3","BIENES Y SERVICIOS","1","COMPRA DE BIENES","99","COMPRA DE OTROS BIENES","1","COMPRA DE OTROS BIENES","3","LIBROS, DIARIOS, REVISTAS Y OTROS BIENES IMPRESOS NO VINCULADOS A ENSEÑANZA","0","14020","14020","0","0","0","0","0","0","0","0","0","0","0","0","0","0","0"
"2019","M","GOBIERNOS LOCALES"," "," "," "," ","300331","040101","MUNICIPALIDAD PROVINCIAL DE AREQUIPA","04","AREQUIPA","01","AREQUIPA","01","AREQUIPA","107","0140","DESARROLLO Y PROMOCION DE LAS ARTES E INDUSTRIAS CULTURALES","3","ACTIVIDAD","3000773","POBLACION SE BENEFICIA DE UNA OFERTA CULTURAL DIVERSA Y RECONOCIDA A NIVEL NACIONAL E INTERNACIONAL","5005770","IMPLEMENTACION DE ACCIONES PARA EL ACCESO Y LA APRECIACION DE LA DIVERSIDAD DE EXPRESIONES ARTISTICAS ","21","CULTURA Y DEPORTE","045","CULTURA","0100","PROMOCION Y DESARROLLO CULTURAL","00001","0167391","IMPLEMENTACION DE ACCIONES PARA EL ACCESO Y LA APRECIACION DE LA DIVERSIDAD DE EXPRESIONES ARTISTICAS","04","AREQUIPA","2","RECURSOS DIRECTAMENTE RECAUDADOS","09","RECURSOS DIRECTAMENTE RECAUDADOS","0","NORMAL","5","GASTO CORRIENTE","2","3","BIENES Y SERVICIOS","1","COMPRA DE BIENES","99","COMPRA DE OTROS BIENES","1","COMPRA DE OTROS BIENES","3","LIBROS, DIARIOS, REVISTAS Y OTROS BIENES IMPRESOS NO VINCULADOS A ENSEÑANZA","0","0","0","14020","2430","0","0","0","0","0","0","0","0","0","0","0","0","0"
"2019","M","GOBIERNOS LOCALES"," "," "," "," ","300331","040101","MUNICIPALIDAD PROVINCIAL DE AREQUIPA","04","AREQUIPA","01","AREQUIPA","01","AREQUIPA","107","0140","DESARROLLO Y PROMOCION DE LAS ARTES E INDUSTRIAS CULTURALES","3","ACTIVIDAD","3000773","POBLACION SE BENEFICIA DE UNA OFERTA CULTURAL DIVERSA Y RECONOCIDA A NIVEL NACIONAL E INTERNACIONAL","5005770","IMPLEMENTACION DE ACCIONES PARA EL ACCESO Y LA APRECIACION DE LA DIVERSIDAD DE EXPRESIONES ARTISTICAS ","21","CULTURA Y DEPORTE","045","CULTURA","0100","PROMOCION Y DESARROLLO CULTURAL","00001","0167391","IMPLEMENTACION DE ACCIONES PARA EL ACCESO Y LA APRECIACION DE LA DIVERSIDAD DE EXPRESIONES ARTISTICAS","04","AREQUIPA","2","RECURSOS DIRECTAMENTE RECAUDADOS","09","RECURSOS DIRECTAMENTE RECAUDADOS","0","NORMAL","5","GASTO CORRIENTE","2","3","BIENES Y SERVICIOS","1","COMPRA DE BIENES","99","COMPRA DE OTROS BIENES","1","COMPRA DE OTROS BIENES","99","OTROS BIENES","0","2419","2419","0","0","0","0","0","0","0","0","0","0","0","0","0","0","0"
"2019","M","GOBIERNOS LOCALES"," "," "," "," ","300331","040101","MUNICIPALIDAD PROVINCIAL DE AREQUIPA","04","AREQUIPA","01","AREQUIPA","01","AREQUIPA","107","0140","DESARROLLO Y PROMOCION DE LAS ARTES E INDUSTRIAS CULTURALES","3","ACTIVIDAD","3000773","POBLACION SE BENEFICIA DE UNA OFERTA CULTURAL DIVERSA Y RECONOCIDA A NIVEL NACIONAL E INTERNACIONAL","5005770","IMPLEMENTACION DE ACCIONES PARA EL ACCESO Y LA APRECIACION DE LA DIVERSIDAD DE EXPRESIONES ARTISTICAS ","21","CULTURA Y DEPORTE","045","CULTURA","0100","PROMOCION Y DESARROLLO CULTURAL","00001","0167391","IMPLEMENTACION DE ACCIONES PARA EL ACCESO Y LA APRECIACION DE LA DIVERSIDAD DE EXPRESIONES ARTISTICAS","04","AREQUIPA","2","RECURSOS DIRECTAMENTE RECAUDADOS","09","RECURSOS DIRECTAMENTE RECAUDADOS","0","NORMAL","5","GASTO CORRIENTE","2","3","BIENES Y SERVICIOS","1","COMPRA DE BIENES","99","COMPRA DE OTROS BIENES","1","COMPRA DE OTROS BIENES","99","OTROS BIENES","0","0","0","2261.40","1883.50","0","0","0","0","0","0","0","0","0","0","0","0","0"
"2019","M","GOBIERNOS LOCALES"," "," "," "," ","300331","040101","MUNICIPALIDAD PROVINCIAL DE AREQUIPA","04","AREQUIPA","01","AREQUIPA","01","AREQUIPA","107","0140","DESARROLLO Y PROMOCION DE LAS ARTES E INDUSTRIAS CULTURALES","3","ACTIVIDAD","3000773","POBLACION SE BENEFICIA DE UNA OFERTA CULTURAL DIVERSA Y RECONOCIDA A NIVEL NACIONAL E INTERNACIONAL","5005770","IMPLEMENTACION DE ACCIONES PARA EL ACCESO Y LA APRECIACION DE LA DIVERSIDAD DE EXPRESIONES ARTISTICAS ","21","CULTURA Y DEPORTE","045","CULTURA","0100","PROMOCION Y DESARROLLO CULTURAL","00001","0167391","IMPLEMENTACION DE ACCIONES PARA EL ACCESO Y LA APRECIACION DE LA DIVERSIDAD DE EXPRESIONES ARTISTICAS","04","AREQUIPA","2","RECURSOS DIRECTAMENTE RECAUDADOS","09","RECURSOS DIRECTAMENTE RECAUDADOS","0","NORMAL","5","GASTO CORRIENTE","2","3","BIENES Y SERVICIOS","2","CONTRATACION DE SERVICIOS","1","VIAJES","2","VIAJES DOMESTICOS","99","OTROS GASTOS","0","354","354","0","0","0","0","0","0","0","0","0","0","0","0","0","0","0"
"2019","M","GOBIERNOS LOCALES"," "," "," "," ","300331","040101","MUNICIPALIDAD PROVINCIAL DE AREQUIPA","04","AREQUIPA","01","AREQUIPA","01","AREQUIPA","107","0140","DESARROLLO Y PROMOCION DE LAS ARTES E INDUSTRIAS CULTURALES","3","ACTIVIDAD","3000773","POBLACION SE BENEFICIA DE UNA OFERTA CULTURAL DIVERSA Y RECONOCIDA A NIVEL NACIONAL E INTERNACIONAL","5005770","IMPLEMENTACION DE ACCIONES PARA EL ACCESO Y LA APRECIACION DE LA DIVERSIDAD DE EXPRESIONES ARTISTICAS ","21","CULTURA Y DEPORTE","045","CULTURA","0100","PROMOCION Y DESARROLLO CULTURAL","00001","0167391","IMPLEMENTACION DE ACCIONES PARA EL ACCESO Y LA APRECIACION DE LA DIVERSIDAD DE EXPRESIONES ARTISTICAS","04","AREQUIPA","2","RECURSOS DIRECTAMENTE RECAUDADOS","09","RECURSOS DIRECTAMENTE RECAUDADOS","0","NORMAL","5","GASTO CORRIENTE","2","3","BIENES Y SERVICIOS","2","CONTRATACION DE SERVICIOS","1","VIAJES","2","VIAJES DOMESTICOS","99","OTROS GASTOS","0","0","0","337.50","337.50","0","0","0","0","0","0","0","0","0","0","0","0","0"
"2019","M","GOBIERNOS LOCALES"," "," "," "," ","300331","040101","MUNICIPALIDAD PROVINCIAL DE AREQUIPA","04","AREQUIPA","01","AREQUIPA","01","AREQUIPA","107","0140","DESARROLLO Y PROMOCION DE LAS ARTES E INDUSTRIAS CULTURALES","3","ACTIVIDAD","3000773","POBLACION SE BENEFICIA DE UNA OFERTA CULTURAL DIVERSA Y RECONOCIDA A NIVEL NACIONAL E INTERNACIONAL","5005770","IMPLEMENTACION DE ACCIONES PARA EL ACCESO Y LA APRECIACION DE LA DIVERSIDAD DE EXPRESIONES ARTISTICAS ","21","CULTURA Y DEPORTE","045","CULTURA","0100","PROMOCION Y DESARROLLO CULTURAL","00001","0167391","IMPLEMENTACION DE ACCIONES PARA EL ACCESO Y LA APRECIACION DE LA DIVERSIDAD DE EXPRESIONES ARTISTICAS","04","AREQUIPA","2","RECURSOS DIRECTAMENTE RECAUDADOS","09","RECURSOS DIRECTAMENTE RECAUDADOS","0","NORMAL","5","GASTO CORRIENTE","2","3","BIENES Y SERVICIOS","2","CONTRATACION DE SERVICIOS","5","ALQUILERES DE MUEBLES E INMUEBLES","1","ALQUILERES DE MUEBLES E INMUEBLES","4","DE MAQUINARIAS Y EQUIPOS","0","8600","8600","0","0","0","0","0","0","0","0","0","0","0","0","0","0","0"
"2019","M","GOBIERNOS LOCALES"," "," "," "," ","300331","040101","MUNICIPALIDAD PROVINCIAL DE AREQUIPA","04","AREQUIPA","01","AREQUIPA","01","AREQUIPA","107","0140","DESARROLLO Y PROMOCION DE LAS ARTES E INDUSTRIAS CULTURALES","3","ACTIVIDAD","3000773","POBLACION SE BENEFICIA DE UNA OFERTA CULTURAL DIVERSA Y RECONOCIDA A NIVEL NACIONAL E INTERNACIONAL","5005770","IMPLEMENTACION DE ACCIONES PARA EL ACCESO Y LA APRECIACION DE LA DIVERSIDAD DE EXPRESIONES ARTISTICAS ","21","CULTURA Y DEPORTE","045","CULTURA","0100","PROMOCION Y DESARROLLO CULTURAL","00001","0167391","IMPLEMENTACION DE ACCIONES PARA EL ACCESO Y LA APRECIACION DE LA DIVERSIDAD DE EXPRESIONES ARTISTICAS","04","AREQUIPA","2","RECURSOS DIRECTAMENTE RECAUDADOS","09","RECURSOS DIRECTAMENTE RECAUDADOS","0","NORMAL","5","GASTO CORRIENTE","2","3","BIENES Y SERVICIOS","2","CONTRATACION DE SERVICIOS","5","ALQUILERES DE MUEBLES E INMUEBLES","1","ALQUILERES DE MUEBLES E INMUEBLES","4","DE MAQUINARIAS Y EQUIPOS","0","0","0","8600","8600","0","0","0","0","0","0","0","0","0","0","0","0","0"
"2019","M","GOBIERNOS LOCALES"," "," "," "," ","300331","040101","MUNICIPALIDAD PROVINCIAL DE AREQUIPA","04","AREQUIPA","01","AREQUIPA","01","AREQUIPA","107","0140","DESARROLLO Y PROMOCION DE LAS ARTES E INDUSTRIAS CULTURALES","3","ACTIVIDAD","3000773","POBLACION SE BENEFICIA DE UNA OFERTA CULTURAL DIVERSA Y RECONOCIDA A NIVEL NACIONAL E INTERNACIONAL","5005770","IMPLEMENTACION DE ACCIONES PARA EL ACCESO Y LA APRECIACION DE LA DIVERSIDAD DE EXPRESIONES ARTISTICAS ","21","CULTURA Y DEPORTE","045","CULTURA","0100","PROMOCION Y DESARROLLO CULTURAL","00001","0167391","IMPLEMENTACION DE ACCIONES PARA EL ACCESO Y LA APRECIACION DE LA DIVERSIDAD DE EXPRESIONES ARTISTICAS","04","AREQUIPA","2","RECURSOS DIRECTAMENTE RECAUDADOS","09","RECURSOS DIRECTAMENTE RECAUDADOS","0","NORMAL","5","GASTO CORRIENTE","2","3","BIENES Y SERVICIOS","2","CONTRATACION DE SERVICIOS","7","SERVICIOS PROFESIONALES Y TECNICOS","11","OTROS SERVICIOS","99","SERVICIOS DIVERSOS","0","42320","42320","0","0","0","0","0","0","0","0","0","0","0","0","0","0","0"
"2019","M","GOBIERNOS LOCALES"," "," "," "," ","300331","040101","MUNICIPALIDAD PROVINCIAL DE AREQUIPA","04","AREQUIPA","01","AREQUIPA","01","AREQUIPA","107","0140","DESARROLLO Y PROMOCION DE LAS ARTES E INDUSTRIAS CULTURALES","3","ACTIVIDAD","3000773","POBLACION SE BENEFICIA DE UNA OFERTA CULTURAL DIVERSA Y RECONOCIDA A NIVEL NACIONAL E INTERNACIONAL","5005770","IMPLEMENTACION DE ACCIONES PARA EL ACCESO Y LA APRECIACION DE LA DIVERSIDAD DE EXPRESIONES ARTISTICAS ","21","CULTURA Y DEPORTE","045","CULTURA","0100","PROMOCION Y DESARROLLO CULTURAL","00001","0167391","IMPLEMENTACION DE ACCIONES PARA EL ACCESO Y LA APRECIACION DE LA DIVERSIDAD DE EXPRESIONES ARTISTICAS","04","AREQUIPA","2","RECURSOS DIRECTAMENTE RECAUDADOS","09","RECURSOS DIRECTAMENTE RECAUDADOS","0","NORMAL","5","GASTO CORRIENTE","2","3","BIENES Y SERVICIOS","2","CONTRATACION DE SERVICIOS","7","SERVICIOS PROFESIONALES Y TECNICOS","11","OTROS SERVICIOS","99","SERVICIOS DIVERSOS","0","0","0","39804.10","36114.30","0","0","0","0","0","0","0","0","0","0","0","0","0"
"2019","M","GOBIERNOS LOCALES"," "," "," "," ","300331","040101","MUNICIPALIDAD PROVINCIAL DE AREQUIPA","04","AREQUIPA","01","AREQUIPA","01","AREQUIPA","107","0140","DESARROLLO Y PROMOCION DE LAS ARTES E INDUSTRIAS CULTURALES","3","ACTIVIDAD","3000773","POBLACION SE BENEFICIA DE UNA OFERTA CULTURAL DIVERSA Y RECONOCIDA A NIVEL NACIONAL E INTERNACIONAL","5005770","IMPLEMENTACION DE ACCIONES PARA EL ACCESO Y LA APRECIACION DE LA DIVERSIDAD DE EXPRESIONES ARTISTICAS ","21","CULTURA Y DEPORTE","045","CULTURA","0100","PROMOCION Y DESARROLLO CULTURAL","00001","0167391","IMPLEMENTACION DE ACCIONES PARA EL ACCESO Y LA APRECIACION DE LA DIVERSIDAD DE EXPRESIONES ARTISTICAS","04","AREQUIPA","2","RECURSOS DIRECTAMENTE RECAUDADOS","09","RECURSOS DIRECTAMENTE RECAUDADOS","0","NORMAL","6","GASTO DE CAPITAL","2","6","ADQUISICION DE ACTIVOS NO FINANCIEROS","6","ADQUISICION DE OTROS ACTIVOS FIJOS","1","ADQUISICION DE OTROS ACTIVOS FIJOS","2","BIENES CULTURALES","1","LIBROS Y TEXTOS PARA BIBLIOTECAS","0","4180","4180","0","0","0","0","0","0","0","0","0","0","0","0","0","0","0"
"2019","M","GOBIERNOS LOCALES"," "," "," "," ","300331","040101","MUNICIPALIDAD PROVINCIAL DE AREQUIPA","04","AREQUIPA","01","AREQUIPA","01","AREQUIPA","107","0140","DESARROLLO Y PROMOCION DE LAS ARTES E INDUSTRIAS CULTURALES","3","ACTIVIDAD","3000773","POBLACION SE BENEFICIA DE UNA OFERTA CULTURAL DIVERSA Y RECONOCIDA A NIVEL NACIONAL E INTERNACIONAL","5005770","IMPLEMENTACION DE ACCIONES PARA EL ACCESO Y LA APRECIACION DE LA DIVERSIDAD DE EXPRESIONES ARTISTICAS ","21","CULTURA Y DEPORTE","045","CULTURA","0100","PROMOCION Y DESARROLLO CULTURAL","00001","0167391","IMPLEMENTACION DE ACCIONES PARA EL ACCESO Y LA APRECIACION DE LA DIVERSIDAD DE EXPRESIONES ARTISTICAS","04","AREQUIPA","2","RECURSOS DIRECTAMENTE RECAUDADOS","09","RECURSOS DIRECTAMENTE RECAUDADOS","0","NORMAL","6","GASTO DE CAPITAL","2","6","ADQUISICION DE ACTIVOS NO FINANCIEROS","6","ADQUISICION DE OTROS ACTIVOS FIJOS","1","ADQUISICION DE OTROS ACTIVOS FIJOS","2","BIENES CULTURALES","1","LIBROS Y TEXTOS PARA BIBLIOTECAS","0","0","0","4180","0","0","0","0","0","0","0","0","0","0","0","0","0","0"
"2019","M","GOBIERNOS LOCALES"," "," "," "," ","300331","040101","MUNICIPALIDAD PROVINCIAL DE AREQUIPA","04","AREQUIPA","01","AREQUIPA","01","AREQUIPA","107","0140","DESARROLLO Y PROMOCION DE LAS ARTES E INDUSTRIAS CULTURALES","3","ACTIVIDAD","3000773","POBLACION SE BENEFICIA DE UNA OFERTA CULTURAL DIVERSA Y RECONOCIDA A NIVEL NACIONAL E INTERNACIONAL","5005770","IMPLEMENTACION DE ACCIONES PARA EL ACCESO Y LA APRECIACION DE LA DIVERSIDAD DE EXPRESIONES ARTISTICAS ","21","CULTURA Y DEPORTE","045","CULTURA","0100","PROMOCION Y DESARROLLO CULTURAL","00001","0167391","IMPLEMENTACION DE ACCIONES PARA EL ACCESO Y LA APRECIACION DE LA DIVERSIDAD DE EXPRESIONES ARTISTICAS","04","AREQUIPA","2","RECURSOS DIRECTAMENTE RECAUDADOS","09","RECURSOS DIRECTAMENTE RECAUDADOS","1","UNIVERSIDADES / GOB. LOCALES","5","GASTO CORRIENTE","2","1","PERSONAL Y OBLIGACIONES SOCIALES","1","RETRIBUCIONES Y COMPLEMENTOS EN EFECTIVO","1","PERSONAL ADMINISTRATIVO","1","PERSONAL ADMINISTRATIVO","2","PERSONAL ADMINISTRATIVO NOMBRADO (REGIMEN PUBLICO)","0","0","0","0","0","0","0","0","0","49206.59","0","0","0","0","0","0","0","49206.59"
"2019","M","GOBIERNOS LOCALES"," "," "," "," ","300331","040101","MUNICIPALIDAD PROVINCIAL DE AREQUIPA","04","AREQUIPA","01","AREQUIPA","01","AREQUIPA","107","0140","DESARROLLO Y PROMOCION DE LAS ARTES E INDUSTRIAS CULTURALES","3","ACTIVIDAD","3000773","POBLACION SE BENEFICIA DE UNA OFERTA CULTURAL DIVERSA Y RECONOCIDA A NIVEL NACIONAL E INTERNACIONAL","5005770","IMPLEMENTACION DE ACCIONES PARA EL ACCESO Y LA APRECIACION DE LA DIVERSIDAD DE EXPRESIONES ARTISTICAS ","21","CULTURA Y DEPORTE","045","CULTURA","0100","PROMOCION Y DESARROLLO CULTURAL","00001","0167391","IMPLEMENTACION DE ACCIONES PARA EL ACCESO Y LA APRECIACION DE LA DIVERSIDAD DE EXPRESIONES ARTISTICAS","04","AREQUIPA","2","RECURSOS DIRECTAMENTE RECAUDADOS","09","RECURSOS DIRECTAMENTE RECAUDADOS","1","UNIVERSIDADES / GOB. LOCALES","5","GASTO CORRIENTE","2","1","PERSONAL Y OBLIGACIONES SOCIALES","1","RETRIBUCIONES Y COMPLEMENTOS EN EFECTIVO","1","PERSONAL ADMINISTRATIVO","1","PERSONAL ADMINISTRATIVO","9","PERSONAL DE CONFIANZA (RÉGIMEN LABORAL PÚBLICO)","0","0","0","0","0","0","0","0","0","4000","4000","4000","4000","4000","4000","4000","0","28000"
"2019","M","GOBIERNOS LOCALES"," "," "," "," ","300331","040101","MUNICIPALIDAD PROVINCIAL DE AREQUIPA","04","AREQUIPA","01","AREQUIPA","01","AREQUIPA","107","0140","DESARROLLO Y PROMOCION DE LAS ARTES E INDUSTRIAS CULTURALES","3","ACTIVIDAD","3000773","POBLACION SE BENEFICIA DE UNA OFERTA CULTURAL DIVERSA Y RECONOCIDA A NIVEL NACIONAL E INTERNACIONAL","5005770","IMPLEMENTACION DE ACCIONES PARA EL ACCESO Y LA APRECIACION DE LA DIVERSIDAD DE EXPRESIONES ARTISTICAS ","21","CULTURA Y DEPORTE","045","CULTURA","0100","PROMOCION Y DESARROLLO CULTURAL","00001","0167391","IMPLEMENTACION DE ACCIONES PARA EL ACCESO Y LA APRECIACION DE LA DIVERSIDAD DE EXPRESIONES ARTISTICAS","04","AREQUIPA","2","RECURSOS DIRECTAMENTE RECAUDADOS","09","RECURSOS DIRECTAMENTE RECAUDADOS","1","UNIVERSIDADES / GOB. LOCALES","5","GASTO CORRIENTE","2","1","PERSONAL Y OBLIGACIONES SOCIALES","1","RETRIBUCIONES Y COMPLEMENTOS EN EFECTIVO","1","PERSONAL ADMINISTRATIVO","2","OTRAS RETRIBUCIONES Y COMPLEMENTOS","99","OTRAS RETRIBUCIONES Y COMPLEMENTOS","0","0","0","0","0","0","4917.50","4521.67","4523.33","4605.83","4685","4626.67","4917.50","5128.33","5084.17","5040.83","5069.17","53120"
"2019","M","GOBIERNOS LOCALES"," "," "," "," ","300331","040101","MUNICIPALIDAD PROVINCIAL DE AREQUIPA","04","AREQUIPA","01","AREQUIPA","01","AREQUIPA","107","0140","DESARROLLO Y PROMOCION DE LAS ARTES E INDUSTRIAS CULTURALES","3","ACTIVIDAD","3000773","POBLACION SE BENEFICIA DE UNA OFERTA CULTURAL DIVERSA Y RECONOCIDA A NIVEL NACIONAL E INTERNACIONAL","5005770","IMPLEMENTACION DE ACCIONES PARA EL ACCESO Y LA APRECIACION DE LA DIVERSIDAD DE EXPRESIONES ARTISTICAS ","21","CULTURA Y DEPORTE","045","CULTURA","0100","PROMOCION Y DESARROLLO CULTURAL","00001","0167391","IMPLEMENTACION DE ACCIONES PARA EL ACCESO Y LA APRECIACION DE LA DIVERSIDAD DE EXPRESIONES ARTISTICAS","04","AREQUIPA","2","RECURSOS DIRECTAMENTE RECAUDADOS","09","RECURSOS DIRECTAMENTE RECAUDADOS","1","UNIVERSIDADES / GOB. LOCALES","5","GASTO CORRIENTE","2","1","PERSONAL Y OBLIGACIONES SOCIALES","1","RETRIBUCIONES Y COMPLEMENTOS EN EFECTIVO","9","GASTOS VARIABLES Y OCASIONALES","1","ESCOLARIDAD, AGUINALDOS Y GRATIFICACIONES","2","AGUINALDOS","0","0","0","0","0","0","0","0","0","0","0","58662.97","0","0","0","0","65039.65","123702.62"
"2019","M","GOBIERNOS LOCALES"," "," "," "," ","300331","040101","MUNICIPALIDAD PROVINCIAL DE AREQUIPA","04","AREQUIPA","01","AREQUIPA","01","AREQUIPA","107","0140","DESARROLLO Y PROMOCION DE LAS ARTES E INDUSTRIAS CULTURALES","3","ACTIVIDAD","3000773","POBLACION SE BENEFICIA DE UNA OFERTA CULTURAL DIVERSA Y RECONOCIDA A NIVEL NACIONAL E INTERNACIONAL","5005770","IMPLEMENTACION DE ACCIONES PARA EL ACCESO Y LA APRECIACION DE LA DIVERSIDAD DE EXPRESIONES ARTISTICAS ","21","CULTURA Y DEPORTE","045","CULTURA","0100","PROMOCION Y DESARROLLO CULTURAL","00001","0167391","IMPLEMENTACION DE ACCIONES PARA EL ACCESO Y LA APRECIACION DE LA DIVERSIDAD DE EXPRESIONES ARTISTICAS","04","AREQUIPA","2","RECURSOS DIRECTAMENTE RECAUDADOS","09","RECURSOS DIRECTAMENTE RECAUDADOS","1","UNIVERSIDADES / GOB. LOCALES","5","GASTO CORRIENTE","2","1","PERSONAL Y OBLIGACIONES SOCIALES","1","RETRIBUCIONES Y COMPLEMENTOS EN EFECTIVO","9","GASTOS VARIABLES Y OCASIONALES","1","ESCOLARIDAD, AGUINALDOS Y GRATIFICACIONES","3","BONIFICACION POR ESCOLARIDAD","0","0","0","0","0","1200","21600","0","0","0","0","0","0","0","0","0","0","22800"
"2019","M","GOBIERNOS LOCALES"," "," "," "," ","300331","040101","MUNICIPALIDAD PROVINCIAL DE AREQUIPA","04","AREQUIPA","01","AREQUIPA","01","AREQUIPA","107","0140","DESARROLLO Y PROMOCION DE LAS ARTES E INDUSTRIAS CULTURALES","3","ACTIVIDAD","3000773","POBLACION SE BENEFICIA DE UNA OFERTA CULTURAL DIVERSA Y RECONOCIDA A NIVEL NACIONAL E INTERNACIONAL","5005770","IMPLEMENTACION DE ACCIONES PARA EL ACCESO Y LA APRECIACION DE LA DIVERSIDAD DE EXPRESIONES ARTISTICAS ","21","CULTURA Y DEPORTE","045","CULTURA","0100","PROMOCION Y DESARROLLO CULTURAL","00001","0167391","IMPLEMENTACION DE ACCIONES PARA EL ACCESO Y LA APRECIACION DE LA DIVERSIDAD DE EXPRESIONES ARTISTICAS","04","AREQUIPA","2","RECURSOS DIRECTAMENTE RECAUDADOS","09","RECURSOS DIRECTAMENTE RECAUDADOS","1","UNIVERSIDADES / GOB. LOCALES","5","GASTO CORRIENTE","2","1","PERSONAL Y OBLIGACIONES SOCIALES","1","RETRIBUCIONES Y COMPLEMENTOS EN EFECTIVO","9","GASTOS VARIABLES Y OCASIONALES","3","OTROS GASTOS VARIABLES Y OCASIONALES","1","ASIGNACION POR CUMPLIR 25 O 30 AÑOS","0","0","0","0","0","0","0","0","0","0","0","0","7381.92","0","0","0","0","7381.92"
"2019","M","GOBIERNOS LOCALES"," "," "," "," ","300331","040101","MUNICIPALIDAD PROVINCIAL DE AREQUIPA","04","AREQUIPA","01","AREQUIPA","01","AREQUIPA","107","0140","DESARROLLO Y PROMOCION DE LAS ARTES E INDUSTRIAS CULTURALES","3","ACTIVIDAD","3000773","POBLACION SE BENEFICIA DE UNA OFERTA CULTURAL DIVERSA Y RECONOCIDA A NIVEL NACIONAL E INTERNACIONAL","5005770","IMPLEMENTACION DE ACCIONES PARA EL ACCESO Y LA APRECIACION DE LA DIVERSIDAD DE EXPRESIONES ARTISTICAS ","21","CULTURA Y DEPORTE","045","CULTURA","0100","PROMOCION Y DESARROLLO CULTURAL","00001","0167391","IMPLEMENTACION DE ACCIONES PARA EL ACCESO Y LA APRECIACION DE LA DIVERSIDAD DE EXPRESIONES ARTISTICAS","04","AREQUIPA","2","RECURSOS DIRECTAMENTE RECAUDADOS","09","RECURSOS DIRECTAMENTE RECAUDADOS","1","UNIVERSIDADES / GOB. LOCALES","5","GASTO CORRIENTE","2","1","PERSONAL Y OBLIGACIONES SOCIALES","1","RETRIBUCIONES Y COMPLEMENTOS EN EFECTIVO","9","GASTOS VARIABLES Y OCASIONALES","3","OTROS GASTOS VARIABLES Y OCASIONALES","2","BONIFICACION ADICIONAL POR VACACIONES","0","0","0","0","0","0","0","0","0","300","0","0","0","0","0","0","0","300"
"2019","M","GOBIERNOS LOCALES"," "," "," "," ","300331","040101","MUNICIPALIDAD PROVINCIAL DE AREQUIPA","04","AREQUIPA","01","AREQUIPA","01","AREQUIPA","107","0140","DESARROLLO Y PROMOCION DE LAS ARTES E INDUSTRIAS CULTURALES","3","ACTIVIDAD","3000773","POBLACION SE BENEFICIA DE UNA OFERTA CULTURAL DIVERSA Y RECONOCIDA A NIVEL NACIONAL E INTERNACIONAL","5005770","IMPLEMENTACION DE ACCIONES PARA EL ACCESO Y LA APRECIACION DE LA DIVERSIDAD DE EXPRESIONES ARTISTICAS ","21","CULTURA Y DEPORTE","045","CULTURA","0100","PROMOCION Y DESARROLLO CULTURAL","00001","0167391","IMPLEMENTACION DE ACCIONES PARA EL ACCESO Y LA APRECIACION DE LA DIVERSIDAD DE EXPRESIONES ARTISTICAS","04","AREQUIPA","2","RECURSOS DIRECTAMENTE RECAUDADOS","09","RECURSOS DIRECTAMENTE RECAUDADOS","1","UNIVERSIDADES / GOB. LOCALES","5","GASTO CORRIENTE","2","1","PERSONAL Y OBLIGACIONES SOCIALES","3","CONTRIBUCIONES A LA SEGURIDAD SOCIAL","1","OBLIGACIONES DEL EMPLEADOR","1","OBLIGACIONES DEL EMPLEADOR","5","CONTRIBUCIONES A ESSALUD","0","0","0","0","0","5340.30","4758.35","0","0","5066.60","4875.58","4841.17","6030.33","5275.07","417.44","5026.11","4795.24","46426.19"
"2019","M","GOBIERNOS LOCALES"," "," "," "," ","300331","040101","MUNICIPALIDAD PROVINCIAL DE AREQUIPA","04","AREQUIPA","01","AREQUIPA","01","AREQUIPA","107","0140","DESARROLLO Y PROMOCION DE LAS ARTES E INDUSTRIAS CULTURALES","3","ACTIVIDAD","3000773","POBLACION SE BENEFICIA DE UNA OFERTA CULTURAL DIVERSA Y RECONOCIDA A NIVEL NACIONAL E INTERNACIONAL","5005770","IMPLEMENTACION DE ACCIONES PARA EL ACCESO Y LA APRECIACION DE LA DIVERSIDAD DE EXPRESIONES ARTISTICAS ","21","CULTURA Y DEPORTE","045","CULTURA","0100","PROMOCION Y DESARROLLO CULTURAL","00001","0167391","IMPLEMENTACION DE ACCIONES PARA EL ACCESO Y LA APRECIACION DE LA DIVERSIDAD DE EXPRESIONES ARTISTICAS","04","AREQUIPA","2","RECURSOS DIRECTAMENTE RECAUDADOS","09","RECURSOS DIRECTAMENTE RECAUDADOS","1","UNIVERSIDADES / GOB. LOCALES","5","GASTO CORRIENTE","2","3","BIENES Y SERVICIOS","1","COMPRA DE BIENES","1","ALIMENTOS Y BEBIDAS","1","ALIMENTOS Y BEBIDAS","1","ALIMENTOS Y BEBIDAS PARA CONSUMO HUMANO","0","0","0","0","0","0","0","0","0","0","0","0","0","130","230","0","3766.50","4126.50"
"2019","M","GOBIERNOS LOCALES"," "," "," "," ","300331","040101","MUNICIPALIDAD PROVINCIAL DE AREQUIPA","04","AREQUIPA","01","AREQUIPA","01","AREQUIPA","107","0140","DESARROLLO Y PROMOCION DE LAS ARTES E INDUSTRIAS CULTURALES","3","ACTIVIDAD","3000773","POBLACION SE BENEFICIA DE UNA OFERTA CULTURAL DIVERSA Y RECONOCIDA A NIVEL NACIONAL E INTERNACIONAL","5005770","IMPLEMENTACION DE ACCIONES PARA EL ACCESO Y LA APRECIACION DE LA DIVERSIDAD DE EXPRESIONES ARTISTICAS ","21","CULTURA Y DEPORTE","045","CULTURA","0100","PROMOCION Y DESARROLLO CULTURAL","00001","0167391","IMPLEMENTACION DE ACCIONES PARA EL ACCESO Y LA APRECIACION DE LA DIVERSIDAD DE EXPRESIONES ARTISTICAS","04","AREQUIPA","2","RECURSOS DIRECTAMENTE RECAUDADOS","09","RECURSOS DIRECTAMENTE RECAUDADOS","1","UNIVERSIDADES / GOB. LOCALES","5","GASTO CORRIENTE","2","3","BIENES Y SERVICIOS","1","COMPRA DE BIENES","5","MATERIALES Y  UTILES","1","DE OFICINA","2","PAPELERIA EN GENERAL, UTILES Y MATERIALES DE OFICINA","0","0","0","0","0","0","0","0","69.90","21.10","0","0","0","11","0","0","0","102"
"2019","M","GOBIERNOS LOCALES"," "," "," "," ","300331","040101","MUNICIPALIDAD PROVINCIAL DE AREQUIPA","04","AREQUIPA","01","AREQUIPA","01","AREQUIPA","107","0140","DESARROLLO Y PROMOCION DE LAS ARTES E INDUSTRIAS CULTURALES","3","ACTIVIDAD","3000773","POBLACION SE BENEFICIA DE UNA OFERTA CULTURAL DIVERSA Y RECONOCIDA A NIVEL NACIONAL E INTERNACIONAL","5005770","IMPLEMENTACION DE ACCIONES PARA EL ACCESO Y LA APRECIACION DE LA DIVERSIDAD DE EXPRESIONES ARTISTICAS ","21","CULTURA Y DEPORTE","045","CULTURA","0100","PROMOCION Y DESARROLLO CULTURAL","00001","0167391","IMPLEMENTACION DE ACCIONES PARA EL ACCESO Y LA APRECIACION DE LA DIVERSIDAD DE EXPRESIONES ARTISTICAS","04","AREQUIPA","2","RECURSOS DIRECTAMENTE RECAUDADOS","09","RECURSOS DIRECTAMENTE RECAUDADOS","1","UNIVERSIDADES / GOB. LOCALES","5","GASTO CORRIENTE","2","3","BIENES Y SERVICIOS","1","COMPRA DE BIENES","5","MATERIALES Y  UTILES","3","ASEO, LIMPIEZA Y COCINA","1","ASEO, LIMPIEZA Y TOCADOR","0","0","0","0","0","0","0","0","122","0","0","0","0","0","0","0","0","122"
"2019","M","GOBIERNOS LOCALES"," "," "," "," ","300331","040101","MUNICIPALIDAD PROVINCIAL DE AREQUIPA","04","AREQUIPA","01","AREQUIPA","01","AREQUIPA","107","0140","DESARROLLO Y PROMOCION DE LAS ARTES E INDUSTRIAS CULTURALES","3","ACTIVIDAD","3000773","POBLACION SE BENEFICIA DE UNA OFERTA CULTURAL DIVERSA Y RECONOCIDA A NIVEL NACIONAL E INTERNACIONAL","5005770","IMPLEMENTACION DE ACCIONES PARA EL ACCESO Y LA APRECIACION DE LA DIVERSIDAD DE EXPRESIONES ARTISTICAS ","21","CULTURA Y DEPORTE","045","CULTURA","0100","PROMOCION Y DESARROLLO CULTURAL","00001","0167391","IMPLEMENTACION DE ACCIONES PARA EL ACCESO Y LA APRECIACION DE LA DIVERSIDAD DE EXPRESIONES ARTISTICAS","04","AREQUIPA","2","RECURSOS DIRECTAMENTE RECAUDADOS","09","RECURSOS DIRECTAMENTE RECAUDADOS","1","UNIVERSIDADES / GOB. LOCALES","5","GASTO CORRIENTE","2","3","BIENES Y SERVICIOS","1","COMPRA DE BIENES","6","REPUESTOS Y ACCESORIOS","1","REPUESTOS Y ACCESORIOS","2","DE COMUNICACIONES Y TELECOMUNICACIONES","0","0","0","0","0","0","0","0","0","0","0","0","980","0","0","0","0","980"
"2019","M","GOBIERNOS LOCALES"," "," "," "," ","300331","040101","MUNICIPALIDAD PROVINCIAL DE AREQUIPA","04","AREQUIPA","01","AREQUIPA","01","AREQUIPA","107","0140","DESARROLLO Y PROMOCION DE LAS ARTES E INDUSTRIAS CULTURALES","3","ACTIVIDAD","3000773","POBLACION SE BENEFICIA DE UNA OFERTA CULTURAL DIVERSA Y RECONOCIDA A NIVEL NACIONAL E INTERNACIONAL","5005770","IMPLEMENTACION DE ACCIONES PARA EL ACCESO Y LA APRECIACION DE LA DIVERSIDAD DE EXPRESIONES ARTISTICAS ","21","CULTURA Y DEPORTE","045","CULTURA","0100","PROMOCION Y DESARROLLO CULTURAL","00001","0167391","IMPLEMENTACION DE ACCIONES PARA EL ACCESO Y LA APRECIACION DE LA DIVERSIDAD DE EXPRESIONES ARTISTICAS","04","AREQUIPA","2","RECURSOS DIRECTAMENTE RECAUDADOS","09","RECURSOS DIRECTAMENTE RECAUDADOS","1","UNIVERSIDADES / GOB. LOCALES","5","GASTO CORRIENTE","2","3","BIENES Y SERVICIOS","1","COMPRA DE BIENES","99","COMPRA DE OTROS BIENES","1","COMPRA DE OTROS BIENES","3","LIBROS, DIARIOS, REVISTAS Y OTROS BIENES IMPRESOS NO VINCULADOS A ENSEÑANZA","0","0","0","0","0","0","0","570","0","150","960","0","0","630","0","0","120","2430"
"2019","M","GOBIERNOS LOCALES"," "," "," "," ","300331","040101","MUNICIPALIDAD PROVINCIAL DE AREQUIPA","04","AREQUIPA","01","AREQUIPA","01","AREQUIPA","107","0140","DESARROLLO Y PROMOCION DE LAS ARTES E INDUSTRIAS CULTURALES","3","ACTIVIDAD","3000773","POBLACION SE BENEFICIA DE UNA OFERTA CULTURAL DIVERSA Y RECONOCIDA A NIVEL NACIONAL E INTERNACIONAL","5005770","IMPLEMENTACION DE ACCIONES PARA EL ACCESO Y LA APRECIACION DE LA DIVERSIDAD DE EXPRESIONES ARTISTICAS ","21","CULTURA Y DEPORTE","045","CULTURA","0100","PROMOCION Y DESARROLLO CULTURAL","00001","0167391","IMPLEMENTACION DE ACCIONES PARA EL ACCESO Y LA APRECIACION DE LA DIVERSIDAD DE EXPRESIONES ARTISTICAS","04","AREQUIPA","2","RECURSOS DIRECTAMENTE RECAUDADOS","09","RECURSOS DIRECTAMENTE RECAUDADOS","1","UNIVERSIDADES / GOB. LOCALES","5","GASTO CORRIENTE","2","3","BIENES Y SERVICIOS","1","COMPRA DE BIENES","99","COMPRA DE OTROS BIENES","1","COMPRA DE OTROS BIENES","99","OTROS BIENES","0","0","0","0","0","0","0","770","22.10","42.90","42","0","0","266.50","0","250","490","1883.50"
"2019","M","GOBIERNOS LOCALES"," "," "," "," ","300331","040101","MUNICIPALIDAD PROVINCIAL DE AREQUIPA","04","AREQUIPA","01","AREQUIPA","01","AREQUIPA","107","0140","DESARROLLO Y PROMOCION DE LAS ARTES E INDUSTRIAS CULTURALES","3","ACTIVIDAD","3000773","POBLACION SE BENEFICIA DE UNA OFERTA CULTURAL DIVERSA Y RECONOCIDA A NIVEL NACIONAL E INTERNACIONAL","5005770","IMPLEMENTACION DE ACCIONES PARA EL ACCESO Y LA APRECIACION DE LA DIVERSIDAD DE EXPRESIONES ARTISTICAS ","21","CULTURA Y DEPORTE","045","CULTURA","0100","PROMOCION Y DESARROLLO CULTURAL","00001","0167391","IMPLEMENTACION DE ACCIONES PARA EL ACCESO Y LA APRECIACION DE LA DIVERSIDAD DE EXPRESIONES ARTISTICAS","04","AREQUIPA","2","RECURSOS DIRECTAMENTE RECAUDADOS","09","RECURSOS DIRECTAMENTE RECAUDADOS","1","UNIVERSIDADES / GOB. LOCALES","5","GASTO CORRIENTE","2","3","BIENES Y SERVICIOS","2","CONTRATACION DE SERVICIOS","1","VIAJES","2","VIAJES DOMESTICOS","99","OTROS GASTOS","0","0","0","0","0","0","0","0","71","36","58","0","0","122.50","0","50","0","337.50"
"2019","M","GOBIERNOS LOCALES"," "," "," "," ","300331","040101","MUNICIPALIDAD PROVINCIAL DE AREQUIPA","04","AREQUIPA","01","AREQUIPA","01","AREQUIPA","107","0140","DESARROLLO Y PROMOCION DE LAS ARTES E INDUSTRIAS CULTURALES","3","ACTIVIDAD","3000773","POBLACION SE BENEFICIA DE UNA OFERTA CULTURAL DIVERSA Y RECONOCIDA A NIVEL NACIONAL E INTERNACIONAL","5005770","IMPLEMENTACION DE ACCIONES PARA EL ACCESO Y LA APRECIACION DE LA DIVERSIDAD DE EXPRESIONES ARTISTICAS ","21","CULTURA Y DEPORTE","045","CULTURA","0100","PROMOCION Y DESARROLLO CULTURAL","00001","0167391","IMPLEMENTACION DE ACCIONES PARA EL ACCESO Y LA APRECIACION DE LA DIVERSIDAD DE EXPRESIONES ARTISTICAS","04","AREQUIPA","2","RECURSOS DIRECTAMENTE RECAUDADOS","09","RECURSOS DIRECTAMENTE RECAUDADOS","1","UNIVERSIDADES / GOB. LOCALES","5","GASTO CORRIENTE","2","3","BIENES Y SERVICIOS","2","CONTRATACION DE SERVICIOS","5","ALQUILERES DE MUEBLES E INMUEBLES","1","ALQUILERES DE MUEBLES E INMUEBLES","4","DE MAQUINARIAS Y EQUIPOS","0","0","0","0","0","0","0","1600","0","0","2850","3000","650","0","0","0","500","8600"
"2019","M","GOBIERNOS LOCALES"," "," "," "," ","300331","040101","MUNICIPALIDAD PROVINCIAL DE AREQUIPA","04","AREQUIPA","01","AREQUIPA","01","AREQUIPA","107","0140","DESARROLLO Y PROMOCION DE LAS ARTES E INDUSTRIAS CULTURALES","3","ACTIVIDAD","3000773","POBLACION SE BENEFICIA DE UNA OFERTA CULTURAL DIVERSA Y RECONOCIDA A NIVEL NACIONAL E INTERNACIONAL","5005770","IMPLEMENTACION DE ACCIONES PARA EL ACCESO Y LA APRECIACION DE LA DIVERSIDAD DE EXPRESIONES ARTISTICAS ","21","CULTURA Y DEPORTE","045","CULTURA","0100","PROMOCION Y DESARROLLO CULTURAL","00001","0167391","IMPLEMENTACION DE ACCIONES PARA EL ACCESO Y LA APRECIACION DE LA DIVERSIDAD DE EXPRESIONES ARTISTICAS","04","AREQUIPA","2","RECURSOS DIRECTAMENTE RECAUDADOS","09","RECURSOS DIRECTAMENTE RECAUDADOS","1","UNIVERSIDADES / GOB. LOCALES","5","GASTO CORRIENTE","2","3","BIENES Y SERVICIOS","2","CONTRATACION DE SERVICIOS","7","SERVICIOS PROFESIONALES Y TECNICOS","11","OTROS SERVICIOS","99","SERVICIOS DIVERSOS","0","0","0","0","0","1206","-266.90","0","1915","1200","10680.20","9200","2000","0","0","0","10180","36114.30"
"2019","M","GOBIERNOS LOCALES"," "," "," "," ","300331","040101","MUNICIPALIDAD PROVINCIAL DE AREQUIPA","04","AREQUIPA","01","AREQUIPA","01","AREQUIPA","107","0140","DESARROLLO Y PROMOCION DE LAS ARTES E INDUSTRIAS CULTURALES","3","ACTIVIDAD","3000773","POBLACION SE BENEFICIA DE UNA OFERTA CULTURAL DIVERSA Y RECONOCIDA A NIVEL NACIONAL E INTERNACIONAL","5005770","IMPLEMENTACION DE ACCIONES PARA EL ACCESO Y LA APRECIACION DE LA DIVERSIDAD DE EXPRESIONES ARTISTICAS ","21","CULTURA Y DEPORTE","045","CULTURA","0100","PROMOCION Y DESARROLLO CULTURAL","00001","0167391","IMPLEMENTACION DE ACCIONES PARA EL ACCESO Y LA APRECIACION DE LA DIVERSIDAD DE EXPRESIONES ARTISTICAS","04","AREQUIPA","2","RECURSOS DIRECTAMENTE RECAUDADOS","09","RECURSOS DIRECTAMENTE RECAUDADOS","7","SUB CUENTA - RECURSOS DIRECTAMENTE RECAUDADOS","5","GASTO CORRIENTE","2","1","PERSONAL Y OBLIGACIONES SOCIALES","1","RETRIBUCIONES Y COMPLEMENTOS EN EFECTIVO","1","PERSONAL ADMINISTRATIVO","1","PERSONAL ADMINISTRATIVO","2","PERSONAL ADMINISTRATIVO NOMBRADO (REGIMEN PUBLICO)","0","0","0","0","0","0","0","0","0","3392.18","0","3259.69","0","0","0","0","0","6651.87"
"2019","M","GOBIERNOS LOCALES"," "," "," "," ","300331","040101","MUNICIPALIDAD PROVINCIAL DE AREQUIPA","04","AREQUIPA","01","AREQUIPA","01","AREQUIPA","107","0140","DESARROLLO Y PROMOCION DE LAS ARTES E INDUSTRIAS CULTURALES","3","ACTIVIDAD","3000773","POBLACION SE BENEFICIA DE UNA OFERTA CULTURAL DIVERSA Y RECONOCIDA A NIVEL NACIONAL E INTERNACIONAL","5005770","IMPLEMENTACION DE ACCIONES PARA EL ACCESO Y LA APRECIACION DE LA DIVERSIDAD DE EXPRESIONES ARTISTICAS ","21","CULTURA Y DEPORTE","045","CULTURA","0100","PROMOCION Y DESARROLLO CULTURAL","00001","0167391","IMPLEMENTACION DE ACCIONES PARA EL ACCESO Y LA APRECIACION DE LA DIVERSIDAD DE EXPRESIONES ARTISTICAS","04","AREQUIPA","5","RECURSOS DETERMINADOS","07","FONDO DE COMPENSACION MUNICIPAL","0","NORMAL","5","GASTO CORRIENTE","2","1","PERSONAL Y OBLIGACIONES SOCIALES","1","RETRIBUCIONES Y COMPLEMENTOS EN EFECTIVO","1","PERSONAL ADMINISTRATIVO","1","PERSONAL ADMINISTRATIVO","2","PERSONAL ADMINISTRATIVO NOMBRADO (REGIMEN PUBLICO)","0","29200","29200","0","0","0","0","0","0","0","0","0","0","0","0","0","0","0"
"2019","M","GOBIERNOS LOCALES"," "," "," "," ","300331","040101","MUNICIPALIDAD PROVINCIAL DE AREQUIPA","04","AREQUIPA","01","AREQUIPA","01","AREQUIPA","107","0140","DESARROLLO Y PROMOCION DE LAS ARTES E INDUSTRIAS CULTURALES","3","ACTIVIDAD","3000773","POBLACION SE BENEFICIA DE UNA OFERTA CULTURAL DIVERSA Y RECONOCIDA A NIVEL NACIONAL E INTERNACIONAL","5005770","IMPLEMENTACION DE ACCIONES PARA EL ACCESO Y LA APRECIACION DE LA DIVERSIDAD DE EXPRESIONES ARTISTICAS ","21","CULTURA Y DEPORTE","045","CULTURA","0100","PROMOCION Y DESARROLLO CULTURAL","00001","0167391","IMPLEMENTACION DE ACCIONES PARA EL ACCESO Y LA APRECIACION DE LA DIVERSIDAD DE EXPRESIONES ARTISTICAS","04","AREQUIPA","5","RECURSOS DETERMINADOS","07","FONDO DE COMPENSACION MUNICIPAL","0","NORMAL","5","GASTO CORRIENTE","2","1","PERSONAL Y OBLIGACIONES SOCIALES","1","RETRIBUCIONES Y COMPLEMENTOS EN EFECTIVO","1","PERSONAL ADMINISTRATIVO","1","PERSONAL ADMINISTRATIVO","2","PERSONAL ADMINISTRATIVO NOMBRADO (REGIMEN PUBLICO)","0","0","0","29200","29200","0","0","0","0","0","0","0","0","0","0","0","0","0"
"2019","M","GOBIERNOS LOCALES"," "," "," "," ","300331","040101","MUNICIPALIDAD PROVINCIAL DE AREQUIPA","04","AREQUIPA","01","AREQUIPA","01","AREQUIPA","107","0140","DESARROLLO Y PROMOCION DE LAS ARTES E INDUSTRIAS CULTURALES","3","ACTIVIDAD","3000773","POBLACION SE BENEFICIA DE UNA OFERTA CULTURAL DIVERSA Y RECONOCIDA A NIVEL NACIONAL E INTERNACIONAL","5005770","IMPLEMENTACION DE ACCIONES PARA EL ACCESO Y LA APRECIACION DE LA DIVERSIDAD DE EXPRESIONES ARTISTICAS ","21","CULTURA Y DEPORTE","045","CULTURA","0100","PROMOCION Y DESARROLLO CULTURAL","00001","0167391","IMPLEMENTACION DE ACCIONES PARA EL ACCESO Y LA APRECIACION DE LA DIVERSIDAD DE EXPRESIONES ARTISTICAS","04","AREQUIPA","5","RECURSOS DETERMINADOS","07","FONDO DE COMPENSACION MUNICIPAL","0","NORMAL","5","GASTO CORRIENTE","2","1","PERSONAL Y OBLIGACIONES SOCIALES","3","CONTRIBUCIONES A LA SEGURIDAD SOCIAL","1","OBLIGACIONES DEL EMPLEADOR","1","OBLIGACIONES DEL EMPLEADOR","5","CONTRIBUCIONES A ESSALUD","0","4968","4968","0","0","0","0","0","0","0","0","0","0","0","0","0","0","0"
"2019","M","GOBIERNOS LOCALES"," "," "," "," ","300331","040101","MUNICIPALIDAD PROVINCIAL DE AREQUIPA","04","AREQUIPA","01","AREQUIPA","01","AREQUIPA","107","0140","DESARROLLO Y PROMOCION DE LAS ARTES E INDUSTRIAS CULTURALES","3","ACTIVIDAD","3000773","POBLACION SE BENEFICIA DE UNA OFERTA CULTURAL DIVERSA Y RECONOCIDA A NIVEL NACIONAL E INTERNACIONAL","5005770","IMPLEMENTACION DE ACCIONES PARA EL ACCESO Y LA APRECIACION DE LA DIVERSIDAD DE EXPRESIONES ARTISTICAS ","21","CULTURA Y DEPORTE","045","CULTURA","0100","PROMOCION Y DESARROLLO CULTURAL","00001","0167391","IMPLEMENTACION DE ACCIONES PARA EL ACCESO Y LA APRECIACION DE LA DIVERSIDAD DE EXPRESIONES ARTISTICAS","04","AREQUIPA","5","RECURSOS DETERMINADOS","07","FONDO DE COMPENSACION MUNICIPAL","0","NORMAL","5","GASTO CORRIENTE","2","1","PERSONAL Y OBLIGACIONES SOCIALES","3","CONTRIBUCIONES A LA SEGURIDAD SOCIAL","1","OBLIGACIONES DEL EMPLEADOR","1","OBLIGACIONES DEL EMPLEADOR","5","CONTRIBUCIONES A ESSALUD","0","0","0","4967.68","4967.68","0","0","0","0","0","0","0","0","0","0","0","0","0"
"2019","M","GOBIERNOS LOCALES"," "," "," "," ","300331","040101","MUNICIPALIDAD PROVINCIAL DE AREQUIPA","04","AREQUIPA","01","AREQUIPA","01","AREQUIPA","107","0140","DESARROLLO Y PROMOCION DE LAS ARTES E INDUSTRIAS CULTURALES","3","ACTIVIDAD","3000773","POBLACION SE BENEFICIA DE UNA OFERTA CULTURAL DIVERSA Y RECONOCIDA A NIVEL NACIONAL E INTERNACIONAL","5005770","IMPLEMENTACION DE ACCIONES PARA EL ACCESO Y LA APRECIACION DE LA DIVERSIDAD DE EXPRESIONES ARTISTICAS ","21","CULTURA Y DEPORTE","045","CULTURA","0100","PROMOCION Y DESARROLLO CULTURAL","00001","0167391","IMPLEMENTACION DE ACCIONES PARA EL ACCESO Y LA APRECIACION DE LA DIVERSIDAD DE EXPRESIONES ARTISTICAS","04","AREQUIPA","5","RECURSOS DETERMINADOS","07","FONDO DE COMPENSACION MUNICIPAL","0","NORMAL","5","GASTO CORRIENTE","2","3","BIENES Y SERVICIOS","1","COMPRA DE BIENES","99","COMPRA DE OTROS BIENES","1","COMPRA DE OTROS BIENES","3","LIBROS, DIARIOS, REVISTAS Y OTROS BIENES IMPRESOS NO VINCULADOS A ENSEÑANZA","0","0","0","0","0","0","0","0","0","0","0","0","0","0","0","0","0","0"
"2019","M","GOBIERNOS LOCALES"," "," "," "," ","300331","040101","MUNICIPALIDAD PROVINCIAL DE AREQUIPA","04","AREQUIPA","01","AREQUIPA","01","AREQUIPA","107","0140","DESARROLLO Y PROMOCION DE LAS ARTES E INDUSTRIAS CULTURALES","3","ACTIVIDAD","3000773","POBLACION SE BENEFICIA DE UNA OFERTA CULTURAL DIVERSA Y RECONOCIDA A NIVEL NACIONAL E INTERNACIONAL","5005770","IMPLEMENTACION DE ACCIONES PARA EL ACCESO Y LA APRECIACION DE LA DIVERSIDAD DE EXPRESIONES ARTISTICAS ","21","CULTURA Y DEPORTE","045","CULTURA","0100","PROMOCION Y DESARROLLO CULTURAL","00001","0167391","IMPLEMENTACION DE ACCIONES PARA EL ACCESO Y LA APRECIACION DE LA DIVERSIDAD DE EXPRESIONES ARTISTICAS","04","AREQUIPA","5","RECURSOS DETERMINADOS","07","FONDO DE COMPENSACION MUNICIPAL","0","NORMAL","5","GASTO CORRIENTE","2","3","BIENES Y SERVICIOS","1","COMPRA DE BIENES","99","COMPRA DE OTROS BIENES","1","COMPRA DE OTROS BIENES","99","OTROS BIENES","0","4950","4950","0","0","0","0","0","0","0","0","0","0","0","0","0","0","0"
"2019","M","GOBIERNOS LOCALES"," "," "," "," ","300331","040101","MUNICIPALIDAD PROVINCIAL DE AREQUIPA","04","AREQUIPA","01","AREQUIPA","01","AREQUIPA","107","0140","DESARROLLO Y PROMOCION DE LAS ARTES E INDUSTRIAS CULTURALES","3","ACTIVIDAD","3000773","POBLACION SE BENEFICIA DE UNA OFERTA CULTURAL DIVERSA Y RECONOCIDA A NIVEL NACIONAL E INTERNACIONAL","5005770","IMPLEMENTACION DE ACCIONES PARA EL ACCESO Y LA APRECIACION DE LA DIVERSIDAD DE EXPRESIONES ARTISTICAS ","21","CULTURA Y DEPORTE","045","CULTURA","0100","PROMOCION Y DESARROLLO CULTURAL","00001","0167391","IMPLEMENTACION DE ACCIONES PARA EL ACCESO Y LA APRECIACION DE LA DIVERSIDAD DE EXPRESIONES ARTISTICAS","04","AREQUIPA","5","RECURSOS DETERMINADOS","07","FONDO DE COMPENSACION MUNICIPAL","0","NORMAL","5","GASTO CORRIENTE","2","3","BIENES Y SERVICIOS","2","CONTRATACION DE SERVICIOS","5","ALQUILERES DE MUEBLES E INMUEBLES","1","ALQUILERES DE MUEBLES E INMUEBLES","4","DE MAQUINARIAS Y EQUIPOS","0","497","497","0","0","0","0","0","0","0","0","0","0","0","0","0","0","0"
"2019","M","GOBIERNOS LOCALES"," "," "," "," ","300331","040101","MUNICIPALIDAD PROVINCIAL DE AREQUIPA","04","AREQUIPA","01","AREQUIPA","01","AREQUIPA","107","0140","DESARROLLO Y PROMOCION DE LAS ARTES E INDUSTRIAS CULTURALES","3","ACTIVIDAD","3000773","POBLACION SE BENEFICIA DE UNA OFERTA CULTURAL DIVERSA Y RECONOCIDA A NIVEL NACIONAL E INTERNACIONAL","5005770","IMPLEMENTACION DE ACCIONES PARA EL ACCESO Y LA APRECIACION DE LA DIVERSIDAD DE EXPRESIONES ARTISTICAS ","21","CULTURA Y DEPORTE","045","CULTURA","0100","PROMOCION Y DESARROLLO CULTURAL","00001","0167391","IMPLEMENTACION DE ACCIONES PARA EL ACCESO Y LA APRECIACION DE LA DIVERSIDAD DE EXPRESIONES ARTISTICAS","04","AREQUIPA","5","RECURSOS DETERMINADOS","07","FONDO DE COMPENSACION MUNICIPAL","0","NORMAL","5","GASTO CORRIENTE","2","3","BIENES Y SERVICIOS","2","CONTRATACION DE SERVICIOS","5","ALQUILERES DE MUEBLES E INMUEBLES","1","ALQUILERES DE MUEBLES E INMUEBLES","4","DE MAQUINARIAS Y EQUIPOS","0","0","0","400","400","0","0","0","0","0","0","0","0","0","0","0","0","0"
"2019","M","GOBIERNOS LOCALES"," "," "," "," ","300331","040101","MUNICIPALIDAD PROVINCIAL DE AREQUIPA","04","AREQUIPA","01","AREQUIPA","01","AREQUIPA","107","0140","DESARROLLO Y PROMOCION DE LAS ARTES E INDUSTRIAS CULTURALES","3","ACTIVIDAD","3000773","POBLACION SE BENEFICIA DE UNA OFERTA CULTURAL DIVERSA Y RECONOCIDA A NIVEL NACIONAL E INTERNACIONAL","5005770","IMPLEMENTACION DE ACCIONES PARA EL ACCESO Y LA APRECIACION DE LA DIVERSIDAD DE EXPRESIONES ARTISTICAS ","21","CULTURA Y DEPORTE","045","CULTURA","0100","PROMOCION Y DESARROLLO CULTURAL","00001","0167391","IMPLEMENTACION DE ACCIONES PARA EL ACCESO Y LA APRECIACION DE LA DIVERSIDAD DE EXPRESIONES ARTISTICAS","04","AREQUIPA","5","RECURSOS DETERMINADOS","07","FONDO DE COMPENSACION MUNICIPAL","0","NORMAL","5","GASTO CORRIENTE","2","3","BIENES Y SERVICIOS","2","CONTRATACION DE SERVICIOS","7","SERVICIOS PROFESIONALES Y TECNICOS","11","OTROS SERVICIOS","99","SERVICIOS DIVERSOS","0","6420","6420","0","0","0","0","0","0","0","0","0","0","0","0","0","0","0"
"2019","M","GOBIERNOS LOCALES"," "," "," "," ","300331","040101","MUNICIPALIDAD PROVINCIAL DE AREQUIPA","04","AREQUIPA","01","AREQUIPA","01","AREQUIPA","107","0140","DESARROLLO Y PROMOCION DE LAS ARTES E INDUSTRIAS CULTURALES","3","ACTIVIDAD","3000773","POBLACION SE BENEFICIA DE UNA OFERTA CULTURAL DIVERSA Y RECONOCIDA A NIVEL NACIONAL E INTERNACIONAL","5005770","IMPLEMENTACION DE ACCIONES PARA EL ACCESO Y LA APRECIACION DE LA DIVERSIDAD DE EXPRESIONES ARTISTICAS ","21","CULTURA Y DEPORTE","045","CULTURA","0100","PROMOCION Y DESARROLLO CULTURAL","00001","0167391","IMPLEMENTACION DE ACCIONES PARA EL ACCESO Y LA APRECIACION DE LA DIVERSIDAD DE EXPRESIONES ARTISTICAS","04","AREQUIPA","5","RECURSOS DETERMINADOS","07","FONDO DE COMPENSACION MUNICIPAL","0","NORMAL","5","GASTO CORRIENTE","2","3","BIENES Y SERVICIOS","2","CONTRATACION DE SERVICIOS","7","SERVICIOS PROFESIONALES Y TECNICOS","11","OTROS SERVICIOS","99","SERVICIOS DIVERSOS","0","0","0","6400","4500","0","0","0","0","0","0","0","0","0","0","0","0","0"
"2019","M","GOBIERNOS LOCALES"," "," "," "," ","300331","040101","MUNICIPALIDAD PROVINCIAL DE AREQUIPA","04","AREQUIPA","01","AREQUIPA","01","AREQUIPA","107","0140","DESARROLLO Y PROMOCION DE LAS ARTES E INDUSTRIAS CULTURALES","3","ACTIVIDAD","3000773","POBLACION SE BENEFICIA DE UNA OFERTA CULTURAL DIVERSA Y RECONOCIDA A NIVEL NACIONAL E INTERNACIONAL","5005770","IMPLEMENTACION DE ACCIONES PARA EL ACCESO Y LA APRECIACION DE LA DIVERSIDAD DE EXPRESIONES ARTISTICAS ","21","CULTURA Y DEPORTE","045","CULTURA","0100","PROMOCION Y DESARROLLO CULTURAL","00001","0167391","IMPLEMENTACION DE ACCIONES PARA EL ACCESO Y LA APRECIACION DE LA DIVERSIDAD DE EXPRESIONES ARTISTICAS","04","AREQUIPA","5","RECURSOS DETERMINADOS","07","FONDO DE COMPENSACION MUNICIPAL","0","NORMAL","5","GASTO CORRIENTE","2","3","BIENES Y SERVICIOS","2","CONTRATACION DE SERVICIOS","8","CONTRATO ADMINISTRATIVO DE SERVICIOS","1","CONTRATO ADMINISTRATIVO DE SERVICIOS","1","CONTRATO ADMINISTRATIVO DE SERVICIOS","0","5000","5000","0","0","0","0","0","0","0","0","0","0","0","0","0","0","0"
"2019","M","GOBIERNOS LOCALES"," "," "," "," ","300331","040101","MUNICIPALIDAD PROVINCIAL DE AREQUIPA","04","AREQUIPA","01","AREQUIPA","01","AREQUIPA","107","0140","DESARROLLO Y PROMOCION DE LAS ARTES E INDUSTRIAS CULTURALES","3","ACTIVIDAD","3000773","POBLACION SE BENEFICIA DE UNA OFERTA CULTURAL DIVERSA Y RECONOCIDA A NIVEL NACIONAL E INTERNACIONAL","5005770","IMPLEMENTACION DE ACCIONES PARA EL ACCESO Y LA APRECIACION DE LA DIVERSIDAD DE EXPRESIONES ARTISTICAS ","21","CULTURA Y DEPORTE","045","CULTURA","0100","PROMOCION Y DESARROLLO CULTURAL","00001","0167391","IMPLEMENTACION DE ACCIONES PARA EL ACCESO Y LA APRECIACION DE LA DIVERSIDAD DE EXPRESIONES ARTISTICAS","04","AREQUIPA","5","RECURSOS DETERMINADOS","07","FONDO DE COMPENSACION MUNICIPAL","0","NORMAL","5","GASTO CORRIENTE","2","3","BIENES Y SERVICIOS","2","CONTRATACION DE SERVICIOS","8","CONTRATO ADMINISTRATIVO DE SERVICIOS","1","CONTRATO ADMINISTRATIVO DE SERVICIOS","1","CONTRATO ADMINISTRATIVO DE SERVICIOS","0","0","0","5000","5000","0","0","0","0","0","0","0","0","0","0","0","0","0"
"2019","M","GOBIERNOS LOCALES"," "," "," "," ","300331","040101","MUNICIPALIDAD PROVINCIAL DE AREQUIPA","04","AREQUIPA","01","AREQUIPA","01","AREQUIPA","107","0140","DESARROLLO Y PROMOCION DE LAS ARTES E INDUSTRIAS CULTURALES","3","ACTIVIDAD","3000773","POBLACION SE BENEFICIA DE UNA OFERTA CULTURAL DIVERSA Y RECONOCIDA A NIVEL NACIONAL E INTERNACIONAL","5005770","IMPLEMENTACION DE ACCIONES PARA EL ACCESO Y LA APRECIACION DE LA DIVERSIDAD DE EXPRESIONES ARTISTICAS ","21","CULTURA Y DEPORTE","045","CULTURA","0100","PROMOCION Y DESARROLLO CULTURAL","00001","0167391","IMPLEMENTACION DE ACCIONES PARA EL ACCESO Y LA APRECIACION DE LA DIVERSIDAD DE EXPRESIONES ARTISTICAS","04","AREQUIPA","5","RECURSOS DETERMINADOS","07","FONDO DE COMPENSACION MUNICIPAL","0","NORMAL","5","GASTO CORRIENTE","2","3","BIENES Y SERVICIOS","2","CONTRATACION DE SERVICIOS","8","CONTRATO ADMINISTRATIVO DE SERVICIOS","1","CONTRATO ADMINISTRATIVO DE SERVICIOS","2","CONTRIBUCIONES A ESSALUD DE C.A.S.","0","114","114","0","0","0","0","0","0","0","0","0","0","0","0","0","0","0"
"2019","M","GOBIERNOS LOCALES"," "," "," "," ","300331","040101","MUNICIPALIDAD PROVINCIAL DE AREQUIPA","04","AREQUIPA","01","AREQUIPA","01","AREQUIPA","107","0140","DESARROLLO Y PROMOCION DE LAS ARTES E INDUSTRIAS CULTURALES","3","ACTIVIDAD","3000773","POBLACION SE BENEFICIA DE UNA OFERTA CULTURAL DIVERSA Y RECONOCIDA A NIVEL NACIONAL E INTERNACIONAL","5005770","IMPLEMENTACION DE ACCIONES PARA EL ACCESO Y LA APRECIACION DE LA DIVERSIDAD DE EXPRESIONES ARTISTICAS ","21","CULTURA Y DEPORTE","045","CULTURA","0100","PROMOCION Y DESARROLLO CULTURAL","00001","0167391","IMPLEMENTACION DE ACCIONES PARA EL ACCESO Y LA APRECIACION DE LA DIVERSIDAD DE EXPRESIONES ARTISTICAS","04","AREQUIPA","5","RECURSOS DETERMINADOS","07","FONDO DE COMPENSACION MUNICIPAL","0","NORMAL","5","GASTO CORRIENTE","2","3","BIENES Y SERVICIOS","2","CONTRATACION DE SERVICIOS","8","CONTRATO ADMINISTRATIVO DE SERVICIOS","1","CONTRATO ADMINISTRATIVO DE SERVICIOS","2","CONTRIBUCIONES A ESSALUD DE C.A.S.","0","0","0","113.40","113.40","0","0","0","0","0","0","0","0","0","0","0","0","0"
"2019","M","GOBIERNOS LOCALES"," "," "," "," ","300331","040101","MUNICIPALIDAD PROVINCIAL DE AREQUIPA","04","AREQUIPA","01","AREQUIPA","01","AREQUIPA","107","0140","DESARROLLO Y PROMOCION DE LAS ARTES E INDUSTRIAS CULTURALES","3","ACTIVIDAD","3000773","POBLACION SE BENEFICIA DE UNA OFERTA CULTURAL DIVERSA Y RECONOCIDA A NIVEL NACIONAL E INTERNACIONAL","5005770","IMPLEMENTACION DE ACCIONES PARA EL ACCESO Y LA APRECIACION DE LA DIVERSIDAD DE EXPRESIONES ARTISTICAS ","21","CULTURA Y DEPORTE","045","CULTURA","0100","PROMOCION Y DESARROLLO CULTURAL","00001","0167391","IMPLEMENTACION DE ACCIONES PARA EL ACCESO Y LA APRECIACION DE LA DIVERSIDAD DE EXPRESIONES ARTISTICAS","04","AREQUIPA","5","RECURSOS DETERMINADOS","07","FONDO DE COMPENSACION MUNICIPAL","A","SUB CUENTA - FONCOMUN","5","GASTO CORRIENTE","2","1","PERSONAL Y OBLIGACIONES SOCIALES","1","RETRIBUCIONES Y COMPLEMENTOS EN EFECTIVO","1","PERSONAL ADMINISTRATIVO","1","PERSONAL ADMINISTRATIVO","2","PERSONAL ADMINISTRATIVO NOMBRADO (REGIMEN PUBLICO)","0","0","0","0","0","0","0","0","0","0","0","0","0","0","0","0","29198.91","29198.91"
"2019","M","GOBIERNOS LOCALES"," "," "," "," ","300331","040101","MUNICIPALIDAD PROVINCIAL DE AREQUIPA","04","AREQUIPA","01","AREQUIPA","01","AREQUIPA","107","0140","DESARROLLO Y PROMOCION DE LAS ARTES E INDUSTRIAS CULTURALES","3","ACTIVIDAD","3000773","POBLACION SE BENEFICIA DE UNA OFERTA CULTURAL DIVERSA Y RECONOCIDA A NIVEL NACIONAL E INTERNACIONAL","5005770","IMPLEMENTACION DE ACCIONES PARA EL ACCESO Y LA APRECIACION DE LA DIVERSIDAD DE EXPRESIONES ARTISTICAS ","21","CULTURA Y DEPORTE","045","CULTURA","0100","PROMOCION Y DESARROLLO CULTURAL","00001","0167391","IMPLEMENTACION DE ACCIONES PARA EL ACCESO Y LA APRECIACION DE LA DIVERSIDAD DE EXPRESIONES ARTISTICAS","04","AREQUIPA","5","RECURSOS DETERMINADOS","07","FONDO DE COMPENSACION MUNICIPAL","A","SUB CUENTA - FONCOMUN","5","GASTO CORRIENTE","2","1","PERSONAL Y OBLIGACIONES SOCIALES","3","CONTRIBUCIONES A LA SEGURIDAD SOCIAL","1","OBLIGACIONES DEL EMPLEADOR","1","OBLIGACIONES DEL EMPLEADOR","5","CONTRIBUCIONES A ESSALUD","0","0","0","0","0","0","0","4967.68","0","0","0","0","0","0","0","0","0","4967.68"
"2019","M","GOBIERNOS LOCALES"," "," "," "," ","300331","040101","MUNICIPALIDAD PROVINCIAL DE AREQUIPA","04","AREQUIPA","01","AREQUIPA","01","AREQUIPA","107","0140","DESARROLLO Y PROMOCION DE LAS ARTES E INDUSTRIAS CULTURALES","3","ACTIVIDAD","3000773","POBLACION SE BENEFICIA DE UNA OFERTA CULTURAL DIVERSA Y RECONOCIDA A NIVEL NACIONAL E INTERNACIONAL","5005770","IMPLEMENTACION DE ACCIONES PARA EL ACCESO Y LA APRECIACION DE LA DIVERSIDAD DE EXPRESIONES ARTISTICAS ","21","CULTURA Y DEPORTE","045","CULTURA","0100","PROMOCION Y DESARROLLO CULTURAL","00001","0167391","IMPLEMENTACION DE ACCIONES PARA EL ACCESO Y LA APRECIACION DE LA DIVERSIDAD DE EXPRESIONES ARTISTICAS","04","AREQUIPA","5","RECURSOS DETERMINADOS","07","FONDO DE COMPENSACION MUNICIPAL","A","SUB CUENTA - FONCOMUN","5","GASTO CORRIENTE","2","3","BIENES Y SERVICIOS","2","CONTRATACION DE SERVICIOS","5","ALQUILERES DE MUEBLES E INMUEBLES","1","ALQUILERES DE MUEBLES E INMUEBLES","4","DE MAQUINARIAS Y EQUIPOS","0","0","0","0","0","0","0","0","0","0","0","0","0","0","0","0","400","400"
"2019","M","GOBIERNOS LOCALES"," "," "," "," ","300331","040101","MUNICIPALIDAD PROVINCIAL DE AREQUIPA","04","AREQUIPA","01","AREQUIPA","01","AREQUIPA","107","0140","DESARROLLO Y PROMOCION DE LAS ARTES E INDUSTRIAS CULTURALES","3","ACTIVIDAD","3000773","POBLACION SE BENEFICIA DE UNA OFERTA CULTURAL DIVERSA Y RECONOCIDA A NIVEL NACIONAL E INTERNACIONAL","5005770","IMPLEMENTACION DE ACCIONES PARA EL ACCESO Y LA APRECIACION DE LA DIVERSIDAD DE EXPRESIONES ARTISTICAS ","21","CULTURA Y DEPORTE","045","CULTURA","0100","PROMOCION Y DESARROLLO CULTURAL","00001","0167391","IMPLEMENTACION DE ACCIONES PARA EL ACCESO Y LA APRECIACION DE LA DIVERSIDAD DE EXPRESIONES ARTISTICAS","04","AREQUIPA","5","RECURSOS DETERMINADOS","07","FONDO DE COMPENSACION MUNICIPAL","A","SUB CUENTA - FONCOMUN","5","GASTO CORRIENTE","2","3","BIENES Y SERVICIOS","2","CONTRATACION DE SERVICIOS","7","SERVICIOS PROFESIONALES Y TECNICOS","11","OTROS SERVICIOS","99","SERVICIOS DIVERSOS","0","0","0","0","0","0","0","0","0","0","0","0","0","0","0","0","1900","1900"
"2019","M","GOBIERNOS LOCALES"," "," "," "," ","300331","040101","MUNICIPALIDAD PROVINCIAL DE AREQUIPA","04","AREQUIPA","01","AREQUIPA","01","AREQUIPA","107","0140","DESARROLLO Y PROMOCION DE LAS ARTES E INDUSTRIAS CULTURALES","3","ACTIVIDAD","3000773","POBLACION SE BENEFICIA DE UNA OFERTA CULTURAL DIVERSA Y RECONOCIDA A NIVEL NACIONAL E INTERNACIONAL","5005770","IMPLEMENTACION DE ACCIONES PARA EL ACCESO Y LA APRECIACION DE LA DIVERSIDAD DE EXPRESIONES ARTISTICAS ","21","CULTURA Y DEPORTE","045","CULTURA","0100","PROMOCION Y DESARROLLO CULTURAL","00001","0167391","IMPLEMENTACION DE ACCIONES PARA EL ACCESO Y LA APRECIACION DE LA DIVERSIDAD DE EXPRESIONES ARTISTICAS","04","AREQUIPA","5","RECURSOS DETERMINADOS","07","FONDO DE COMPENSACION MUNICIPAL","A","SUB CUENTA - FONCOMUN","5","GASTO CORRIENTE","2","3","BIENES Y SERVICIOS","2","CONTRATACION DE SERVICIOS","8","CONTRATO ADMINISTRATIVO DE SERVICIOS","1","CONTRATO ADMINISTRATIVO DE SERVICIOS","1","CONTRATO ADMINISTRATIVO DE SERVICIOS","0","0","0","0","0","0","0","0","0","0","0","0","0","0","0","0","5000","5000"
"2019","M","GOBIERNOS LOCALES"," "," "," "," ","300331","040101","MUNICIPALIDAD PROVINCIAL DE AREQUIPA","04","AREQUIPA","01","AREQUIPA","01","AREQUIPA","107","0140","DESARROLLO Y PROMOCION DE LAS ARTES E INDUSTRIAS CULTURALES","3","ACTIVIDAD","3000773","POBLACION SE BENEFICIA DE UNA OFERTA CULTURAL DIVERSA Y RECONOCIDA A NIVEL NACIONAL E INTERNACIONAL","5005770","IMPLEMENTACION DE ACCIONES PARA EL ACCESO Y LA APRECIACION DE LA DIVERSIDAD DE EXPRESIONES ARTISTICAS ","21","CULTURA Y DEPORTE","045","CULTURA","0100","PROMOCION Y DESARROLLO CULTURAL","00001","0167391","IMPLEMENTACION DE ACCIONES PARA EL ACCESO Y LA APRECIACION DE LA DIVERSIDAD DE EXPRESIONES ARTISTICAS","04","AREQUIPA","5","RECURSOS DETERMINADOS","07","FONDO DE COMPENSACION MUNICIPAL","A","SUB CUENTA - FONCOMUN","5","GASTO CORRIENTE","2","3","BIENES Y SERVICIOS","2","CONTRATACION DE SERVICIOS","8","CONTRATO ADMINISTRATIVO DE SERVICIOS","1","CONTRATO ADMINISTRATIVO DE SERVICIOS","2","CONTRIBUCIONES A ESSALUD DE C.A.S.","0","0","0","0","0","0","0","0","0","0","0","0","0","0","0","0","113.40","113.40"
"2019","M","GOBIERNOS LOCALES"," "," "," "," ","300331","040101","MUNICIPALIDAD PROVINCIAL DE AREQUIPA","04","AREQUIPA","01","AREQUIPA","01","AREQUIPA","107","0140","DESARROLLO Y PROMOCION DE LAS ARTES E INDUSTRIAS CULTURALES","3","ACTIVIDAD","3000773","POBLACION SE BENEFICIA DE UNA OFERTA CULTURAL DIVERSA Y RECONOCIDA A NIVEL NACIONAL E INTERNACIONAL","5005770","IMPLEMENTACION DE ACCIONES PARA EL ACCESO Y LA APRECIACION DE LA DIVERSIDAD DE EXPRESIONES ARTISTICAS ","21","CULTURA Y DEPORTE","045","CULTURA","0100","PROMOCION Y DESARROLLO CULTURAL","00001","0167391","IMPLEMENTACION DE ACCIONES PARA EL ACCESO Y LA APRECIACION DE LA DIVERSIDAD DE EXPRESIONES ARTISTICAS","04","AREQUIPA","5","RECURSOS DETERMINADOS","08","IMPUESTOS MUNICIPALES","0","NORMAL","5","GASTO CORRIENTE","2","1","PERSONAL Y OBLIGACIONES SOCIALES","1","RETRIBUCIONES Y COMPLEMENTOS EN EFECTIVO","1","PERSONAL ADMINISTRATIVO","1","PERSONAL ADMINISTRATIVO","2","PERSONAL ADMINISTRATIVO NOMBRADO (REGIMEN PUBLICO)","0","545552","545552","0","0","0","0","0","0","0","0","0","0","0","0","0","0","0"
"2019","M","GOBIERNOS LOCALES"," "," "," "," ","300331","040101","MUNICIPALIDAD PROVINCIAL DE AREQUIPA","04","AREQUIPA","01","AREQUIPA","01","AREQUIPA","107","0140","DESARROLLO Y PROMOCION DE LAS ARTES E INDUSTRIAS CULTURALES","3","ACTIVIDAD","3000773","POBLACION SE BENEFICIA DE UNA OFERTA CULTURAL DIVERSA Y RECONOCIDA A NIVEL NACIONAL E INTERNACIONAL","5005770","IMPLEMENTACION DE ACCIONES PARA EL ACCESO Y LA APRECIACION DE LA DIVERSIDAD DE EXPRESIONES ARTISTICAS ","21","CULTURA Y DEPORTE","045","CULTURA","0100","PROMOCION Y DESARROLLO CULTURAL","00001","0167391","IMPLEMENTACION DE ACCIONES PARA EL ACCESO Y LA APRECIACION DE LA DIVERSIDAD DE EXPRESIONES ARTISTICAS","04","AREQUIPA","5","RECURSOS DETERMINADOS","08","IMPUESTOS MUNICIPALES","0","NORMAL","5","GASTO CORRIENTE","2","1","PERSONAL Y OBLIGACIONES SOCIALES","1","RETRIBUCIONES Y COMPLEMENTOS EN EFECTIVO","1","PERSONAL ADMINISTRATIVO","1","PERSONAL ADMINISTRATIVO","2","PERSONAL ADMINISTRATIVO NOMBRADO (REGIMEN PUBLICO)","0","0","0","545551.18","545551.18","48921.08","45927.30","48382.13","46747.82","0","46735.20","46696.88","50096.08","1210.67","109172.13","55909.36","26842.56","526641.21"
"2019","M","GOBIERNOS LOCALES"," "," "," "," ","300331","040101","MUNICIPALIDAD PROVINCIAL DE AREQUIPA","04","AREQUIPA","01","AREQUIPA","01","AREQUIPA","107","0140","DESARROLLO Y PROMOCION DE LAS ARTES E INDUSTRIAS CULTURALES","3","ACTIVIDAD","3000773","POBLACION SE BENEFICIA DE UNA OFERTA CULTURAL DIVERSA Y RECONOCIDA A NIVEL NACIONAL E INTERNACIONAL","5005770","IMPLEMENTACION DE ACCIONES PARA EL ACCESO Y LA APRECIACION DE LA DIVERSIDAD DE EXPRESIONES ARTISTICAS ","21","CULTURA Y DEPORTE","045","CULTURA","0100","PROMOCION Y DESARROLLO CULTURAL","00001","0167391","IMPLEMENTACION DE ACCIONES PARA EL ACCESO Y LA APRECIACION DE LA DIVERSIDAD DE EXPRESIONES ARTISTICAS","04","AREQUIPA","5","RECURSOS DETERMINADOS","08","IMPUESTOS MUNICIPALES","0","NORMAL","5","GASTO CORRIENTE","2","1","PERSONAL Y OBLIGACIONES SOCIALES","1","RETRIBUCIONES Y COMPLEMENTOS EN EFECTIVO","1","PERSONAL ADMINISTRATIVO","1","PERSONAL ADMINISTRATIVO","9","PERSONAL DE CONFIANZA (RÉGIMEN LABORAL PÚBLICO)","0","16000","16000","0","0","0","0","0","0","0","0","0","0","0","0","0","0","0"
"2019","M","GOBIERNOS LOCALES"," "," "," "," ","300331","040101","MUNICIPALIDAD PROVINCIAL DE AREQUIPA","04","AREQUIPA","01","AREQUIPA","01","AREQUIPA","107","0140","DESARROLLO Y PROMOCION DE LAS ARTES E INDUSTRIAS CULTURALES","3","ACTIVIDAD","3000773","POBLACION SE BENEFICIA DE UNA OFERTA CULTURAL DIVERSA Y RECONOCIDA A NIVEL NACIONAL E INTERNACIONAL","5005770","IMPLEMENTACION DE ACCIONES PARA EL ACCESO Y LA APRECIACION DE LA DIVERSIDAD DE EXPRESIONES ARTISTICAS ","21","CULTURA Y DEPORTE","045","CULTURA","0100","PROMOCION Y DESARROLLO CULTURAL","00001","0167391","IMPLEMENTACION DE ACCIONES PARA EL ACCESO Y LA APRECIACION DE LA DIVERSIDAD DE EXPRESIONES ARTISTICAS","04","AREQUIPA","5","RECURSOS DETERMINADOS","08","IMPUESTOS MUNICIPALES","0","NORMAL","5","GASTO CORRIENTE","2","1","PERSONAL Y OBLIGACIONES SOCIALES","1","RETRIBUCIONES Y COMPLEMENTOS EN EFECTIVO","1","PERSONAL ADMINISTRATIVO","1","PERSONAL ADMINISTRATIVO","9","PERSONAL DE CONFIANZA (RÉGIMEN LABORAL PÚBLICO)","0","0","0","16000","16000","4000","4000","4000","4000","0","0","0","0","0","0","0","0","16000"
"2019","M","GOBIERNOS LOCALES"," "," "," "," ","300331","040101","MUNICIPALIDAD PROVINCIAL DE AREQUIPA","04","AREQUIPA","01","AREQUIPA","01","AREQUIPA","107","0140","DESARROLLO Y PROMOCION DE LAS ARTES E INDUSTRIAS CULTURALES","3","ACTIVIDAD","3000773","POBLACION SE BENEFICIA DE UNA OFERTA CULTURAL DIVERSA Y RECONOCIDA A NIVEL NACIONAL E INTERNACIONAL","5005770","IMPLEMENTACION DE ACCIONES PARA EL ACCESO Y LA APRECIACION DE LA DIVERSIDAD DE EXPRESIONES ARTISTICAS ","21","CULTURA Y DEPORTE","045","CULTURA","0100","PROMOCION Y DESARROLLO CULTURAL","00001","0167391","IMPLEMENTACION DE ACCIONES PARA EL ACCESO Y LA APRECIACION DE LA DIVERSIDAD DE EXPRESIONES ARTISTICAS","04","AREQUIPA","5","RECURSOS DETERMINADOS","08","IMPUESTOS MUNICIPALES","0","NORMAL","5","GASTO CORRIENTE","2","1","PERSONAL Y OBLIGACIONES SOCIALES","1","RETRIBUCIONES Y COMPLEMENTOS EN EFECTIVO","9","GASTOS VARIABLES Y OCASIONALES","3","OTROS GASTOS VARIABLES Y OCASIONALES","1","ASIGNACION POR CUMPLIR 25 O 30 AÑOS","0","2430","2430","0","0","0","0","0","0","0","0","0","0","0","0","0","0","0"
"2019","M","GOBIERNOS LOCALES"," "," "," "," ","300331","040101","MUNICIPALIDAD PROVINCIAL DE AREQUIPA","04","AREQUIPA","01","AREQUIPA","01","AREQUIPA","107","0140","DESARROLLO Y PROMOCION DE LAS ARTES E INDUSTRIAS CULTURALES","3","ACTIVIDAD","3000773","POBLACION SE BENEFICIA DE UNA OFERTA CULTURAL DIVERSA Y RECONOCIDA A NIVEL NACIONAL E INTERNACIONAL","5005770","IMPLEMENTACION DE ACCIONES PARA EL ACCESO Y LA APRECIACION DE LA DIVERSIDAD DE EXPRESIONES ARTISTICAS ","21","CULTURA Y DEPORTE","045","CULTURA","0100","PROMOCION Y DESARROLLO CULTURAL","00001","0167391","IMPLEMENTACION DE ACCIONES PARA EL ACCESO Y LA APRECIACION DE LA DIVERSIDAD DE EXPRESIONES ARTISTICAS","04","AREQUIPA","5","RECURSOS DETERMINADOS","08","IMPUESTOS MUNICIPALES","0","NORMAL","5","GASTO CORRIENTE","2","1","PERSONAL Y OBLIGACIONES SOCIALES","1","RETRIBUCIONES Y COMPLEMENTOS EN EFECTIVO","9","GASTOS VARIABLES Y OCASIONALES","3","OTROS GASTOS VARIABLES Y OCASIONALES","1","ASIGNACION POR CUMPLIR 25 O 30 AÑOS","0","0","0","2430","2430","0","2430","0","0","0","0","0","0","0","0","0","0","2430"
"2019","M","GOBIERNOS LOCALES"," "," "," "," ","300331","040101","MUNICIPALIDAD PROVINCIAL DE AREQUIPA","04","AREQUIPA","01","AREQUIPA","01","AREQUIPA","107","0140","DESARROLLO Y PROMOCION DE LAS ARTES E INDUSTRIAS CULTURALES","3","ACTIVIDAD","3000773","POBLACION SE BENEFICIA DE UNA OFERTA CULTURAL DIVERSA Y RECONOCIDA A NIVEL NACIONAL E INTERNACIONAL","5005770","IMPLEMENTACION DE ACCIONES PARA EL ACCESO Y LA APRECIACION DE LA DIVERSIDAD DE EXPRESIONES ARTISTICAS ","21","CULTURA Y DEPORTE","045","CULTURA","0100","PROMOCION Y DESARROLLO CULTURAL","00001","0167391","IMPLEMENTACION DE ACCIONES PARA EL ACCESO Y LA APRECIACION DE LA DIVERSIDAD DE EXPRESIONES ARTISTICAS","04","AREQUIPA","5","RECURSOS DETERMINADOS","08","IMPUESTOS MUNICIPALES","0","NORMAL","5","GASTO CORRIENTE","2","1","PERSONAL Y OBLIGACIONES SOCIALES","1","RETRIBUCIONES Y COMPLEMENTOS EN EFECTIVO","9","GASTOS VARIABLES Y OCASIONALES","3","OTROS GASTOS VARIABLES Y OCASIONALES","2","BONIFICACION ADICIONAL POR VACACIONES","0","5400","5400","0","0","0","0","0","0","0","0","0","0","0","0","0","0","0"
"2019","M","GOBIERNOS LOCALES"," "," "," "," ","300331","040101","MUNICIPALIDAD PROVINCIAL DE AREQUIPA","04","AREQUIPA","01","AREQUIPA","01","AREQUIPA","107","0140","DESARROLLO Y PROMOCION DE LAS ARTES E INDUSTRIAS CULTURALES","3","ACTIVIDAD","3000773","POBLACION SE BENEFICIA DE UNA OFERTA CULTURAL DIVERSA Y RECONOCIDA A NIVEL NACIONAL E INTERNACIONAL","5005770","IMPLEMENTACION DE ACCIONES PARA EL ACCESO Y LA APRECIACION DE LA DIVERSIDAD DE EXPRESIONES ARTISTICAS ","21","CULTURA Y DEPORTE","045","CULTURA","0100","PROMOCION Y DESARROLLO CULTURAL","00001","0167391","IMPLEMENTACION DE ACCIONES PARA EL ACCESO Y LA APRECIACION DE LA DIVERSIDAD DE EXPRESIONES ARTISTICAS","04","AREQUIPA","5","RECURSOS DETERMINADOS","08","IMPUESTOS MUNICIPALES","0","NORMAL","5","GASTO CORRIENTE","2","1","PERSONAL Y OBLIGACIONES SOCIALES","1","RETRIBUCIONES Y COMPLEMENTOS EN EFECTIVO","9","GASTOS VARIABLES Y OCASIONALES","3","OTROS GASTOS VARIABLES Y OCASIONALES","2","BONIFICACION ADICIONAL POR VACACIONES","0","0","0","5400","5400","0","2100","300","600","0","900","300","600","0","0","600","0","5400"
"2019","M","GOBIERNOS LOCALES"," "," "," "," ","300331","040101","MUNICIPALIDAD PROVINCIAL DE AREQUIPA","04","AREQUIPA","01","AREQUIPA","01","AREQUIPA","107","0140","DESARROLLO Y PROMOCION DE LAS ARTES E INDUSTRIAS CULTURALES","3","ACTIVIDAD","3000773","POBLACION SE BENEFICIA DE UNA OFERTA CULTURAL DIVERSA Y RECONOCIDA A NIVEL NACIONAL E INTERNACIONAL","5005770","IMPLEMENTACION DE ACCIONES PARA EL ACCESO Y LA APRECIACION DE LA DIVERSIDAD DE EXPRESIONES ARTISTICAS ","21","CULTURA Y DEPORTE","045","CULTURA","0100","PROMOCION Y DESARROLLO CULTURAL","00001","0167391","IMPLEMENTACION DE ACCIONES PARA EL ACCESO Y LA APRECIACION DE LA DIVERSIDAD DE EXPRESIONES ARTISTICAS","04","AREQUIPA","5","RECURSOS DETERMINADOS","08","IMPUESTOS MUNICIPALES","0","NORMAL","5","GASTO CORRIENTE","2","1","PERSONAL Y OBLIGACIONES SOCIALES","3","CONTRIBUCIONES A LA SEGURIDAD SOCIAL","1","OBLIGACIONES DEL EMPLEADOR","1","OBLIGACIONES DEL EMPLEADOR","5","CONTRIBUCIONES A ESSALUD","0","10107","10107","0","0","0","0","0","0","0","0","0","0","0","0","0","0","0"
"2019","M","GOBIERNOS LOCALES"," "," "," "," ","300331","040101","MUNICIPALIDAD PROVINCIAL DE AREQUIPA","04","AREQUIPA","01","AREQUIPA","01","AREQUIPA","107","0140","DESARROLLO Y PROMOCION DE LAS ARTES E INDUSTRIAS CULTURALES","3","ACTIVIDAD","3000773","POBLACION SE BENEFICIA DE UNA OFERTA CULTURAL DIVERSA Y RECONOCIDA A NIVEL NACIONAL E INTERNACIONAL","5005770","IMPLEMENTACION DE ACCIONES PARA EL ACCESO Y LA APRECIACION DE LA DIVERSIDAD DE EXPRESIONES ARTISTICAS ","21","CULTURA Y DEPORTE","045","CULTURA","0100","PROMOCION Y DESARROLLO CULTURAL","00001","0167391","IMPLEMENTACION DE ACCIONES PARA EL ACCESO Y LA APRECIACION DE LA DIVERSIDAD DE EXPRESIONES ARTISTICAS","04","AREQUIPA","5","RECURSOS DETERMINADOS","08","IMPUESTOS MUNICIPALES","0","NORMAL","5","GASTO CORRIENTE","2","1","PERSONAL Y OBLIGACIONES SOCIALES","3","CONTRIBUCIONES A LA SEGURIDAD SOCIAL","1","OBLIGACIONES DEL EMPLEADOR","1","OBLIGACIONES DEL EMPLEADOR","5","CONTRIBUCIONES A ESSALUD","0","0","0","10106.83","10012.49","0","0","0","4830.76","0","0","0","0","0","4851.73","330","0","10012.49"
"2019","M","GOBIERNOS LOCALES"," "," "," "," ","300331","040101","MUNICIPALIDAD PROVINCIAL DE AREQUIPA","04","AREQUIPA","01","AREQUIPA","01","AREQUIPA","107","0140","DESARROLLO Y PROMOCION DE LAS ARTES E INDUSTRIAS CULTURALES","3","ACTIVIDAD","3000773","POBLACION SE BENEFICIA DE UNA OFERTA CULTURAL DIVERSA Y RECONOCIDA A NIVEL NACIONAL E INTERNACIONAL","5005770","IMPLEMENTACION DE ACCIONES PARA EL ACCESO Y LA APRECIACION DE LA DIVERSIDAD DE EXPRESIONES ARTISTICAS ","21","CULTURA Y DEPORTE","045","CULTURA","0100","PROMOCION Y DESARROLLO CULTURAL","00001","0167391","IMPLEMENTACION DE ACCIONES PARA EL ACCESO Y LA APRECIACION DE LA DIVERSIDAD DE EXPRESIONES ARTISTICAS","04","AREQUIPA","5","RECURSOS DETERMINADOS","08","IMPUESTOS MUNICIPALES","0","NORMAL","5","GASTO CORRIENTE","2","3","BIENES Y SERVICIOS","1","COMPRA DE BIENES","5","MATERIALES Y  UTILES","1","DE OFICINA","2","PAPELERIA EN GENERAL, UTILES Y MATERIALES DE OFICINA","0","257","257","0","0","0","0","0","0","0","0","0","0","0","0","0","0","0"
"2019","M","GOBIERNOS LOCALES"," "," "," "," ","300331","040101","MUNICIPALIDAD PROVINCIAL DE AREQUIPA","04","AREQUIPA","01","AREQUIPA","01","AREQUIPA","107","0140","DESARROLLO Y PROMOCION DE LAS ARTES E INDUSTRIAS CULTURALES","3","ACTIVIDAD","3000773","POBLACION SE BENEFICIA DE UNA OFERTA CULTURAL DIVERSA Y RECONOCIDA A NIVEL NACIONAL E INTERNACIONAL","5005770","IMPLEMENTACION DE ACCIONES PARA EL ACCESO Y LA APRECIACION DE LA DIVERSIDAD DE EXPRESIONES ARTISTICAS ","21","CULTURA Y DEPORTE","045","CULTURA","0100","PROMOCION Y DESARROLLO CULTURAL","00001","0167391","IMPLEMENTACION DE ACCIONES PARA EL ACCESO Y LA APRECIACION DE LA DIVERSIDAD DE EXPRESIONES ARTISTICAS","04","AREQUIPA","5","RECURSOS DETERMINADOS","08","IMPUESTOS MUNICIPALES","0","NORMAL","5","GASTO CORRIENTE","2","3","BIENES Y SERVICIOS","1","COMPRA DE BIENES","5","MATERIALES Y  UTILES","1","DE OFICINA","2","PAPELERIA EN GENERAL, UTILES Y MATERIALES DE OFICINA","0","0","0","257","257","0","0","0","0","257","0","0","0","0","0","0","0","257"
"2019","M","GOBIERNOS LOCALES"," "," "," "," ","300331","040101","MUNICIPALIDAD PROVINCIAL DE AREQUIPA","04","AREQUIPA","01","AREQUIPA","01","AREQUIPA","107","0140","DESARROLLO Y PROMOCION DE LAS ARTES E INDUSTRIAS CULTURALES","3","ACTIVIDAD","3000773","POBLACION SE BENEFICIA DE UNA OFERTA CULTURAL DIVERSA Y RECONOCIDA A NIVEL NACIONAL E INTERNACIONAL","5005770","IMPLEMENTACION DE ACCIONES PARA EL ACCESO Y LA APRECIACION DE LA DIVERSIDAD DE EXPRESIONES ARTISTICAS ","21","CULTURA Y DEPORTE","045","CULTURA","0100","PROMOCION Y DESARROLLO CULTURAL","00001","0167391","IMPLEMENTACION DE ACCIONES PARA EL ACCESO Y LA APRECIACION DE LA DIVERSIDAD DE EXPRESIONES ARTISTICAS","04","AREQUIPA","5","RECURSOS DETERMINADOS","08","IMPUESTOS MUNICIPALES","0","NORMAL","5","GASTO CORRIENTE","2","3","BIENES Y SERVICIOS","1","COMPRA DE BIENES","5","MATERIALES Y  UTILES","3","ASEO, LIMPIEZA Y COCINA","1","ASEO, LIMPIEZA Y TOCADOR","0","300","300","0","0","0","0","0","0","0","0","0","0","0","0","0","0","0"
"2019","M","GOBIERNOS LOCALES"," "," "," "," ","300331","040101","MUNICIPALIDAD PROVINCIAL DE AREQUIPA","04","AREQUIPA","01","AREQUIPA","01","AREQUIPA","107","0140","DESARROLLO Y PROMOCION DE LAS ARTES E INDUSTRIAS CULTURALES","3","ACTIVIDAD","3000773","POBLACION SE BENEFICIA DE UNA OFERTA CULTURAL DIVERSA Y RECONOCIDA A NIVEL NACIONAL E INTERNACIONAL","5005770","IMPLEMENTACION DE ACCIONES PARA EL ACCESO Y LA APRECIACION DE LA DIVERSIDAD DE EXPRESIONES ARTISTICAS ","21","CULTURA Y DEPORTE","045","CULTURA","0100","PROMOCION Y DESARROLLO CULTURAL","00001","0167391","IMPLEMENTACION DE ACCIONES PARA EL ACCESO Y LA APRECIACION DE LA DIVERSIDAD DE EXPRESIONES ARTISTICAS","04","AREQUIPA","5","RECURSOS DETERMINADOS","08","IMPUESTOS MUNICIPALES","0","NORMAL","5","GASTO CORRIENTE","2","3","BIENES Y SERVICIOS","1","COMPRA DE BIENES","5","MATERIALES Y  UTILES","3","ASEO, LIMPIEZA Y COCINA","1","ASEO, LIMPIEZA Y TOCADOR","0","0","0","300","0","0","0","0","0","0","0","0","0","0","0","0","0","0"
"2019","M","GOBIERNOS LOCALES"," "," "," "," ","300331","040101","MUNICIPALIDAD PROVINCIAL DE AREQUIPA","04","AREQUIPA","01","AREQUIPA","01","AREQUIPA","107","0140","DESARROLLO Y PROMOCION DE LAS ARTES E INDUSTRIAS CULTURALES","3","ACTIVIDAD","3000773","POBLACION SE BENEFICIA DE UNA OFERTA CULTURAL DIVERSA Y RECONOCIDA A NIVEL NACIONAL E INTERNACIONAL","5005770","IMPLEMENTACION DE ACCIONES PARA EL ACCESO Y LA APRECIACION DE LA DIVERSIDAD DE EXPRESIONES ARTISTICAS ","21","CULTURA Y DEPORTE","045","CULTURA","0100","PROMOCION Y DESARROLLO CULTURAL","00001","0167391","IMPLEMENTACION DE ACCIONES PARA EL ACCESO Y LA APRECIACION DE LA DIVERSIDAD DE EXPRESIONES ARTISTICAS","04","AREQUIPA","5","RECURSOS DETERMINADOS","08","IMPUESTOS MUNICIPALES","0","NORMAL","5","GASTO CORRIENTE","2","3","BIENES Y SERVICIOS","1","COMPRA DE BIENES","11","SUMINISTROS PARA MANTENIMIENTO Y REPARACION","1","SUMINISTROS PARA MANTENIMIENTO Y REPARACION","5","OTROS MATERIALES DE MANTENIMIENTO","0","900","900","0","0","0","0","0","0","0","0","0","0","0","0","0","0","0"
"2019","M","GOBIERNOS LOCALES"," "," "," "," ","300331","040101","MUNICIPALIDAD PROVINCIAL DE AREQUIPA","04","AREQUIPA","01","AREQUIPA","01","AREQUIPA","107","0140","DESARROLLO Y PROMOCION DE LAS ARTES E INDUSTRIAS CULTURALES","3","ACTIVIDAD","3000773","POBLACION SE BENEFICIA DE UNA OFERTA CULTURAL DIVERSA Y RECONOCIDA A NIVEL NACIONAL E INTERNACIONAL","5005770","IMPLEMENTACION DE ACCIONES PARA EL ACCESO Y LA APRECIACION DE LA DIVERSIDAD DE EXPRESIONES ARTISTICAS ","21","CULTURA Y DEPORTE","045","CULTURA","0100","PROMOCION Y DESARROLLO CULTURAL","00001","0167391","IMPLEMENTACION DE ACCIONES PARA EL ACCESO Y LA APRECIACION DE LA DIVERSIDAD DE EXPRESIONES ARTISTICAS","04","AREQUIPA","5","RECURSOS DETERMINADOS","08","IMPUESTOS MUNICIPALES","0","NORMAL","5","GASTO CORRIENTE","2","3","BIENES Y SERVICIOS","1","COMPRA DE BIENES","11","SUMINISTROS PARA MANTENIMIENTO Y REPARACION","1","SUMINISTROS PARA MANTENIMIENTO Y REPARACION","5","OTROS MATERIALES DE MANTENIMIENTO","0","0","0","900","0","0","0","0","0","0","0","0","0","0","0","0","0","0"
"2019","M","GOBIERNOS LOCALES"," "," "," "," ","300331","040101","MUNICIPALIDAD PROVINCIAL DE AREQUIPA","04","AREQUIPA","01","AREQUIPA","01","AREQUIPA","107","0140","DESARROLLO Y PROMOCION DE LAS ARTES E INDUSTRIAS CULTURALES","3","ACTIVIDAD","3000773","POBLACION SE BENEFICIA DE UNA OFERTA CULTURAL DIVERSA Y RECONOCIDA A NIVEL NACIONAL E INTERNACIONAL","5005770","IMPLEMENTACION DE ACCIONES PARA EL ACCESO Y LA APRECIACION DE LA DIVERSIDAD DE EXPRESIONES ARTISTICAS ","21","CULTURA Y DEPORTE","045","CULTURA","0100","PROMOCION Y DESARROLLO CULTURAL","00001","0167391","IMPLEMENTACION DE ACCIONES PARA EL ACCESO Y LA APRECIACION DE LA DIVERSIDAD DE EXPRESIONES ARTISTICAS","04","AREQUIPA","5","RECURSOS DETERMINADOS","08","IMPUESTOS MUNICIPALES","0","NORMAL","5","GASTO CORRIENTE","2","3","BIENES Y SERVICIOS","1","COMPRA DE BIENES","99","COMPRA DE OTROS BIENES","1","COMPRA DE OTROS BIENES","99","OTROS BIENES","0","900","900","0","0","0","0","0","0","0","0","0","0","0","0","0","0","0"
"2019","M","GOBIERNOS LOCALES"," "," "," "," ","300331","040101","MUNICIPALIDAD PROVINCIAL DE AREQUIPA","04","AREQUIPA","01","AREQUIPA","01","AREQUIPA","107","0140","DESARROLLO Y PROMOCION DE LAS ARTES E INDUSTRIAS CULTURALES","3","ACTIVIDAD","3000773","POBLACION SE BENEFICIA DE UNA OFERTA CULTURAL DIVERSA Y RECONOCIDA A NIVEL NACIONAL E INTERNACIONAL","5005770","IMPLEMENTACION DE ACCIONES PARA EL ACCESO Y LA APRECIACION DE LA DIVERSIDAD DE EXPRESIONES ARTISTICAS ","21","CULTURA Y DEPORTE","045","CULTURA","0100","PROMOCION Y DESARROLLO CULTURAL","00001","0167391","IMPLEMENTACION DE ACCIONES PARA EL ACCESO Y LA APRECIACION DE LA DIVERSIDAD DE EXPRESIONES ARTISTICAS","04","AREQUIPA","5","RECURSOS DETERMINADOS","08","IMPUESTOS MUNICIPALES","0","NORMAL","5","GASTO CORRIENTE","2","3","BIENES Y SERVICIOS","1","COMPRA DE BIENES","99","COMPRA DE OTROS BIENES","1","COMPRA DE OTROS BIENES","99","OTROS BIENES","0","0","0","899.30","499.30","0","0","0","0","0","0","143.30","0","0","72","0","284","499.30"
"2019","M","GOBIERNOS LOCALES"," "," "," "," ","300331","040101","MUNICIPALIDAD PROVINCIAL DE AREQUIPA","04","AREQUIPA","01","AREQUIPA","01","AREQUIPA","107","0140","DESARROLLO Y PROMOCION DE LAS ARTES E INDUSTRIAS CULTURALES","3","ACTIVIDAD","3000773","POBLACION SE BENEFICIA DE UNA OFERTA CULTURAL DIVERSA Y RECONOCIDA A NIVEL NACIONAL E INTERNACIONAL","5005770","IMPLEMENTACION DE ACCIONES PARA EL ACCESO Y LA APRECIACION DE LA DIVERSIDAD DE EXPRESIONES ARTISTICAS ","21","CULTURA Y DEPORTE","045","CULTURA","0100","PROMOCION Y DESARROLLO CULTURAL","00001","0167391","IMPLEMENTACION DE ACCIONES PARA EL ACCESO Y LA APRECIACION DE LA DIVERSIDAD DE EXPRESIONES ARTISTICAS","04","AREQUIPA","5","RECURSOS DETERMINADOS","08","IMPUESTOS MUNICIPALES","0","NORMAL","5","GASTO CORRIENTE","2","3","BIENES Y SERVICIOS","2","CONTRATACION DE SERVICIOS","1","VIAJES","2","VIAJES DOMESTICOS","99","OTROS GASTOS","0","115","115","0","0","0","0","0","0","0","0","0","0","0","0","0","0","0"
"2019","M","GOBIERNOS LOCALES"," "," "," "," ","300331","040101","MUNICIPALIDAD PROVINCIAL DE AREQUIPA","04","AREQUIPA","01","AREQUIPA","01","AREQUIPA","107","0140","DESARROLLO Y PROMOCION DE LAS ARTES E INDUSTRIAS CULTURALES","3","ACTIVIDAD","3000773","POBLACION SE BENEFICIA DE UNA OFERTA CULTURAL DIVERSA Y RECONOCIDA A NIVEL NACIONAL E INTERNACIONAL","5005770","IMPLEMENTACION DE ACCIONES PARA EL ACCESO Y LA APRECIACION DE LA DIVERSIDAD DE EXPRESIONES ARTISTICAS ","21","CULTURA Y DEPORTE","045","CULTURA","0100","PROMOCION Y DESARROLLO CULTURAL","00001","0167391","IMPLEMENTACION DE ACCIONES PARA EL ACCESO Y LA APRECIACION DE LA DIVERSIDAD DE EXPRESIONES ARTISTICAS","04","AREQUIPA","5","RECURSOS DETERMINADOS","08","IMPUESTOS MUNICIPALES","0","NORMAL","5","GASTO CORRIENTE","2","3","BIENES Y SERVICIOS","2","CONTRATACION DE SERVICIOS","1","VIAJES","2","VIAJES DOMESTICOS","99","OTROS GASTOS","0","0","0","115","115","0","0","0","0","0","0","71","0","0","28","0","16","115"
"2019","M","GOBIERNOS LOCALES"," "," "," "," ","300331","040101","MUNICIPALIDAD PROVINCIAL DE AREQUIPA","04","AREQUIPA","01","AREQUIPA","01","AREQUIPA","107","0140","DESARROLLO Y PROMOCION DE LAS ARTES E INDUSTRIAS CULTURALES","3","ACTIVIDAD","3000773","POBLACION SE BENEFICIA DE UNA OFERTA CULTURAL DIVERSA Y RECONOCIDA A NIVEL NACIONAL E INTERNACIONAL","5005770","IMPLEMENTACION DE ACCIONES PARA EL ACCESO Y LA APRECIACION DE LA DIVERSIDAD DE EXPRESIONES ARTISTICAS ","21","CULTURA Y DEPORTE","045","CULTURA","0100","PROMOCION Y DESARROLLO CULTURAL","00001","0167391","IMPLEMENTACION DE ACCIONES PARA EL ACCESO Y LA APRECIACION DE LA DIVERSIDAD DE EXPRESIONES ARTISTICAS","04","AREQUIPA","5","RECURSOS DETERMINADOS","08","IMPUESTOS MUNICIPALES","0","NORMAL","5","GASTO CORRIENTE","2","3","BIENES Y SERVICIOS","2","CONTRATACION DE SERVICIOS","7","SERVICIOS PROFESIONALES Y TECNICOS","11","OTROS SERVICIOS","99","SERVICIOS DIVERSOS","0","35928","35928","0","0","0","0","0","0","0","0","0","0","0","0","0","0","0"
"2019","M","GOBIERNOS LOCALES"," "," "," "," ","300331","040101","MUNICIPALIDAD PROVINCIAL DE AREQUIPA","04","AREQUIPA","01","AREQUIPA","01","AREQUIPA","107","0140","DESARROLLO Y PROMOCION DE LAS ARTES E INDUSTRIAS CULTURALES","3","ACTIVIDAD","3000773","POBLACION SE BENEFICIA DE UNA OFERTA CULTURAL DIVERSA Y RECONOCIDA A NIVEL NACIONAL E INTERNACIONAL","5005770","IMPLEMENTACION DE ACCIONES PARA EL ACCESO Y LA APRECIACION DE LA DIVERSIDAD DE EXPRESIONES ARTISTICAS ","21","CULTURA Y DEPORTE","045","CULTURA","0100","PROMOCION Y DESARROLLO CULTURAL","00001","0167391","IMPLEMENTACION DE ACCIONES PARA EL ACCESO Y LA APRECIACION DE LA DIVERSIDAD DE EXPRESIONES ARTISTICAS","04","AREQUIPA","5","RECURSOS DETERMINADOS","08","IMPUESTOS MUNICIPALES","0","NORMAL","5","GASTO CORRIENTE","2","3","BIENES Y SERVICIOS","2","CONTRATACION DE SERVICIOS","7","SERVICIOS PROFESIONALES Y TECNICOS","11","OTROS SERVICIOS","99","SERVICIOS DIVERSOS","0","0","0","35706.20","34917.87","0","0","14550","-1063.80","2335","9600","46.67","0","0","3000","6400","50","34917.87"
"2019","M","GOBIERNOS LOCALES"," "," "," "," ","300331","040101","MUNICIPALIDAD PROVINCIAL DE AREQUIPA","04","AREQUIPA","01","AREQUIPA","01","AREQUIPA","107","0140","DESARROLLO Y PROMOCION DE LAS ARTES E INDUSTRIAS CULTURALES","3","ACTIVIDAD","3000773","POBLACION SE BENEFICIA DE UNA OFERTA CULTURAL DIVERSA Y RECONOCIDA A NIVEL NACIONAL E INTERNACIONAL","5005770","IMPLEMENTACION DE ACCIONES PARA EL ACCESO Y LA APRECIACION DE LA DIVERSIDAD DE EXPRESIONES ARTISTICAS ","21","CULTURA Y DEPORTE","045","CULTURA","0100","PROMOCION Y DESARROLLO CULTURAL","00001","0167391","IMPLEMENTACION DE ACCIONES PARA EL ACCESO Y LA APRECIACION DE LA DIVERSIDAD DE EXPRESIONES ARTISTICAS","04","AREQUIPA","5","RECURSOS DETERMINADOS","08","IMPUESTOS MUNICIPALES","7","SUB CUENTA - IMPUESTOS MUNICIPALES","5","GASTO CORRIENTE","2","1","PERSONAL Y OBLIGACIONES SOCIALES","1","RETRIBUCIONES Y COMPLEMENTOS EN EFECTIVO","1","PERSONAL ADMINISTRATIVO","1","PERSONAL ADMINISTRATIVO","2","PERSONAL ADMINISTRATIVO NOMBRADO (REGIMEN PUBLICO)","0","0","0","0","0","0","2906.32","3303.39","3245.83","0","0","3247.45","5241.98","0","965","0","0","18909.97"
"2019","M","GOBIERNOS LOCALES"," "," "," "," ","300331","040101","MUNICIPALIDAD PROVINCIAL DE AREQUIPA","04","AREQUIPA","01","AREQUIPA","01","AREQUIPA","102","9002","ASIGNACIONES PRESUPUESTARIAS QUE NO RESULTAN EN PRODUCTOS","3","ACTIVIDAD","3999999","SIN PRODUCTO","5001090","PROMOCION E INCENTIVO DE LAS ACTIVIDADES ARTISTICAS Y CULTURALES","21","CULTURA Y DEPORTE","045","CULTURA","0100","PROMOCION Y DESARROLLO CULTURAL","00001","0030871","DESARROLLO DE ACTIVIDADES ARTISTICAS Y CULTURALES","04","AREQUIPA","2","RECURSOS DIRECTAMENTE RECAUDADOS","09","RECURSOS DIRECTAMENTE RECAUDADOS","0","NORMAL","5","GASTO CORRIENTE","2","1","PERSONAL Y OBLIGACIONES SOCIALES","1","RETRIBUCIONES Y COMPLEMENTOS EN EFECTIVO","1","PERSONAL ADMINISTRATIVO","1","PERSONAL ADMINISTRATIVO","2","PERSONAL ADMINISTRATIVO NOMBRADO (REGIMEN PUBLICO)","15904","-12570","3334","0","0","0","0","0","0","0","0","0","0","0","0","0","0","0"
"2019","M","GOBIERNOS LOCALES"," "," "," "," ","300331","040101","MUNICIPALIDAD PROVINCIAL DE AREQUIPA","04","AREQUIPA","01","AREQUIPA","01","AREQUIPA","102","9002","ASIGNACIONES PRESUPUESTARIAS QUE NO RESULTAN EN PRODUCTOS","3","ACTIVIDAD","3999999","SIN PRODUCTO","5001090","PROMOCION E INCENTIVO DE LAS ACTIVIDADES ARTISTICAS Y CULTURALES","21","CULTURA Y DEPORTE","045","CULTURA","0100","PROMOCION Y DESARROLLO CULTURAL","00001","0030871","DESARROLLO DE ACTIVIDADES ARTISTICAS Y CULTURALES","04","AREQUIPA","2","RECURSOS DIRECTAMENTE RECAUDADOS","09","RECURSOS DIRECTAMENTE RECAUDADOS","0","NORMAL","5","GASTO CORRIENTE","2","1","PERSONAL Y OBLIGACIONES SOCIALES","1","RETRIBUCIONES Y COMPLEMENTOS EN EFECTIVO","1","PERSONAL ADMINISTRATIVO","1","PERSONAL ADMINISTRATIVO","2","PERSONAL ADMINISTRATIVO NOMBRADO (REGIMEN PUBLICO)","0","0","0","3333.19","3333.19","0","0","0","0","0","0","0","0","0","0","0","0","0"
"2019","M","GOBIERNOS LOCALES"," "," "," "," ","300331","040101","MUNICIPALIDAD PROVINCIAL DE AREQUIPA","04","AREQUIPA","01","AREQUIPA","01","AREQUIPA","102","9002","ASIGNACIONES PRESUPUESTARIAS QUE NO RESULTAN EN PRODUCTOS","3","ACTIVIDAD","3999999","SIN PRODUCTO","5001090","PROMOCION E INCENTIVO DE LAS ACTIVIDADES ARTISTICAS Y CULTURALES","21","CULTURA Y DEPORTE","045","CULTURA","0100","PROMOCION Y DESARROLLO CULTURAL","00001","0030871","DESARROLLO DE ACTIVIDADES ARTISTICAS Y CULTURALES","04","AREQUIPA","2","RECURSOS DIRECTAMENTE RECAUDADOS","09","RECURSOS DIRECTAMENTE RECAUDADOS","0","NORMAL","5","GASTO CORRIENTE","2","1","PERSONAL Y OBLIGACIONES SOCIALES","1","RETRIBUCIONES Y COMPLEMENTOS EN EFECTIVO","1","PERSONAL ADMINISTRATIVO","1","PERSONAL ADMINISTRATIVO","9","PERSONAL DE CONFIANZA (RÉGIMEN LABORAL PÚBLICO)","0","29110","29110","0","0","0","0","0","0","0","0","0","0","0","0","0","0","0"
"2019","M","GOBIERNOS LOCALES"," "," "," "," ","300331","040101","MUNICIPALIDAD PROVINCIAL DE AREQUIPA","04","AREQUIPA","01","AREQUIPA","01","AREQUIPA","102","9002","ASIGNACIONES PRESUPUESTARIAS QUE NO RESULTAN EN PRODUCTOS","3","ACTIVIDAD","3999999","SIN PRODUCTO","5001090","PROMOCION E INCENTIVO DE LAS ACTIVIDADES ARTISTICAS Y CULTURALES","21","CULTURA Y DEPORTE","045","CULTURA","0100","PROMOCION Y DESARROLLO CULTURAL","00001","0030871","DESARROLLO DE ACTIVIDADES ARTISTICAS Y CULTURALES","04","AREQUIPA","2","RECURSOS DIRECTAMENTE RECAUDADOS","09","RECURSOS DIRECTAMENTE RECAUDADOS","0","NORMAL","5","GASTO CORRIENTE","2","1","PERSONAL Y OBLIGACIONES SOCIALES","1","RETRIBUCIONES Y COMPLEMENTOS EN EFECTIVO","1","PERSONAL ADMINISTRATIVO","1","PERSONAL ADMINISTRATIVO","9","PERSONAL DE CONFIANZA (RÉGIMEN LABORAL PÚBLICO)","0","0","0","29109.39","29109.39","0","0","0","0","0","0","0","0","0","0","0","0","0"
"2019","M","GOBIERNOS LOCALES"," "," "," "," ","300331","040101","MUNICIPALIDAD PROVINCIAL DE AREQUIPA","04","AREQUIPA","01","AREQUIPA","01","AREQUIPA","102","9002","ASIGNACIONES PRESUPUESTARIAS QUE NO RESULTAN EN PRODUCTOS","3","ACTIVIDAD","3999999","SIN PRODUCTO","5001090","PROMOCION E INCENTIVO DE LAS ACTIVIDADES ARTISTICAS Y CULTURALES","21","CULTURA Y DEPORTE","045","CULTURA","0100","PROMOCION Y DESARROLLO CULTURAL","00001","0030871","DESARROLLO DE ACTIVIDADES ARTISTICAS Y CULTURALES","04","AREQUIPA","2","RECURSOS DIRECTAMENTE RECAUDADOS","09","RECURSOS DIRECTAMENTE RECAUDADOS","0","NORMAL","5","GASTO CORRIENTE","2","1","PERSONAL Y OBLIGACIONES SOCIALES","1","RETRIBUCIONES Y COMPLEMENTOS EN EFECTIVO","1","PERSONAL ADMINISTRATIVO","2","OTRAS RETRIBUCIONES Y COMPLEMENTOS","99","OTRAS RETRIBUCIONES Y COMPLEMENTOS","10806","-106","10700","0","0","0","0","0","0","0","0","0","0","0","0","0","0","0"
"2019","M","GOBIERNOS LOCALES"," "," "," "," ","300331","040101","MUNICIPALIDAD PROVINCIAL DE AREQUIPA","04","AREQUIPA","01","AREQUIPA","01","AREQUIPA","102","9002","ASIGNACIONES PRESUPUESTARIAS QUE NO RESULTAN EN PRODUCTOS","3","ACTIVIDAD","3999999","SIN PRODUCTO","5001090","PROMOCION E INCENTIVO DE LAS ACTIVIDADES ARTISTICAS Y CULTURALES","21","CULTURA Y DEPORTE","045","CULTURA","0100","PROMOCION Y DESARROLLO CULTURAL","00001","0030871","DESARROLLO DE ACTIVIDADES ARTISTICAS Y CULTURALES","04","AREQUIPA","2","RECURSOS DIRECTAMENTE RECAUDADOS","09","RECURSOS DIRECTAMENTE RECAUDADOS","0","NORMAL","5","GASTO CORRIENTE","2","1","PERSONAL Y OBLIGACIONES SOCIALES","1","RETRIBUCIONES Y COMPLEMENTOS EN EFECTIVO","1","PERSONAL ADMINISTRATIVO","2","OTRAS RETRIBUCIONES Y COMPLEMENTOS","99","OTRAS RETRIBUCIONES Y COMPLEMENTOS","0","0","0","9775","9775","0","0","0","0","0","0","0","0","0","0","0","0","0"
"2019","M","GOBIERNOS LOCALES"," "," "," "," ","300331","040101","MUNICIPALIDAD PROVINCIAL DE AREQUIPA","04","AREQUIPA","01","AREQUIPA","01","AREQUIPA","102","9002","ASIGNACIONES PRESUPUESTARIAS QUE NO RESULTAN EN PRODUCTOS","3","ACTIVIDAD","3999999","SIN PRODUCTO","5001090","PROMOCION E INCENTIVO DE LAS ACTIVIDADES ARTISTICAS Y CULTURALES","21","CULTURA Y DEPORTE","045","CULTURA","0100","PROMOCION Y DESARROLLO CULTURAL","00001","0030871","DESARROLLO DE ACTIVIDADES ARTISTICAS Y CULTURALES","04","AREQUIPA","2","RECURSOS DIRECTAMENTE RECAUDADOS","09","RECURSOS DIRECTAMENTE RECAUDADOS","0","NORMAL","5","GASTO CORRIENTE","2","1","PERSONAL Y OBLIGACIONES SOCIALES","1","RETRIBUCIONES Y COMPLEMENTOS EN EFECTIVO","9","GASTOS VARIABLES Y OCASIONALES","1","ESCOLARIDAD, AGUINALDOS Y GRATIFICACIONES","2","AGUINALDOS","0","12848","12848","0","0","0","0","0","0","0","0","0","0","0","0","0","0","0"
"2019","M","GOBIERNOS LOCALES"," "," "," "," ","300331","040101","MUNICIPALIDAD PROVINCIAL DE AREQUIPA","04","AREQUIPA","01","AREQUIPA","01","AREQUIPA","102","9002","ASIGNACIONES PRESUPUESTARIAS QUE NO RESULTAN EN PRODUCTOS","3","ACTIVIDAD","3999999","SIN PRODUCTO","5001090","PROMOCION E INCENTIVO DE LAS ACTIVIDADES ARTISTICAS Y CULTURALES","21","CULTURA Y DEPORTE","045","CULTURA","0100","PROMOCION Y DESARROLLO CULTURAL","00001","0030871","DESARROLLO DE ACTIVIDADES ARTISTICAS Y CULTURALES","04","AREQUIPA","2","RECURSOS DIRECTAMENTE RECAUDADOS","09","RECURSOS DIRECTAMENTE RECAUDADOS","0","NORMAL","5","GASTO CORRIENTE","2","1","PERSONAL Y OBLIGACIONES SOCIALES","1","RETRIBUCIONES Y COMPLEMENTOS EN EFECTIVO","9","GASTOS VARIABLES Y OCASIONALES","1","ESCOLARIDAD, AGUINALDOS Y GRATIFICACIONES","2","AGUINALDOS","0","0","0","12847.96","12847.96","0","0","0","0","0","0","0","0","0","0","0","0","0"
"2019","M","GOBIERNOS LOCALES"," "," "," "," ","300331","040101","MUNICIPALIDAD PROVINCIAL DE AREQUIPA","04","AREQUIPA","01","AREQUIPA","01","AREQUIPA","102","9002","ASIGNACIONES PRESUPUESTARIAS QUE NO RESULTAN EN PRODUCTOS","3","ACTIVIDAD","3999999","SIN PRODUCTO","5001090","PROMOCION E INCENTIVO DE LAS ACTIVIDADES ARTISTICAS Y CULTURALES","21","CULTURA Y DEPORTE","045","CULTURA","0100","PROMOCION Y DESARROLLO CULTURAL","00001","0030871","DESARROLLO DE ACTIVIDADES ARTISTICAS Y CULTURALES","04","AREQUIPA","2","RECURSOS DIRECTAMENTE RECAUDADOS","09","RECURSOS DIRECTAMENTE RECAUDADOS","0","NORMAL","5","GASTO CORRIENTE","2","1","PERSONAL Y OBLIGACIONES SOCIALES","1","RETRIBUCIONES Y COMPLEMENTOS EN EFECTIVO","9","GASTOS VARIABLES Y OCASIONALES","1","ESCOLARIDAD, AGUINALDOS Y GRATIFICACIONES","3","BONIFICACION POR ESCOLARIDAD","0","1200","1200","0","0","0","0","0","0","0","0","0","0","0","0","0","0","0"
"2019","M","GOBIERNOS LOCALES"," "," "," "," ","300331","040101","MUNICIPALIDAD PROVINCIAL DE AREQUIPA","04","AREQUIPA","01","AREQUIPA","01","AREQUIPA","102","9002","ASIGNACIONES PRESUPUESTARIAS QUE NO RESULTAN EN PRODUCTOS","3","ACTIVIDAD","3999999","SIN PRODUCTO","5001090","PROMOCION E INCENTIVO DE LAS ACTIVIDADES ARTISTICAS Y CULTURALES","21","CULTURA Y DEPORTE","045","CULTURA","0100","PROMOCION Y DESARROLLO CULTURAL","00001","0030871","DESARROLLO DE ACTIVIDADES ARTISTICAS Y CULTURALES","04","AREQUIPA","2","RECURSOS DIRECTAMENTE RECAUDADOS","09","RECURSOS DIRECTAMENTE RECAUDADOS","0","NORMAL","5","GASTO CORRIENTE","2","1","PERSONAL Y OBLIGACIONES SOCIALES","1","RETRIBUCIONES Y COMPLEMENTOS EN EFECTIVO","9","GASTOS VARIABLES Y OCASIONALES","1","ESCOLARIDAD, AGUINALDOS Y GRATIFICACIONES","3","BONIFICACION POR ESCOLARIDAD","0","0","0","1200","1200","0","0","0","0","0","0","0","0","0","0","0","0","0"
"2019","M","GOBIERNOS LOCALES"," "," "," "," ","300331","040101","MUNICIPALIDAD PROVINCIAL DE AREQUIPA","04","AREQUIPA","01","AREQUIPA","01","AREQUIPA","102","9002","ASIGNACIONES PRESUPUESTARIAS QUE NO RESULTAN EN PRODUCTOS","3","ACTIVIDAD","3999999","SIN PRODUCTO","5001090","PROMOCION E INCENTIVO DE LAS ACTIVIDADES ARTISTICAS Y CULTURALES","21","CULTURA Y DEPORTE","045","CULTURA","0100","PROMOCION Y DESARROLLO CULTURAL","00001","0030871","DESARROLLO DE ACTIVIDADES ARTISTICAS Y CULTURALES","04","AREQUIPA","2","RECURSOS DIRECTAMENTE RECAUDADOS","09","RECURSOS DIRECTAMENTE RECAUDADOS","0","NORMAL","5","GASTO CORRIENTE","2","1","PERSONAL Y OBLIGACIONES SOCIALES","3","CONTRIBUCIONES A LA SEGURIDAD SOCIAL","1","OBLIGACIONES DEL EMPLEADOR","1","OBLIGACIONES DEL EMPLEADOR","5","CONTRIBUCIONES A ESSALUD","4922","256","5178","0","0","0","0","0","0","0","0","0","0","0","0","0","0","0"
"2019","M","GOBIERNOS LOCALES"," "," "," "," ","300331","040101","MUNICIPALIDAD PROVINCIAL DE AREQUIPA","04","AREQUIPA","01","AREQUIPA","01","AREQUIPA","102","9002","ASIGNACIONES PRESUPUESTARIAS QUE NO RESULTAN EN PRODUCTOS","3","ACTIVIDAD","3999999","SIN PRODUCTO","5001090","PROMOCION E INCENTIVO DE LAS ACTIVIDADES ARTISTICAS Y CULTURALES","21","CULTURA Y DEPORTE","045","CULTURA","0100","PROMOCION Y DESARROLLO CULTURAL","00001","0030871","DESARROLLO DE ACTIVIDADES ARTISTICAS Y CULTURALES","04","AREQUIPA","2","RECURSOS DIRECTAMENTE RECAUDADOS","09","RECURSOS DIRECTAMENTE RECAUDADOS","0","NORMAL","5","GASTO CORRIENTE","2","1","PERSONAL Y OBLIGACIONES SOCIALES","3","CONTRIBUCIONES A LA SEGURIDAD SOCIAL","1","OBLIGACIONES DEL EMPLEADOR","1","OBLIGACIONES DEL EMPLEADOR","5","CONTRIBUCIONES A ESSALUD","0","0","0","5129.82","5129.82","0","0","0","0","0","0","0","0","0","0","0","0","0"
"2019","M","GOBIERNOS LOCALES"," "," "," "," ","300331","040101","MUNICIPALIDAD PROVINCIAL DE AREQUIPA","04","AREQUIPA","01","AREQUIPA","01","AREQUIPA","102","9002","ASIGNACIONES PRESUPUESTARIAS QUE NO RESULTAN EN PRODUCTOS","3","ACTIVIDAD","3999999","SIN PRODUCTO","5001090","PROMOCION E INCENTIVO DE LAS ACTIVIDADES ARTISTICAS Y CULTURALES","21","CULTURA Y DEPORTE","045","CULTURA","0100","PROMOCION Y DESARROLLO CULTURAL","00001","0030871","DESARROLLO DE ACTIVIDADES ARTISTICAS Y CULTURALES","04","AREQUIPA","2","RECURSOS DIRECTAMENTE RECAUDADOS","09","RECURSOS DIRECTAMENTE RECAUDADOS","0","NORMAL","5","GASTO CORRIENTE","2","3","BIENES Y SERVICIOS","1","COMPRA DE BIENES","2","VESTUARIOS Y TEXTILES","1","VESTUARIO, ZAPATERIA Y ACCESORIOS, TALABARTERIA Y MATERIALES TEXTILES","1","VESTUARIO, ACCESORIOS Y PRENDAS DIVERSAS","0","246","246","0","0","0","0","0","0","0","0","0","0","0","0","0","0","0"
"2019","M","GOBIERNOS LOCALES"," "," "," "," ","300331","040101","MUNICIPALIDAD PROVINCIAL DE AREQUIPA","04","AREQUIPA","01","AREQUIPA","01","AREQUIPA","102","9002","ASIGNACIONES PRESUPUESTARIAS QUE NO RESULTAN EN PRODUCTOS","3","ACTIVIDAD","3999999","SIN PRODUCTO","5001090","PROMOCION E INCENTIVO DE LAS ACTIVIDADES ARTISTICAS Y CULTURALES","21","CULTURA Y DEPORTE","045","CULTURA","0100","PROMOCION Y DESARROLLO CULTURAL","00001","0030871","DESARROLLO DE ACTIVIDADES ARTISTICAS Y CULTURALES","04","AREQUIPA","2","RECURSOS DIRECTAMENTE RECAUDADOS","09","RECURSOS DIRECTAMENTE RECAUDADOS","0","NORMAL","5","GASTO CORRIENTE","2","3","BIENES Y SERVICIOS","1","COMPRA DE BIENES","2","VESTUARIOS Y TEXTILES","1","VESTUARIO, ZAPATERIA Y ACCESORIOS, TALABARTERIA Y MATERIALES TEXTILES","1","VESTUARIO, ACCESORIOS Y PRENDAS DIVERSAS","0","0","0","246","246","0","0","0","0","0","0","0","0","0","0","0","0","0"
"2019","M","GOBIERNOS LOCALES"," "," "," "," ","300331","040101","MUNICIPALIDAD PROVINCIAL DE AREQUIPA","04","AREQUIPA","01","AREQUIPA","01","AREQUIPA","102","9002","ASIGNACIONES PRESUPUESTARIAS QUE NO RESULTAN EN PRODUCTOS","3","ACTIVIDAD","3999999","SIN PRODUCTO","5001090","PROMOCION E INCENTIVO DE LAS ACTIVIDADES ARTISTICAS Y CULTURALES","21","CULTURA Y DEPORTE","045","CULTURA","0100","PROMOCION Y DESARROLLO CULTURAL","00001","0030871","DESARROLLO DE ACTIVIDADES ARTISTICAS Y CULTURALES","04","AREQUIPA","2","RECURSOS DIRECTAMENTE RECAUDADOS","09","RECURSOS DIRECTAMENTE RECAUDADOS","0","NORMAL","5","GASTO CORRIENTE","2","3","BIENES Y SERVICIOS","1","COMPRA DE BIENES","5","MATERIALES Y  UTILES","3","ASEO, LIMPIEZA Y COCINA","2","DE COCINA, COMEDOR Y CAFETERIA","2315","-2315","0","0","0","0","0","0","0","0","0","0","0","0","0","0","0","0"
"2019","M","GOBIERNOS LOCALES"," "," "," "," ","300331","040101","MUNICIPALIDAD PROVINCIAL DE AREQUIPA","04","AREQUIPA","01","AREQUIPA","01","AREQUIPA","102","9002","ASIGNACIONES PRESUPUESTARIAS QUE NO RESULTAN EN PRODUCTOS","3","ACTIVIDAD","3999999","SIN PRODUCTO","5001090","PROMOCION E INCENTIVO DE LAS ACTIVIDADES ARTISTICAS Y CULTURALES","21","CULTURA Y DEPORTE","045","CULTURA","0100","PROMOCION Y DESARROLLO CULTURAL","00001","0030871","DESARROLLO DE ACTIVIDADES ARTISTICAS Y CULTURALES","04","AREQUIPA","2","RECURSOS DIRECTAMENTE RECAUDADOS","09","RECURSOS DIRECTAMENTE RECAUDADOS","0","NORMAL","5","GASTO CORRIENTE","2","3","BIENES Y SERVICIOS","1","COMPRA DE BIENES","5","MATERIALES Y  UTILES","4","ELECTRICIDAD, ILUMINACION Y ELECTRONICA","1","ELECTRICIDAD, ILUMINACION Y ELECTRONICA","800","-800","0","0","0","0","0","0","0","0","0","0","0","0","0","0","0","0"
"2019","M","GOBIERNOS LOCALES"," "," "," "," ","300331","040101","MUNICIPALIDAD PROVINCIAL DE AREQUIPA","04","AREQUIPA","01","AREQUIPA","01","AREQUIPA","102","9002","ASIGNACIONES PRESUPUESTARIAS QUE NO RESULTAN EN PRODUCTOS","3","ACTIVIDAD","3999999","SIN PRODUCTO","5001090","PROMOCION E INCENTIVO DE LAS ACTIVIDADES ARTISTICAS Y CULTURALES","21","CULTURA Y DEPORTE","045","CULTURA","0100","PROMOCION Y DESARROLLO CULTURAL","00001","0030871","DESARROLLO DE ACTIVIDADES ARTISTICAS Y CULTURALES","04","AREQUIPA","2","RECURSOS DIRECTAMENTE RECAUDADOS","09","RECURSOS DIRECTAMENTE RECAUDADOS","0","NORMAL","5","GASTO CORRIENTE","2","3","BIENES Y SERVICIOS","1","COMPRA DE BIENES","99","COMPRA DE OTROS BIENES","1","COMPRA DE OTROS BIENES","99","OTROS BIENES","34177","-29994","4183","0","0","0","0","0","0","0","0","0","0","0","0","0","0","0"
"2019","M","GOBIERNOS LOCALES"," "," "," "," ","300331","040101","MUNICIPALIDAD PROVINCIAL DE AREQUIPA","04","AREQUIPA","01","AREQUIPA","01","AREQUIPA","102","9002","ASIGNACIONES PRESUPUESTARIAS QUE NO RESULTAN EN PRODUCTOS","3","ACTIVIDAD","3999999","SIN PRODUCTO","5001090","PROMOCION E INCENTIVO DE LAS ACTIVIDADES ARTISTICAS Y CULTURALES","21","CULTURA Y DEPORTE","045","CULTURA","0100","PROMOCION Y DESARROLLO CULTURAL","00001","0030871","DESARROLLO DE ACTIVIDADES ARTISTICAS Y CULTURALES","04","AREQUIPA","2","RECURSOS DIRECTAMENTE RECAUDADOS","09","RECURSOS DIRECTAMENTE RECAUDADOS","0","NORMAL","5","GASTO CORRIENTE","2","3","BIENES Y SERVICIOS","1","COMPRA DE BIENES","99","COMPRA DE OTROS BIENES","1","COMPRA DE OTROS BIENES","99","OTROS BIENES","0","0","0","4183","4183","0","0","0","0","0","0","0","0","0","0","0","0","0"
"2019","M","GOBIERNOS LOCALES"," "," "," "," ","300331","040101","MUNICIPALIDAD PROVINCIAL DE AREQUIPA","04","AREQUIPA","01","AREQUIPA","01","AREQUIPA","102","9002","ASIGNACIONES PRESUPUESTARIAS QUE NO RESULTAN EN PRODUCTOS","3","ACTIVIDAD","3999999","SIN PRODUCTO","5001090","PROMOCION E INCENTIVO DE LAS ACTIVIDADES ARTISTICAS Y CULTURALES","21","CULTURA Y DEPORTE","045","CULTURA","0100","PROMOCION Y DESARROLLO CULTURAL","00001","0030871","DESARROLLO DE ACTIVIDADES ARTISTICAS Y CULTURALES","04","AREQUIPA","2","RECURSOS DIRECTAMENTE RECAUDADOS","09","RECURSOS DIRECTAMENTE RECAUDADOS","0","NORMAL","5","GASTO CORRIENTE","2","3","BIENES Y SERVICIOS","2","CONTRATACION DE SERVICIOS","5","ALQUILERES DE MUEBLES E INMUEBLES","1","ALQUILERES DE MUEBLES E INMUEBLES","3","DE MOBILIARIO Y SIMILARES","0","1000","1000","0","0","0","0","0","0","0","0","0","0","0","0","0","0","0"
"2019","M","GOBIERNOS LOCALES"," "," "," "," ","300331","040101","MUNICIPALIDAD PROVINCIAL DE AREQUIPA","04","AREQUIPA","01","AREQUIPA","01","AREQUIPA","102","9002","ASIGNACIONES PRESUPUESTARIAS QUE NO RESULTAN EN PRODUCTOS","3","ACTIVIDAD","3999999","SIN PRODUCTO","5001090","PROMOCION E INCENTIVO DE LAS ACTIVIDADES ARTISTICAS Y CULTURALES","21","CULTURA Y DEPORTE","045","CULTURA","0100","PROMOCION Y DESARROLLO CULTURAL","00001","0030871","DESARROLLO DE ACTIVIDADES ARTISTICAS Y CULTURALES","04","AREQUIPA","2","RECURSOS DIRECTAMENTE RECAUDADOS","09","RECURSOS DIRECTAMENTE RECAUDADOS","0","NORMAL","5","GASTO CORRIENTE","2","3","BIENES Y SERVICIOS","2","CONTRATACION DE SERVICIOS","5","ALQUILERES DE MUEBLES E INMUEBLES","1","ALQUILERES DE MUEBLES E INMUEBLES","3","DE MOBILIARIO Y SIMILARES","0","0","0","1000","1000","0","0","0","0","0","0","0","0","0","0","0","0","0"
"2019","M","GOBIERNOS LOCALES"," "," "," "," ","300331","040101","MUNICIPALIDAD PROVINCIAL DE AREQUIPA","04","AREQUIPA","01","AREQUIPA","01","AREQUIPA","102","9002","ASIGNACIONES PRESUPUESTARIAS QUE NO RESULTAN EN PRODUCTOS","3","ACTIVIDAD","3999999","SIN PRODUCTO","5001090","PROMOCION E INCENTIVO DE LAS ACTIVIDADES ARTISTICAS Y CULTURALES","21","CULTURA Y DEPORTE","045","CULTURA","0100","PROMOCION Y DESARROLLO CULTURAL","00001","0030871","DESARROLLO DE ACTIVIDADES ARTISTICAS Y CULTURALES","04","AREQUIPA","2","RECURSOS DIRECTAMENTE RECAUDADOS","09","RECURSOS DIRECTAMENTE RECAUDADOS","0","NORMAL","5","GASTO CORRIENTE","2","3","BIENES Y SERVICIOS","2","CONTRATACION DE SERVICIOS","7","SERVICIOS PROFESIONALES Y TECNICOS","11","OTROS SERVICIOS","99","SERVICIOS DIVERSOS","75400","-69362","6038","0","0","0","0","0","0","0","0","0","0","0","0","0","0","0"
"2019","M","GOBIERNOS LOCALES"," "," "," "," ","300331","040101","MUNICIPALIDAD PROVINCIAL DE AREQUIPA","04","AREQUIPA","01","AREQUIPA","01","AREQUIPA","102","9002","ASIGNACIONES PRESUPUESTARIAS QUE NO RESULTAN EN PRODUCTOS","3","ACTIVIDAD","3999999","SIN PRODUCTO","5001090","PROMOCION E INCENTIVO DE LAS ACTIVIDADES ARTISTICAS Y CULTURALES","21","CULTURA Y DEPORTE","045","CULTURA","0100","PROMOCION Y DESARROLLO CULTURAL","00001","0030871","DESARROLLO DE ACTIVIDADES ARTISTICAS Y CULTURALES","04","AREQUIPA","2","RECURSOS DIRECTAMENTE RECAUDADOS","09","RECURSOS DIRECTAMENTE RECAUDADOS","0","NORMAL","5","GASTO CORRIENTE","2","3","BIENES Y SERVICIOS","2","CONTRATACION DE SERVICIOS","7","SERVICIOS PROFESIONALES Y TECNICOS","11","OTROS SERVICIOS","99","SERVICIOS DIVERSOS","0","0","0","6038","6038","0","0","0","0","0","0","0","0","0","0","0","0","0"
"2019","M","GOBIERNOS LOCALES"," "," "," "," ","300331","040101","MUNICIPALIDAD PROVINCIAL DE AREQUIPA","04","AREQUIPA","01","AREQUIPA","01","AREQUIPA","102","9002","ASIGNACIONES PRESUPUESTARIAS QUE NO RESULTAN EN PRODUCTOS","3","ACTIVIDAD","3999999","SIN PRODUCTO","5001090","PROMOCION E INCENTIVO DE LAS ACTIVIDADES ARTISTICAS Y CULTURALES","21","CULTURA Y DEPORTE","045","CULTURA","0100","PROMOCION Y DESARROLLO CULTURAL","00001","0030871","DESARROLLO DE ACTIVIDADES ARTISTICAS Y CULTURALES","04","AREQUIPA","2","RECURSOS DIRECTAMENTE RECAUDADOS","09","RECURSOS DIRECTAMENTE RECAUDADOS","0","NORMAL","5","GASTO CORRIENTE","2","3","BIENES Y SERVICIOS","2","CONTRATACION DE SERVICIOS","8","CONTRATO ADMINISTRATIVO DE SERVICIOS","1","CONTRATO ADMINISTRATIVO DE SERVICIOS","2","CONTRIBUCIONES A ESSALUD DE C.A.S.","0","341","341","0","0","0","0","0","0","0","0","0","0","0","0","0","0","0"
"2019","M","GOBIERNOS LOCALES"," "," "," "," ","300331","040101","MUNICIPALIDAD PROVINCIAL DE AREQUIPA","04","AREQUIPA","01","AREQUIPA","01","AREQUIPA","102","9002","ASIGNACIONES PRESUPUESTARIAS QUE NO RESULTAN EN PRODUCTOS","3","ACTIVIDAD","3999999","SIN PRODUCTO","5001090","PROMOCION E INCENTIVO DE LAS ACTIVIDADES ARTISTICAS Y CULTURALES","21","CULTURA Y DEPORTE","045","CULTURA","0100","PROMOCION Y DESARROLLO CULTURAL","00001","0030871","DESARROLLO DE ACTIVIDADES ARTISTICAS Y CULTURALES","04","AREQUIPA","2","RECURSOS DIRECTAMENTE RECAUDADOS","09","RECURSOS DIRECTAMENTE RECAUDADOS","0","NORMAL","5","GASTO CORRIENTE","2","3","BIENES Y SERVICIOS","2","CONTRATACION DE SERVICIOS","8","CONTRATO ADMINISTRATIVO DE SERVICIOS","1","CONTRATO ADMINISTRATIVO DE SERVICIOS","2","CONTRIBUCIONES A ESSALUD DE C.A.S.","0","0","0","340.20","340.20","0","0","0","0","0","0","0","0","0","0","0","0","0"
"2019","M","GOBIERNOS LOCALES"," "," "," "," ","300331","040101","MUNICIPALIDAD PROVINCIAL DE AREQUIPA","04","AREQUIPA","01","AREQUIPA","01","AREQUIPA","102","9002","ASIGNACIONES PRESUPUESTARIAS QUE NO RESULTAN EN PRODUCTOS","3","ACTIVIDAD","3999999","SIN PRODUCTO","5001090","PROMOCION E INCENTIVO DE LAS ACTIVIDADES ARTISTICAS Y CULTURALES","21","CULTURA Y DEPORTE","045","CULTURA","0100","PROMOCION Y DESARROLLO CULTURAL","00001","0030871","DESARROLLO DE ACTIVIDADES ARTISTICAS Y CULTURALES","04","AREQUIPA","2","RECURSOS DIRECTAMENTE RECAUDADOS","09","RECURSOS DIRECTAMENTE RECAUDADOS","1","UNIVERSIDADES / GOB. LOCALES","5","GASTO CORRIENTE","2","1","PERSONAL Y OBLIGACIONES SOCIALES","1","RETRIBUCIONES Y COMPLEMENTOS EN EFECTIVO","1","PERSONAL ADMINISTRATIVO","1","PERSONAL ADMINISTRATIVO","2","PERSONAL ADMINISTRATIVO NOMBRADO (REGIMEN PUBLICO)","0","0","0","0","0","0","0","0","0","2579.21","0","0","0","0","0","0","0","2579.21"
"2019","M","GOBIERNOS LOCALES"," "," "," "," ","300331","040101","MUNICIPALIDAD PROVINCIAL DE AREQUIPA","04","AREQUIPA","01","AREQUIPA","01","AREQUIPA","102","9002","ASIGNACIONES PRESUPUESTARIAS QUE NO RESULTAN EN PRODUCTOS","3","ACTIVIDAD","3999999","SIN PRODUCTO","5001090","PROMOCION E INCENTIVO DE LAS ACTIVIDADES ARTISTICAS Y CULTURALES","21","CULTURA Y DEPORTE","045","CULTURA","0100","PROMOCION Y DESARROLLO CULTURAL","00001","0030871","DESARROLLO DE ACTIVIDADES ARTISTICAS Y CULTURALES","04","AREQUIPA","2","RECURSOS DIRECTAMENTE RECAUDADOS","09","RECURSOS DIRECTAMENTE RECAUDADOS","1","UNIVERSIDADES / GOB. LOCALES","5","GASTO CORRIENTE","2","1","PERSONAL Y OBLIGACIONES SOCIALES","1","RETRIBUCIONES Y COMPLEMENTOS EN EFECTIVO","1","PERSONAL ADMINISTRATIVO","1","PERSONAL ADMINISTRATIVO","9","PERSONAL DE CONFIANZA (RÉGIMEN LABORAL PÚBLICO)","0","0","0","0","0","0","0","0","0","4423.50","4442.72","4442.72","4423.50","0","4666.67","5000","0","27399.11"
"2019","M","GOBIERNOS LOCALES"," "," "," "," ","300331","040101","MUNICIPALIDAD PROVINCIAL DE AREQUIPA","04","AREQUIPA","01","AREQUIPA","01","AREQUIPA","102","9002","ASIGNACIONES PRESUPUESTARIAS QUE NO RESULTAN EN PRODUCTOS","3","ACTIVIDAD","3999999","SIN PRODUCTO","5001090","PROMOCION E INCENTIVO DE LAS ACTIVIDADES ARTISTICAS Y CULTURALES","21","CULTURA Y DEPORTE","045","CULTURA","0100","PROMOCION Y DESARROLLO CULTURAL","00001","0030871","DESARROLLO DE ACTIVIDADES ARTISTICAS Y CULTURALES","04","AREQUIPA","2","RECURSOS DIRECTAMENTE RECAUDADOS","09","RECURSOS DIRECTAMENTE RECAUDADOS","1","UNIVERSIDADES / GOB. LOCALES","5","GASTO CORRIENTE","2","1","PERSONAL Y OBLIGACIONES SOCIALES","1","RETRIBUCIONES Y COMPLEMENTOS EN EFECTIVO","1","PERSONAL ADMINISTRATIVO","2","OTRAS RETRIBUCIONES Y COMPLEMENTOS","99","OTRAS RETRIBUCIONES Y COMPLEMENTOS","0","0","0","0","0","0","975","950","950","975","975","950","950","975","225","925","925","9775"
"2019","M","GOBIERNOS LOCALES"," "," "," "," ","300331","040101","MUNICIPALIDAD PROVINCIAL DE AREQUIPA","04","AREQUIPA","01","AREQUIPA","01","AREQUIPA","102","9002","ASIGNACIONES PRESUPUESTARIAS QUE NO RESULTAN EN PRODUCTOS","3","ACTIVIDAD","3999999","SIN PRODUCTO","5001090","PROMOCION E INCENTIVO DE LAS ACTIVIDADES ARTISTICAS Y CULTURALES","21","CULTURA Y DEPORTE","045","CULTURA","0100","PROMOCION Y DESARROLLO CULTURAL","00001","0030871","DESARROLLO DE ACTIVIDADES ARTISTICAS Y CULTURALES","04","AREQUIPA","2","RECURSOS DIRECTAMENTE RECAUDADOS","09","RECURSOS DIRECTAMENTE RECAUDADOS","1","UNIVERSIDADES / GOB. LOCALES","5","GASTO CORRIENTE","2","1","PERSONAL Y OBLIGACIONES SOCIALES","1","RETRIBUCIONES Y COMPLEMENTOS EN EFECTIVO","9","GASTOS VARIABLES Y OCASIONALES","1","ESCOLARIDAD, AGUINALDOS Y GRATIFICACIONES","2","AGUINALDOS","0","0","0","0","0","0","0","0","0","0","0","8079.98","0","0","0","0","4766.65","12846.63"
"2019","M","GOBIERNOS LOCALES"," "," "," "," ","300331","040101","MUNICIPALIDAD PROVINCIAL DE AREQUIPA","04","AREQUIPA","01","AREQUIPA","01","AREQUIPA","102","9002","ASIGNACIONES PRESUPUESTARIAS QUE NO RESULTAN EN PRODUCTOS","3","ACTIVIDAD","3999999","SIN PRODUCTO","5001090","PROMOCION E INCENTIVO DE LAS ACTIVIDADES ARTISTICAS Y CULTURALES","21","CULTURA Y DEPORTE","045","CULTURA","0100","PROMOCION Y DESARROLLO CULTURAL","00001","0030871","DESARROLLO DE ACTIVIDADES ARTISTICAS Y CULTURALES","04","AREQUIPA","2","RECURSOS DIRECTAMENTE RECAUDADOS","09","RECURSOS DIRECTAMENTE RECAUDADOS","1","UNIVERSIDADES / GOB. LOCALES","5","GASTO CORRIENTE","2","1","PERSONAL Y OBLIGACIONES SOCIALES","1","RETRIBUCIONES Y COMPLEMENTOS EN EFECTIVO","9","GASTOS VARIABLES Y OCASIONALES","1","ESCOLARIDAD, AGUINALDOS Y GRATIFICACIONES","3","BONIFICACION POR ESCOLARIDAD","0","0","0","0","0","0","1200","0","0","0","0","0","0","0","0","0","0","1200"
"2019","M","GOBIERNOS LOCALES"," "," "," "," ","300331","040101","MUNICIPALIDAD PROVINCIAL DE AREQUIPA","04","AREQUIPA","01","AREQUIPA","01","AREQUIPA","102","9002","ASIGNACIONES PRESUPUESTARIAS QUE NO RESULTAN EN PRODUCTOS","3","ACTIVIDAD","3999999","SIN PRODUCTO","5001090","PROMOCION E INCENTIVO DE LAS ACTIVIDADES ARTISTICAS Y CULTURALES","21","CULTURA Y DEPORTE","045","CULTURA","0100","PROMOCION Y DESARROLLO CULTURAL","00001","0030871","DESARROLLO DE ACTIVIDADES ARTISTICAS Y CULTURALES","04","AREQUIPA","2","RECURSOS DIRECTAMENTE RECAUDADOS","09","RECURSOS DIRECTAMENTE RECAUDADOS","1","UNIVERSIDADES / GOB. LOCALES","5","GASTO CORRIENTE","2","1","PERSONAL Y OBLIGACIONES SOCIALES","3","CONTRIBUCIONES A LA SEGURIDAD SOCIAL","1","OBLIGACIONES DEL EMPLEADOR","1","OBLIGACIONES DEL EMPLEADOR","5","CONTRIBUCIONES A ESSALUD","0","0","0","0","0","730.44","673.44","0","0","716.94","688.44","688.44","703.44","253.44","675.24","0","0","5129.82"
"2019","M","GOBIERNOS LOCALES"," "," "," "," ","300331","040101","MUNICIPALIDAD PROVINCIAL DE AREQUIPA","04","AREQUIPA","01","AREQUIPA","01","AREQUIPA","102","9002","ASIGNACIONES PRESUPUESTARIAS QUE NO RESULTAN EN PRODUCTOS","3","ACTIVIDAD","3999999","SIN PRODUCTO","5001090","PROMOCION E INCENTIVO DE LAS ACTIVIDADES ARTISTICAS Y CULTURALES","21","CULTURA Y DEPORTE","045","CULTURA","0100","PROMOCION Y DESARROLLO CULTURAL","00001","0030871","DESARROLLO DE ACTIVIDADES ARTISTICAS Y CULTURALES","04","AREQUIPA","2","RECURSOS DIRECTAMENTE RECAUDADOS","09","RECURSOS DIRECTAMENTE RECAUDADOS","1","UNIVERSIDADES / GOB. LOCALES","5","GASTO CORRIENTE","2","3","BIENES Y SERVICIOS","1","COMPRA DE BIENES","2","VESTUARIOS Y TEXTILES","1","VESTUARIO, ZAPATERIA Y ACCESORIOS, TALABARTERIA Y MATERIALES TEXTILES","1","VESTUARIO, ACCESORIOS Y PRENDAS DIVERSAS","0","0","0","0","0","0","0","0","0","0","0","0","0","0","0","0","246","246"
"2019","M","GOBIERNOS LOCALES"," "," "," "," ","300331","040101","MUNICIPALIDAD PROVINCIAL DE AREQUIPA","04","AREQUIPA","01","AREQUIPA","01","AREQUIPA","102","9002","ASIGNACIONES PRESUPUESTARIAS QUE NO RESULTAN EN PRODUCTOS","3","ACTIVIDAD","3999999","SIN PRODUCTO","5001090","PROMOCION E INCENTIVO DE LAS ACTIVIDADES ARTISTICAS Y CULTURALES","21","CULTURA Y DEPORTE","045","CULTURA","0100","PROMOCION Y DESARROLLO CULTURAL","00001","0030871","DESARROLLO DE ACTIVIDADES ARTISTICAS Y CULTURALES","04","AREQUIPA","2","RECURSOS DIRECTAMENTE RECAUDADOS","09","RECURSOS DIRECTAMENTE RECAUDADOS","1","UNIVERSIDADES / GOB. LOCALES","5","GASTO CORRIENTE","2","3","BIENES Y SERVICIOS","1","COMPRA DE BIENES","99","COMPRA DE OTROS BIENES","1","COMPRA DE OTROS BIENES","99","OTROS BIENES","0","0","0","0","0","0","0","0","0","4000","0","183","0","0","0","0","0","4183"
"2019","M","GOBIERNOS LOCALES"," "," "," "," ","300331","040101","MUNICIPALIDAD PROVINCIAL DE AREQUIPA","04","AREQUIPA","01","AREQUIPA","01","AREQUIPA","102","9002","ASIGNACIONES PRESUPUESTARIAS QUE NO RESULTAN EN PRODUCTOS","3","ACTIVIDAD","3999999","SIN PRODUCTO","5001090","PROMOCION E INCENTIVO DE LAS ACTIVIDADES ARTISTICAS Y CULTURALES","21","CULTURA Y DEPORTE","045","CULTURA","0100","PROMOCION Y DESARROLLO CULTURAL","00001","0030871","DESARROLLO DE ACTIVIDADES ARTISTICAS Y CULTURALES","04","AREQUIPA","2","RECURSOS DIRECTAMENTE RECAUDADOS","09","RECURSOS DIRECTAMENTE RECAUDADOS","1","UNIVERSIDADES / GOB. LOCALES","5","GASTO CORRIENTE","2","3","BIENES Y SERVICIOS","2","CONTRATACION DE SERVICIOS","5","ALQUILERES DE MUEBLES E INMUEBLES","1","ALQUILERES DE MUEBLES E INMUEBLES","3","DE MOBILIARIO Y SIMILARES","0","0","0","0","0","0","0","0","0","1000","0","0","0","0","0","0","0","1000"
"2019","M","GOBIERNOS LOCALES"," "," "," "," ","300331","040101","MUNICIPALIDAD PROVINCIAL DE AREQUIPA","04","AREQUIPA","01","AREQUIPA","01","AREQUIPA","102","9002","ASIGNACIONES PRESUPUESTARIAS QUE NO RESULTAN EN PRODUCTOS","3","ACTIVIDAD","3999999","SIN PRODUCTO","5001090","PROMOCION E INCENTIVO DE LAS ACTIVIDADES ARTISTICAS Y CULTURALES","21","CULTURA Y DEPORTE","045","CULTURA","0100","PROMOCION Y DESARROLLO CULTURAL","00001","0030871","DESARROLLO DE ACTIVIDADES ARTISTICAS Y CULTURALES","04","AREQUIPA","2","RECURSOS DIRECTAMENTE RECAUDADOS","09","RECURSOS DIRECTAMENTE RECAUDADOS","1","UNIVERSIDADES / GOB. LOCALES","5","GASTO CORRIENTE","2","3","BIENES Y SERVICIOS","2","CONTRATACION DE SERVICIOS","7","SERVICIOS PROFESIONALES Y TECNICOS","11","OTROS SERVICIOS","99","SERVICIOS DIVERSOS","0","0","0","0","0","0","0","0","0","0","0","38","0","0","0","1500","3000","4538"
"2019","M","GOBIERNOS LOCALES"," "," "," "," ","300331","040101","MUNICIPALIDAD PROVINCIAL DE AREQUIPA","04","AREQUIPA","01","AREQUIPA","01","AREQUIPA","102","9002","ASIGNACIONES PRESUPUESTARIAS QUE NO RESULTAN EN PRODUCTOS","3","ACTIVIDAD","3999999","SIN PRODUCTO","5001090","PROMOCION E INCENTIVO DE LAS ACTIVIDADES ARTISTICAS Y CULTURALES","21","CULTURA Y DEPORTE","045","CULTURA","0100","PROMOCION Y DESARROLLO CULTURAL","00001","0030871","DESARROLLO DE ACTIVIDADES ARTISTICAS Y CULTURALES","04","AREQUIPA","2","RECURSOS DIRECTAMENTE RECAUDADOS","09","RECURSOS DIRECTAMENTE RECAUDADOS","1","UNIVERSIDADES / GOB. LOCALES","5","GASTO CORRIENTE","2","3","BIENES Y SERVICIOS","2","CONTRATACION DE SERVICIOS","8","CONTRATO ADMINISTRATIVO DE SERVICIOS","1","CONTRATO ADMINISTRATIVO DE SERVICIOS","2","CONTRIBUCIONES A ESSALUD DE C.A.S.","0","0","0","0","0","0","0","0","0","0","0","340.20","0","0","0","0","0","340.20"
"2019","M","GOBIERNOS LOCALES"," "," "," "," ","300331","040101","MUNICIPALIDAD PROVINCIAL DE AREQUIPA","04","AREQUIPA","01","AREQUIPA","01","AREQUIPA","102","9002","ASIGNACIONES PRESUPUESTARIAS QUE NO RESULTAN EN PRODUCTOS","3","ACTIVIDAD","3999999","SIN PRODUCTO","5001090","PROMOCION E INCENTIVO DE LAS ACTIVIDADES ARTISTICAS Y CULTURALES","21","CULTURA Y DEPORTE","045","CULTURA","0100","PROMOCION Y DESARROLLO CULTURAL","00001","0030871","DESARROLLO DE ACTIVIDADES ARTISTICAS Y CULTURALES","04","AREQUIPA","2","RECURSOS DIRECTAMENTE RECAUDADOS","09","RECURSOS DIRECTAMENTE RECAUDADOS","7","SUB CUENTA - RECURSOS DIRECTAMENTE RECAUDADOS","5","GASTO CORRIENTE","2","1","PERSONAL Y OBLIGACIONES SOCIALES","1","RETRIBUCIONES Y COMPLEMENTOS EN EFECTIVO","1","PERSONAL ADMINISTRATIVO","1","PERSONAL ADMINISTRATIVO","2","PERSONAL ADMINISTRATIVO NOMBRADO (REGIMEN PUBLICO)","0","0","0","0","0","0","0","0","0","386.77","0","367.21","0","0","0","0","0","753.98"
"2019","M","GOBIERNOS LOCALES"," "," "," "," ","300331","040101","MUNICIPALIDAD PROVINCIAL DE AREQUIPA","04","AREQUIPA","01","AREQUIPA","01","AREQUIPA","102","9002","ASIGNACIONES PRESUPUESTARIAS QUE NO RESULTAN EN PRODUCTOS","3","ACTIVIDAD","3999999","SIN PRODUCTO","5001090","PROMOCION E INCENTIVO DE LAS ACTIVIDADES ARTISTICAS Y CULTURALES","21","CULTURA Y DEPORTE","045","CULTURA","0100","PROMOCION Y DESARROLLO CULTURAL","00001","0030871","DESARROLLO DE ACTIVIDADES ARTISTICAS Y CULTURALES","04","AREQUIPA","2","RECURSOS DIRECTAMENTE RECAUDADOS","09","RECURSOS DIRECTAMENTE RECAUDADOS","7","SUB CUENTA - RECURSOS DIRECTAMENTE RECAUDADOS","5","GASTO CORRIENTE","2","1","PERSONAL Y OBLIGACIONES SOCIALES","1","RETRIBUCIONES Y COMPLEMENTOS EN EFECTIVO","1","PERSONAL ADMINISTRATIVO","1","PERSONAL ADMINISTRATIVO","9","PERSONAL DE CONFIANZA (RÉGIMEN LABORAL PÚBLICO)","0","0","0","0","0","0","0","0","0","576.50","0","557.28","576.50","0","0","0","0","1710.28"
"2019","M","GOBIERNOS LOCALES"," "," "," "," ","300331","040101","MUNICIPALIDAD PROVINCIAL DE AREQUIPA","04","AREQUIPA","01","AREQUIPA","01","AREQUIPA","102","9002","ASIGNACIONES PRESUPUESTARIAS QUE NO RESULTAN EN PRODUCTOS","3","ACTIVIDAD","3999999","SIN PRODUCTO","5001090","PROMOCION E INCENTIVO DE LAS ACTIVIDADES ARTISTICAS Y CULTURALES","21","CULTURA Y DEPORTE","045","CULTURA","0100","PROMOCION Y DESARROLLO CULTURAL","00001","0030871","DESARROLLO DE ACTIVIDADES ARTISTICAS Y CULTURALES","04","AREQUIPA","5","RECURSOS DETERMINADOS","07","FONDO DE COMPENSACION MUNICIPAL","0","NORMAL","5","GASTO CORRIENTE","2","1","PERSONAL Y OBLIGACIONES SOCIALES","1","RETRIBUCIONES Y COMPLEMENTOS EN EFECTIVO","1","PERSONAL ADMINISTRATIVO","1","PERSONAL ADMINISTRATIVO","2","PERSONAL ADMINISTRATIVO NOMBRADO (REGIMEN PUBLICO)","15748","-15748","0","0","0","0","0","0","0","0","0","0","0","0","0","0","0","0"
"2019","M","GOBIERNOS LOCALES"," "," "," "," ","300331","040101","MUNICIPALIDAD PROVINCIAL DE AREQUIPA","04","AREQUIPA","01","AREQUIPA","01","AREQUIPA","102","9002","ASIGNACIONES PRESUPUESTARIAS QUE NO RESULTAN EN PRODUCTOS","3","ACTIVIDAD","3999999","SIN PRODUCTO","5001090","PROMOCION E INCENTIVO DE LAS ACTIVIDADES ARTISTICAS Y CULTURALES","21","CULTURA Y DEPORTE","045","CULTURA","0100","PROMOCION Y DESARROLLO CULTURAL","00001","0030871","DESARROLLO DE ACTIVIDADES ARTISTICAS Y CULTURALES","04","AREQUIPA","5","RECURSOS DETERMINADOS","07","FONDO DE COMPENSACION MUNICIPAL","0","NORMAL","5","GASTO CORRIENTE","2","1","PERSONAL Y OBLIGACIONES SOCIALES","3","CONTRIBUCIONES A LA SEGURIDAD SOCIAL","1","OBLIGACIONES DEL EMPLEADOR","1","OBLIGACIONES DEL EMPLEADOR","5","CONTRIBUCIONES A ESSALUD","1852","-1165","687","0","0","0","0","0","0","0","0","0","0","0","0","0","0","0"
"2019","M","GOBIERNOS LOCALES"," "," "," "," ","300331","040101","MUNICIPALIDAD PROVINCIAL DE AREQUIPA","04","AREQUIPA","01","AREQUIPA","01","AREQUIPA","102","9002","ASIGNACIONES PRESUPUESTARIAS QUE NO RESULTAN EN PRODUCTOS","3","ACTIVIDAD","3999999","SIN PRODUCTO","5001090","PROMOCION E INCENTIVO DE LAS ACTIVIDADES ARTISTICAS Y CULTURALES","21","CULTURA Y DEPORTE","045","CULTURA","0100","PROMOCION Y DESARROLLO CULTURAL","00001","0030871","DESARROLLO DE ACTIVIDADES ARTISTICAS Y CULTURALES","04","AREQUIPA","5","RECURSOS DETERMINADOS","07","FONDO DE COMPENSACION MUNICIPAL","0","NORMAL","5","GASTO CORRIENTE","2","1","PERSONAL Y OBLIGACIONES SOCIALES","3","CONTRIBUCIONES A LA SEGURIDAD SOCIAL","1","OBLIGACIONES DEL EMPLEADOR","1","OBLIGACIONES DEL EMPLEADOR","5","CONTRIBUCIONES A ESSALUD","0","0","0","686.94","686.94","0","0","0","0","0","0","0","0","0","0","0","0","0"
"2019","M","GOBIERNOS LOCALES"," "," "," "," ","300331","040101","MUNICIPALIDAD PROVINCIAL DE AREQUIPA","04","AREQUIPA","01","AREQUIPA","01","AREQUIPA","102","9002","ASIGNACIONES PRESUPUESTARIAS QUE NO RESULTAN EN PRODUCTOS","3","ACTIVIDAD","3999999","SIN PRODUCTO","5001090","PROMOCION E INCENTIVO DE LAS ACTIVIDADES ARTISTICAS Y CULTURALES","21","CULTURA Y DEPORTE","045","CULTURA","0100","PROMOCION Y DESARROLLO CULTURAL","00001","0030871","DESARROLLO DE ACTIVIDADES ARTISTICAS Y CULTURALES","04","AREQUIPA","5","RECURSOS DETERMINADOS","07","FONDO DE COMPENSACION MUNICIPAL","0","NORMAL","5","GASTO CORRIENTE","2","3","BIENES Y SERVICIOS","1","COMPRA DE BIENES","2","VESTUARIOS Y TEXTILES","1","VESTUARIO, ZAPATERIA Y ACCESORIOS, TALABARTERIA Y MATERIALES TEXTILES","1","VESTUARIO, ACCESORIOS Y PRENDAS DIVERSAS","0","254","254","0","0","0","0","0","0","0","0","0","0","0","0","0","0","0"
"2019","M","GOBIERNOS LOCALES"," "," "," "," ","300331","040101","MUNICIPALIDAD PROVINCIAL DE AREQUIPA","04","AREQUIPA","01","AREQUIPA","01","AREQUIPA","102","9002","ASIGNACIONES PRESUPUESTARIAS QUE NO RESULTAN EN PRODUCTOS","3","ACTIVIDAD","3999999","SIN PRODUCTO","5001090","PROMOCION E INCENTIVO DE LAS ACTIVIDADES ARTISTICAS Y CULTURALES","21","CULTURA Y DEPORTE","045","CULTURA","0100","PROMOCION Y DESARROLLO CULTURAL","00001","0030871","DESARROLLO DE ACTIVIDADES ARTISTICAS Y CULTURALES","04","AREQUIPA","5","RECURSOS DETERMINADOS","07","FONDO DE COMPENSACION MUNICIPAL","0","NORMAL","5","GASTO CORRIENTE","2","3","BIENES Y SERVICIOS","1","COMPRA DE BIENES","2","VESTUARIOS Y TEXTILES","1","VESTUARIO, ZAPATERIA Y ACCESORIOS, TALABARTERIA Y MATERIALES TEXTILES","1","VESTUARIO, ACCESORIOS Y PRENDAS DIVERSAS","0","0","0","254","254","0","0","0","0","0","0","0","0","0","0","0","0","0"
"2019","M","GOBIERNOS LOCALES"," "," "," "," ","300331","040101","MUNICIPALIDAD PROVINCIAL DE AREQUIPA","04","AREQUIPA","01","AREQUIPA","01","AREQUIPA","102","9002","ASIGNACIONES PRESUPUESTARIAS QUE NO RESULTAN EN PRODUCTOS","3","ACTIVIDAD","3999999","SIN PRODUCTO","5001090","PROMOCION E INCENTIVO DE LAS ACTIVIDADES ARTISTICAS Y CULTURALES","21","CULTURA Y DEPORTE","045","CULTURA","0100","PROMOCION Y DESARROLLO CULTURAL","00001","0030871","DESARROLLO DE ACTIVIDADES ARTISTICAS Y CULTURALES","04","AREQUIPA","5","RECURSOS DETERMINADOS","07","FONDO DE COMPENSACION MUNICIPAL","0","NORMAL","5","GASTO CORRIENTE","2","3","BIENES Y SERVICIOS","2","CONTRATACION DE SERVICIOS","8","CONTRATO ADMINISTRATIVO DE SERVICIOS","1","CONTRATO ADMINISTRATIVO DE SERVICIOS","1","CONTRATO ADMINISTRATIVO DE SERVICIOS","0","21591","21591","0","0","0","0","0","0","0","0","0","0","0","0","0","0","0"
"2019","M","GOBIERNOS LOCALES"," "," "," "," ","300331","040101","MUNICIPALIDAD PROVINCIAL DE AREQUIPA","04","AREQUIPA","01","AREQUIPA","01","AREQUIPA","102","9002","ASIGNACIONES PRESUPUESTARIAS QUE NO RESULTAN EN PRODUCTOS","3","ACTIVIDAD","3999999","SIN PRODUCTO","5001090","PROMOCION E INCENTIVO DE LAS ACTIVIDADES ARTISTICAS Y CULTURALES","21","CULTURA Y DEPORTE","045","CULTURA","0100","PROMOCION Y DESARROLLO CULTURAL","00001","0030871","DESARROLLO DE ACTIVIDADES ARTISTICAS Y CULTURALES","04","AREQUIPA","5","RECURSOS DETERMINADOS","07","FONDO DE COMPENSACION MUNICIPAL","0","NORMAL","5","GASTO CORRIENTE","2","3","BIENES Y SERVICIOS","2","CONTRATACION DE SERVICIOS","8","CONTRATO ADMINISTRATIVO DE SERVICIOS","1","CONTRATO ADMINISTRATIVO DE SERVICIOS","1","CONTRATO ADMINISTRATIVO DE SERVICIOS","0","0","0","21590.20","21590.20","0","0","0","0","0","0","0","0","0","0","0","0","0"
"2019","M","GOBIERNOS LOCALES"," "," "," "," ","300331","040101","MUNICIPALIDAD PROVINCIAL DE AREQUIPA","04","AREQUIPA","01","AREQUIPA","01","AREQUIPA","102","9002","ASIGNACIONES PRESUPUESTARIAS QUE NO RESULTAN EN PRODUCTOS","3","ACTIVIDAD","3999999","SIN PRODUCTO","5001090","PROMOCION E INCENTIVO DE LAS ACTIVIDADES ARTISTICAS Y CULTURALES","21","CULTURA Y DEPORTE","045","CULTURA","0100","PROMOCION Y DESARROLLO CULTURAL","00001","0030871","DESARROLLO DE ACTIVIDADES ARTISTICAS Y CULTURALES","04","AREQUIPA","5","RECURSOS DETERMINADOS","07","FONDO DE COMPENSACION MUNICIPAL","0","NORMAL","5","GASTO CORRIENTE","2","3","BIENES Y SERVICIOS","2","CONTRATACION DE SERVICIOS","8","CONTRATO ADMINISTRATIVO DE SERVICIOS","1","CONTRATO ADMINISTRATIVO DE SERVICIOS","2","CONTRIBUCIONES A ESSALUD DE C.A.S.","0","925","925","0","0","0","0","0","0","0","0","0","0","0","0","0","0","0"
"2019","M","GOBIERNOS LOCALES"," "," "," "," ","300331","040101","MUNICIPALIDAD PROVINCIAL DE AREQUIPA","04","AREQUIPA","01","AREQUIPA","01","AREQUIPA","102","9002","ASIGNACIONES PRESUPUESTARIAS QUE NO RESULTAN EN PRODUCTOS","3","ACTIVIDAD","3999999","SIN PRODUCTO","5001090","PROMOCION E INCENTIVO DE LAS ACTIVIDADES ARTISTICAS Y CULTURALES","21","CULTURA Y DEPORTE","045","CULTURA","0100","PROMOCION Y DESARROLLO CULTURAL","00001","0030871","DESARROLLO DE ACTIVIDADES ARTISTICAS Y CULTURALES","04","AREQUIPA","5","RECURSOS DETERMINADOS","07","FONDO DE COMPENSACION MUNICIPAL","0","NORMAL","5","GASTO CORRIENTE","2","3","BIENES Y SERVICIOS","2","CONTRATACION DE SERVICIOS","8","CONTRATO ADMINISTRATIVO DE SERVICIOS","1","CONTRATO ADMINISTRATIVO DE SERVICIOS","2","CONTRIBUCIONES A ESSALUD DE C.A.S.","0","0","0","793.80","793.80","0","0","0","0","0","0","0","0","0","0","0","0","0"
"2019","M","GOBIERNOS LOCALES"," "," "," "," ","300331","040101","MUNICIPALIDAD PROVINCIAL DE AREQUIPA","04","AREQUIPA","01","AREQUIPA","01","AREQUIPA","102","9002","ASIGNACIONES PRESUPUESTARIAS QUE NO RESULTAN EN PRODUCTOS","3","ACTIVIDAD","3999999","SIN PRODUCTO","5001090","PROMOCION E INCENTIVO DE LAS ACTIVIDADES ARTISTICAS Y CULTURALES","21","CULTURA Y DEPORTE","045","CULTURA","0100","PROMOCION Y DESARROLLO CULTURAL","00001","0030871","DESARROLLO DE ACTIVIDADES ARTISTICAS Y CULTURALES","04","AREQUIPA","5","RECURSOS DETERMINADOS","07","FONDO DE COMPENSACION MUNICIPAL","A","SUB CUENTA - FONCOMUN","5","GASTO CORRIENTE","2","1","PERSONAL Y OBLIGACIONES SOCIALES","3","CONTRIBUCIONES A LA SEGURIDAD SOCIAL","1","OBLIGACIONES DEL EMPLEADOR","1","OBLIGACIONES DEL EMPLEADOR","5","CONTRIBUCIONES A ESSALUD","0","0","0","0","0","0","0","686.94","0","0","0","0","0","0","0","0","0","686.94"
"2019","M","GOBIERNOS LOCALES"," "," "," "," ","300331","040101","MUNICIPALIDAD PROVINCIAL DE AREQUIPA","04","AREQUIPA","01","AREQUIPA","01","AREQUIPA","102","9002","ASIGNACIONES PRESUPUESTARIAS QUE NO RESULTAN EN PRODUCTOS","3","ACTIVIDAD","3999999","SIN PRODUCTO","5001090","PROMOCION E INCENTIVO DE LAS ACTIVIDADES ARTISTICAS Y CULTURALES","21","CULTURA Y DEPORTE","045","CULTURA","0100","PROMOCION Y DESARROLLO CULTURAL","00001","0030871","DESARROLLO DE ACTIVIDADES ARTISTICAS Y CULTURALES","04","AREQUIPA","5","RECURSOS DETERMINADOS","07","FONDO DE COMPENSACION MUNICIPAL","A","SUB CUENTA - FONCOMUN","5","GASTO CORRIENTE","2","3","BIENES Y SERVICIOS","1","COMPRA DE BIENES","2","VESTUARIOS Y TEXTILES","1","VESTUARIO, ZAPATERIA Y ACCESORIOS, TALABARTERIA Y MATERIALES TEXTILES","1","VESTUARIO, ACCESORIOS Y PRENDAS DIVERSAS","0","0","0","0","0","0","0","0","0","0","0","0","0","0","0","0","254","254"
"2019","M","GOBIERNOS LOCALES"," "," "," "," ","300331","040101","MUNICIPALIDAD PROVINCIAL DE AREQUIPA","04","AREQUIPA","01","AREQUIPA","01","AREQUIPA","102","9002","ASIGNACIONES PRESUPUESTARIAS QUE NO RESULTAN EN PRODUCTOS","3","ACTIVIDAD","3999999","SIN PRODUCTO","5001090","PROMOCION E INCENTIVO DE LAS ACTIVIDADES ARTISTICAS Y CULTURALES","21","CULTURA Y DEPORTE","045","CULTURA","0100","PROMOCION Y DESARROLLO CULTURAL","00001","0030871","DESARROLLO DE ACTIVIDADES ARTISTICAS Y CULTURALES","04","AREQUIPA","5","RECURSOS DETERMINADOS","07","FONDO DE COMPENSACION MUNICIPAL","A","SUB CUENTA - FONCOMUN","5","GASTO CORRIENTE","2","3","BIENES Y SERVICIOS","2","CONTRATACION DE SERVICIOS","8","CONTRATO ADMINISTRATIVO DE SERVICIOS","1","CONTRATO ADMINISTRATIVO DE SERVICIOS","1","CONTRATO ADMINISTRATIVO DE SERVICIOS","0","0","0","0","0","0","0","0","0","0","0","5100","0","3689","1641.20","5100","6000","21530.20"
"2019","M","GOBIERNOS LOCALES"," "," "," "," ","300331","040101","MUNICIPALIDAD PROVINCIAL DE AREQUIPA","04","AREQUIPA","01","AREQUIPA","01","AREQUIPA","102","9002","ASIGNACIONES PRESUPUESTARIAS QUE NO RESULTAN EN PRODUCTOS","3","ACTIVIDAD","3999999","SIN PRODUCTO","5001090","PROMOCION E INCENTIVO DE LAS ACTIVIDADES ARTISTICAS Y CULTURALES","21","CULTURA Y DEPORTE","045","CULTURA","0100","PROMOCION Y DESARROLLO CULTURAL","00001","0030871","DESARROLLO DE ACTIVIDADES ARTISTICAS Y CULTURALES","04","AREQUIPA","5","RECURSOS DETERMINADOS","07","FONDO DE COMPENSACION MUNICIPAL","A","SUB CUENTA - FONCOMUN","5","GASTO CORRIENTE","2","3","BIENES Y SERVICIOS","2","CONTRATACION DE SERVICIOS","8","CONTRATO ADMINISTRATIVO DE SERVICIOS","1","CONTRATO ADMINISTRATIVO DE SERVICIOS","2","CONTRIBUCIONES A ESSALUD DE C.A.S.","0","0","0","0","0","0","0","0","0","0","0","340.20","0","0","0","340.20","113.40","793.80"
"2019","M","GOBIERNOS LOCALES"," "," "," "," ","300331","040101","MUNICIPALIDAD PROVINCIAL DE AREQUIPA","04","AREQUIPA","01","AREQUIPA","01","AREQUIPA","102","9002","ASIGNACIONES PRESUPUESTARIAS QUE NO RESULTAN EN PRODUCTOS","3","ACTIVIDAD","3999999","SIN PRODUCTO","5001090","PROMOCION E INCENTIVO DE LAS ACTIVIDADES ARTISTICAS Y CULTURALES","21","CULTURA Y DEPORTE","045","CULTURA","0100","PROMOCION Y DESARROLLO CULTURAL","00001","0030871","DESARROLLO DE ACTIVIDADES ARTISTICAS Y CULTURALES","04","AREQUIPA","5","RECURSOS DETERMINADOS","08","IMPUESTOS MUNICIPALES","0","NORMAL","5","GASTO CORRIENTE","2","1","PERSONAL Y OBLIGACIONES SOCIALES","1","RETRIBUCIONES Y COMPLEMENTOS EN EFECTIVO","1","PERSONAL ADMINISTRATIVO","1","PERSONAL ADMINISTRATIVO","2","PERSONAL ADMINISTRATIVO NOMBRADO (REGIMEN PUBLICO)","64468","-34055","30413","0","0","0","0","0","0","0","0","0","0","0","0","0","0","0"
"2019","M","GOBIERNOS LOCALES"," "," "," "," ","300331","040101","MUNICIPALIDAD PROVINCIAL DE AREQUIPA","04","AREQUIPA","01","AREQUIPA","01","AREQUIPA","102","9002","ASIGNACIONES PRESUPUESTARIAS QUE NO RESULTAN EN PRODUCTOS","3","ACTIVIDAD","3999999","SIN PRODUCTO","5001090","PROMOCION E INCENTIVO DE LAS ACTIVIDADES ARTISTICAS Y CULTURALES","21","CULTURA Y DEPORTE","045","CULTURA","0100","PROMOCION Y DESARROLLO CULTURAL","00001","0030871","DESARROLLO DE ACTIVIDADES ARTISTICAS Y CULTURALES","04","AREQUIPA","5","RECURSOS DETERMINADOS","08","IMPUESTOS MUNICIPALES","0","NORMAL","5","GASTO CORRIENTE","2","1","PERSONAL Y OBLIGACIONES SOCIALES","1","RETRIBUCIONES Y COMPLEMENTOS EN EFECTIVO","1","PERSONAL ADMINISTRATIVO","1","PERSONAL ADMINISTRATIVO","2","PERSONAL ADMINISTRATIVO NOMBRADO (REGIMEN PUBLICO)","0","0","0","30412.24","30412.24","0","4858.42","2579.21","2448.77","0","2448.77","2448.77","2448.77","0","5651.96","2835.98","2835.98","28556.63"
"2019","M","GOBIERNOS LOCALES"," "," "," "," ","300331","040101","MUNICIPALIDAD PROVINCIAL DE AREQUIPA","04","AREQUIPA","01","AREQUIPA","01","AREQUIPA","102","9002","ASIGNACIONES PRESUPUESTARIAS QUE NO RESULTAN EN PRODUCTOS","3","ACTIVIDAD","3999999","SIN PRODUCTO","5001090","PROMOCION E INCENTIVO DE LAS ACTIVIDADES ARTISTICAS Y CULTURALES","21","CULTURA Y DEPORTE","045","CULTURA","0100","PROMOCION Y DESARROLLO CULTURAL","00001","0030871","DESARROLLO DE ACTIVIDADES ARTISTICAS Y CULTURALES","04","AREQUIPA","5","RECURSOS DETERMINADOS","08","IMPUESTOS MUNICIPALES","0","NORMAL","5","GASTO CORRIENTE","2","1","PERSONAL Y OBLIGACIONES SOCIALES","1","RETRIBUCIONES Y COMPLEMENTOS EN EFECTIVO","1","PERSONAL ADMINISTRATIVO","1","PERSONAL ADMINISTRATIVO","9","PERSONAL DE CONFIANZA (RÉGIMEN LABORAL PÚBLICO)","0","19982","19982","0","0","0","0","0","0","0","0","0","0","0","0","0","0","0"
"2019","M","GOBIERNOS LOCALES"," "," "," "," ","300331","040101","MUNICIPALIDAD PROVINCIAL DE AREQUIPA","04","AREQUIPA","01","AREQUIPA","01","AREQUIPA","102","9002","ASIGNACIONES PRESUPUESTARIAS QUE NO RESULTAN EN PRODUCTOS","3","ACTIVIDAD","3999999","SIN PRODUCTO","5001090","PROMOCION E INCENTIVO DE LAS ACTIVIDADES ARTISTICAS Y CULTURALES","21","CULTURA Y DEPORTE","045","CULTURA","0100","PROMOCION Y DESARROLLO CULTURAL","00001","0030871","DESARROLLO DE ACTIVIDADES ARTISTICAS Y CULTURALES","04","AREQUIPA","5","RECURSOS DETERMINADOS","08","IMPUESTOS MUNICIPALES","0","NORMAL","5","GASTO CORRIENTE","2","1","PERSONAL Y OBLIGACIONES SOCIALES","1","RETRIBUCIONES Y COMPLEMENTOS EN EFECTIVO","1","PERSONAL ADMINISTRATIVO","1","PERSONAL ADMINISTRATIVO","9","PERSONAL DE CONFIANZA (RÉGIMEN LABORAL PÚBLICO)","0","0","0","19980.78","19980.78","4423.50","4461.93","4461.93","4442.72","0","0","0","0","0","0","0","0","17790.08"
"2019","M","GOBIERNOS LOCALES"," "," "," "," ","300331","040101","MUNICIPALIDAD PROVINCIAL DE AREQUIPA","04","AREQUIPA","01","AREQUIPA","01","AREQUIPA","102","9002","ASIGNACIONES PRESUPUESTARIAS QUE NO RESULTAN EN PRODUCTOS","3","ACTIVIDAD","3999999","SIN PRODUCTO","5001090","PROMOCION E INCENTIVO DE LAS ACTIVIDADES ARTISTICAS Y CULTURALES","21","CULTURA Y DEPORTE","045","CULTURA","0100","PROMOCION Y DESARROLLO CULTURAL","00001","0030871","DESARROLLO DE ACTIVIDADES ARTISTICAS Y CULTURALES","04","AREQUIPA","5","RECURSOS DETERMINADOS","08","IMPUESTOS MUNICIPALES","0","NORMAL","5","GASTO CORRIENTE","2","1","PERSONAL Y OBLIGACIONES SOCIALES","1","RETRIBUCIONES Y COMPLEMENTOS EN EFECTIVO","9","GASTOS VARIABLES Y OCASIONALES","1","ESCOLARIDAD, AGUINALDOS Y GRATIFICACIONES","3","BONIFICACION POR ESCOLARIDAD","5320","-5320","0","0","0","0","0","0","0","0","0","0","0","0","0","0","0","0"
"2019","M","GOBIERNOS LOCALES"," "," "," "," ","300331","040101","MUNICIPALIDAD PROVINCIAL DE AREQUIPA","04","AREQUIPA","01","AREQUIPA","01","AREQUIPA","102","9002","ASIGNACIONES PRESUPUESTARIAS QUE NO RESULTAN EN PRODUCTOS","3","ACTIVIDAD","3999999","SIN PRODUCTO","5001090","PROMOCION E INCENTIVO DE LAS ACTIVIDADES ARTISTICAS Y CULTURALES","21","CULTURA Y DEPORTE","045","CULTURA","0100","PROMOCION Y DESARROLLO CULTURAL","00001","0030871","DESARROLLO DE ACTIVIDADES ARTISTICAS Y CULTURALES","04","AREQUIPA","5","RECURSOS DETERMINADOS","08","IMPUESTOS MUNICIPALES","0","NORMAL","5","GASTO CORRIENTE","2","1","PERSONAL Y OBLIGACIONES SOCIALES","1","RETRIBUCIONES Y COMPLEMENTOS EN EFECTIVO","9","GASTOS VARIABLES Y OCASIONALES","3","OTROS GASTOS VARIABLES Y OCASIONALES","2","BONIFICACION ADICIONAL POR VACACIONES","1330","-1030","300","0","0","0","0","0","0","0","0","0","0","0","0","0","0","0"
"2019","M","GOBIERNOS LOCALES"," "," "," "," ","300331","040101","MUNICIPALIDAD PROVINCIAL DE AREQUIPA","04","AREQUIPA","01","AREQUIPA","01","AREQUIPA","102","9002","ASIGNACIONES PRESUPUESTARIAS QUE NO RESULTAN EN PRODUCTOS","3","ACTIVIDAD","3999999","SIN PRODUCTO","5001090","PROMOCION E INCENTIVO DE LAS ACTIVIDADES ARTISTICAS Y CULTURALES","21","CULTURA Y DEPORTE","045","CULTURA","0100","PROMOCION Y DESARROLLO CULTURAL","00001","0030871","DESARROLLO DE ACTIVIDADES ARTISTICAS Y CULTURALES","04","AREQUIPA","5","RECURSOS DETERMINADOS","08","IMPUESTOS MUNICIPALES","0","NORMAL","5","GASTO CORRIENTE","2","1","PERSONAL Y OBLIGACIONES SOCIALES","1","RETRIBUCIONES Y COMPLEMENTOS EN EFECTIVO","9","GASTOS VARIABLES Y OCASIONALES","3","OTROS GASTOS VARIABLES Y OCASIONALES","2","BONIFICACION ADICIONAL POR VACACIONES","0","0","0","300","300","0","300","0","0","0","0","0","0","0","0","0","0","300"
"2019","M","GOBIERNOS LOCALES"," "," "," "," ","300331","040101","MUNICIPALIDAD PROVINCIAL DE AREQUIPA","04","AREQUIPA","01","AREQUIPA","01","AREQUIPA","102","9002","ASIGNACIONES PRESUPUESTARIAS QUE NO RESULTAN EN PRODUCTOS","3","ACTIVIDAD","3999999","SIN PRODUCTO","5001090","PROMOCION E INCENTIVO DE LAS ACTIVIDADES ARTISTICAS Y CULTURALES","21","CULTURA Y DEPORTE","045","CULTURA","0100","PROMOCION Y DESARROLLO CULTURAL","00001","0030871","DESARROLLO DE ACTIVIDADES ARTISTICAS Y CULTURALES","04","AREQUIPA","5","RECURSOS DETERMINADOS","08","IMPUESTOS MUNICIPALES","0","NORMAL","5","GASTO CORRIENTE","2","1","PERSONAL Y OBLIGACIONES SOCIALES","3","CONTRIBUCIONES A LA SEGURIDAD SOCIAL","1","OBLIGACIONES DEL EMPLEADOR","1","OBLIGACIONES DEL EMPLEADOR","5","CONTRIBUCIONES A ESSALUD","3273","-1232","2041","0","0","0","0","0","0","0","0","0","0","0","0","0","0","0"
"2019","M","GOBIERNOS LOCALES"," "," "," "," ","300331","040101","MUNICIPALIDAD PROVINCIAL DE AREQUIPA","04","AREQUIPA","01","AREQUIPA","01","AREQUIPA","102","9002","ASIGNACIONES PRESUPUESTARIAS QUE NO RESULTAN EN PRODUCTOS","3","ACTIVIDAD","3999999","SIN PRODUCTO","5001090","PROMOCION E INCENTIVO DE LAS ACTIVIDADES ARTISTICAS Y CULTURALES","21","CULTURA Y DEPORTE","045","CULTURA","0100","PROMOCION Y DESARROLLO CULTURAL","00001","0030871","DESARROLLO DE ACTIVIDADES ARTISTICAS Y CULTURALES","04","AREQUIPA","5","RECURSOS DETERMINADOS","08","IMPUESTOS MUNICIPALES","0","NORMAL","5","GASTO CORRIENTE","2","1","PERSONAL Y OBLIGACIONES SOCIALES","3","CONTRIBUCIONES A LA SEGURIDAD SOCIAL","1","OBLIGACIONES DEL EMPLEADOR","1","OBLIGACIONES DEL EMPLEADOR","5","CONTRIBUCIONES A ESSALUD","0","0","0","2041","1618.92","0","0","0","688.44","0","0","0","0","0","0","675.24","255.24","1618.92"
"2019","M","GOBIERNOS LOCALES"," "," "," "," ","300331","040101","MUNICIPALIDAD PROVINCIAL DE AREQUIPA","04","AREQUIPA","01","AREQUIPA","01","AREQUIPA","102","9002","ASIGNACIONES PRESUPUESTARIAS QUE NO RESULTAN EN PRODUCTOS","3","ACTIVIDAD","3999999","SIN PRODUCTO","5001090","PROMOCION E INCENTIVO DE LAS ACTIVIDADES ARTISTICAS Y CULTURALES","21","CULTURA Y DEPORTE","045","CULTURA","0100","PROMOCION Y DESARROLLO CULTURAL","00001","0030871","DESARROLLO DE ACTIVIDADES ARTISTICAS Y CULTURALES","04","AREQUIPA","5","RECURSOS DETERMINADOS","08","IMPUESTOS MUNICIPALES","0","NORMAL","5","GASTO CORRIENTE","2","3","BIENES Y SERVICIOS","1","COMPRA DE BIENES","1","ALIMENTOS Y BEBIDAS","1","ALIMENTOS Y BEBIDAS","1","ALIMENTOS Y BEBIDAS PARA CONSUMO HUMANO","5590","-70","5520","0","0","0","0","0","0","0","0","0","0","0","0","0","0","0"
"2019","M","GOBIERNOS LOCALES"," "," "," "," ","300331","040101","MUNICIPALIDAD PROVINCIAL DE AREQUIPA","04","AREQUIPA","01","AREQUIPA","01","AREQUIPA","102","9002","ASIGNACIONES PRESUPUESTARIAS QUE NO RESULTAN EN PRODUCTOS","3","ACTIVIDAD","3999999","SIN PRODUCTO","5001090","PROMOCION E INCENTIVO DE LAS ACTIVIDADES ARTISTICAS Y CULTURALES","21","CULTURA Y DEPORTE","045","CULTURA","0100","PROMOCION Y DESARROLLO CULTURAL","00001","0030871","DESARROLLO DE ACTIVIDADES ARTISTICAS Y CULTURALES","04","AREQUIPA","5","RECURSOS DETERMINADOS","08","IMPUESTOS MUNICIPALES","0","NORMAL","5","GASTO CORRIENTE","2","3","BIENES Y SERVICIOS","1","COMPRA DE BIENES","1","ALIMENTOS Y BEBIDAS","1","ALIMENTOS Y BEBIDAS","1","ALIMENTOS Y BEBIDAS PARA CONSUMO HUMANO","0","0","0","5519.20","4139.20","0","0","0","280","0","0","62","0","0","283.70","0","3513.50","4139.20"
"2019","M","GOBIERNOS LOCALES"," "," "," "," ","300331","040101","MUNICIPALIDAD PROVINCIAL DE AREQUIPA","04","AREQUIPA","01","AREQUIPA","01","AREQUIPA","102","9002","ASIGNACIONES PRESUPUESTARIAS QUE NO RESULTAN EN PRODUCTOS","3","ACTIVIDAD","3999999","SIN PRODUCTO","5001090","PROMOCION E INCENTIVO DE LAS ACTIVIDADES ARTISTICAS Y CULTURALES","21","CULTURA Y DEPORTE","045","CULTURA","0100","PROMOCION Y DESARROLLO CULTURAL","00001","0030871","DESARROLLO DE ACTIVIDADES ARTISTICAS Y CULTURALES","04","AREQUIPA","5","RECURSOS DETERMINADOS","08","IMPUESTOS MUNICIPALES","0","NORMAL","5","GASTO CORRIENTE","2","3","BIENES Y SERVICIOS","1","COMPRA DE BIENES","3","COMBUSTIBLES, CARBURANTES, LUBRICANTES Y AFINES","1","COMBUSTIBLES, CARBURANTES, LUBRICANTES Y AFINES","1","COMBUSTIBLES Y CARBURANTES","0","18","18","0","0","0","0","0","0","0","0","0","0","0","0","0","0","0"
"2019","M","GOBIERNOS LOCALES"," "," "," "," ","300331","040101","MUNICIPALIDAD PROVINCIAL DE AREQUIPA","04","AREQUIPA","01","AREQUIPA","01","AREQUIPA","102","9002","ASIGNACIONES PRESUPUESTARIAS QUE NO RESULTAN EN PRODUCTOS","3","ACTIVIDAD","3999999","SIN PRODUCTO","5001090","PROMOCION E INCENTIVO DE LAS ACTIVIDADES ARTISTICAS Y CULTURALES","21","CULTURA Y DEPORTE","045","CULTURA","0100","PROMOCION Y DESARROLLO CULTURAL","00001","0030871","DESARROLLO DE ACTIVIDADES ARTISTICAS Y CULTURALES","04","AREQUIPA","5","RECURSOS DETERMINADOS","08","IMPUESTOS MUNICIPALES","0","NORMAL","5","GASTO CORRIENTE","2","3","BIENES Y SERVICIOS","1","COMPRA DE BIENES","3","COMBUSTIBLES, CARBURANTES, LUBRICANTES Y AFINES","1","COMBUSTIBLES, CARBURANTES, LUBRICANTES Y AFINES","1","COMBUSTIBLES Y CARBURANTES","0","0","0","17.20","17.20","0","0","0","17.20","0","0","0","0","0","0","0","0","17.20"
"2019","M","GOBIERNOS LOCALES"," "," "," "," ","300331","040101","MUNICIPALIDAD PROVINCIAL DE AREQUIPA","04","AREQUIPA","01","AREQUIPA","01","AREQUIPA","102","9002","ASIGNACIONES PRESUPUESTARIAS QUE NO RESULTAN EN PRODUCTOS","3","ACTIVIDAD","3999999","SIN PRODUCTO","5001090","PROMOCION E INCENTIVO DE LAS ACTIVIDADES ARTISTICAS Y CULTURALES","21","CULTURA Y DEPORTE","045","CULTURA","0100","PROMOCION Y DESARROLLO CULTURAL","00001","0030871","DESARROLLO DE ACTIVIDADES ARTISTICAS Y CULTURALES","04","AREQUIPA","5","RECURSOS DETERMINADOS","08","IMPUESTOS MUNICIPALES","0","NORMAL","5","GASTO CORRIENTE","2","3","BIENES Y SERVICIOS","1","COMPRA DE BIENES","5","MATERIALES Y  UTILES","1","DE OFICINA","1","REPUESTOS Y ACCESORIOS","0","138","138","0","0","0","0","0","0","0","0","0","0","0","0","0","0","0"
"2019","M","GOBIERNOS LOCALES"," "," "," "," ","300331","040101","MUNICIPALIDAD PROVINCIAL DE AREQUIPA","04","AREQUIPA","01","AREQUIPA","01","AREQUIPA","102","9002","ASIGNACIONES PRESUPUESTARIAS QUE NO RESULTAN EN PRODUCTOS","3","ACTIVIDAD","3999999","SIN PRODUCTO","5001090","PROMOCION E INCENTIVO DE LAS ACTIVIDADES ARTISTICAS Y CULTURALES","21","CULTURA Y DEPORTE","045","CULTURA","0100","PROMOCION Y DESARROLLO CULTURAL","00001","0030871","DESARROLLO DE ACTIVIDADES ARTISTICAS Y CULTURALES","04","AREQUIPA","5","RECURSOS DETERMINADOS","08","IMPUESTOS MUNICIPALES","0","NORMAL","5","GASTO CORRIENTE","2","3","BIENES Y SERVICIOS","1","COMPRA DE BIENES","5","MATERIALES Y  UTILES","1","DE OFICINA","1","REPUESTOS Y ACCESORIOS","0","0","0","138","138","0","0","0","0","0","0","0","0","0","38","0","100","138"
"2019","M","GOBIERNOS LOCALES"," "," "," "," ","300331","040101","MUNICIPALIDAD PROVINCIAL DE AREQUIPA","04","AREQUIPA","01","AREQUIPA","01","AREQUIPA","102","9002","ASIGNACIONES PRESUPUESTARIAS QUE NO RESULTAN EN PRODUCTOS","3","ACTIVIDAD","3999999","SIN PRODUCTO","5001090","PROMOCION E INCENTIVO DE LAS ACTIVIDADES ARTISTICAS Y CULTURALES","21","CULTURA Y DEPORTE","045","CULTURA","0100","PROMOCION Y DESARROLLO CULTURAL","00001","0030871","DESARROLLO DE ACTIVIDADES ARTISTICAS Y CULTURALES","04","AREQUIPA","5","RECURSOS DETERMINADOS","08","IMPUESTOS MUNICIPALES","0","NORMAL","5","GASTO CORRIENTE","2","3","BIENES Y SERVICIOS","1","COMPRA DE BIENES","5","MATERIALES Y  UTILES","1","DE OFICINA","2","PAPELERIA EN GENERAL, UTILES Y MATERIALES DE OFICINA","2191","-266","1925","0","0","0","0","0","0","0","0","0","0","0","0","0","0","0"
"2019","M","GOBIERNOS LOCALES"," "," "," "," ","300331","040101","MUNICIPALIDAD PROVINCIAL DE AREQUIPA","04","AREQUIPA","01","AREQUIPA","01","AREQUIPA","102","9002","ASIGNACIONES PRESUPUESTARIAS QUE NO RESULTAN EN PRODUCTOS","3","ACTIVIDAD","3999999","SIN PRODUCTO","5001090","PROMOCION E INCENTIVO DE LAS ACTIVIDADES ARTISTICAS Y CULTURALES","21","CULTURA Y DEPORTE","045","CULTURA","0100","PROMOCION Y DESARROLLO CULTURAL","00001","0030871","DESARROLLO DE ACTIVIDADES ARTISTICAS Y CULTURALES","04","AREQUIPA","5","RECURSOS DETERMINADOS","08","IMPUESTOS MUNICIPALES","0","NORMAL","5","GASTO CORRIENTE","2","3","BIENES Y SERVICIOS","1","COMPRA DE BIENES","5","MATERIALES Y  UTILES","1","DE OFICINA","2","PAPELERIA EN GENERAL, UTILES Y MATERIALES DE OFICINA","0","0","0","1924.50","1924.19","0","0","8","0","0","806.50","46.50","4.50","22.10","19.20","51","965.89","1923.69"
"2019","M","GOBIERNOS LOCALES"," "," "," "," ","300331","040101","MUNICIPALIDAD PROVINCIAL DE AREQUIPA","04","AREQUIPA","01","AREQUIPA","01","AREQUIPA","102","9002","ASIGNACIONES PRESUPUESTARIAS QUE NO RESULTAN EN PRODUCTOS","3","ACTIVIDAD","3999999","SIN PRODUCTO","5001090","PROMOCION E INCENTIVO DE LAS ACTIVIDADES ARTISTICAS Y CULTURALES","21","CULTURA Y DEPORTE","045","CULTURA","0100","PROMOCION Y DESARROLLO CULTURAL","00001","0030871","DESARROLLO DE ACTIVIDADES ARTISTICAS Y CULTURALES","04","AREQUIPA","5","RECURSOS DETERMINADOS","08","IMPUESTOS MUNICIPALES","0","NORMAL","5","GASTO CORRIENTE","2","3","BIENES Y SERVICIOS","1","COMPRA DE BIENES","5","MATERIALES Y  UTILES","3","ASEO, LIMPIEZA Y COCINA","1","ASEO, LIMPIEZA Y TOCADOR","1011","-936","75","0","0","0","0","0","0","0","0","0","0","0","0","0","0","0"
"2019","M","GOBIERNOS LOCALES"," "," "," "," ","300331","040101","MUNICIPALIDAD PROVINCIAL DE AREQUIPA","04","AREQUIPA","01","AREQUIPA","01","AREQUIPA","102","9002","ASIGNACIONES PRESUPUESTARIAS QUE NO RESULTAN EN PRODUCTOS","3","ACTIVIDAD","3999999","SIN PRODUCTO","5001090","PROMOCION E INCENTIVO DE LAS ACTIVIDADES ARTISTICAS Y CULTURALES","21","CULTURA Y DEPORTE","045","CULTURA","0100","PROMOCION Y DESARROLLO CULTURAL","00001","0030871","DESARROLLO DE ACTIVIDADES ARTISTICAS Y CULTURALES","04","AREQUIPA","5","RECURSOS DETERMINADOS","08","IMPUESTOS MUNICIPALES","0","NORMAL","5","GASTO CORRIENTE","2","3","BIENES Y SERVICIOS","1","COMPRA DE BIENES","5","MATERIALES Y  UTILES","3","ASEO, LIMPIEZA Y COCINA","1","ASEO, LIMPIEZA Y TOCADOR","0","0","0","75","75","0","0","0","0","0","0","0","0","0","34","0","41","75"
"2019","M","GOBIERNOS LOCALES"," "," "," "," ","300331","040101","MUNICIPALIDAD PROVINCIAL DE AREQUIPA","04","AREQUIPA","01","AREQUIPA","01","AREQUIPA","102","9002","ASIGNACIONES PRESUPUESTARIAS QUE NO RESULTAN EN PRODUCTOS","3","ACTIVIDAD","3999999","SIN PRODUCTO","5001090","PROMOCION E INCENTIVO DE LAS ACTIVIDADES ARTISTICAS Y CULTURALES","21","CULTURA Y DEPORTE","045","CULTURA","0100","PROMOCION Y DESARROLLO CULTURAL","00001","0030871","DESARROLLO DE ACTIVIDADES ARTISTICAS Y CULTURALES","04","AREQUIPA","5","RECURSOS DETERMINADOS","08","IMPUESTOS MUNICIPALES","0","NORMAL","5","GASTO CORRIENTE","2","3","BIENES Y SERVICIOS","1","COMPRA DE BIENES","5","MATERIALES Y  UTILES","4","ELECTRICIDAD, ILUMINACION Y ELECTRONICA","1","ELECTRICIDAD, ILUMINACION Y ELECTRONICA","3000","-3000","0","0","0","0","0","0","0","0","0","0","0","0","0","0","0","0"
"2019","M","GOBIERNOS LOCALES"," "," "," "," ","300331","040101","MUNICIPALIDAD PROVINCIAL DE AREQUIPA","04","AREQUIPA","01","AREQUIPA","01","AREQUIPA","102","9002","ASIGNACIONES PRESUPUESTARIAS QUE NO RESULTAN EN PRODUCTOS","3","ACTIVIDAD","3999999","SIN PRODUCTO","5001090","PROMOCION E INCENTIVO DE LAS ACTIVIDADES ARTISTICAS Y CULTURALES","21","CULTURA Y DEPORTE","045","CULTURA","0100","PROMOCION Y DESARROLLO CULTURAL","00001","0030871","DESARROLLO DE ACTIVIDADES ARTISTICAS Y CULTURALES","04","AREQUIPA","5","RECURSOS DETERMINADOS","08","IMPUESTOS MUNICIPALES","0","NORMAL","5","GASTO CORRIENTE","2","3","BIENES Y SERVICIOS","1","COMPRA DE BIENES","8","SUMINISTROS MEDICOS","2","MATERIAL,INSUMOS,INSTRUMENTAL Y ACCESORIOS MEDICOS,QUIRURGICOS, ODONTOLOGICOS Y DE LABORATORIO","1","MATERIAL, INSUMOS, INSTRUMENTAL Y ACCESORIOS  MEDICOS, QUIRURGICOS, ODONTOLOGICOS Y DE LABORATORIO","45244","-45244","0","0","0","0","0","0","0","0","0","0","0","0","0","0","0","0"
"2019","M","GOBIERNOS LOCALES"," "," "," "," ","300331","040101","MUNICIPALIDAD PROVINCIAL DE AREQUIPA","04","AREQUIPA","01","AREQUIPA","01","AREQUIPA","102","9002","ASIGNACIONES PRESUPUESTARIAS QUE NO RESULTAN EN PRODUCTOS","3","ACTIVIDAD","3999999","SIN PRODUCTO","5001090","PROMOCION E INCENTIVO DE LAS ACTIVIDADES ARTISTICAS Y CULTURALES","21","CULTURA Y DEPORTE","045","CULTURA","0100","PROMOCION Y DESARROLLO CULTURAL","00001","0030871","DESARROLLO DE ACTIVIDADES ARTISTICAS Y CULTURALES","04","AREQUIPA","5","RECURSOS DETERMINADOS","08","IMPUESTOS MUNICIPALES","0","NORMAL","5","GASTO CORRIENTE","2","3","BIENES Y SERVICIOS","1","COMPRA DE BIENES","99","COMPRA DE OTROS BIENES","1","COMPRA DE OTROS BIENES","3","LIBROS, DIARIOS, REVISTAS Y OTROS BIENES IMPRESOS NO VINCULADOS A ENSEÑANZA","4996","-910","4086","0","0","0","0","0","0","0","0","0","0","0","0","0","0","0"
"2019","M","GOBIERNOS LOCALES"," "," "," "," ","300331","040101","MUNICIPALIDAD PROVINCIAL DE AREQUIPA","04","AREQUIPA","01","AREQUIPA","01","AREQUIPA","102","9002","ASIGNACIONES PRESUPUESTARIAS QUE NO RESULTAN EN PRODUCTOS","3","ACTIVIDAD","3999999","SIN PRODUCTO","5001090","PROMOCION E INCENTIVO DE LAS ACTIVIDADES ARTISTICAS Y CULTURALES","21","CULTURA Y DEPORTE","045","CULTURA","0100","PROMOCION Y DESARROLLO CULTURAL","00001","0030871","DESARROLLO DE ACTIVIDADES ARTISTICAS Y CULTURALES","04","AREQUIPA","5","RECURSOS DETERMINADOS","08","IMPUESTOS MUNICIPALES","0","NORMAL","5","GASTO CORRIENTE","2","3","BIENES Y SERVICIOS","1","COMPRA DE BIENES","99","COMPRA DE OTROS BIENES","1","COMPRA DE OTROS BIENES","3","LIBROS, DIARIOS, REVISTAS Y OTROS BIENES IMPRESOS NO VINCULADOS A ENSEÑANZA","0","0","0","4086","4051.50","0","0","0","0","0","0","0","0","0","0","0","4051.50","4051.50"
"2019","M","GOBIERNOS LOCALES"," "," "," "," ","300331","040101","MUNICIPALIDAD PROVINCIAL DE AREQUIPA","04","AREQUIPA","01","AREQUIPA","01","AREQUIPA","102","9002","ASIGNACIONES PRESUPUESTARIAS QUE NO RESULTAN EN PRODUCTOS","3","ACTIVIDAD","3999999","SIN PRODUCTO","5001090","PROMOCION E INCENTIVO DE LAS ACTIVIDADES ARTISTICAS Y CULTURALES","21","CULTURA Y DEPORTE","045","CULTURA","0100","PROMOCION Y DESARROLLO CULTURAL","00001","0030871","DESARROLLO DE ACTIVIDADES ARTISTICAS Y CULTURALES","04","AREQUIPA","5","RECURSOS DETERMINADOS","08","IMPUESTOS MUNICIPALES","0","NORMAL","5","GASTO CORRIENTE","2","3","BIENES Y SERVICIOS","1","COMPRA DE BIENES","99","COMPRA DE OTROS BIENES","1","COMPRA DE OTROS BIENES","99","OTROS BIENES","208","6957","7165","0","0","0","0","0","0","0","0","0","0","0","0","0","0","0"
"2019","M","GOBIERNOS LOCALES"," "," "," "," ","300331","040101","MUNICIPALIDAD PROVINCIAL DE AREQUIPA","04","AREQUIPA","01","AREQUIPA","01","AREQUIPA","102","9002","ASIGNACIONES PRESUPUESTARIAS QUE NO RESULTAN EN PRODUCTOS","3","ACTIVIDAD","3999999","SIN PRODUCTO","5001090","PROMOCION E INCENTIVO DE LAS ACTIVIDADES ARTISTICAS Y CULTURALES","21","CULTURA Y DEPORTE","045","CULTURA","0100","PROMOCION Y DESARROLLO CULTURAL","00001","0030871","DESARROLLO DE ACTIVIDADES ARTISTICAS Y CULTURALES","04","AREQUIPA","5","RECURSOS DETERMINADOS","08","IMPUESTOS MUNICIPALES","0","NORMAL","5","GASTO CORRIENTE","2","3","BIENES Y SERVICIOS","1","COMPRA DE BIENES","99","COMPRA DE OTROS BIENES","1","COMPRA DE OTROS BIENES","99","OTROS BIENES","0","0","0","7164.50","7164.50","0","0","50","102.50","0","0","0","77.50","332.90","6380.10","25","196.50","7164.50"
"2019","M","GOBIERNOS LOCALES"," "," "," "," ","300331","040101","MUNICIPALIDAD PROVINCIAL DE AREQUIPA","04","AREQUIPA","01","AREQUIPA","01","AREQUIPA","102","9002","ASIGNACIONES PRESUPUESTARIAS QUE NO RESULTAN EN PRODUCTOS","3","ACTIVIDAD","3999999","SIN PRODUCTO","5001090","PROMOCION E INCENTIVO DE LAS ACTIVIDADES ARTISTICAS Y CULTURALES","21","CULTURA Y DEPORTE","045","CULTURA","0100","PROMOCION Y DESARROLLO CULTURAL","00001","0030871","DESARROLLO DE ACTIVIDADES ARTISTICAS Y CULTURALES","04","AREQUIPA","5","RECURSOS DETERMINADOS","08","IMPUESTOS MUNICIPALES","0","NORMAL","5","GASTO CORRIENTE","2","3","BIENES Y SERVICIOS","2","CONTRATACION DE SERVICIOS","1","VIAJES","2","VIAJES DOMESTICOS","1","PASAJES Y GASTOS DE TRANSPORTE","3000","-3000","0","0","0","0","0","0","0","0","0","0","0","0","0","0","0","0"
"2019","M","GOBIERNOS LOCALES"," "," "," "," ","300331","040101","MUNICIPALIDAD PROVINCIAL DE AREQUIPA","04","AREQUIPA","01","AREQUIPA","01","AREQUIPA","102","9002","ASIGNACIONES PRESUPUESTARIAS QUE NO RESULTAN EN PRODUCTOS","3","ACTIVIDAD","3999999","SIN PRODUCTO","5001090","PROMOCION E INCENTIVO DE LAS ACTIVIDADES ARTISTICAS Y CULTURALES","21","CULTURA Y DEPORTE","045","CULTURA","0100","PROMOCION Y DESARROLLO CULTURAL","00001","0030871","DESARROLLO DE ACTIVIDADES ARTISTICAS Y CULTURALES","04","AREQUIPA","5","RECURSOS DETERMINADOS","08","IMPUESTOS MUNICIPALES","0","NORMAL","5","GASTO CORRIENTE","2","3","BIENES Y SERVICIOS","2","CONTRATACION DE SERVICIOS","1","VIAJES","2","VIAJES DOMESTICOS","2","VIATICOS Y ASIGNACIONES POR COMISION DE SERVICIO","1920","-1920","0","0","0","0","0","0","0","0","0","0","0","0","0","0","0","0"
"2019","M","GOBIERNOS LOCALES"," "," "," "," ","300331","040101","MUNICIPALIDAD PROVINCIAL DE AREQUIPA","04","AREQUIPA","01","AREQUIPA","01","AREQUIPA","102","9002","ASIGNACIONES PRESUPUESTARIAS QUE NO RESULTAN EN PRODUCTOS","3","ACTIVIDAD","3999999","SIN PRODUCTO","5001090","PROMOCION E INCENTIVO DE LAS ACTIVIDADES ARTISTICAS Y CULTURALES","21","CULTURA Y DEPORTE","045","CULTURA","0100","PROMOCION Y DESARROLLO CULTURAL","00001","0030871","DESARROLLO DE ACTIVIDADES ARTISTICAS Y CULTURALES","04","AREQUIPA","5","RECURSOS DETERMINADOS","08","IMPUESTOS MUNICIPALES","0","NORMAL","5","GASTO CORRIENTE","2","3","BIENES Y SERVICIOS","2","CONTRATACION DE SERVICIOS","1","VIAJES","2","VIAJES DOMESTICOS","99","OTROS GASTOS","120","719","839","0","0","0","0","0","0","0","0","0","0","0","0","0","0","0"
"2019","M","GOBIERNOS LOCALES"," "," "," "," ","300331","040101","MUNICIPALIDAD PROVINCIAL DE AREQUIPA","04","AREQUIPA","01","AREQUIPA","01","AREQUIPA","102","9002","ASIGNACIONES PRESUPUESTARIAS QUE NO RESULTAN EN PRODUCTOS","3","ACTIVIDAD","3999999","SIN PRODUCTO","5001090","PROMOCION E INCENTIVO DE LAS ACTIVIDADES ARTISTICAS Y CULTURALES","21","CULTURA Y DEPORTE","045","CULTURA","0100","PROMOCION Y DESARROLLO CULTURAL","00001","0030871","DESARROLLO DE ACTIVIDADES ARTISTICAS Y CULTURALES","04","AREQUIPA","5","RECURSOS DETERMINADOS","08","IMPUESTOS MUNICIPALES","0","NORMAL","5","GASTO CORRIENTE","2","3","BIENES Y SERVICIOS","2","CONTRATACION DE SERVICIOS","1","VIAJES","2","VIAJES DOMESTICOS","99","OTROS GASTOS","0","0","0","838.80","838.80","0","0","42","100.30","0","0","270","18","145","151","24","88.50","838.80"
"2019","M","GOBIERNOS LOCALES"," "," "," "," ","300331","040101","MUNICIPALIDAD PROVINCIAL DE AREQUIPA","04","AREQUIPA","01","AREQUIPA","01","AREQUIPA","102","9002","ASIGNACIONES PRESUPUESTARIAS QUE NO RESULTAN EN PRODUCTOS","3","ACTIVIDAD","3999999","SIN PRODUCTO","5001090","PROMOCION E INCENTIVO DE LAS ACTIVIDADES ARTISTICAS Y CULTURALES","21","CULTURA Y DEPORTE","045","CULTURA","0100","PROMOCION Y DESARROLLO CULTURAL","00001","0030871","DESARROLLO DE ACTIVIDADES ARTISTICAS Y CULTURALES","04","AREQUIPA","5","RECURSOS DETERMINADOS","08","IMPUESTOS MUNICIPALES","0","NORMAL","5","GASTO CORRIENTE","2","3","BIENES Y SERVICIOS","2","CONTRATACION DE SERVICIOS","2","SERVICIOS BASICOS, COMUNICACIONES, PUBLICIDAD Y DIFUSION","3","SERVICIOS DE MENSAJERIA, TELECOMUNICACIONES Y OTROS AFINES","1","CORREOS Y SERVICIOS DE MENSAJERIA","1200","-700","500","0","0","0","0","0","0","0","0","0","0","0","0","0","0","0"
"2019","M","GOBIERNOS LOCALES"," "," "," "," ","300331","040101","MUNICIPALIDAD PROVINCIAL DE AREQUIPA","04","AREQUIPA","01","AREQUIPA","01","AREQUIPA","102","9002","ASIGNACIONES PRESUPUESTARIAS QUE NO RESULTAN EN PRODUCTOS","3","ACTIVIDAD","3999999","SIN PRODUCTO","5001090","PROMOCION E INCENTIVO DE LAS ACTIVIDADES ARTISTICAS Y CULTURALES","21","CULTURA Y DEPORTE","045","CULTURA","0100","PROMOCION Y DESARROLLO CULTURAL","00001","0030871","DESARROLLO DE ACTIVIDADES ARTISTICAS Y CULTURALES","04","AREQUIPA","5","RECURSOS DETERMINADOS","08","IMPUESTOS MUNICIPALES","0","NORMAL","5","GASTO CORRIENTE","2","3","BIENES Y SERVICIOS","2","CONTRATACION DE SERVICIOS","2","SERVICIOS BASICOS, COMUNICACIONES, PUBLICIDAD Y DIFUSION","3","SERVICIOS DE MENSAJERIA, TELECOMUNICACIONES Y OTROS AFINES","1","CORREOS Y SERVICIOS DE MENSAJERIA","0","0","0","246","0","0","0","0","0","0","0","0","0","0","0","0","0","0"
"2019","M","GOBIERNOS LOCALES"," "," "," "," ","300331","040101","MUNICIPALIDAD PROVINCIAL DE AREQUIPA","04","AREQUIPA","01","AREQUIPA","01","AREQUIPA","102","9002","ASIGNACIONES PRESUPUESTARIAS QUE NO RESULTAN EN PRODUCTOS","3","ACTIVIDAD","3999999","SIN PRODUCTO","5001090","PROMOCION E INCENTIVO DE LAS ACTIVIDADES ARTISTICAS Y CULTURALES","21","CULTURA Y DEPORTE","045","CULTURA","0100","PROMOCION Y DESARROLLO CULTURAL","00001","0030871","DESARROLLO DE ACTIVIDADES ARTISTICAS Y CULTURALES","04","AREQUIPA","5","RECURSOS DETERMINADOS","08","IMPUESTOS MUNICIPALES","0","NORMAL","5","GASTO CORRIENTE","2","3","BIENES Y SERVICIOS","2","CONTRATACION DE SERVICIOS","5","ALQUILERES DE MUEBLES E INMUEBLES","1","ALQUILERES DE MUEBLES E INMUEBLES","3","DE MOBILIARIO Y SIMILARES","3000","-3000","0","0","0","0","0","0","0","0","0","0","0","0","0","0","0","0"
"2019","M","GOBIERNOS LOCALES"," "," "," "," ","300331","040101","MUNICIPALIDAD PROVINCIAL DE AREQUIPA","04","AREQUIPA","01","AREQUIPA","01","AREQUIPA","102","9002","ASIGNACIONES PRESUPUESTARIAS QUE NO RESULTAN EN PRODUCTOS","3","ACTIVIDAD","3999999","SIN PRODUCTO","5001090","PROMOCION E INCENTIVO DE LAS ACTIVIDADES ARTISTICAS Y CULTURALES","21","CULTURA Y DEPORTE","045","CULTURA","0100","PROMOCION Y DESARROLLO CULTURAL","00001","0030871","DESARROLLO DE ACTIVIDADES ARTISTICAS Y CULTURALES","04","AREQUIPA","5","RECURSOS DETERMINADOS","08","IMPUESTOS MUNICIPALES","0","NORMAL","5","GASTO CORRIENTE","2","3","BIENES Y SERVICIOS","2","CONTRATACION DE SERVICIOS","5","ALQUILERES DE MUEBLES E INMUEBLES","1","ALQUILERES DE MUEBLES E INMUEBLES","4","DE MAQUINARIAS Y EQUIPOS","3000","-3000","0","0","0","0","0","0","0","0","0","0","0","0","0","0","0","0"
"2019","M","GOBIERNOS LOCALES"," "," "," "," ","300331","040101","MUNICIPALIDAD PROVINCIAL DE AREQUIPA","04","AREQUIPA","01","AREQUIPA","01","AREQUIPA","102","9002","ASIGNACIONES PRESUPUESTARIAS QUE NO RESULTAN EN PRODUCTOS","3","ACTIVIDAD","3999999","SIN PRODUCTO","5001090","PROMOCION E INCENTIVO DE LAS ACTIVIDADES ARTISTICAS Y CULTURALES","21","CULTURA Y DEPORTE","045","CULTURA","0100","PROMOCION Y DESARROLLO CULTURAL","00001","0030871","DESARROLLO DE ACTIVIDADES ARTISTICAS Y CULTURALES","04","AREQUIPA","5","RECURSOS DETERMINADOS","08","IMPUESTOS MUNICIPALES","0","NORMAL","5","GASTO CORRIENTE","2","3","BIENES Y SERVICIOS","2","CONTRATACION DE SERVICIOS","5","ALQUILERES DE MUEBLES E INMUEBLES","1","ALQUILERES DE MUEBLES E INMUEBLES","99","DE OTROS BIENES Y ACTIVOS","600","-600","0","0","0","0","0","0","0","0","0","0","0","0","0","0","0","0"
"2019","M","GOBIERNOS LOCALES"," "," "," "," ","300331","040101","MUNICIPALIDAD PROVINCIAL DE AREQUIPA","04","AREQUIPA","01","AREQUIPA","01","AREQUIPA","102","9002","ASIGNACIONES PRESUPUESTARIAS QUE NO RESULTAN EN PRODUCTOS","3","ACTIVIDAD","3999999","SIN PRODUCTO","5001090","PROMOCION E INCENTIVO DE LAS ACTIVIDADES ARTISTICAS Y CULTURALES","21","CULTURA Y DEPORTE","045","CULTURA","0100","PROMOCION Y DESARROLLO CULTURAL","00001","0030871","DESARROLLO DE ACTIVIDADES ARTISTICAS Y CULTURALES","04","AREQUIPA","5","RECURSOS DETERMINADOS","08","IMPUESTOS MUNICIPALES","0","NORMAL","5","GASTO CORRIENTE","2","3","BIENES Y SERVICIOS","2","CONTRATACION DE SERVICIOS","7","SERVICIOS PROFESIONALES Y TECNICOS","11","OTROS SERVICIOS","6","SERVICIO DE IMPRESIONES, ENCUADERNACION Y EMPASTADO","0","431","431","0","0","0","0","0","0","0","0","0","0","0","0","0","0","0"
"2019","M","GOBIERNOS LOCALES"," "," "," "," ","300331","040101","MUNICIPALIDAD PROVINCIAL DE AREQUIPA","04","AREQUIPA","01","AREQUIPA","01","AREQUIPA","102","9002","ASIGNACIONES PRESUPUESTARIAS QUE NO RESULTAN EN PRODUCTOS","3","ACTIVIDAD","3999999","SIN PRODUCTO","5001090","PROMOCION E INCENTIVO DE LAS ACTIVIDADES ARTISTICAS Y CULTURALES","21","CULTURA Y DEPORTE","045","CULTURA","0100","PROMOCION Y DESARROLLO CULTURAL","00001","0030871","DESARROLLO DE ACTIVIDADES ARTISTICAS Y CULTURALES","04","AREQUIPA","5","RECURSOS DETERMINADOS","08","IMPUESTOS MUNICIPALES","0","NORMAL","5","GASTO CORRIENTE","2","3","BIENES Y SERVICIOS","2","CONTRATACION DE SERVICIOS","7","SERVICIOS PROFESIONALES Y TECNICOS","11","OTROS SERVICIOS","6","SERVICIO DE IMPRESIONES, ENCUADERNACION Y EMPASTADO","0","0","0","431","0","0","0","0","0","0","0","0","0","0","0","0","0","0"
"2019","M","GOBIERNOS LOCALES"," "," "," "," ","300331","040101","MUNICIPALIDAD PROVINCIAL DE AREQUIPA","04","AREQUIPA","01","AREQUIPA","01","AREQUIPA","102","9002","ASIGNACIONES PRESUPUESTARIAS QUE NO RESULTAN EN PRODUCTOS","3","ACTIVIDAD","3999999","SIN PRODUCTO","5001090","PROMOCION E INCENTIVO DE LAS ACTIVIDADES ARTISTICAS Y CULTURALES","21","CULTURA Y DEPORTE","045","CULTURA","0100","PROMOCION Y DESARROLLO CULTURAL","00001","0030871","DESARROLLO DE ACTIVIDADES ARTISTICAS Y CULTURALES","04","AREQUIPA","5","RECURSOS DETERMINADOS","08","IMPUESTOS MUNICIPALES","0","NORMAL","5","GASTO CORRIENTE","2","3","BIENES Y SERVICIOS","2","CONTRATACION DE SERVICIOS","7","SERVICIOS PROFESIONALES Y TECNICOS","11","OTROS SERVICIOS","99","SERVICIOS DIVERSOS","49879","-21749","28130","0","0","0","0","0","0","0","0","0","0","0","0","0","0","0"
"2019","M","GOBIERNOS LOCALES"," "," "," "," ","300331","040101","MUNICIPALIDAD PROVINCIAL DE AREQUIPA","04","AREQUIPA","01","AREQUIPA","01","AREQUIPA","102","9002","ASIGNACIONES PRESUPUESTARIAS QUE NO RESULTAN EN PRODUCTOS","3","ACTIVIDAD","3999999","SIN PRODUCTO","5001090","PROMOCION E INCENTIVO DE LAS ACTIVIDADES ARTISTICAS Y CULTURALES","21","CULTURA Y DEPORTE","045","CULTURA","0100","PROMOCION Y DESARROLLO CULTURAL","00001","0030871","DESARROLLO DE ACTIVIDADES ARTISTICAS Y CULTURALES","04","AREQUIPA","5","RECURSOS DETERMINADOS","08","IMPUESTOS MUNICIPALES","0","NORMAL","5","GASTO CORRIENTE","2","3","BIENES Y SERVICIOS","2","CONTRATACION DE SERVICIOS","7","SERVICIOS PROFESIONALES Y TECNICOS","11","OTROS SERVICIOS","99","SERVICIOS DIVERSOS","0","0","0","28130","22171","0","0","3000","210","0","0","81","0","0","15104","2000","1776","22171"
"2019","M","GOBIERNOS LOCALES"," "," "," "," ","300331","040101","MUNICIPALIDAD PROVINCIAL DE AREQUIPA","04","AREQUIPA","01","AREQUIPA","01","AREQUIPA","102","9002","ASIGNACIONES PRESUPUESTARIAS QUE NO RESULTAN EN PRODUCTOS","3","ACTIVIDAD","3999999","SIN PRODUCTO","5001090","PROMOCION E INCENTIVO DE LAS ACTIVIDADES ARTISTICAS Y CULTURALES","21","CULTURA Y DEPORTE","045","CULTURA","0100","PROMOCION Y DESARROLLO CULTURAL","00001","0030871","DESARROLLO DE ACTIVIDADES ARTISTICAS Y CULTURALES","04","AREQUIPA","5","RECURSOS DETERMINADOS","08","IMPUESTOS MUNICIPALES","0","NORMAL","5","GASTO CORRIENTE","2","3","BIENES Y SERVICIOS","2","CONTRATACION DE SERVICIOS","8","CONTRATO ADMINISTRATIVO DE SERVICIOS","1","CONTRATO ADMINISTRATIVO DE SERVICIOS","1","CONTRATO ADMINISTRATIVO DE SERVICIOS","16200","6171","22371","0","0","0","0","0","0","0","0","0","0","0","0","0","0","0"
"2019","M","GOBIERNOS LOCALES"," "," "," "," ","300331","040101","MUNICIPALIDAD PROVINCIAL DE AREQUIPA","04","AREQUIPA","01","AREQUIPA","01","AREQUIPA","102","9002","ASIGNACIONES PRESUPUESTARIAS QUE NO RESULTAN EN PRODUCTOS","3","ACTIVIDAD","3999999","SIN PRODUCTO","5001090","PROMOCION E INCENTIVO DE LAS ACTIVIDADES ARTISTICAS Y CULTURALES","21","CULTURA Y DEPORTE","045","CULTURA","0100","PROMOCION Y DESARROLLO CULTURAL","00001","0030871","DESARROLLO DE ACTIVIDADES ARTISTICAS Y CULTURALES","04","AREQUIPA","5","RECURSOS DETERMINADOS","08","IMPUESTOS MUNICIPALES","0","NORMAL","5","GASTO CORRIENTE","2","3","BIENES Y SERVICIOS","2","CONTRATACION DE SERVICIOS","8","CONTRATO ADMINISTRATIVO DE SERVICIOS","1","CONTRATO ADMINISTRATIVO DE SERVICIOS","1","CONTRATO ADMINISTRATIVO DE SERVICIOS","0","0","0","22370.01","17108.53","0","1126.67","0","0","0","0","5050","5040","0","4955.70","0","731.86","16904.23"
"2019","M","GOBIERNOS LOCALES"," "," "," "," ","300331","040101","MUNICIPALIDAD PROVINCIAL DE AREQUIPA","04","AREQUIPA","01","AREQUIPA","01","AREQUIPA","102","9002","ASIGNACIONES PRESUPUESTARIAS QUE NO RESULTAN EN PRODUCTOS","3","ACTIVIDAD","3999999","SIN PRODUCTO","5001090","PROMOCION E INCENTIVO DE LAS ACTIVIDADES ARTISTICAS Y CULTURALES","21","CULTURA Y DEPORTE","045","CULTURA","0100","PROMOCION Y DESARROLLO CULTURAL","00001","0030871","DESARROLLO DE ACTIVIDADES ARTISTICAS Y CULTURALES","04","AREQUIPA","5","RECURSOS DETERMINADOS","08","IMPUESTOS MUNICIPALES","0","NORMAL","5","GASTO CORRIENTE","2","3","BIENES Y SERVICIOS","2","CONTRATACION DE SERVICIOS","8","CONTRATO ADMINISTRATIVO DE SERVICIOS","1","CONTRATO ADMINISTRATIVO DE SERVICIOS","2","CONTRIBUCIONES A ESSALUD DE C.A.S.","1313","0","1313","0","0","0","0","0","0","0","0","0","0","0","0","0","0","0"
"2019","M","GOBIERNOS LOCALES"," "," "," "," ","300331","040101","MUNICIPALIDAD PROVINCIAL DE AREQUIPA","04","AREQUIPA","01","AREQUIPA","01","AREQUIPA","102","9002","ASIGNACIONES PRESUPUESTARIAS QUE NO RESULTAN EN PRODUCTOS","3","ACTIVIDAD","3999999","SIN PRODUCTO","5001090","PROMOCION E INCENTIVO DE LAS ACTIVIDADES ARTISTICAS Y CULTURALES","21","CULTURA Y DEPORTE","045","CULTURA","0100","PROMOCION Y DESARROLLO CULTURAL","00001","0030871","DESARROLLO DE ACTIVIDADES ARTISTICAS Y CULTURALES","04","AREQUIPA","5","RECURSOS DETERMINADOS","08","IMPUESTOS MUNICIPALES","0","NORMAL","5","GASTO CORRIENTE","2","3","BIENES Y SERVICIOS","2","CONTRATACION DE SERVICIOS","8","CONTRATO ADMINISTRATIVO DE SERVICIOS","1","CONTRATO ADMINISTRATIVO DE SERVICIOS","2","CONTRIBUCIONES A ESSALUD DE C.A.S.","0","0","0","1122","1122","0","101.40","0","0","0","0","0","340.20","0","340.20","0","340.20","1122"
"2019","M","GOBIERNOS LOCALES"," "," "," "," ","300331","040101","MUNICIPALIDAD PROVINCIAL DE AREQUIPA","04","AREQUIPA","01","AREQUIPA","01","AREQUIPA","102","9002","ASIGNACIONES PRESUPUESTARIAS QUE NO RESULTAN EN PRODUCTOS","3","ACTIVIDAD","3999999","SIN PRODUCTO","5001090","PROMOCION E INCENTIVO DE LAS ACTIVIDADES ARTISTICAS Y CULTURALES","21","CULTURA Y DEPORTE","045","CULTURA","0100","PROMOCION Y DESARROLLO CULTURAL","00001","0030871","DESARROLLO DE ACTIVIDADES ARTISTICAS Y CULTURALES","04","AREQUIPA","5","RECURSOS DETERMINADOS","08","IMPUESTOS MUNICIPALES","0","NORMAL","5","GASTO CORRIENTE","2","3","BIENES Y SERVICIOS","2","CONTRATACION DE SERVICIOS","8","CONTRATO ADMINISTRATIVO DE SERVICIOS","1","CONTRATO ADMINISTRATIVO DE SERVICIOS","4","AGUINALDOS DE C.A.S.","0","1194","1194","0","0","0","0","0","0","0","0","0","0","0","0","0","0","0"
"2019","M","GOBIERNOS LOCALES"," "," "," "," ","300331","040101","MUNICIPALIDAD PROVINCIAL DE AREQUIPA","04","AREQUIPA","01","AREQUIPA","01","AREQUIPA","102","9002","ASIGNACIONES PRESUPUESTARIAS QUE NO RESULTAN EN PRODUCTOS","3","ACTIVIDAD","3999999","SIN PRODUCTO","5001090","PROMOCION E INCENTIVO DE LAS ACTIVIDADES ARTISTICAS Y CULTURALES","21","CULTURA Y DEPORTE","045","CULTURA","0100","PROMOCION Y DESARROLLO CULTURAL","00001","0030871","DESARROLLO DE ACTIVIDADES ARTISTICAS Y CULTURALES","04","AREQUIPA","5","RECURSOS DETERMINADOS","08","IMPUESTOS MUNICIPALES","0","NORMAL","5","GASTO CORRIENTE","2","3","BIENES Y SERVICIOS","2","CONTRATACION DE SERVICIOS","8","CONTRATO ADMINISTRATIVO DE SERVICIOS","1","CONTRATO ADMINISTRATIVO DE SERVICIOS","4","AGUINALDOS DE C.A.S.","0","0","0","1193.34","1193.34","0","0","0","0","0","0","300","0","0","0","0","893.34","1193.34"
"2019","M","GOBIERNOS LOCALES"," "," "," "," ","300331","040101","MUNICIPALIDAD PROVINCIAL DE AREQUIPA","04","AREQUIPA","01","AREQUIPA","01","AREQUIPA","102","9002","ASIGNACIONES PRESUPUESTARIAS QUE NO RESULTAN EN PRODUCTOS","3","ACTIVIDAD","3999999","SIN PRODUCTO","5001090","PROMOCION E INCENTIVO DE LAS ACTIVIDADES ARTISTICAS Y CULTURALES","21","CULTURA Y DEPORTE","045","CULTURA","0100","PROMOCION Y DESARROLLO CULTURAL","00001","0030871","DESARROLLO DE ACTIVIDADES ARTISTICAS Y CULTURALES","04","AREQUIPA","5","RECURSOS DETERMINADOS","08","IMPUESTOS MUNICIPALES","7","SUB CUENTA - IMPUESTOS MUNICIPALES","5","GASTO CORRIENTE","2","1","PERSONAL Y OBLIGACIONES SOCIALES","1","RETRIBUCIONES Y COMPLEMENTOS EN EFECTIVO","1","PERSONAL ADMINISTRATIVO","1","PERSONAL ADMINISTRATIVO","2","PERSONAL ADMINISTRATIVO NOMBRADO (REGIMEN PUBLICO)","0","0","0","0","0","0","367.21","386.77","367.21","0","0","367.21","367.21","0","0","0","0","1855.61"
"2019","M","GOBIERNOS LOCALES"," "," "," "," ","300331","040101","MUNICIPALIDAD PROVINCIAL DE AREQUIPA","04","AREQUIPA","01","AREQUIPA","01","AREQUIPA","102","9002","ASIGNACIONES PRESUPUESTARIAS QUE NO RESULTAN EN PRODUCTOS","3","ACTIVIDAD","3999999","SIN PRODUCTO","5001090","PROMOCION E INCENTIVO DE LAS ACTIVIDADES ARTISTICAS Y CULTURALES","21","CULTURA Y DEPORTE","045","CULTURA","0100","PROMOCION Y DESARROLLO CULTURAL","00001","0030871","DESARROLLO DE ACTIVIDADES ARTISTICAS Y CULTURALES","04","AREQUIPA","5","RECURSOS DETERMINADOS","08","IMPUESTOS MUNICIPALES","7","SUB CUENTA - IMPUESTOS MUNICIPALES","5","GASTO CORRIENTE","2","1","PERSONAL Y OBLIGACIONES SOCIALES","1","RETRIBUCIONES Y COMPLEMENTOS EN EFECTIVO","1","PERSONAL ADMINISTRATIVO","1","PERSONAL ADMINISTRATIVO","9","PERSONAL DE CONFIANZA (RÉGIMEN LABORAL PÚBLICO)","0","0","0","0","0","0","538.07","538.07","557.28","0","0","557.28","0","0","0","0","0","2190.70"
"2019","M","GOBIERNOS LOCALES"," "," "," "," ","300331","040101","MUNICIPALIDAD PROVINCIAL DE AREQUIPA","04","AREQUIPA","01","AREQUIPA","01","AREQUIPA","102","9002","ASIGNACIONES PRESUPUESTARIAS QUE NO RESULTAN EN PRODUCTOS","3","ACTIVIDAD","3999999","SIN PRODUCTO","5001090","PROMOCION E INCENTIVO DE LAS ACTIVIDADES ARTISTICAS Y CULTURALES","21","CULTURA Y DEPORTE","045","CULTURA","0100","PROMOCION Y DESARROLLO CULTURAL","00001","0030871","DESARROLLO DE ACTIVIDADES ARTISTICAS Y CULTURALES","04","AREQUIPA","5","RECURSOS DETERMINADOS","08","IMPUESTOS MUNICIPALES","7","SUB CUENTA - IMPUESTOS MUNICIPALES","5","GASTO CORRIENTE","2","3","BIENES Y SERVICIOS","2","CONTRATACION DE SERVICIOS","8","CONTRATO ADMINISTRATIVO DE SERVICIOS","1","CONTRATO ADMINISTRATIVO DE SERVICIOS","1","CONTRATO ADMINISTRATIVO DE SERVICIOS","0","0","0","0","0","0","0","0","0","0","0","0","0","0","204.30","0","0","204.30"
"2019","M","GOBIERNOS LOCALES"," "," "," "," ","300331","040101","MUNICIPALIDAD PROVINCIAL DE AREQUIPA","04","AREQUIPA","01","AREQUIPA","01","AREQUIPA","103","9002","ASIGNACIONES PRESUPUESTARIAS QUE NO RESULTAN EN PRODUCTOS","3","ACTIVIDAD","3999999","SIN PRODUCTO","5001090","PROMOCION E INCENTIVO DE LAS ACTIVIDADES ARTISTICAS Y CULTURALES","21","CULTURA Y DEPORTE","045","CULTURA","0100","PROMOCION Y DESARROLLO CULTURAL","00002","0038927","PROMOCION E INCENTIVO DE LAS ACTIVIDADES ARTISTICAS Y CULTURALES","04","AREQUIPA","2","RECURSOS DIRECTAMENTE RECAUDADOS","09","RECURSOS DIRECTAMENTE RECAUDADOS","0","NORMAL","5","GASTO CORRIENTE","2","1","PERSONAL Y OBLIGACIONES SOCIALES","1","RETRIBUCIONES Y COMPLEMENTOS EN EFECTIVO","1","PERSONAL ADMINISTRATIVO","1","PERSONAL ADMINISTRATIVO","2","PERSONAL ADMINISTRATIVO NOMBRADO (REGIMEN PUBLICO)","225200","-225200","0","0","0","0","0","0","0","0","0","0","0","0","0","0","0","0"
"2019","M","GOBIERNOS LOCALES"," "," "," "," ","300331","040101","MUNICIPALIDAD PROVINCIAL DE AREQUIPA","04","AREQUIPA","01","AREQUIPA","01","AREQUIPA","103","9002","ASIGNACIONES PRESUPUESTARIAS QUE NO RESULTAN EN PRODUCTOS","3","ACTIVIDAD","3999999","SIN PRODUCTO","5001090","PROMOCION E INCENTIVO DE LAS ACTIVIDADES ARTISTICAS Y CULTURALES","21","CULTURA Y DEPORTE","045","CULTURA","0100","PROMOCION Y DESARROLLO CULTURAL","00002","0038927","PROMOCION E INCENTIVO DE LAS ACTIVIDADES ARTISTICAS Y CULTURALES","04","AREQUIPA","2","RECURSOS DIRECTAMENTE RECAUDADOS","09","RECURSOS DIRECTAMENTE RECAUDADOS","0","NORMAL","5","GASTO CORRIENTE","2","1","PERSONAL Y OBLIGACIONES SOCIALES","1","RETRIBUCIONES Y COMPLEMENTOS EN EFECTIVO","1","PERSONAL ADMINISTRATIVO","2","OTRAS RETRIBUCIONES Y COMPLEMENTOS","99","OTRAS RETRIBUCIONES Y COMPLEMENTOS","55101","-55101","0","0","0","0","0","0","0","0","0","0","0","0","0","0","0","0"
"2019","M","GOBIERNOS LOCALES"," "," "," "," ","300331","040101","MUNICIPALIDAD PROVINCIAL DE AREQUIPA","04","AREQUIPA","01","AREQUIPA","01","AREQUIPA","103","9002","ASIGNACIONES PRESUPUESTARIAS QUE NO RESULTAN EN PRODUCTOS","3","ACTIVIDAD","3999999","SIN PRODUCTO","5001090","PROMOCION E INCENTIVO DE LAS ACTIVIDADES ARTISTICAS Y CULTURALES","21","CULTURA Y DEPORTE","045","CULTURA","0100","PROMOCION Y DESARROLLO CULTURAL","00002","0038927","PROMOCION E INCENTIVO DE LAS ACTIVIDADES ARTISTICAS Y CULTURALES","04","AREQUIPA","2","RECURSOS DIRECTAMENTE RECAUDADOS","09","RECURSOS DIRECTAMENTE RECAUDADOS","0","NORMAL","5","GASTO CORRIENTE","2","1","PERSONAL Y OBLIGACIONES SOCIALES","1","RETRIBUCIONES Y COMPLEMENTOS EN EFECTIVO","9","GASTOS VARIABLES Y OCASIONALES","1","ESCOLARIDAD, AGUINALDOS Y GRATIFICACIONES","3","BONIFICACION POR ESCOLARIDAD","50451","-50451","0","0","0","0","0","0","0","0","0","0","0","0","0","0","0","0"
"2019","M","GOBIERNOS LOCALES"," "," "," "," ","300331","040101","MUNICIPALIDAD PROVINCIAL DE AREQUIPA","04","AREQUIPA","01","AREQUIPA","01","AREQUIPA","103","9002","ASIGNACIONES PRESUPUESTARIAS QUE NO RESULTAN EN PRODUCTOS","3","ACTIVIDAD","3999999","SIN PRODUCTO","5001090","PROMOCION E INCENTIVO DE LAS ACTIVIDADES ARTISTICAS Y CULTURALES","21","CULTURA Y DEPORTE","045","CULTURA","0100","PROMOCION Y DESARROLLO CULTURAL","00002","0038927","PROMOCION E INCENTIVO DE LAS ACTIVIDADES ARTISTICAS Y CULTURALES","04","AREQUIPA","2","RECURSOS DIRECTAMENTE RECAUDADOS","09","RECURSOS DIRECTAMENTE RECAUDADOS","0","NORMAL","5","GASTO CORRIENTE","2","1","PERSONAL Y OBLIGACIONES SOCIALES","1","RETRIBUCIONES Y COMPLEMENTOS EN EFECTIVO","9","GASTOS VARIABLES Y OCASIONALES","3","OTROS GASTOS VARIABLES Y OCASIONALES","1","ASIGNACION POR CUMPLIR 25 O 30 AÑOS","18053","-18053","0","0","0","0","0","0","0","0","0","0","0","0","0","0","0","0"
"2019","M","GOBIERNOS LOCALES"," "," "," "," ","300331","040101","MUNICIPALIDAD PROVINCIAL DE AREQUIPA","04","AREQUIPA","01","AREQUIPA","01","AREQUIPA","103","9002","ASIGNACIONES PRESUPUESTARIAS QUE NO RESULTAN EN PRODUCTOS","3","ACTIVIDAD","3999999","SIN PRODUCTO","5001090","PROMOCION E INCENTIVO DE LAS ACTIVIDADES ARTISTICAS Y CULTURALES","21","CULTURA Y DEPORTE","045","CULTURA","0100","PROMOCION Y DESARROLLO CULTURAL","00002","0038927","PROMOCION E INCENTIVO DE LAS ACTIVIDADES ARTISTICAS Y CULTURALES","04","AREQUIPA","2","RECURSOS DIRECTAMENTE RECAUDADOS","09","RECURSOS DIRECTAMENTE RECAUDADOS","0","NORMAL","5","GASTO CORRIENTE","2","1","PERSONAL Y OBLIGACIONES SOCIALES","1","RETRIBUCIONES Y COMPLEMENTOS EN EFECTIVO","9","GASTOS VARIABLES Y OCASIONALES","3","OTROS GASTOS VARIABLES Y OCASIONALES","2","BONIFICACION ADICIONAL POR VACACIONES","6660","-6660","0","0","0","0","0","0","0","0","0","0","0","0","0","0","0","0"
"2019","M","GOBIERNOS LOCALES"," "," "," "," ","300331","040101","MUNICIPALIDAD PROVINCIAL DE AREQUIPA","04","AREQUIPA","01","AREQUIPA","01","AREQUIPA","103","9002","ASIGNACIONES PRESUPUESTARIAS QUE NO RESULTAN EN PRODUCTOS","3","ACTIVIDAD","3999999","SIN PRODUCTO","5001090","PROMOCION E INCENTIVO DE LAS ACTIVIDADES ARTISTICAS Y CULTURALES","21","CULTURA Y DEPORTE","045","CULTURA","0100","PROMOCION Y DESARROLLO CULTURAL","00002","0038927","PROMOCION E INCENTIVO DE LAS ACTIVIDADES ARTISTICAS Y CULTURALES","04","AREQUIPA","2","RECURSOS DIRECTAMENTE RECAUDADOS","09","RECURSOS DIRECTAMENTE RECAUDADOS","0","NORMAL","5","GASTO CORRIENTE","2","1","PERSONAL Y OBLIGACIONES SOCIALES","3","CONTRIBUCIONES A LA SEGURIDAD SOCIAL","1","OBLIGACIONES DEL EMPLEADOR","1","OBLIGACIONES DEL EMPLEADOR","5","CONTRIBUCIONES A ESSALUD","38789","-38234","555","0","0","0","0","0","0","0","0","0","0","0","0","0","0","0"
"2019","M","GOBIERNOS LOCALES"," "," "," "," ","300331","040101","MUNICIPALIDAD PROVINCIAL DE AREQUIPA","04","AREQUIPA","01","AREQUIPA","01","AREQUIPA","103","9002","ASIGNACIONES PRESUPUESTARIAS QUE NO RESULTAN EN PRODUCTOS","3","ACTIVIDAD","3999999","SIN PRODUCTO","5001090","PROMOCION E INCENTIVO DE LAS ACTIVIDADES ARTISTICAS Y CULTURALES","21","CULTURA Y DEPORTE","045","CULTURA","0100","PROMOCION Y DESARROLLO CULTURAL","00002","0038927","PROMOCION E INCENTIVO DE LAS ACTIVIDADES ARTISTICAS Y CULTURALES","04","AREQUIPA","2","RECURSOS DIRECTAMENTE RECAUDADOS","09","RECURSOS DIRECTAMENTE RECAUDADOS","0","NORMAL","5","GASTO CORRIENTE","2","3","BIENES Y SERVICIOS","1","COMPRA DE BIENES","1","ALIMENTOS Y BEBIDAS","1","ALIMENTOS Y BEBIDAS","1","ALIMENTOS Y BEBIDAS PARA CONSUMO HUMANO","4990","-4990","0","0","0","0","0","0","0","0","0","0","0","0","0","0","0","0"
"2019","M","GOBIERNOS LOCALES"," "," "," "," ","300331","040101","MUNICIPALIDAD PROVINCIAL DE AREQUIPA","04","AREQUIPA","01","AREQUIPA","01","AREQUIPA","103","9002","ASIGNACIONES PRESUPUESTARIAS QUE NO RESULTAN EN PRODUCTOS","3","ACTIVIDAD","3999999","SIN PRODUCTO","5001090","PROMOCION E INCENTIVO DE LAS ACTIVIDADES ARTISTICAS Y CULTURALES","21","CULTURA Y DEPORTE","045","CULTURA","0100","PROMOCION Y DESARROLLO CULTURAL","00002","0038927","PROMOCION E INCENTIVO DE LAS ACTIVIDADES ARTISTICAS Y CULTURALES","04","AREQUIPA","2","RECURSOS DIRECTAMENTE RECAUDADOS","09","RECURSOS DIRECTAMENTE RECAUDADOS","0","NORMAL","5","GASTO CORRIENTE","2","3","BIENES Y SERVICIOS","1","COMPRA DE BIENES","5","MATERIALES Y  UTILES","1","DE OFICINA","2","PAPELERIA EN GENERAL, UTILES Y MATERIALES DE OFICINA","3906","-3906","0","0","0","0","0","0","0","0","0","0","0","0","0","0","0","0"
"2019","M","GOBIERNOS LOCALES"," "," "," "," ","300331","040101","MUNICIPALIDAD PROVINCIAL DE AREQUIPA","04","AREQUIPA","01","AREQUIPA","01","AREQUIPA","103","9002","ASIGNACIONES PRESUPUESTARIAS QUE NO RESULTAN EN PRODUCTOS","3","ACTIVIDAD","3999999","SIN PRODUCTO","5001090","PROMOCION E INCENTIVO DE LAS ACTIVIDADES ARTISTICAS Y CULTURALES","21","CULTURA Y DEPORTE","045","CULTURA","0100","PROMOCION Y DESARROLLO CULTURAL","00002","0038927","PROMOCION E INCENTIVO DE LAS ACTIVIDADES ARTISTICAS Y CULTURALES","04","AREQUIPA","2","RECURSOS DIRECTAMENTE RECAUDADOS","09","RECURSOS DIRECTAMENTE RECAUDADOS","0","NORMAL","5","GASTO CORRIENTE","2","3","BIENES Y SERVICIOS","1","COMPRA DE BIENES","99","COMPRA DE OTROS BIENES","1","COMPRA DE OTROS BIENES","3","LIBROS, DIARIOS, REVISTAS Y OTROS BIENES IMPRESOS NO VINCULADOS A ENSEÑANZA","17785","-17785","0","0","0","0","0","0","0","0","0","0","0","0","0","0","0","0"
"2019","M","GOBIERNOS LOCALES"," "," "," "," ","300331","040101","MUNICIPALIDAD PROVINCIAL DE AREQUIPA","04","AREQUIPA","01","AREQUIPA","01","AREQUIPA","103","9002","ASIGNACIONES PRESUPUESTARIAS QUE NO RESULTAN EN PRODUCTOS","3","ACTIVIDAD","3999999","SIN PRODUCTO","5001090","PROMOCION E INCENTIVO DE LAS ACTIVIDADES ARTISTICAS Y CULTURALES","21","CULTURA Y DEPORTE","045","CULTURA","0100","PROMOCION Y DESARROLLO CULTURAL","00002","0038927","PROMOCION E INCENTIVO DE LAS ACTIVIDADES ARTISTICAS Y CULTURALES","04","AREQUIPA","2","RECURSOS DIRECTAMENTE RECAUDADOS","09","RECURSOS DIRECTAMENTE RECAUDADOS","0","NORMAL","5","GASTO CORRIENTE","2","3","BIENES Y SERVICIOS","1","COMPRA DE BIENES","99","COMPRA DE OTROS BIENES","1","COMPRA DE OTROS BIENES","4","SIMBOLOS, DISTINTIVOS Y CONDECORACIONES","40","-40","0","0","0","0","0","0","0","0","0","0","0","0","0","0","0","0"
"2019","M","GOBIERNOS LOCALES"," "," "," "," ","300331","040101","MUNICIPALIDAD PROVINCIAL DE AREQUIPA","04","AREQUIPA","01","AREQUIPA","01","AREQUIPA","103","9002","ASIGNACIONES PRESUPUESTARIAS QUE NO RESULTAN EN PRODUCTOS","3","ACTIVIDAD","3999999","SIN PRODUCTO","5001090","PROMOCION E INCENTIVO DE LAS ACTIVIDADES ARTISTICAS Y CULTURALES","21","CULTURA Y DEPORTE","045","CULTURA","0100","PROMOCION Y DESARROLLO CULTURAL","00002","0038927","PROMOCION E INCENTIVO DE LAS ACTIVIDADES ARTISTICAS Y CULTURALES","04","AREQUIPA","2","RECURSOS DIRECTAMENTE RECAUDADOS","09","RECURSOS DIRECTAMENTE RECAUDADOS","0","NORMAL","5","GASTO CORRIENTE","2","3","BIENES Y SERVICIOS","1","COMPRA DE BIENES","99","COMPRA DE OTROS BIENES","1","COMPRA DE OTROS BIENES","99","OTROS BIENES","4270","-4270","0","0","0","0","0","0","0","0","0","0","0","0","0","0","0","0"
"2019","M","GOBIERNOS LOCALES"," "," "," "," ","300331","040101","MUNICIPALIDAD PROVINCIAL DE AREQUIPA","04","AREQUIPA","01","AREQUIPA","01","AREQUIPA","103","9002","ASIGNACIONES PRESUPUESTARIAS QUE NO RESULTAN EN PRODUCTOS","3","ACTIVIDAD","3999999","SIN PRODUCTO","5001090","PROMOCION E INCENTIVO DE LAS ACTIVIDADES ARTISTICAS Y CULTURALES","21","CULTURA Y DEPORTE","045","CULTURA","0100","PROMOCION Y DESARROLLO CULTURAL","00002","0038927","PROMOCION E INCENTIVO DE LAS ACTIVIDADES ARTISTICAS Y CULTURALES","04","AREQUIPA","2","RECURSOS DIRECTAMENTE RECAUDADOS","09","RECURSOS DIRECTAMENTE RECAUDADOS","0","NORMAL","5","GASTO CORRIENTE","2","3","BIENES Y SERVICIOS","2","CONTRATACION DE SERVICIOS","1","VIAJES","2","VIAJES DOMESTICOS","1","PASAJES Y GASTOS DE TRANSPORTE","700","-700","0","0","0","0","0","0","0","0","0","0","0","0","0","0","0","0"
"2019","M","GOBIERNOS LOCALES"," "," "," "," ","300331","040101","MUNICIPALIDAD PROVINCIAL DE AREQUIPA","04","AREQUIPA","01","AREQUIPA","01","AREQUIPA","103","9002","ASIGNACIONES PRESUPUESTARIAS QUE NO RESULTAN EN PRODUCTOS","3","ACTIVIDAD","3999999","SIN PRODUCTO","5001090","PROMOCION E INCENTIVO DE LAS ACTIVIDADES ARTISTICAS Y CULTURALES","21","CULTURA Y DEPORTE","045","CULTURA","0100","PROMOCION Y DESARROLLO CULTURAL","00002","0038927","PROMOCION E INCENTIVO DE LAS ACTIVIDADES ARTISTICAS Y CULTURALES","04","AREQUIPA","2","RECURSOS DIRECTAMENTE RECAUDADOS","09","RECURSOS DIRECTAMENTE RECAUDADOS","0","NORMAL","5","GASTO CORRIENTE","2","3","BIENES Y SERVICIOS","2","CONTRATACION DE SERVICIOS","1","VIAJES","2","VIAJES DOMESTICOS","2","VIATICOS Y ASIGNACIONES POR COMISION DE SERVICIO","560","-560","0","0","0","0","0","0","0","0","0","0","0","0","0","0","0","0"
"2019","M","GOBIERNOS LOCALES"," "," "," "," ","300331","040101","MUNICIPALIDAD PROVINCIAL DE AREQUIPA","04","AREQUIPA","01","AREQUIPA","01","AREQUIPA","103","9002","ASIGNACIONES PRESUPUESTARIAS QUE NO RESULTAN EN PRODUCTOS","3","ACTIVIDAD","3999999","SIN PRODUCTO","5001090","PROMOCION E INCENTIVO DE LAS ACTIVIDADES ARTISTICAS Y CULTURALES","21","CULTURA Y DEPORTE","045","CULTURA","0100","PROMOCION Y DESARROLLO CULTURAL","00002","0038927","PROMOCION E INCENTIVO DE LAS ACTIVIDADES ARTISTICAS Y CULTURALES","04","AREQUIPA","2","RECURSOS DIRECTAMENTE RECAUDADOS","09","RECURSOS DIRECTAMENTE RECAUDADOS","0","NORMAL","5","GASTO CORRIENTE","2","3","BIENES Y SERVICIOS","2","CONTRATACION DE SERVICIOS","1","VIAJES","2","VIAJES DOMESTICOS","99","OTROS GASTOS","247","-247","0","0","0","0","0","0","0","0","0","0","0","0","0","0","0","0"
"2019","M","GOBIERNOS LOCALES"," "," "," "," ","300331","040101","MUNICIPALIDAD PROVINCIAL DE AREQUIPA","04","AREQUIPA","01","AREQUIPA","01","AREQUIPA","103","9002","ASIGNACIONES PRESUPUESTARIAS QUE NO RESULTAN EN PRODUCTOS","3","ACTIVIDAD","3999999","SIN PRODUCTO","5001090","PROMOCION E INCENTIVO DE LAS ACTIVIDADES ARTISTICAS Y CULTURALES","21","CULTURA Y DEPORTE","045","CULTURA","0100","PROMOCION Y DESARROLLO CULTURAL","00002","0038927","PROMOCION E INCENTIVO DE LAS ACTIVIDADES ARTISTICAS Y CULTURALES","04","AREQUIPA","2","RECURSOS DIRECTAMENTE RECAUDADOS","09","RECURSOS DIRECTAMENTE RECAUDADOS","0","NORMAL","5","GASTO CORRIENTE","2","3","BIENES Y SERVICIOS","2","CONTRATACION DE SERVICIOS","2","SERVICIOS BASICOS, COMUNICACIONES, PUBLICIDAD Y DIFUSION","3","SERVICIOS DE MENSAJERIA, TELECOMUNICACIONES Y OTROS AFINES","1","CORREOS Y SERVICIOS DE MENSAJERIA","990","-990","0","0","0","0","0","0","0","0","0","0","0","0","0","0","0","0"
"2019","M","GOBIERNOS LOCALES"," "," "," "," ","300331","040101","MUNICIPALIDAD PROVINCIAL DE AREQUIPA","04","AREQUIPA","01","AREQUIPA","01","AREQUIPA","103","9002","ASIGNACIONES PRESUPUESTARIAS QUE NO RESULTAN EN PRODUCTOS","3","ACTIVIDAD","3999999","SIN PRODUCTO","5001090","PROMOCION E INCENTIVO DE LAS ACTIVIDADES ARTISTICAS Y CULTURALES","21","CULTURA Y DEPORTE","045","CULTURA","0100","PROMOCION Y DESARROLLO CULTURAL","00002","0038927","PROMOCION E INCENTIVO DE LAS ACTIVIDADES ARTISTICAS Y CULTURALES","04","AREQUIPA","2","RECURSOS DIRECTAMENTE RECAUDADOS","09","RECURSOS DIRECTAMENTE RECAUDADOS","0","NORMAL","5","GASTO CORRIENTE","2","3","BIENES Y SERVICIOS","2","CONTRATACION DE SERVICIOS","3","SERVICIOS DE LIMPIEZA, SEGURIDAD Y VIGILANCIA","1","SERVICIOS DE LIMPIEZA, SEGURIDAD Y VIGILANCIA","1","SERVICIOS DE LIMPIEZA E HIGIENE","900","-900","0","0","0","0","0","0","0","0","0","0","0","0","0","0","0","0"
"2019","M","GOBIERNOS LOCALES"," "," "," "," ","300331","040101","MUNICIPALIDAD PROVINCIAL DE AREQUIPA","04","AREQUIPA","01","AREQUIPA","01","AREQUIPA","103","9002","ASIGNACIONES PRESUPUESTARIAS QUE NO RESULTAN EN PRODUCTOS","3","ACTIVIDAD","3999999","SIN PRODUCTO","5001090","PROMOCION E INCENTIVO DE LAS ACTIVIDADES ARTISTICAS Y CULTURALES","21","CULTURA Y DEPORTE","045","CULTURA","0100","PROMOCION Y DESARROLLO CULTURAL","00002","0038927","PROMOCION E INCENTIVO DE LAS ACTIVIDADES ARTISTICAS Y CULTURALES","04","AREQUIPA","2","RECURSOS DIRECTAMENTE RECAUDADOS","09","RECURSOS DIRECTAMENTE RECAUDADOS","0","NORMAL","5","GASTO CORRIENTE","2","3","BIENES Y SERVICIOS","2","CONTRATACION DE SERVICIOS","5","ALQUILERES DE MUEBLES E INMUEBLES","1","ALQUILERES DE MUEBLES E INMUEBLES","4","DE MAQUINARIAS Y EQUIPOS","22591","-22591","0","0","0","0","0","0","0","0","0","0","0","0","0","0","0","0"
"2019","M","GOBIERNOS LOCALES"," "," "," "," ","300331","040101","MUNICIPALIDAD PROVINCIAL DE AREQUIPA","04","AREQUIPA","01","AREQUIPA","01","AREQUIPA","103","9002","ASIGNACIONES PRESUPUESTARIAS QUE NO RESULTAN EN PRODUCTOS","3","ACTIVIDAD","3999999","SIN PRODUCTO","5001090","PROMOCION E INCENTIVO DE LAS ACTIVIDADES ARTISTICAS Y CULTURALES","21","CULTURA Y DEPORTE","045","CULTURA","0100","PROMOCION Y DESARROLLO CULTURAL","00002","0038927","PROMOCION E INCENTIVO DE LAS ACTIVIDADES ARTISTICAS Y CULTURALES","04","AREQUIPA","2","RECURSOS DIRECTAMENTE RECAUDADOS","09","RECURSOS DIRECTAMENTE RECAUDADOS","0","NORMAL","5","GASTO CORRIENTE","2","3","BIENES Y SERVICIOS","2","CONTRATACION DE SERVICIOS","7","SERVICIOS PROFESIONALES Y TECNICOS","11","OTROS SERVICIOS","99","SERVICIOS DIVERSOS","52392","-52392","0","0","0","0","0","0","0","0","0","0","0","0","0","0","0","0"
"2019","M","GOBIERNOS LOCALES"," "," "," "," ","300331","040101","MUNICIPALIDAD PROVINCIAL DE AREQUIPA","04","AREQUIPA","01","AREQUIPA","01","AREQUIPA","103","9002","ASIGNACIONES PRESUPUESTARIAS QUE NO RESULTAN EN PRODUCTOS","3","ACTIVIDAD","3999999","SIN PRODUCTO","5001090","PROMOCION E INCENTIVO DE LAS ACTIVIDADES ARTISTICAS Y CULTURALES","21","CULTURA Y DEPORTE","045","CULTURA","0100","PROMOCION Y DESARROLLO CULTURAL","00002","0038927","PROMOCION E INCENTIVO DE LAS ACTIVIDADES ARTISTICAS Y CULTURALES","04","AREQUIPA","2","RECURSOS DIRECTAMENTE RECAUDADOS","09","RECURSOS DIRECTAMENTE RECAUDADOS","0","NORMAL","5","GASTO CORRIENTE","2","3","BIENES Y SERVICIOS","2","CONTRATACION DE SERVICIOS","8","CONTRATO ADMINISTRATIVO DE SERVICIOS","1","CONTRATO ADMINISTRATIVO DE SERVICIOS","2","CONTRIBUCIONES A ESSALUD DE C.A.S.","5249","-5249","0","0","0","0","0","0","0","0","0","0","0","0","0","0","0","0"
"2019","M","GOBIERNOS LOCALES"," "," "," "," ","300331","040101","MUNICIPALIDAD PROVINCIAL DE AREQUIPA","04","AREQUIPA","01","AREQUIPA","01","AREQUIPA","103","9002","ASIGNACIONES PRESUPUESTARIAS QUE NO RESULTAN EN PRODUCTOS","3","ACTIVIDAD","3999999","SIN PRODUCTO","5001090","PROMOCION E INCENTIVO DE LAS ACTIVIDADES ARTISTICAS Y CULTURALES","21","CULTURA Y DEPORTE","045","CULTURA","0100","PROMOCION Y DESARROLLO CULTURAL","00002","0038927","PROMOCION E INCENTIVO DE LAS ACTIVIDADES ARTISTICAS Y CULTURALES","04","AREQUIPA","5","RECURSOS DETERMINADOS","07","FONDO DE COMPENSACION MUNICIPAL","0","NORMAL","5","GASTO CORRIENTE","2","1","PERSONAL Y OBLIGACIONES SOCIALES","1","RETRIBUCIONES Y COMPLEMENTOS EN EFECTIVO","1","PERSONAL ADMINISTRATIVO","1","PERSONAL ADMINISTRATIVO","2","PERSONAL ADMINISTRATIVO NOMBRADO (REGIMEN PUBLICO)","103613","-103613","0","0","0","0","0","0","0","0","0","0","0","0","0","0","0","0"
"2019","M","GOBIERNOS LOCALES"," "," "," "," ","300331","040101","MUNICIPALIDAD PROVINCIAL DE AREQUIPA","04","AREQUIPA","01","AREQUIPA","01","AREQUIPA","103","9002","ASIGNACIONES PRESUPUESTARIAS QUE NO RESULTAN EN PRODUCTOS","3","ACTIVIDAD","3999999","SIN PRODUCTO","5001090","PROMOCION E INCENTIVO DE LAS ACTIVIDADES ARTISTICAS Y CULTURALES","21","CULTURA Y DEPORTE","045","CULTURA","0100","PROMOCION Y DESARROLLO CULTURAL","00002","0038927","PROMOCION E INCENTIVO DE LAS ACTIVIDADES ARTISTICAS Y CULTURALES","04","AREQUIPA","5","RECURSOS DETERMINADOS","07","FONDO DE COMPENSACION MUNICIPAL","0","NORMAL","5","GASTO CORRIENTE","2","1","PERSONAL Y OBLIGACIONES SOCIALES","1","RETRIBUCIONES Y COMPLEMENTOS EN EFECTIVO","9","GASTOS VARIABLES Y OCASIONALES","3","OTROS GASTOS VARIABLES Y OCASIONALES","1","ASIGNACION POR CUMPLIR 25 O 30 AÑOS","36058","-36058","0","0","0","0","0","0","0","0","0","0","0","0","0","0","0","0"
"2019","M","GOBIERNOS LOCALES"," "," "," "," ","300331","040101","MUNICIPALIDAD PROVINCIAL DE AREQUIPA","04","AREQUIPA","01","AREQUIPA","01","AREQUIPA","103","9002","ASIGNACIONES PRESUPUESTARIAS QUE NO RESULTAN EN PRODUCTOS","3","ACTIVIDAD","3999999","SIN PRODUCTO","5001090","PROMOCION E INCENTIVO DE LAS ACTIVIDADES ARTISTICAS Y CULTURALES","21","CULTURA Y DEPORTE","045","CULTURA","0100","PROMOCION Y DESARROLLO CULTURAL","00002","0038927","PROMOCION E INCENTIVO DE LAS ACTIVIDADES ARTISTICAS Y CULTURALES","04","AREQUIPA","5","RECURSOS DETERMINADOS","07","FONDO DE COMPENSACION MUNICIPAL","0","NORMAL","5","GASTO CORRIENTE","2","1","PERSONAL Y OBLIGACIONES SOCIALES","1","RETRIBUCIONES Y COMPLEMENTOS EN EFECTIVO","9","GASTOS VARIABLES Y OCASIONALES","3","OTROS GASTOS VARIABLES Y OCASIONALES","2","BONIFICACION ADICIONAL POR VACACIONES","1330","-1330","0","0","0","0","0","0","0","0","0","0","0","0","0","0","0","0"
"2019","M","GOBIERNOS LOCALES"," "," "," "," ","300331","040101","MUNICIPALIDAD PROVINCIAL DE AREQUIPA","04","AREQUIPA","01","AREQUIPA","01","AREQUIPA","103","9002","ASIGNACIONES PRESUPUESTARIAS QUE NO RESULTAN EN PRODUCTOS","3","ACTIVIDAD","3999999","SIN PRODUCTO","5001090","PROMOCION E INCENTIVO DE LAS ACTIVIDADES ARTISTICAS Y CULTURALES","21","CULTURA Y DEPORTE","045","CULTURA","0100","PROMOCION Y DESARROLLO CULTURAL","00002","0038927","PROMOCION E INCENTIVO DE LAS ACTIVIDADES ARTISTICAS Y CULTURALES","04","AREQUIPA","5","RECURSOS DETERMINADOS","07","FONDO DE COMPENSACION MUNICIPAL","0","NORMAL","5","GASTO CORRIENTE","2","1","PERSONAL Y OBLIGACIONES SOCIALES","3","CONTRIBUCIONES A LA SEGURIDAD SOCIAL","1","OBLIGACIONES DEL EMPLEADOR","1","OBLIGACIONES DEL EMPLEADOR","5","CONTRIBUCIONES A ESSALUD","20077","-20077","0","0","0","0","0","0","0","0","0","0","0","0","0","0","0","0"
"2019","M","GOBIERNOS LOCALES"," "," "," "," ","300331","040101","MUNICIPALIDAD PROVINCIAL DE AREQUIPA","04","AREQUIPA","01","AREQUIPA","01","AREQUIPA","103","9002","ASIGNACIONES PRESUPUESTARIAS QUE NO RESULTAN EN PRODUCTOS","3","ACTIVIDAD","3999999","SIN PRODUCTO","5001090","PROMOCION E INCENTIVO DE LAS ACTIVIDADES ARTISTICAS Y CULTURALES","21","CULTURA Y DEPORTE","045","CULTURA","0100","PROMOCION Y DESARROLLO CULTURAL","00002","0038927","PROMOCION E INCENTIVO DE LAS ACTIVIDADES ARTISTICAS Y CULTURALES","04","AREQUIPA","5","RECURSOS DETERMINADOS","07","FONDO DE COMPENSACION MUNICIPAL","0","NORMAL","5","GASTO CORRIENTE","2","3","BIENES Y SERVICIOS","2","CONTRATACION DE SERVICIOS","8","CONTRATO ADMINISTRATIVO DE SERVICIOS","1","CONTRATO ADMINISTRATIVO DE SERVICIOS","1","CONTRATO ADMINISTRATIVO DE SERVICIOS","74994","-74994","0","0","0","0","0","0","0","0","0","0","0","0","0","0","0","0"
"2019","M","GOBIERNOS LOCALES"," "," "," "," ","300331","040101","MUNICIPALIDAD PROVINCIAL DE AREQUIPA","04","AREQUIPA","01","AREQUIPA","01","AREQUIPA","103","9002","ASIGNACIONES PRESUPUESTARIAS QUE NO RESULTAN EN PRODUCTOS","3","ACTIVIDAD","3999999","SIN PRODUCTO","5001090","PROMOCION E INCENTIVO DE LAS ACTIVIDADES ARTISTICAS Y CULTURALES","21","CULTURA Y DEPORTE","045","CULTURA","0100","PROMOCION Y DESARROLLO CULTURAL","00002","0038927","PROMOCION E INCENTIVO DE LAS ACTIVIDADES ARTISTICAS Y CULTURALES","04","AREQUIPA","5","RECURSOS DETERMINADOS","08","IMPUESTOS MUNICIPALES","0","NORMAL","5","GASTO CORRIENTE","2","1","PERSONAL Y OBLIGACIONES SOCIALES","1","RETRIBUCIONES Y COMPLEMENTOS EN EFECTIVO","1","PERSONAL ADMINISTRATIVO","1","PERSONAL ADMINISTRATIVO","2","PERSONAL ADMINISTRATIVO NOMBRADO (REGIMEN PUBLICO)","337294","-337294","0","0","0","0","0","0","0","0","0","0","0","0","0","0","0","0"
"2019","M","GOBIERNOS LOCALES"," "," "," "," ","300331","040101","MUNICIPALIDAD PROVINCIAL DE AREQUIPA","04","AREQUIPA","01","AREQUIPA","01","AREQUIPA","103","9002","ASIGNACIONES PRESUPUESTARIAS QUE NO RESULTAN EN PRODUCTOS","3","ACTIVIDAD","3999999","SIN PRODUCTO","5001090","PROMOCION E INCENTIVO DE LAS ACTIVIDADES ARTISTICAS Y CULTURALES","21","CULTURA Y DEPORTE","045","CULTURA","0100","PROMOCION Y DESARROLLO CULTURAL","00002","0038927","PROMOCION E INCENTIVO DE LAS ACTIVIDADES ARTISTICAS Y CULTURALES","04","AREQUIPA","5","RECURSOS DETERMINADOS","08","IMPUESTOS MUNICIPALES","0","NORMAL","5","GASTO CORRIENTE","2","1","PERSONAL Y OBLIGACIONES SOCIALES","1","RETRIBUCIONES Y COMPLEMENTOS EN EFECTIVO","9","GASTOS VARIABLES Y OCASIONALES","1","ESCOLARIDAD, AGUINALDOS Y GRATIFICACIONES","3","BONIFICACION POR ESCOLARIDAD","5290","-5290","0","0","0","0","0","0","0","0","0","0","0","0","0","0","0","0"
"2019","M","GOBIERNOS LOCALES"," "," "," "," ","300331","040101","MUNICIPALIDAD PROVINCIAL DE AREQUIPA","04","AREQUIPA","01","AREQUIPA","01","AREQUIPA","103","9002","ASIGNACIONES PRESUPUESTARIAS QUE NO RESULTAN EN PRODUCTOS","3","ACTIVIDAD","3999999","SIN PRODUCTO","5001090","PROMOCION E INCENTIVO DE LAS ACTIVIDADES ARTISTICAS Y CULTURALES","21","CULTURA Y DEPORTE","045","CULTURA","0100","PROMOCION Y DESARROLLO CULTURAL","00002","0038927","PROMOCION E INCENTIVO DE LAS ACTIVIDADES ARTISTICAS Y CULTURALES","04","AREQUIPA","5","RECURSOS DETERMINADOS","08","IMPUESTOS MUNICIPALES","0","NORMAL","5","GASTO CORRIENTE","2","1","PERSONAL Y OBLIGACIONES SOCIALES","1","RETRIBUCIONES Y COMPLEMENTOS EN EFECTIVO","9","GASTOS VARIABLES Y OCASIONALES","3","OTROS GASTOS VARIABLES Y OCASIONALES","2","BONIFICACION ADICIONAL POR VACACIONES","3990","-3990","0","0","0","0","0","0","0","0","0","0","0","0","0","0","0","0"
"2019","M","GOBIERNOS LOCALES"," "," "," "," ","300331","040101","MUNICIPALIDAD PROVINCIAL DE AREQUIPA","04","AREQUIPA","01","AREQUIPA","01","AREQUIPA","103","9002","ASIGNACIONES PRESUPUESTARIAS QUE NO RESULTAN EN PRODUCTOS","3","ACTIVIDAD","3999999","SIN PRODUCTO","5001090","PROMOCION E INCENTIVO DE LAS ACTIVIDADES ARTISTICAS Y CULTURALES","21","CULTURA Y DEPORTE","045","CULTURA","0100","PROMOCION Y DESARROLLO CULTURAL","00002","0038927","PROMOCION E INCENTIVO DE LAS ACTIVIDADES ARTISTICAS Y CULTURALES","04","AREQUIPA","5","RECURSOS DETERMINADOS","08","IMPUESTOS MUNICIPALES","0","NORMAL","5","GASTO CORRIENTE","2","1","PERSONAL Y OBLIGACIONES SOCIALES","3","CONTRIBUCIONES A LA SEGURIDAD SOCIAL","1","OBLIGACIONES DEL EMPLEADOR","1","OBLIGACIONES DEL EMPLEADOR","5","CONTRIBUCIONES A ESSALUD","25381","-25381","0","0","0","0","0","0","0","0","0","0","0","0","0","0","0","0"
"2019","M","GOBIERNOS LOCALES"," "," "," "," ","300331","040101","MUNICIPALIDAD PROVINCIAL DE AREQUIPA","04","AREQUIPA","01","AREQUIPA","01","AREQUIPA","27","0101","INCREMENTO DE LA PRACTICA DE ACTIVIDADES FISICAS, DEPORTIVAS Y RECREATIVAS EN LA POBLACION PERUANA","3","ACTIVIDAD","3000544","TALENTOS DEPORTIVOS ACCEDEN A LA INICIACION DEPORTIVA DE ALTA COMPETENCIA","5005873","IDENTIFICACION Y DESARROLLO DE TALENTO DEPORTIVO","21","CULTURA Y DEPORTE","046","DEPORTES","0101","PROMOCION Y DESARROLLO DEPORTIVO","00001","0188120","IDENTIFICACION Y DESARROLLO DE TALENTO DEPORTIVO","04","AREQUIPA","2","RECURSOS DIRECTAMENTE RECAUDADOS","09","RECURSOS DIRECTAMENTE RECAUDADOS","0","NORMAL","5","GASTO CORRIENTE","2","3","BIENES Y SERVICIOS","1","COMPRA DE BIENES","1","ALIMENTOS Y BEBIDAS","1","ALIMENTOS Y BEBIDAS","1","ALIMENTOS Y BEBIDAS PARA CONSUMO HUMANO","1300","-1300","0","0","0","0","0","0","0","0","0","0","0","0","0","0","0","0"
"2019","M","GOBIERNOS LOCALES"," "," "," "," ","300331","040101","MUNICIPALIDAD PROVINCIAL DE AREQUIPA","04","AREQUIPA","01","AREQUIPA","01","AREQUIPA","27","0101","INCREMENTO DE LA PRACTICA DE ACTIVIDADES FISICAS, DEPORTIVAS Y RECREATIVAS EN LA POBLACION PERUANA","3","ACTIVIDAD","3000544","TALENTOS DEPORTIVOS ACCEDEN A LA INICIACION DEPORTIVA DE ALTA COMPETENCIA","5005873","IDENTIFICACION Y DESARROLLO DE TALENTO DEPORTIVO","21","CULTURA Y DEPORTE","046","DEPORTES","0101","PROMOCION Y DESARROLLO DEPORTIVO","00001","0188120","IDENTIFICACION Y DESARROLLO DE TALENTO DEPORTIVO","04","AREQUIPA","2","RECURSOS DIRECTAMENTE RECAUDADOS","09","RECURSOS DIRECTAMENTE RECAUDADOS","0","NORMAL","5","GASTO CORRIENTE","2","3","BIENES Y SERVICIOS","1","COMPRA DE BIENES","9","MATERIALES Y UTILES DE ENSEÑANZA","1","MATERIALES Y UTILES DE ENSEÑANZA","99","OTROS MATERIALES DIVERSOS DE ENSEÑANZA","0","420","420","0","0","0","0","0","0","0","0","0","0","0","0","0","0","0"
"2019","M","GOBIERNOS LOCALES"," "," "," "," ","300331","040101","MUNICIPALIDAD PROVINCIAL DE AREQUIPA","04","AREQUIPA","01","AREQUIPA","01","AREQUIPA","27","0101","INCREMENTO DE LA PRACTICA DE ACTIVIDADES FISICAS, DEPORTIVAS Y RECREATIVAS EN LA POBLACION PERUANA","3","ACTIVIDAD","3000544","TALENTOS DEPORTIVOS ACCEDEN A LA INICIACION DEPORTIVA DE ALTA COMPETENCIA","5005873","IDENTIFICACION Y DESARROLLO DE TALENTO DEPORTIVO","21","CULTURA Y DEPORTE","046","DEPORTES","0101","PROMOCION Y DESARROLLO DEPORTIVO","00001","0188120","IDENTIFICACION Y DESARROLLO DE TALENTO DEPORTIVO","04","AREQUIPA","2","RECURSOS DIRECTAMENTE RECAUDADOS","09","RECURSOS DIRECTAMENTE RECAUDADOS","0","NORMAL","5","GASTO CORRIENTE","2","3","BIENES Y SERVICIOS","1","COMPRA DE BIENES","9","MATERIALES Y UTILES DE ENSEÑANZA","1","MATERIALES Y UTILES DE ENSEÑANZA","99","OTROS MATERIALES DIVERSOS DE ENSEÑANZA","0","0","0","420","0","0","0","0","0","0","0","0","0","0","0","0","0","0"
"2019","M","GOBIERNOS LOCALES"," "," "," "," ","300331","040101","MUNICIPALIDAD PROVINCIAL DE AREQUIPA","04","AREQUIPA","01","AREQUIPA","01","AREQUIPA","27","0101","INCREMENTO DE LA PRACTICA DE ACTIVIDADES FISICAS, DEPORTIVAS Y RECREATIVAS EN LA POBLACION PERUANA","3","ACTIVIDAD","3000544","TALENTOS DEPORTIVOS ACCEDEN A LA INICIACION DEPORTIVA DE ALTA COMPETENCIA","5005873","IDENTIFICACION Y DESARROLLO DE TALENTO DEPORTIVO","21","CULTURA Y DEPORTE","046","DEPORTES","0101","PROMOCION Y DESARROLLO DEPORTIVO","00001","0188120","IDENTIFICACION Y DESARROLLO DE TALENTO DEPORTIVO","04","AREQUIPA","2","RECURSOS DIRECTAMENTE RECAUDADOS","09","RECURSOS DIRECTAMENTE RECAUDADOS","0","NORMAL","5","GASTO CORRIENTE","2","3","BIENES Y SERVICIOS","1","COMPRA DE BIENES","99","COMPRA DE OTROS BIENES","1","COMPRA DE OTROS BIENES","3","LIBROS, DIARIOS, REVISTAS Y OTROS BIENES IMPRESOS NO VINCULADOS A ENSEÑANZA","710","-110","600","0","0","0","0","0","0","0","0","0","0","0","0","0","0","0"
"2019","M","GOBIERNOS LOCALES"," "," "," "," ","300331","040101","MUNICIPALIDAD PROVINCIAL DE AREQUIPA","04","AREQUIPA","01","AREQUIPA","01","AREQUIPA","27","0101","INCREMENTO DE LA PRACTICA DE ACTIVIDADES FISICAS, DEPORTIVAS Y RECREATIVAS EN LA POBLACION PERUANA","3","ACTIVIDAD","3000544","TALENTOS DEPORTIVOS ACCEDEN A LA INICIACION DEPORTIVA DE ALTA COMPETENCIA","5005873","IDENTIFICACION Y DESARROLLO DE TALENTO DEPORTIVO","21","CULTURA Y DEPORTE","046","DEPORTES","0101","PROMOCION Y DESARROLLO DEPORTIVO","00001","0188120","IDENTIFICACION Y DESARROLLO DE TALENTO DEPORTIVO","04","AREQUIPA","2","RECURSOS DIRECTAMENTE RECAUDADOS","09","RECURSOS DIRECTAMENTE RECAUDADOS","0","NORMAL","5","GASTO CORRIENTE","2","3","BIENES Y SERVICIOS","1","COMPRA DE BIENES","99","COMPRA DE OTROS BIENES","1","COMPRA DE OTROS BIENES","3","LIBROS, DIARIOS, REVISTAS Y OTROS BIENES IMPRESOS NO VINCULADOS A ENSEÑANZA","0","0","0","600","600","0","0","0","0","0","0","0","0","0","0","0","0","0"
"2019","M","GOBIERNOS LOCALES"," "," "," "," ","300331","040101","MUNICIPALIDAD PROVINCIAL DE AREQUIPA","04","AREQUIPA","01","AREQUIPA","01","AREQUIPA","27","0101","INCREMENTO DE LA PRACTICA DE ACTIVIDADES FISICAS, DEPORTIVAS Y RECREATIVAS EN LA POBLACION PERUANA","3","ACTIVIDAD","3000544","TALENTOS DEPORTIVOS ACCEDEN A LA INICIACION DEPORTIVA DE ALTA COMPETENCIA","5005873","IDENTIFICACION Y DESARROLLO DE TALENTO DEPORTIVO","21","CULTURA Y DEPORTE","046","DEPORTES","0101","PROMOCION Y DESARROLLO DEPORTIVO","00001","0188120","IDENTIFICACION Y DESARROLLO DE TALENTO DEPORTIVO","04","AREQUIPA","2","RECURSOS DIRECTAMENTE RECAUDADOS","09","RECURSOS DIRECTAMENTE RECAUDADOS","0","NORMAL","5","GASTO CORRIENTE","2","3","BIENES Y SERVICIOS","1","COMPRA DE BIENES","99","COMPRA DE OTROS BIENES","1","COMPRA DE OTROS BIENES","4","SIMBOLOS, DISTINTIVOS Y CONDECORACIONES","9940","-4652","5288","0","0","0","0","0","0","0","0","0","0","0","0","0","0","0"
"2019","M","GOBIERNOS LOCALES"," "," "," "," ","300331","040101","MUNICIPALIDAD PROVINCIAL DE AREQUIPA","04","AREQUIPA","01","AREQUIPA","01","AREQUIPA","27","0101","INCREMENTO DE LA PRACTICA DE ACTIVIDADES FISICAS, DEPORTIVAS Y RECREATIVAS EN LA POBLACION PERUANA","3","ACTIVIDAD","3000544","TALENTOS DEPORTIVOS ACCEDEN A LA INICIACION DEPORTIVA DE ALTA COMPETENCIA","5005873","IDENTIFICACION Y DESARROLLO DE TALENTO DEPORTIVO","21","CULTURA Y DEPORTE","046","DEPORTES","0101","PROMOCION Y DESARROLLO DEPORTIVO","00001","0188120","IDENTIFICACION Y DESARROLLO DE TALENTO DEPORTIVO","04","AREQUIPA","2","RECURSOS DIRECTAMENTE RECAUDADOS","09","RECURSOS DIRECTAMENTE RECAUDADOS","0","NORMAL","5","GASTO CORRIENTE","2","3","BIENES Y SERVICIOS","1","COMPRA DE BIENES","99","COMPRA DE OTROS BIENES","1","COMPRA DE OTROS BIENES","4","SIMBOLOS, DISTINTIVOS Y CONDECORACIONES","0","0","0","2000","2000","0","0","0","0","0","0","0","0","0","0","0","0","0"
"2019","M","GOBIERNOS LOCALES"," "," "," "," ","300331","040101","MUNICIPALIDAD PROVINCIAL DE AREQUIPA","04","AREQUIPA","01","AREQUIPA","01","AREQUIPA","27","0101","INCREMENTO DE LA PRACTICA DE ACTIVIDADES FISICAS, DEPORTIVAS Y RECREATIVAS EN LA POBLACION PERUANA","3","ACTIVIDAD","3000544","TALENTOS DEPORTIVOS ACCEDEN A LA INICIACION DEPORTIVA DE ALTA COMPETENCIA","5005873","IDENTIFICACION Y DESARROLLO DE TALENTO DEPORTIVO","21","CULTURA Y DEPORTE","046","DEPORTES","0101","PROMOCION Y DESARROLLO DEPORTIVO","00001","0188120","IDENTIFICACION Y DESARROLLO DE TALENTO DEPORTIVO","04","AREQUIPA","2","RECURSOS DIRECTAMENTE RECAUDADOS","09","RECURSOS DIRECTAMENTE RECAUDADOS","0","NORMAL","5","GASTO CORRIENTE","2","3","BIENES Y SERVICIOS","1","COMPRA DE BIENES","99","COMPRA DE OTROS BIENES","1","COMPRA DE OTROS BIENES","99","OTROS BIENES","10492","-7398","3094","0","0","0","0","0","0","0","0","0","0","0","0","0","0","0"
"2019","M","GOBIERNOS LOCALES"," "," "," "," ","300331","040101","MUNICIPALIDAD PROVINCIAL DE AREQUIPA","04","AREQUIPA","01","AREQUIPA","01","AREQUIPA","27","0101","INCREMENTO DE LA PRACTICA DE ACTIVIDADES FISICAS, DEPORTIVAS Y RECREATIVAS EN LA POBLACION PERUANA","3","ACTIVIDAD","3000544","TALENTOS DEPORTIVOS ACCEDEN A LA INICIACION DEPORTIVA DE ALTA COMPETENCIA","5005873","IDENTIFICACION Y DESARROLLO DE TALENTO DEPORTIVO","21","CULTURA Y DEPORTE","046","DEPORTES","0101","PROMOCION Y DESARROLLO DEPORTIVO","00001","0188120","IDENTIFICACION Y DESARROLLO DE TALENTO DEPORTIVO","04","AREQUIPA","2","RECURSOS DIRECTAMENTE RECAUDADOS","09","RECURSOS DIRECTAMENTE RECAUDADOS","0","NORMAL","5","GASTO CORRIENTE","2","3","BIENES Y SERVICIOS","1","COMPRA DE BIENES","99","COMPRA DE OTROS BIENES","1","COMPRA DE OTROS BIENES","99","OTROS BIENES","0","0","0","3094","1014","0","0","0","0","0","0","0","0","0","0","0","0","0"
"2019","M","GOBIERNOS LOCALES"," "," "," "," ","300331","040101","MUNICIPALIDAD PROVINCIAL DE AREQUIPA","04","AREQUIPA","01","AREQUIPA","01","AREQUIPA","27","0101","INCREMENTO DE LA PRACTICA DE ACTIVIDADES FISICAS, DEPORTIVAS Y RECREATIVAS EN LA POBLACION PERUANA","3","ACTIVIDAD","3000544","TALENTOS DEPORTIVOS ACCEDEN A LA INICIACION DEPORTIVA DE ALTA COMPETENCIA","5005873","IDENTIFICACION Y DESARROLLO DE TALENTO DEPORTIVO","21","CULTURA Y DEPORTE","046","DEPORTES","0101","PROMOCION Y DESARROLLO DEPORTIVO","00001","0188120","IDENTIFICACION Y DESARROLLO DE TALENTO DEPORTIVO","04","AREQUIPA","2","RECURSOS DIRECTAMENTE RECAUDADOS","09","RECURSOS DIRECTAMENTE RECAUDADOS","0","NORMAL","5","GASTO CORRIENTE","2","3","BIENES Y SERVICIOS","2","CONTRATACION DE SERVICIOS","2","SERVICIOS BASICOS, COMUNICACIONES, PUBLICIDAD Y DIFUSION","3","SERVICIOS DE MENSAJERIA, TELECOMUNICACIONES Y OTROS AFINES","1","CORREOS Y SERVICIOS DE MENSAJERIA","198","-198","0","0","0","0","0","0","0","0","0","0","0","0","0","0","0","0"
"2019","M","GOBIERNOS LOCALES"," "," "," "," ","300331","040101","MUNICIPALIDAD PROVINCIAL DE AREQUIPA","04","AREQUIPA","01","AREQUIPA","01","AREQUIPA","27","0101","INCREMENTO DE LA PRACTICA DE ACTIVIDADES FISICAS, DEPORTIVAS Y RECREATIVAS EN LA POBLACION PERUANA","3","ACTIVIDAD","3000544","TALENTOS DEPORTIVOS ACCEDEN A LA INICIACION DEPORTIVA DE ALTA COMPETENCIA","5005873","IDENTIFICACION Y DESARROLLO DE TALENTO DEPORTIVO","21","CULTURA Y DEPORTE","046","DEPORTES","0101","PROMOCION Y DESARROLLO DEPORTIVO","00001","0188120","IDENTIFICACION Y DESARROLLO DE TALENTO DEPORTIVO","04","AREQUIPA","2","RECURSOS DIRECTAMENTE RECAUDADOS","09","RECURSOS DIRECTAMENTE RECAUDADOS","0","NORMAL","5","GASTO CORRIENTE","2","3","BIENES Y SERVICIOS","2","CONTRATACION DE SERVICIOS","7","SERVICIOS PROFESIONALES Y TECNICOS","7","SERVICIOS RELACIONADOS CON EL MEDIO AMBIENTE","2","SERVICIO DE REMEDIACION AMBIENTAL","0","7838","7838","0","0","0","0","0","0","0","0","0","0","0","0","0","0","0"
"2019","M","GOBIERNOS LOCALES"," "," "," "," ","300331","040101","MUNICIPALIDAD PROVINCIAL DE AREQUIPA","04","AREQUIPA","01","AREQUIPA","01","AREQUIPA","27","0101","INCREMENTO DE LA PRACTICA DE ACTIVIDADES FISICAS, DEPORTIVAS Y RECREATIVAS EN LA POBLACION PERUANA","3","ACTIVIDAD","3000544","TALENTOS DEPORTIVOS ACCEDEN A LA INICIACION DEPORTIVA DE ALTA COMPETENCIA","5005873","IDENTIFICACION Y DESARROLLO DE TALENTO DEPORTIVO","21","CULTURA Y DEPORTE","046","DEPORTES","0101","PROMOCION Y DESARROLLO DEPORTIVO","00001","0188120","IDENTIFICACION Y DESARROLLO DE TALENTO DEPORTIVO","04","AREQUIPA","2","RECURSOS DIRECTAMENTE RECAUDADOS","09","RECURSOS DIRECTAMENTE RECAUDADOS","0","NORMAL","5","GASTO CORRIENTE","2","3","BIENES Y SERVICIOS","2","CONTRATACION DE SERVICIOS","7","SERVICIOS PROFESIONALES Y TECNICOS","11","OTROS SERVICIOS","99","SERVICIOS DIVERSOS","32800","5400","38200","0","0","0","0","0","0","0","0","0","0","0","0","0","0","0"
"2019","M","GOBIERNOS LOCALES"," "," "," "," ","300331","040101","MUNICIPALIDAD PROVINCIAL DE AREQUIPA","04","AREQUIPA","01","AREQUIPA","01","AREQUIPA","27","0101","INCREMENTO DE LA PRACTICA DE ACTIVIDADES FISICAS, DEPORTIVAS Y RECREATIVAS EN LA POBLACION PERUANA","3","ACTIVIDAD","3000544","TALENTOS DEPORTIVOS ACCEDEN A LA INICIACION DEPORTIVA DE ALTA COMPETENCIA","5005873","IDENTIFICACION Y DESARROLLO DE TALENTO DEPORTIVO","21","CULTURA Y DEPORTE","046","DEPORTES","0101","PROMOCION Y DESARROLLO DEPORTIVO","00001","0188120","IDENTIFICACION Y DESARROLLO DE TALENTO DEPORTIVO","04","AREQUIPA","2","RECURSOS DIRECTAMENTE RECAUDADOS","09","RECURSOS DIRECTAMENTE RECAUDADOS","0","NORMAL","5","GASTO CORRIENTE","2","3","BIENES Y SERVICIOS","2","CONTRATACION DE SERVICIOS","7","SERVICIOS PROFESIONALES Y TECNICOS","11","OTROS SERVICIOS","99","SERVICIOS DIVERSOS","0","0","0","38200","38200","0","0","0","0","0","0","0","0","0","0","0","0","0"
"2019","M","GOBIERNOS LOCALES"," "," "," "," ","300331","040101","MUNICIPALIDAD PROVINCIAL DE AREQUIPA","04","AREQUIPA","01","AREQUIPA","01","AREQUIPA","27","0101","INCREMENTO DE LA PRACTICA DE ACTIVIDADES FISICAS, DEPORTIVAS Y RECREATIVAS EN LA POBLACION PERUANA","3","ACTIVIDAD","3000544","TALENTOS DEPORTIVOS ACCEDEN A LA INICIACION DEPORTIVA DE ALTA COMPETENCIA","5005873","IDENTIFICACION Y DESARROLLO DE TALENTO DEPORTIVO","21","CULTURA Y DEPORTE","046","DEPORTES","0101","PROMOCION Y DESARROLLO DEPORTIVO","00001","0188120","IDENTIFICACION Y DESARROLLO DE TALENTO DEPORTIVO","04","AREQUIPA","2","RECURSOS DIRECTAMENTE RECAUDADOS","09","RECURSOS DIRECTAMENTE RECAUDADOS","1","UNIVERSIDADES / GOB. LOCALES","5","GASTO CORRIENTE","2","3","BIENES Y SERVICIOS","1","COMPRA DE BIENES","99","COMPRA DE OTROS BIENES","1","COMPRA DE OTROS BIENES","3","LIBROS, DIARIOS, REVISTAS Y OTROS BIENES IMPRESOS NO VINCULADOS A ENSEÑANZA","0","0","0","0","0","0","0","0","0","0","0","0","0","0","0","0","600","600"
"2019","M","GOBIERNOS LOCALES"," "," "," "," ","300331","040101","MUNICIPALIDAD PROVINCIAL DE AREQUIPA","04","AREQUIPA","01","AREQUIPA","01","AREQUIPA","27","0101","INCREMENTO DE LA PRACTICA DE ACTIVIDADES FISICAS, DEPORTIVAS Y RECREATIVAS EN LA POBLACION PERUANA","3","ACTIVIDAD","3000544","TALENTOS DEPORTIVOS ACCEDEN A LA INICIACION DEPORTIVA DE ALTA COMPETENCIA","5005873","IDENTIFICACION Y DESARROLLO DE TALENTO DEPORTIVO","21","CULTURA Y DEPORTE","046","DEPORTES","0101","PROMOCION Y DESARROLLO DEPORTIVO","00001","0188120","IDENTIFICACION Y DESARROLLO DE TALENTO DEPORTIVO","04","AREQUIPA","2","RECURSOS DIRECTAMENTE RECAUDADOS","09","RECURSOS DIRECTAMENTE RECAUDADOS","1","UNIVERSIDADES / GOB. LOCALES","5","GASTO CORRIENTE","2","3","BIENES Y SERVICIOS","1","COMPRA DE BIENES","99","COMPRA DE OTROS BIENES","1","COMPRA DE OTROS BIENES","4","SIMBOLOS, DISTINTIVOS Y CONDECORACIONES","0","0","0","0","0","0","0","0","0","0","0","0","0","0","0","0","2000","2000"
"2019","M","GOBIERNOS LOCALES"," "," "," "," ","300331","040101","MUNICIPALIDAD PROVINCIAL DE AREQUIPA","04","AREQUIPA","01","AREQUIPA","01","AREQUIPA","27","0101","INCREMENTO DE LA PRACTICA DE ACTIVIDADES FISICAS, DEPORTIVAS Y RECREATIVAS EN LA POBLACION PERUANA","3","ACTIVIDAD","3000544","TALENTOS DEPORTIVOS ACCEDEN A LA INICIACION DEPORTIVA DE ALTA COMPETENCIA","5005873","IDENTIFICACION Y DESARROLLO DE TALENTO DEPORTIVO","21","CULTURA Y DEPORTE","046","DEPORTES","0101","PROMOCION Y DESARROLLO DEPORTIVO","00001","0188120","IDENTIFICACION Y DESARROLLO DE TALENTO DEPORTIVO","04","AREQUIPA","2","RECURSOS DIRECTAMENTE RECAUDADOS","09","RECURSOS DIRECTAMENTE RECAUDADOS","1","UNIVERSIDADES / GOB. LOCALES","5","GASTO CORRIENTE","2","3","BIENES Y SERVICIOS","1","COMPRA DE BIENES","99","COMPRA DE OTROS BIENES","1","COMPRA DE OTROS BIENES","99","OTROS BIENES","0","0","0","0","0","0","0","0","0","0","0","0","0","0","0","0","1014","1014"
"2019","M","GOBIERNOS LOCALES"," "," "," "," ","300331","040101","MUNICIPALIDAD PROVINCIAL DE AREQUIPA","04","AREQUIPA","01","AREQUIPA","01","AREQUIPA","27","0101","INCREMENTO DE LA PRACTICA DE ACTIVIDADES FISICAS, DEPORTIVAS Y RECREATIVAS EN LA POBLACION PERUANA","3","ACTIVIDAD","3000544","TALENTOS DEPORTIVOS ACCEDEN A LA INICIACION DEPORTIVA DE ALTA COMPETENCIA","5005873","IDENTIFICACION Y DESARROLLO DE TALENTO DEPORTIVO","21","CULTURA Y DEPORTE","046","DEPORTES","0101","PROMOCION Y DESARROLLO DEPORTIVO","00001","0188120","IDENTIFICACION Y DESARROLLO DE TALENTO DEPORTIVO","04","AREQUIPA","2","RECURSOS DIRECTAMENTE RECAUDADOS","09","RECURSOS DIRECTAMENTE RECAUDADOS","1","UNIVERSIDADES / GOB. LOCALES","5","GASTO CORRIENTE","2","3","BIENES Y SERVICIOS","2","CONTRATACION DE SERVICIOS","7","SERVICIOS PROFESIONALES Y TECNICOS","11","OTROS SERVICIOS","99","SERVICIOS DIVERSOS","0","0","0","0","0","0","0","0","3000","3600","3600","6100","4450","3650","6050","4450","3300","38200"
"2019","M","GOBIERNOS LOCALES"," "," "," "," ","300331","040101","MUNICIPALIDAD PROVINCIAL DE AREQUIPA","04","AREQUIPA","01","AREQUIPA","01","AREQUIPA","27","0101","INCREMENTO DE LA PRACTICA DE ACTIVIDADES FISICAS, DEPORTIVAS Y RECREATIVAS EN LA POBLACION PERUANA","3","ACTIVIDAD","3000544","TALENTOS DEPORTIVOS ACCEDEN A LA INICIACION DEPORTIVA DE ALTA COMPETENCIA","5005873","IDENTIFICACION Y DESARROLLO DE TALENTO DEPORTIVO","21","CULTURA Y DEPORTE","046","DEPORTES","0101","PROMOCION Y DESARROLLO DEPORTIVO","00001","0188120","IDENTIFICACION Y DESARROLLO DE TALENTO DEPORTIVO","04","AREQUIPA","5","RECURSOS DETERMINADOS","08","IMPUESTOS MUNICIPALES","0","NORMAL","5","GASTO CORRIENTE","2","3","BIENES Y SERVICIOS","2","CONTRATACION DE SERVICIOS","7","SERVICIOS PROFESIONALES Y TECNICOS","11","OTROS SERVICIOS","99","SERVICIOS DIVERSOS","0","7000","7000","0","0","0","0","0","0","0","0","0","0","0","0","0","0","0"
"2019","M","GOBIERNOS LOCALES"," "," "," "," ","300331","040101","MUNICIPALIDAD PROVINCIAL DE AREQUIPA","04","AREQUIPA","01","AREQUIPA","01","AREQUIPA","27","0101","INCREMENTO DE LA PRACTICA DE ACTIVIDADES FISICAS, DEPORTIVAS Y RECREATIVAS EN LA POBLACION PERUANA","3","ACTIVIDAD","3000544","TALENTOS DEPORTIVOS ACCEDEN A LA INICIACION DEPORTIVA DE ALTA COMPETENCIA","5005873","IDENTIFICACION Y DESARROLLO DE TALENTO DEPORTIVO","21","CULTURA Y DEPORTE","046","DEPORTES","0101","PROMOCION Y DESARROLLO DEPORTIVO","00001","0188120","IDENTIFICACION Y DESARROLLO DE TALENTO DEPORTIVO","04","AREQUIPA","5","RECURSOS DETERMINADOS","08","IMPUESTOS MUNICIPALES","0","NORMAL","5","GASTO CORRIENTE","2","3","BIENES Y SERVICIOS","2","CONTRATACION DE SERVICIOS","7","SERVICIOS PROFESIONALES Y TECNICOS","11","OTROS SERVICIOS","99","SERVICIOS DIVERSOS","0","0","0","7000","7000","0","0","0","0","0","0","0","0","0","7000","0","0","7000"
"2019","M","GOBIERNOS LOCALES"," "," "," "," ","300331","040101","MUNICIPALIDAD PROVINCIAL DE AREQUIPA","04","AREQUIPA","01","AREQUIPA","01","AREQUIPA","28","0101","INCREMENTO DE LA PRACTICA DE ACTIVIDADES FISICAS, DEPORTIVAS Y RECREATIVAS EN LA POBLACION PERUANA","3","ACTIVIDAD","3000788","POBLACION OBJETIVO ACCEDE A MASIFICACION DEPORTIVA","5005868","DESARROLLO DE CAMPAÑAS DE MASIFICACION DEPORTIVA A LA POBLACION OBJETIVO","21","CULTURA Y DEPORTE","046","DEPORTES","0101","PROMOCION Y DESARROLLO DEPORTIVO","00001","0188115","DESARROLLO DE CAMPAÑAS DE MASIFICACION DEPORTIVA A LA POBLACION OBJETIVO","04","AREQUIPA","2","RECURSOS DIRECTAMENTE RECAUDADOS","09","RECURSOS DIRECTAMENTE RECAUDADOS","0","NORMAL","5","GASTO CORRIENTE","2","1","PERSONAL Y OBLIGACIONES SOCIALES","1","RETRIBUCIONES Y COMPLEMENTOS EN EFECTIVO","1","PERSONAL ADMINISTRATIVO","1","PERSONAL ADMINISTRATIVO","2","PERSONAL ADMINISTRATIVO NOMBRADO (REGIMEN PUBLICO)","0","0","0","0","0","0","0","0","0","0","0","0","0","0","0","0","0","0"
"2019","M","GOBIERNOS LOCALES"," "," "," "," ","300331","040101","MUNICIPALIDAD PROVINCIAL DE AREQUIPA","04","AREQUIPA","01","AREQUIPA","01","AREQUIPA","28","0101","INCREMENTO DE LA PRACTICA DE ACTIVIDADES FISICAS, DEPORTIVAS Y RECREATIVAS EN LA POBLACION PERUANA","3","ACTIVIDAD","3000788","POBLACION OBJETIVO ACCEDE A MASIFICACION DEPORTIVA","5005868","DESARROLLO DE CAMPAÑAS DE MASIFICACION DEPORTIVA A LA POBLACION OBJETIVO","21","CULTURA Y DEPORTE","046","DEPORTES","0101","PROMOCION Y DESARROLLO DEPORTIVO","00001","0188115","DESARROLLO DE CAMPAÑAS DE MASIFICACION DEPORTIVA A LA POBLACION OBJETIVO","04","AREQUIPA","2","RECURSOS DIRECTAMENTE RECAUDADOS","09","RECURSOS DIRECTAMENTE RECAUDADOS","0","NORMAL","5","GASTO CORRIENTE","2","1","PERSONAL Y OBLIGACIONES SOCIALES","1","RETRIBUCIONES Y COMPLEMENTOS EN EFECTIVO","1","PERSONAL ADMINISTRATIVO","1","PERSONAL ADMINISTRATIVO","9","PERSONAL DE CONFIANZA (RÉGIMEN LABORAL PÚBLICO)","0","28267","28267","0","0","0","0","0","0","0","0","0","0","0","0","0","0","0"
"2019","M","GOBIERNOS LOCALES"," "," "," "," ","300331","040101","MUNICIPALIDAD PROVINCIAL DE AREQUIPA","04","AREQUIPA","01","AREQUIPA","01","AREQUIPA","28","0101","INCREMENTO DE LA PRACTICA DE ACTIVIDADES FISICAS, DEPORTIVAS Y RECREATIVAS EN LA POBLACION PERUANA","3","ACTIVIDAD","3000788","POBLACION OBJETIVO ACCEDE A MASIFICACION DEPORTIVA","5005868","DESARROLLO DE CAMPAÑAS DE MASIFICACION DEPORTIVA A LA POBLACION OBJETIVO","21","CULTURA Y DEPORTE","046","DEPORTES","0101","PROMOCION Y DESARROLLO DEPORTIVO","00001","0188115","DESARROLLO DE CAMPAÑAS DE MASIFICACION DEPORTIVA A LA POBLACION OBJETIVO","04","AREQUIPA","2","RECURSOS DIRECTAMENTE RECAUDADOS","09","RECURSOS DIRECTAMENTE RECAUDADOS","0","NORMAL","5","GASTO CORRIENTE","2","1","PERSONAL Y OBLIGACIONES SOCIALES","1","RETRIBUCIONES Y COMPLEMENTOS EN EFECTIVO","1","PERSONAL ADMINISTRATIVO","1","PERSONAL ADMINISTRATIVO","9","PERSONAL DE CONFIANZA (RÉGIMEN LABORAL PÚBLICO)","0","0","0","28266.96","28266.96","0","0","0","0","0","0","0","0","0","0","0","0","0"
"2019","M","GOBIERNOS LOCALES"," "," "," "," ","300331","040101","MUNICIPALIDAD PROVINCIAL DE AREQUIPA","04","AREQUIPA","01","AREQUIPA","01","AREQUIPA","28","0101","INCREMENTO DE LA PRACTICA DE ACTIVIDADES FISICAS, DEPORTIVAS Y RECREATIVAS EN LA POBLACION PERUANA","3","ACTIVIDAD","3000788","POBLACION OBJETIVO ACCEDE A MASIFICACION DEPORTIVA","5005868","DESARROLLO DE CAMPAÑAS DE MASIFICACION DEPORTIVA A LA POBLACION OBJETIVO","21","CULTURA Y DEPORTE","046","DEPORTES","0101","PROMOCION Y DESARROLLO DEPORTIVO","00001","0188115","DESARROLLO DE CAMPAÑAS DE MASIFICACION DEPORTIVA A LA POBLACION OBJETIVO","04","AREQUIPA","2","RECURSOS DIRECTAMENTE RECAUDADOS","09","RECURSOS DIRECTAMENTE RECAUDADOS","0","NORMAL","5","GASTO CORRIENTE","2","1","PERSONAL Y OBLIGACIONES SOCIALES","1","RETRIBUCIONES Y COMPLEMENTOS EN EFECTIVO","1","PERSONAL ADMINISTRATIVO","2","OTRAS RETRIBUCIONES Y COMPLEMENTOS","99","OTRAS RETRIBUCIONES Y COMPLEMENTOS","0","7303","7303","0","0","0","0","0","0","0","0","0","0","0","0","0","0","0"
"2019","M","GOBIERNOS LOCALES"," "," "," "," ","300331","040101","MUNICIPALIDAD PROVINCIAL DE AREQUIPA","04","AREQUIPA","01","AREQUIPA","01","AREQUIPA","28","0101","INCREMENTO DE LA PRACTICA DE ACTIVIDADES FISICAS, DEPORTIVAS Y RECREATIVAS EN LA POBLACION PERUANA","3","ACTIVIDAD","3000788","POBLACION OBJETIVO ACCEDE A MASIFICACION DEPORTIVA","5005868","DESARROLLO DE CAMPAÑAS DE MASIFICACION DEPORTIVA A LA POBLACION OBJETIVO","21","CULTURA Y DEPORTE","046","DEPORTES","0101","PROMOCION Y DESARROLLO DEPORTIVO","00001","0188115","DESARROLLO DE CAMPAÑAS DE MASIFICACION DEPORTIVA A LA POBLACION OBJETIVO","04","AREQUIPA","2","RECURSOS DIRECTAMENTE RECAUDADOS","09","RECURSOS DIRECTAMENTE RECAUDADOS","0","NORMAL","5","GASTO CORRIENTE","2","1","PERSONAL Y OBLIGACIONES SOCIALES","1","RETRIBUCIONES Y COMPLEMENTOS EN EFECTIVO","1","PERSONAL ADMINISTRATIVO","2","OTRAS RETRIBUCIONES Y COMPLEMENTOS","99","OTRAS RETRIBUCIONES Y COMPLEMENTOS","0","0","0","6456.64","6456.64","0","0","0","0","0","0","0","0","0","0","0","0","0"
"2019","M","GOBIERNOS LOCALES"," "," "," "," ","300331","040101","MUNICIPALIDAD PROVINCIAL DE AREQUIPA","04","AREQUIPA","01","AREQUIPA","01","AREQUIPA","28","0101","INCREMENTO DE LA PRACTICA DE ACTIVIDADES FISICAS, DEPORTIVAS Y RECREATIVAS EN LA POBLACION PERUANA","3","ACTIVIDAD","3000788","POBLACION OBJETIVO ACCEDE A MASIFICACION DEPORTIVA","5005868","DESARROLLO DE CAMPAÑAS DE MASIFICACION DEPORTIVA A LA POBLACION OBJETIVO","21","CULTURA Y DEPORTE","046","DEPORTES","0101","PROMOCION Y DESARROLLO DEPORTIVO","00001","0188115","DESARROLLO DE CAMPAÑAS DE MASIFICACION DEPORTIVA A LA POBLACION OBJETIVO","04","AREQUIPA","2","RECURSOS DIRECTAMENTE RECAUDADOS","09","RECURSOS DIRECTAMENTE RECAUDADOS","0","NORMAL","5","GASTO CORRIENTE","2","1","PERSONAL Y OBLIGACIONES SOCIALES","1","RETRIBUCIONES Y COMPLEMENTOS EN EFECTIVO","9","GASTOS VARIABLES Y OCASIONALES","1","ESCOLARIDAD, AGUINALDOS Y GRATIFICACIONES","2","AGUINALDOS","0","8000","8000","0","0","0","0","0","0","0","0","0","0","0","0","0","0","0"
"2019","M","GOBIERNOS LOCALES"," "," "," "," ","300331","040101","MUNICIPALIDAD PROVINCIAL DE AREQUIPA","04","AREQUIPA","01","AREQUIPA","01","AREQUIPA","28","0101","INCREMENTO DE LA PRACTICA DE ACTIVIDADES FISICAS, DEPORTIVAS Y RECREATIVAS EN LA POBLACION PERUANA","3","ACTIVIDAD","3000788","POBLACION OBJETIVO ACCEDE A MASIFICACION DEPORTIVA","5005868","DESARROLLO DE CAMPAÑAS DE MASIFICACION DEPORTIVA A LA POBLACION OBJETIVO","21","CULTURA Y DEPORTE","046","DEPORTES","0101","PROMOCION Y DESARROLLO DEPORTIVO","00001","0188115","DESARROLLO DE CAMPAÑAS DE MASIFICACION DEPORTIVA A LA POBLACION OBJETIVO","04","AREQUIPA","2","RECURSOS DIRECTAMENTE RECAUDADOS","09","RECURSOS DIRECTAMENTE RECAUDADOS","0","NORMAL","5","GASTO CORRIENTE","2","1","PERSONAL Y OBLIGACIONES SOCIALES","1","RETRIBUCIONES Y COMPLEMENTOS EN EFECTIVO","9","GASTOS VARIABLES Y OCASIONALES","1","ESCOLARIDAD, AGUINALDOS Y GRATIFICACIONES","2","AGUINALDOS","0","0","0","8000","8000","0","0","0","0","0","0","0","0","0","0","0","0","0"
"2019","M","GOBIERNOS LOCALES"," "," "," "," ","300331","040101","MUNICIPALIDAD PROVINCIAL DE AREQUIPA","04","AREQUIPA","01","AREQUIPA","01","AREQUIPA","28","0101","INCREMENTO DE LA PRACTICA DE ACTIVIDADES FISICAS, DEPORTIVAS Y RECREATIVAS EN LA POBLACION PERUANA","3","ACTIVIDAD","3000788","POBLACION OBJETIVO ACCEDE A MASIFICACION DEPORTIVA","5005868","DESARROLLO DE CAMPAÑAS DE MASIFICACION DEPORTIVA A LA POBLACION OBJETIVO","21","CULTURA Y DEPORTE","046","DEPORTES","0101","PROMOCION Y DESARROLLO DEPORTIVO","00001","0188115","DESARROLLO DE CAMPAÑAS DE MASIFICACION DEPORTIVA A LA POBLACION OBJETIVO","04","AREQUIPA","2","RECURSOS DIRECTAMENTE RECAUDADOS","09","RECURSOS DIRECTAMENTE RECAUDADOS","0","NORMAL","5","GASTO CORRIENTE","2","1","PERSONAL Y OBLIGACIONES SOCIALES","3","CONTRIBUCIONES A LA SEGURIDAD SOCIAL","1","OBLIGACIONES DEL EMPLEADOR","1","OBLIGACIONES DEL EMPLEADOR","5","CONTRIBUCIONES A ESSALUD","0","3160","3160","0","0","0","0","0","0","0","0","0","0","0","0","0","0","0"
"2019","M","GOBIERNOS LOCALES"," "," "," "," ","300331","040101","MUNICIPALIDAD PROVINCIAL DE AREQUIPA","04","AREQUIPA","01","AREQUIPA","01","AREQUIPA","28","0101","INCREMENTO DE LA PRACTICA DE ACTIVIDADES FISICAS, DEPORTIVAS Y RECREATIVAS EN LA POBLACION PERUANA","3","ACTIVIDAD","3000788","POBLACION OBJETIVO ACCEDE A MASIFICACION DEPORTIVA","5005868","DESARROLLO DE CAMPAÑAS DE MASIFICACION DEPORTIVA A LA POBLACION OBJETIVO","21","CULTURA Y DEPORTE","046","DEPORTES","0101","PROMOCION Y DESARROLLO DEPORTIVO","00001","0188115","DESARROLLO DE CAMPAÑAS DE MASIFICACION DEPORTIVA A LA POBLACION OBJETIVO","04","AREQUIPA","2","RECURSOS DIRECTAMENTE RECAUDADOS","09","RECURSOS DIRECTAMENTE RECAUDADOS","0","NORMAL","5","GASTO CORRIENTE","2","1","PERSONAL Y OBLIGACIONES SOCIALES","3","CONTRIBUCIONES A LA SEGURIDAD SOCIAL","1","OBLIGACIONES DEL EMPLEADOR","1","OBLIGACIONES DEL EMPLEADOR","5","CONTRIBUCIONES A ESSALUD","0","0","0","3160","2796","0","0","0","0","0","0","0","0","0","0","0","0","0"
"2019","M","GOBIERNOS LOCALES"," "," "," "," ","300331","040101","MUNICIPALIDAD PROVINCIAL DE AREQUIPA","04","AREQUIPA","01","AREQUIPA","01","AREQUIPA","28","0101","INCREMENTO DE LA PRACTICA DE ACTIVIDADES FISICAS, DEPORTIVAS Y RECREATIVAS EN LA POBLACION PERUANA","3","ACTIVIDAD","3000788","POBLACION OBJETIVO ACCEDE A MASIFICACION DEPORTIVA","5005868","DESARROLLO DE CAMPAÑAS DE MASIFICACION DEPORTIVA A LA POBLACION OBJETIVO","21","CULTURA Y DEPORTE","046","DEPORTES","0101","PROMOCION Y DESARROLLO DEPORTIVO","00001","0188115","DESARROLLO DE CAMPAÑAS DE MASIFICACION DEPORTIVA A LA POBLACION OBJETIVO","04","AREQUIPA","2","RECURSOS DIRECTAMENTE RECAUDADOS","09","RECURSOS DIRECTAMENTE RECAUDADOS","0","NORMAL","5","GASTO CORRIENTE","2","3","BIENES Y SERVICIOS","1","COMPRA DE BIENES","1","ALIMENTOS Y BEBIDAS","1","ALIMENTOS Y BEBIDAS","1","ALIMENTOS Y BEBIDAS PARA CONSUMO HUMANO","2880","-2880","0","0","0","0","0","0","0","0","0","0","0","0","0","0","0","0"
"2019","M","GOBIERNOS LOCALES"," "," "," "," ","300331","040101","MUNICIPALIDAD PROVINCIAL DE AREQUIPA","04","AREQUIPA","01","AREQUIPA","01","AREQUIPA","28","0101","INCREMENTO DE LA PRACTICA DE ACTIVIDADES FISICAS, DEPORTIVAS Y RECREATIVAS EN LA POBLACION PERUANA","3","ACTIVIDAD","3000788","POBLACION OBJETIVO ACCEDE A MASIFICACION DEPORTIVA","5005868","DESARROLLO DE CAMPAÑAS DE MASIFICACION DEPORTIVA A LA POBLACION OBJETIVO","21","CULTURA Y DEPORTE","046","DEPORTES","0101","PROMOCION Y DESARROLLO DEPORTIVO","00001","0188115","DESARROLLO DE CAMPAÑAS DE MASIFICACION DEPORTIVA A LA POBLACION OBJETIVO","04","AREQUIPA","2","RECURSOS DIRECTAMENTE RECAUDADOS","09","RECURSOS DIRECTAMENTE RECAUDADOS","0","NORMAL","5","GASTO CORRIENTE","2","3","BIENES Y SERVICIOS","1","COMPRA DE BIENES","5","MATERIALES Y  UTILES","1","DE OFICINA","2","PAPELERIA EN GENERAL, UTILES Y MATERIALES DE OFICINA","2927","-569","2358","0","0","0","0","0","0","0","0","0","0","0","0","0","0","0"
"2019","M","GOBIERNOS LOCALES"," "," "," "," ","300331","040101","MUNICIPALIDAD PROVINCIAL DE AREQUIPA","04","AREQUIPA","01","AREQUIPA","01","AREQUIPA","28","0101","INCREMENTO DE LA PRACTICA DE ACTIVIDADES FISICAS, DEPORTIVAS Y RECREATIVAS EN LA POBLACION PERUANA","3","ACTIVIDAD","3000788","POBLACION OBJETIVO ACCEDE A MASIFICACION DEPORTIVA","5005868","DESARROLLO DE CAMPAÑAS DE MASIFICACION DEPORTIVA A LA POBLACION OBJETIVO","21","CULTURA Y DEPORTE","046","DEPORTES","0101","PROMOCION Y DESARROLLO DEPORTIVO","00001","0188115","DESARROLLO DE CAMPAÑAS DE MASIFICACION DEPORTIVA A LA POBLACION OBJETIVO","04","AREQUIPA","2","RECURSOS DIRECTAMENTE RECAUDADOS","09","RECURSOS DIRECTAMENTE RECAUDADOS","0","NORMAL","5","GASTO CORRIENTE","2","3","BIENES Y SERVICIOS","1","COMPRA DE BIENES","5","MATERIALES Y  UTILES","1","DE OFICINA","2","PAPELERIA EN GENERAL, UTILES Y MATERIALES DE OFICINA","0","0","0","2358","2004.93","0","0","0","0","0","0","0","0","0","0","0","0","0"
"2019","M","GOBIERNOS LOCALES"," "," "," "," ","300331","040101","MUNICIPALIDAD PROVINCIAL DE AREQUIPA","04","AREQUIPA","01","AREQUIPA","01","AREQUIPA","28","0101","INCREMENTO DE LA PRACTICA DE ACTIVIDADES FISICAS, DEPORTIVAS Y RECREATIVAS EN LA POBLACION PERUANA","3","ACTIVIDAD","3000788","POBLACION OBJETIVO ACCEDE A MASIFICACION DEPORTIVA","5005868","DESARROLLO DE CAMPAÑAS DE MASIFICACION DEPORTIVA A LA POBLACION OBJETIVO","21","CULTURA Y DEPORTE","046","DEPORTES","0101","PROMOCION Y DESARROLLO DEPORTIVO","00001","0188115","DESARROLLO DE CAMPAÑAS DE MASIFICACION DEPORTIVA A LA POBLACION OBJETIVO","04","AREQUIPA","2","RECURSOS DIRECTAMENTE RECAUDADOS","09","RECURSOS DIRECTAMENTE RECAUDADOS","0","NORMAL","5","GASTO CORRIENTE","2","3","BIENES Y SERVICIOS","1","COMPRA DE BIENES","5","MATERIALES Y  UTILES","3","ASEO, LIMPIEZA Y COCINA","1","ASEO, LIMPIEZA Y TOCADOR","200","-200","0","0","0","0","0","0","0","0","0","0","0","0","0","0","0","0"
"2019","M","GOBIERNOS LOCALES"," "," "," "," ","300331","040101","MUNICIPALIDAD PROVINCIAL DE AREQUIPA","04","AREQUIPA","01","AREQUIPA","01","AREQUIPA","28","0101","INCREMENTO DE LA PRACTICA DE ACTIVIDADES FISICAS, DEPORTIVAS Y RECREATIVAS EN LA POBLACION PERUANA","3","ACTIVIDAD","3000788","POBLACION OBJETIVO ACCEDE A MASIFICACION DEPORTIVA","5005868","DESARROLLO DE CAMPAÑAS DE MASIFICACION DEPORTIVA A LA POBLACION OBJETIVO","21","CULTURA Y DEPORTE","046","DEPORTES","0101","PROMOCION Y DESARROLLO DEPORTIVO","00001","0188115","DESARROLLO DE CAMPAÑAS DE MASIFICACION DEPORTIVA A LA POBLACION OBJETIVO","04","AREQUIPA","2","RECURSOS DIRECTAMENTE RECAUDADOS","09","RECURSOS DIRECTAMENTE RECAUDADOS","0","NORMAL","5","GASTO CORRIENTE","2","3","BIENES Y SERVICIOS","1","COMPRA DE BIENES","5","MATERIALES Y  UTILES","3","ASEO, LIMPIEZA Y COCINA","1","ASEO, LIMPIEZA Y TOCADOR","0","0","0","0","0","0","0","0","0","0","0","0","0","0","0","0","0","0"
"2019","M","GOBIERNOS LOCALES"," "," "," "," ","300331","040101","MUNICIPALIDAD PROVINCIAL DE AREQUIPA","04","AREQUIPA","01","AREQUIPA","01","AREQUIPA","28","0101","INCREMENTO DE LA PRACTICA DE ACTIVIDADES FISICAS, DEPORTIVAS Y RECREATIVAS EN LA POBLACION PERUANA","3","ACTIVIDAD","3000788","POBLACION OBJETIVO ACCEDE A MASIFICACION DEPORTIVA","5005868","DESARROLLO DE CAMPAÑAS DE MASIFICACION DEPORTIVA A LA POBLACION OBJETIVO","21","CULTURA Y DEPORTE","046","DEPORTES","0101","PROMOCION Y DESARROLLO DEPORTIVO","00001","0188115","DESARROLLO DE CAMPAÑAS DE MASIFICACION DEPORTIVA A LA POBLACION OBJETIVO","04","AREQUIPA","2","RECURSOS DIRECTAMENTE RECAUDADOS","09","RECURSOS DIRECTAMENTE RECAUDADOS","0","NORMAL","5","GASTO CORRIENTE","2","3","BIENES Y SERVICIOS","1","COMPRA DE BIENES","5","MATERIALES Y  UTILES","3","ASEO, LIMPIEZA Y COCINA","2","DE COCINA, COMEDOR Y CAFETERIA","216","-216","0","0","0","0","0","0","0","0","0","0","0","0","0","0","0","0"
"2019","M","GOBIERNOS LOCALES"," "," "," "," ","300331","040101","MUNICIPALIDAD PROVINCIAL DE AREQUIPA","04","AREQUIPA","01","AREQUIPA","01","AREQUIPA","28","0101","INCREMENTO DE LA PRACTICA DE ACTIVIDADES FISICAS, DEPORTIVAS Y RECREATIVAS EN LA POBLACION PERUANA","3","ACTIVIDAD","3000788","POBLACION OBJETIVO ACCEDE A MASIFICACION DEPORTIVA","5005868","DESARROLLO DE CAMPAÑAS DE MASIFICACION DEPORTIVA A LA POBLACION OBJETIVO","21","CULTURA Y DEPORTE","046","DEPORTES","0101","PROMOCION Y DESARROLLO DEPORTIVO","00001","0188115","DESARROLLO DE CAMPAÑAS DE MASIFICACION DEPORTIVA A LA POBLACION OBJETIVO","04","AREQUIPA","2","RECURSOS DIRECTAMENTE RECAUDADOS","09","RECURSOS DIRECTAMENTE RECAUDADOS","0","NORMAL","5","GASTO CORRIENTE","2","3","BIENES Y SERVICIOS","1","COMPRA DE BIENES","99","COMPRA DE OTROS BIENES","1","COMPRA DE OTROS BIENES","3","LIBROS, DIARIOS, REVISTAS Y OTROS BIENES IMPRESOS NO VINCULADOS A ENSEÑANZA","3983","-3983","0","0","0","0","0","0","0","0","0","0","0","0","0","0","0","0"
"2019","M","GOBIERNOS LOCALES"," "," "," "," ","300331","040101","MUNICIPALIDAD PROVINCIAL DE AREQUIPA","04","AREQUIPA","01","AREQUIPA","01","AREQUIPA","28","0101","INCREMENTO DE LA PRACTICA DE ACTIVIDADES FISICAS, DEPORTIVAS Y RECREATIVAS EN LA POBLACION PERUANA","3","ACTIVIDAD","3000788","POBLACION OBJETIVO ACCEDE A MASIFICACION DEPORTIVA","5005868","DESARROLLO DE CAMPAÑAS DE MASIFICACION DEPORTIVA A LA POBLACION OBJETIVO","21","CULTURA Y DEPORTE","046","DEPORTES","0101","PROMOCION Y DESARROLLO DEPORTIVO","00001","0188115","DESARROLLO DE CAMPAÑAS DE MASIFICACION DEPORTIVA A LA POBLACION OBJETIVO","04","AREQUIPA","2","RECURSOS DIRECTAMENTE RECAUDADOS","09","RECURSOS DIRECTAMENTE RECAUDADOS","0","NORMAL","5","GASTO CORRIENTE","2","3","BIENES Y SERVICIOS","1","COMPRA DE BIENES","99","COMPRA DE OTROS BIENES","1","COMPRA DE OTROS BIENES","3","LIBROS, DIARIOS, REVISTAS Y OTROS BIENES IMPRESOS NO VINCULADOS A ENSEÑANZA","0","0","0","0","0","0","0","0","0","0","0","0","0","0","0","0","0","0"
"2019","M","GOBIERNOS LOCALES"," "," "," "," ","300331","040101","MUNICIPALIDAD PROVINCIAL DE AREQUIPA","04","AREQUIPA","01","AREQUIPA","01","AREQUIPA","28","0101","INCREMENTO DE LA PRACTICA DE ACTIVIDADES FISICAS, DEPORTIVAS Y RECREATIVAS EN LA POBLACION PERUANA","3","ACTIVIDAD","3000788","POBLACION OBJETIVO ACCEDE A MASIFICACION DEPORTIVA","5005868","DESARROLLO DE CAMPAÑAS DE MASIFICACION DEPORTIVA A LA POBLACION OBJETIVO","21","CULTURA Y DEPORTE","046","DEPORTES","0101","PROMOCION Y DESARROLLO DEPORTIVO","00001","0188115","DESARROLLO DE CAMPAÑAS DE MASIFICACION DEPORTIVA A LA POBLACION OBJETIVO","04","AREQUIPA","2","RECURSOS DIRECTAMENTE RECAUDADOS","09","RECURSOS DIRECTAMENTE RECAUDADOS","0","NORMAL","5","GASTO CORRIENTE","2","3","BIENES Y SERVICIOS","1","COMPRA DE BIENES","99","COMPRA DE OTROS BIENES","1","COMPRA DE OTROS BIENES","4","SIMBOLOS, DISTINTIVOS Y CONDECORACIONES","15922","-10242","5680","0","0","0","0","0","0","0","0","0","0","0","0","0","0","0"
"2019","M","GOBIERNOS LOCALES"," "," "," "," ","300331","040101","MUNICIPALIDAD PROVINCIAL DE AREQUIPA","04","AREQUIPA","01","AREQUIPA","01","AREQUIPA","28","0101","INCREMENTO DE LA PRACTICA DE ACTIVIDADES FISICAS, DEPORTIVAS Y RECREATIVAS EN LA POBLACION PERUANA","3","ACTIVIDAD","3000788","POBLACION OBJETIVO ACCEDE A MASIFICACION DEPORTIVA","5005868","DESARROLLO DE CAMPAÑAS DE MASIFICACION DEPORTIVA A LA POBLACION OBJETIVO","21","CULTURA Y DEPORTE","046","DEPORTES","0101","PROMOCION Y DESARROLLO DEPORTIVO","00001","0188115","DESARROLLO DE CAMPAÑAS DE MASIFICACION DEPORTIVA A LA POBLACION OBJETIVO","04","AREQUIPA","2","RECURSOS DIRECTAMENTE RECAUDADOS","09","RECURSOS DIRECTAMENTE RECAUDADOS","0","NORMAL","5","GASTO CORRIENTE","2","3","BIENES Y SERVICIOS","1","COMPRA DE BIENES","99","COMPRA DE OTROS BIENES","1","COMPRA DE OTROS BIENES","4","SIMBOLOS, DISTINTIVOS Y CONDECORACIONES","0","0","0","5680","5680","0","0","0","0","0","0","0","0","0","0","0","0","0"
"2019","M","GOBIERNOS LOCALES"," "," "," "," ","300331","040101","MUNICIPALIDAD PROVINCIAL DE AREQUIPA","04","AREQUIPA","01","AREQUIPA","01","AREQUIPA","28","0101","INCREMENTO DE LA PRACTICA DE ACTIVIDADES FISICAS, DEPORTIVAS Y RECREATIVAS EN LA POBLACION PERUANA","3","ACTIVIDAD","3000788","POBLACION OBJETIVO ACCEDE A MASIFICACION DEPORTIVA","5005868","DESARROLLO DE CAMPAÑAS DE MASIFICACION DEPORTIVA A LA POBLACION OBJETIVO","21","CULTURA Y DEPORTE","046","DEPORTES","0101","PROMOCION Y DESARROLLO DEPORTIVO","00001","0188115","DESARROLLO DE CAMPAÑAS DE MASIFICACION DEPORTIVA A LA POBLACION OBJETIVO","04","AREQUIPA","2","RECURSOS DIRECTAMENTE RECAUDADOS","09","RECURSOS DIRECTAMENTE RECAUDADOS","0","NORMAL","5","GASTO CORRIENTE","2","3","BIENES Y SERVICIOS","1","COMPRA DE BIENES","99","COMPRA DE OTROS BIENES","1","COMPRA DE OTROS BIENES","99","OTROS BIENES","16365","3885","20250","0","0","0","0","0","0","0","0","0","0","0","0","0","0","0"
"2019","M","GOBIERNOS LOCALES"," "," "," "," ","300331","040101","MUNICIPALIDAD PROVINCIAL DE AREQUIPA","04","AREQUIPA","01","AREQUIPA","01","AREQUIPA","28","0101","INCREMENTO DE LA PRACTICA DE ACTIVIDADES FISICAS, DEPORTIVAS Y RECREATIVAS EN LA POBLACION PERUANA","3","ACTIVIDAD","3000788","POBLACION OBJETIVO ACCEDE A MASIFICACION DEPORTIVA","5005868","DESARROLLO DE CAMPAÑAS DE MASIFICACION DEPORTIVA A LA POBLACION OBJETIVO","21","CULTURA Y DEPORTE","046","DEPORTES","0101","PROMOCION Y DESARROLLO DEPORTIVO","00001","0188115","DESARROLLO DE CAMPAÑAS DE MASIFICACION DEPORTIVA A LA POBLACION OBJETIVO","04","AREQUIPA","2","RECURSOS DIRECTAMENTE RECAUDADOS","09","RECURSOS DIRECTAMENTE RECAUDADOS","0","NORMAL","5","GASTO CORRIENTE","2","3","BIENES Y SERVICIOS","1","COMPRA DE BIENES","99","COMPRA DE OTROS BIENES","1","COMPRA DE OTROS BIENES","99","OTROS BIENES","0","0","0","20250","15750","0","0","0","0","0","0","0","0","0","0","0","0","0"
"2019","M","GOBIERNOS LOCALES"," "," "," "," ","300331","040101","MUNICIPALIDAD PROVINCIAL DE AREQUIPA","04","AREQUIPA","01","AREQUIPA","01","AREQUIPA","28","0101","INCREMENTO DE LA PRACTICA DE ACTIVIDADES FISICAS, DEPORTIVAS Y RECREATIVAS EN LA POBLACION PERUANA","3","ACTIVIDAD","3000788","POBLACION OBJETIVO ACCEDE A MASIFICACION DEPORTIVA","5005868","DESARROLLO DE CAMPAÑAS DE MASIFICACION DEPORTIVA A LA POBLACION OBJETIVO","21","CULTURA Y DEPORTE","046","DEPORTES","0101","PROMOCION Y DESARROLLO DEPORTIVO","00001","0188115","DESARROLLO DE CAMPAÑAS DE MASIFICACION DEPORTIVA A LA POBLACION OBJETIVO","04","AREQUIPA","2","RECURSOS DIRECTAMENTE RECAUDADOS","09","RECURSOS DIRECTAMENTE RECAUDADOS","0","NORMAL","5","GASTO CORRIENTE","2","3","BIENES Y SERVICIOS","2","CONTRATACION DE SERVICIOS","1","VIAJES","2","VIAJES DOMESTICOS","2","VIATICOS Y ASIGNACIONES POR COMISION DE SERVICIO","1920","-1920","0","0","0","0","0","0","0","0","0","0","0","0","0","0","0","0"
"2019","M","GOBIERNOS LOCALES"," "," "," "," ","300331","040101","MUNICIPALIDAD PROVINCIAL DE AREQUIPA","04","AREQUIPA","01","AREQUIPA","01","AREQUIPA","28","0101","INCREMENTO DE LA PRACTICA DE ACTIVIDADES FISICAS, DEPORTIVAS Y RECREATIVAS EN LA POBLACION PERUANA","3","ACTIVIDAD","3000788","POBLACION OBJETIVO ACCEDE A MASIFICACION DEPORTIVA","5005868","DESARROLLO DE CAMPAÑAS DE MASIFICACION DEPORTIVA A LA POBLACION OBJETIVO","21","CULTURA Y DEPORTE","046","DEPORTES","0101","PROMOCION Y DESARROLLO DEPORTIVO","00001","0188115","DESARROLLO DE CAMPAÑAS DE MASIFICACION DEPORTIVA A LA POBLACION OBJETIVO","04","AREQUIPA","2","RECURSOS DIRECTAMENTE RECAUDADOS","09","RECURSOS DIRECTAMENTE RECAUDADOS","0","NORMAL","5","GASTO CORRIENTE","2","3","BIENES Y SERVICIOS","2","CONTRATACION DE SERVICIOS","1","VIAJES","2","VIAJES DOMESTICOS","99","OTROS GASTOS","73","-73","0","0","0","0","0","0","0","0","0","0","0","0","0","0","0","0"
"2019","M","GOBIERNOS LOCALES"," "," "," "," ","300331","040101","MUNICIPALIDAD PROVINCIAL DE AREQUIPA","04","AREQUIPA","01","AREQUIPA","01","AREQUIPA","28","0101","INCREMENTO DE LA PRACTICA DE ACTIVIDADES FISICAS, DEPORTIVAS Y RECREATIVAS EN LA POBLACION PERUANA","3","ACTIVIDAD","3000788","POBLACION OBJETIVO ACCEDE A MASIFICACION DEPORTIVA","5005868","DESARROLLO DE CAMPAÑAS DE MASIFICACION DEPORTIVA A LA POBLACION OBJETIVO","21","CULTURA Y DEPORTE","046","DEPORTES","0101","PROMOCION Y DESARROLLO DEPORTIVO","00001","0188115","DESARROLLO DE CAMPAÑAS DE MASIFICACION DEPORTIVA A LA POBLACION OBJETIVO","04","AREQUIPA","2","RECURSOS DIRECTAMENTE RECAUDADOS","09","RECURSOS DIRECTAMENTE RECAUDADOS","0","NORMAL","5","GASTO CORRIENTE","2","3","BIENES Y SERVICIOS","2","CONTRATACION DE SERVICIOS","2","SERVICIOS BASICOS, COMUNICACIONES, PUBLICIDAD Y DIFUSION","3","SERVICIOS DE MENSAJERIA, TELECOMUNICACIONES Y OTROS AFINES","1","CORREOS Y SERVICIOS DE MENSAJERIA","90","434","524","0","0","0","0","0","0","0","0","0","0","0","0","0","0","0"
"2019","M","GOBIERNOS LOCALES"," "," "," "," ","300331","040101","MUNICIPALIDAD PROVINCIAL DE AREQUIPA","04","AREQUIPA","01","AREQUIPA","01","AREQUIPA","28","0101","INCREMENTO DE LA PRACTICA DE ACTIVIDADES FISICAS, DEPORTIVAS Y RECREATIVAS EN LA POBLACION PERUANA","3","ACTIVIDAD","3000788","POBLACION OBJETIVO ACCEDE A MASIFICACION DEPORTIVA","5005868","DESARROLLO DE CAMPAÑAS DE MASIFICACION DEPORTIVA A LA POBLACION OBJETIVO","21","CULTURA Y DEPORTE","046","DEPORTES","0101","PROMOCION Y DESARROLLO DEPORTIVO","00001","0188115","DESARROLLO DE CAMPAÑAS DE MASIFICACION DEPORTIVA A LA POBLACION OBJETIVO","04","AREQUIPA","2","RECURSOS DIRECTAMENTE RECAUDADOS","09","RECURSOS DIRECTAMENTE RECAUDADOS","0","NORMAL","5","GASTO CORRIENTE","2","3","BIENES Y SERVICIOS","2","CONTRATACION DE SERVICIOS","2","SERVICIOS BASICOS, COMUNICACIONES, PUBLICIDAD Y DIFUSION","3","SERVICIOS DE MENSAJERIA, TELECOMUNICACIONES Y OTROS AFINES","1","CORREOS Y SERVICIOS DE MENSAJERIA","0","0","0","524","284","0","0","0","0","0","0","0","0","0","0","0","0","0"
"2019","M","GOBIERNOS LOCALES"," "," "," "," ","300331","040101","MUNICIPALIDAD PROVINCIAL DE AREQUIPA","04","AREQUIPA","01","AREQUIPA","01","AREQUIPA","28","0101","INCREMENTO DE LA PRACTICA DE ACTIVIDADES FISICAS, DEPORTIVAS Y RECREATIVAS EN LA POBLACION PERUANA","3","ACTIVIDAD","3000788","POBLACION OBJETIVO ACCEDE A MASIFICACION DEPORTIVA","5005868","DESARROLLO DE CAMPAÑAS DE MASIFICACION DEPORTIVA A LA POBLACION OBJETIVO","21","CULTURA Y DEPORTE","046","DEPORTES","0101","PROMOCION Y DESARROLLO DEPORTIVO","00001","0188115","DESARROLLO DE CAMPAÑAS DE MASIFICACION DEPORTIVA A LA POBLACION OBJETIVO","04","AREQUIPA","2","RECURSOS DIRECTAMENTE RECAUDADOS","09","RECURSOS DIRECTAMENTE RECAUDADOS","0","NORMAL","5","GASTO CORRIENTE","2","3","BIENES Y SERVICIOS","2","CONTRATACION DE SERVICIOS","5","ALQUILERES DE MUEBLES E INMUEBLES","1","ALQUILERES DE MUEBLES E INMUEBLES","2","DE VEHICULOS","0","49500","49500","0","0","0","0","0","0","0","0","0","0","0","0","0","0","0"
"2019","M","GOBIERNOS LOCALES"," "," "," "," ","300331","040101","MUNICIPALIDAD PROVINCIAL DE AREQUIPA","04","AREQUIPA","01","AREQUIPA","01","AREQUIPA","28","0101","INCREMENTO DE LA PRACTICA DE ACTIVIDADES FISICAS, DEPORTIVAS Y RECREATIVAS EN LA POBLACION PERUANA","3","ACTIVIDAD","3000788","POBLACION OBJETIVO ACCEDE A MASIFICACION DEPORTIVA","5005868","DESARROLLO DE CAMPAÑAS DE MASIFICACION DEPORTIVA A LA POBLACION OBJETIVO","21","CULTURA Y DEPORTE","046","DEPORTES","0101","PROMOCION Y DESARROLLO DEPORTIVO","00001","0188115","DESARROLLO DE CAMPAÑAS DE MASIFICACION DEPORTIVA A LA POBLACION OBJETIVO","04","AREQUIPA","2","RECURSOS DIRECTAMENTE RECAUDADOS","09","RECURSOS DIRECTAMENTE RECAUDADOS","0","NORMAL","5","GASTO CORRIENTE","2","3","BIENES Y SERVICIOS","2","CONTRATACION DE SERVICIOS","5","ALQUILERES DE MUEBLES E INMUEBLES","1","ALQUILERES DE MUEBLES E INMUEBLES","2","DE VEHICULOS","0","0","0","49500","49500","0","0","0","0","0","0","0","0","0","0","0","0","0"
"2019","M","GOBIERNOS LOCALES"," "," "," "," ","300331","040101","MUNICIPALIDAD PROVINCIAL DE AREQUIPA","04","AREQUIPA","01","AREQUIPA","01","AREQUIPA","28","0101","INCREMENTO DE LA PRACTICA DE ACTIVIDADES FISICAS, DEPORTIVAS Y RECREATIVAS EN LA POBLACION PERUANA","3","ACTIVIDAD","3000788","POBLACION OBJETIVO ACCEDE A MASIFICACION DEPORTIVA","5005868","DESARROLLO DE CAMPAÑAS DE MASIFICACION DEPORTIVA A LA POBLACION OBJETIVO","21","CULTURA Y DEPORTE","046","DEPORTES","0101","PROMOCION Y DESARROLLO DEPORTIVO","00001","0188115","DESARROLLO DE CAMPAÑAS DE MASIFICACION DEPORTIVA A LA POBLACION OBJETIVO","04","AREQUIPA","2","RECURSOS DIRECTAMENTE RECAUDADOS","09","RECURSOS DIRECTAMENTE RECAUDADOS","0","NORMAL","5","GASTO CORRIENTE","2","3","BIENES Y SERVICIOS","2","CONTRATACION DE SERVICIOS","7","SERVICIOS PROFESIONALES Y TECNICOS","11","OTROS SERVICIOS","99","SERVICIOS DIVERSOS","38117","-24351","13766","0","0","0","0","0","0","0","0","0","0","0","0","0","0","0"
"2019","M","GOBIERNOS LOCALES"," "," "," "," ","300331","040101","MUNICIPALIDAD PROVINCIAL DE AREQUIPA","04","AREQUIPA","01","AREQUIPA","01","AREQUIPA","28","0101","INCREMENTO DE LA PRACTICA DE ACTIVIDADES FISICAS, DEPORTIVAS Y RECREATIVAS EN LA POBLACION PERUANA","3","ACTIVIDAD","3000788","POBLACION OBJETIVO ACCEDE A MASIFICACION DEPORTIVA","5005868","DESARROLLO DE CAMPAÑAS DE MASIFICACION DEPORTIVA A LA POBLACION OBJETIVO","21","CULTURA Y DEPORTE","046","DEPORTES","0101","PROMOCION Y DESARROLLO DEPORTIVO","00001","0188115","DESARROLLO DE CAMPAÑAS DE MASIFICACION DEPORTIVA A LA POBLACION OBJETIVO","04","AREQUIPA","2","RECURSOS DIRECTAMENTE RECAUDADOS","09","RECURSOS DIRECTAMENTE RECAUDADOS","0","NORMAL","5","GASTO CORRIENTE","2","3","BIENES Y SERVICIOS","2","CONTRATACION DE SERVICIOS","7","SERVICIOS PROFESIONALES Y TECNICOS","11","OTROS SERVICIOS","99","SERVICIOS DIVERSOS","0","0","0","12816","12000","0","0","0","0","0","0","0","0","0","0","0","0","0"
"2019","M","GOBIERNOS LOCALES"," "," "," "," ","300331","040101","MUNICIPALIDAD PROVINCIAL DE AREQUIPA","04","AREQUIPA","01","AREQUIPA","01","AREQUIPA","28","0101","INCREMENTO DE LA PRACTICA DE ACTIVIDADES FISICAS, DEPORTIVAS Y RECREATIVAS EN LA POBLACION PERUANA","3","ACTIVIDAD","3000788","POBLACION OBJETIVO ACCEDE A MASIFICACION DEPORTIVA","5005868","DESARROLLO DE CAMPAÑAS DE MASIFICACION DEPORTIVA A LA POBLACION OBJETIVO","21","CULTURA Y DEPORTE","046","DEPORTES","0101","PROMOCION Y DESARROLLO DEPORTIVO","00001","0188115","DESARROLLO DE CAMPAÑAS DE MASIFICACION DEPORTIVA A LA POBLACION OBJETIVO","04","AREQUIPA","2","RECURSOS DIRECTAMENTE RECAUDADOS","09","RECURSOS DIRECTAMENTE RECAUDADOS","0","NORMAL","5","GASTO CORRIENTE","2","3","BIENES Y SERVICIOS","2","CONTRATACION DE SERVICIOS","8","CONTRATO ADMINISTRATIVO DE SERVICIOS","1","CONTRATO ADMINISTRATIVO DE SERVICIOS","2","CONTRIBUCIONES A ESSALUD DE C.A.S.","339","0","339","0","0","0","0","0","0","0","0","0","0","0","0","0","0","0"
"2019","M","GOBIERNOS LOCALES"," "," "," "," ","300331","040101","MUNICIPALIDAD PROVINCIAL DE AREQUIPA","04","AREQUIPA","01","AREQUIPA","01","AREQUIPA","28","0101","INCREMENTO DE LA PRACTICA DE ACTIVIDADES FISICAS, DEPORTIVAS Y RECREATIVAS EN LA POBLACION PERUANA","3","ACTIVIDAD","3000788","POBLACION OBJETIVO ACCEDE A MASIFICACION DEPORTIVA","5005868","DESARROLLO DE CAMPAÑAS DE MASIFICACION DEPORTIVA A LA POBLACION OBJETIVO","21","CULTURA Y DEPORTE","046","DEPORTES","0101","PROMOCION Y DESARROLLO DEPORTIVO","00001","0188115","DESARROLLO DE CAMPAÑAS DE MASIFICACION DEPORTIVA A LA POBLACION OBJETIVO","04","AREQUIPA","2","RECURSOS DIRECTAMENTE RECAUDADOS","09","RECURSOS DIRECTAMENTE RECAUDADOS","0","NORMAL","5","GASTO CORRIENTE","2","3","BIENES Y SERVICIOS","2","CONTRATACION DE SERVICIOS","8","CONTRATO ADMINISTRATIVO DE SERVICIOS","1","CONTRATO ADMINISTRATIVO DE SERVICIOS","2","CONTRIBUCIONES A ESSALUD DE C.A.S.","0","0","0","113.10","113.10","0","0","0","0","0","0","0","0","0","0","0","0","0"
"2019","M","GOBIERNOS LOCALES"," "," "," "," ","300331","040101","MUNICIPALIDAD PROVINCIAL DE AREQUIPA","04","AREQUIPA","01","AREQUIPA","01","AREQUIPA","28","0101","INCREMENTO DE LA PRACTICA DE ACTIVIDADES FISICAS, DEPORTIVAS Y RECREATIVAS EN LA POBLACION PERUANA","3","ACTIVIDAD","3000788","POBLACION OBJETIVO ACCEDE A MASIFICACION DEPORTIVA","5005868","DESARROLLO DE CAMPAÑAS DE MASIFICACION DEPORTIVA A LA POBLACION OBJETIVO","21","CULTURA Y DEPORTE","046","DEPORTES","0101","PROMOCION Y DESARROLLO DEPORTIVO","00001","0188115","DESARROLLO DE CAMPAÑAS DE MASIFICACION DEPORTIVA A LA POBLACION OBJETIVO","04","AREQUIPA","2","RECURSOS DIRECTAMENTE RECAUDADOS","09","RECURSOS DIRECTAMENTE RECAUDADOS","1","UNIVERSIDADES / GOB. LOCALES","5","GASTO CORRIENTE","2","1","PERSONAL Y OBLIGACIONES SOCIALES","1","RETRIBUCIONES Y COMPLEMENTOS EN EFECTIVO","1","PERSONAL ADMINISTRATIVO","1","PERSONAL ADMINISTRATIVO","9","PERSONAL DE CONFIANZA (RÉGIMEN LABORAL PÚBLICO)","0","0","0","0","0","0","0","0","0","4128.60","3584.92","3600.29","3554.17","4000","3424","4000","0","26291.98"
"2019","M","GOBIERNOS LOCALES"," "," "," "," ","300331","040101","MUNICIPALIDAD PROVINCIAL DE AREQUIPA","04","AREQUIPA","01","AREQUIPA","01","AREQUIPA","28","0101","INCREMENTO DE LA PRACTICA DE ACTIVIDADES FISICAS, DEPORTIVAS Y RECREATIVAS EN LA POBLACION PERUANA","3","ACTIVIDAD","3000788","POBLACION OBJETIVO ACCEDE A MASIFICACION DEPORTIVA","5005868","DESARROLLO DE CAMPAÑAS DE MASIFICACION DEPORTIVA A LA POBLACION OBJETIVO","21","CULTURA Y DEPORTE","046","DEPORTES","0101","PROMOCION Y DESARROLLO DEPORTIVO","00001","0188115","DESARROLLO DE CAMPAÑAS DE MASIFICACION DEPORTIVA A LA POBLACION OBJETIVO","04","AREQUIPA","2","RECURSOS DIRECTAMENTE RECAUDADOS","09","RECURSOS DIRECTAMENTE RECAUDADOS","1","UNIVERSIDADES / GOB. LOCALES","5","GASTO CORRIENTE","2","1","PERSONAL Y OBLIGACIONES SOCIALES","1","RETRIBUCIONES Y COMPLEMENTOS EN EFECTIVO","1","PERSONAL ADMINISTRATIVO","2","OTRAS RETRIBUCIONES Y COMPLEMENTOS","99","OTRAS RETRIBUCIONES Y COMPLEMENTOS","0","0","0","0","0","0","498.33","650","541.67","650","758.30","606.67","585","650","411.67","650","455","6456.64"
"2019","M","GOBIERNOS LOCALES"," "," "," "," ","300331","040101","MUNICIPALIDAD PROVINCIAL DE AREQUIPA","04","AREQUIPA","01","AREQUIPA","01","AREQUIPA","28","0101","INCREMENTO DE LA PRACTICA DE ACTIVIDADES FISICAS, DEPORTIVAS Y RECREATIVAS EN LA POBLACION PERUANA","3","ACTIVIDAD","3000788","POBLACION OBJETIVO ACCEDE A MASIFICACION DEPORTIVA","5005868","DESARROLLO DE CAMPAÑAS DE MASIFICACION DEPORTIVA A LA POBLACION OBJETIVO","21","CULTURA Y DEPORTE","046","DEPORTES","0101","PROMOCION Y DESARROLLO DEPORTIVO","00001","0188115","DESARROLLO DE CAMPAÑAS DE MASIFICACION DEPORTIVA A LA POBLACION OBJETIVO","04","AREQUIPA","2","RECURSOS DIRECTAMENTE RECAUDADOS","09","RECURSOS DIRECTAMENTE RECAUDADOS","1","UNIVERSIDADES / GOB. LOCALES","5","GASTO CORRIENTE","2","1","PERSONAL Y OBLIGACIONES SOCIALES","1","RETRIBUCIONES Y COMPLEMENTOS EN EFECTIVO","9","GASTOS VARIABLES Y OCASIONALES","1","ESCOLARIDAD, AGUINALDOS Y GRATIFICACIONES","2","AGUINALDOS","0","0","0","0","0","0","0","0","0","0","0","4000","0","0","0","0","4000","8000"
"2019","M","GOBIERNOS LOCALES"," "," "," "," ","300331","040101","MUNICIPALIDAD PROVINCIAL DE AREQUIPA","04","AREQUIPA","01","AREQUIPA","01","AREQUIPA","28","0101","INCREMENTO DE LA PRACTICA DE ACTIVIDADES FISICAS, DEPORTIVAS Y RECREATIVAS EN LA POBLACION PERUANA","3","ACTIVIDAD","3000788","POBLACION OBJETIVO ACCEDE A MASIFICACION DEPORTIVA","5005868","DESARROLLO DE CAMPAÑAS DE MASIFICACION DEPORTIVA A LA POBLACION OBJETIVO","21","CULTURA Y DEPORTE","046","DEPORTES","0101","PROMOCION Y DESARROLLO DEPORTIVO","00001","0188115","DESARROLLO DE CAMPAÑAS DE MASIFICACION DEPORTIVA A LA POBLACION OBJETIVO","04","AREQUIPA","2","RECURSOS DIRECTAMENTE RECAUDADOS","09","RECURSOS DIRECTAMENTE RECAUDADOS","1","UNIVERSIDADES / GOB. LOCALES","5","GASTO CORRIENTE","2","1","PERSONAL Y OBLIGACIONES SOCIALES","3","CONTRIBUCIONES A LA SEGURIDAD SOCIAL","1","OBLIGACIONES DEL EMPLEADOR","1","OBLIGACIONES DEL EMPLEADOR","5","CONTRIBUCIONES A ESSALUD","0","0","0","0","0","276","276","0","0","420","324","312","348","228","360","252","0","2796"
"2019","M","GOBIERNOS LOCALES"," "," "," "," ","300331","040101","MUNICIPALIDAD PROVINCIAL DE AREQUIPA","04","AREQUIPA","01","AREQUIPA","01","AREQUIPA","28","0101","INCREMENTO DE LA PRACTICA DE ACTIVIDADES FISICAS, DEPORTIVAS Y RECREATIVAS EN LA POBLACION PERUANA","3","ACTIVIDAD","3000788","POBLACION OBJETIVO ACCEDE A MASIFICACION DEPORTIVA","5005868","DESARROLLO DE CAMPAÑAS DE MASIFICACION DEPORTIVA A LA POBLACION OBJETIVO","21","CULTURA Y DEPORTE","046","DEPORTES","0101","PROMOCION Y DESARROLLO DEPORTIVO","00001","0188115","DESARROLLO DE CAMPAÑAS DE MASIFICACION DEPORTIVA A LA POBLACION OBJETIVO","04","AREQUIPA","2","RECURSOS DIRECTAMENTE RECAUDADOS","09","RECURSOS DIRECTAMENTE RECAUDADOS","1","UNIVERSIDADES / GOB. LOCALES","5","GASTO CORRIENTE","2","3","BIENES Y SERVICIOS","1","COMPRA DE BIENES","5","MATERIALES Y  UTILES","1","DE OFICINA","2","PAPELERIA EN GENERAL, UTILES Y MATERIALES DE OFICINA","0","0","0","0","0","0","0","0","303.73","0","0","0","0","0","0","1701.20","0","2004.93"
"2019","M","GOBIERNOS LOCALES"," "," "," "," ","300331","040101","MUNICIPALIDAD PROVINCIAL DE AREQUIPA","04","AREQUIPA","01","AREQUIPA","01","AREQUIPA","28","0101","INCREMENTO DE LA PRACTICA DE ACTIVIDADES FISICAS, DEPORTIVAS Y RECREATIVAS EN LA POBLACION PERUANA","3","ACTIVIDAD","3000788","POBLACION OBJETIVO ACCEDE A MASIFICACION DEPORTIVA","5005868","DESARROLLO DE CAMPAÑAS DE MASIFICACION DEPORTIVA A LA POBLACION OBJETIVO","21","CULTURA Y DEPORTE","046","DEPORTES","0101","PROMOCION Y DESARROLLO DEPORTIVO","00001","0188115","DESARROLLO DE CAMPAÑAS DE MASIFICACION DEPORTIVA A LA POBLACION OBJETIVO","04","AREQUIPA","2","RECURSOS DIRECTAMENTE RECAUDADOS","09","RECURSOS DIRECTAMENTE RECAUDADOS","1","UNIVERSIDADES / GOB. LOCALES","5","GASTO CORRIENTE","2","3","BIENES Y SERVICIOS","1","COMPRA DE BIENES","99","COMPRA DE OTROS BIENES","1","COMPRA DE OTROS BIENES","4","SIMBOLOS, DISTINTIVOS Y CONDECORACIONES","0","0","0","0","0","0","0","0","0","0","0","0","0","0","0","3430","2250","5680"
"2019","M","GOBIERNOS LOCALES"," "," "," "," ","300331","040101","MUNICIPALIDAD PROVINCIAL DE AREQUIPA","04","AREQUIPA","01","AREQUIPA","01","AREQUIPA","28","0101","INCREMENTO DE LA PRACTICA DE ACTIVIDADES FISICAS, DEPORTIVAS Y RECREATIVAS EN LA POBLACION PERUANA","3","ACTIVIDAD","3000788","POBLACION OBJETIVO ACCEDE A MASIFICACION DEPORTIVA","5005868","DESARROLLO DE CAMPAÑAS DE MASIFICACION DEPORTIVA A LA POBLACION OBJETIVO","21","CULTURA Y DEPORTE","046","DEPORTES","0101","PROMOCION Y DESARROLLO DEPORTIVO","00001","0188115","DESARROLLO DE CAMPAÑAS DE MASIFICACION DEPORTIVA A LA POBLACION OBJETIVO","04","AREQUIPA","2","RECURSOS DIRECTAMENTE RECAUDADOS","09","RECURSOS DIRECTAMENTE RECAUDADOS","1","UNIVERSIDADES / GOB. LOCALES","5","GASTO CORRIENTE","2","3","BIENES Y SERVICIOS","1","COMPRA DE BIENES","99","COMPRA DE OTROS BIENES","1","COMPRA DE OTROS BIENES","99","OTROS BIENES","0","0","0","0","0","0","0","0","0","0","0","0","720","5530","4500","0","5000","15750"
"2019","M","GOBIERNOS LOCALES"," "," "," "," ","300331","040101","MUNICIPALIDAD PROVINCIAL DE AREQUIPA","04","AREQUIPA","01","AREQUIPA","01","AREQUIPA","28","0101","INCREMENTO DE LA PRACTICA DE ACTIVIDADES FISICAS, DEPORTIVAS Y RECREATIVAS EN LA POBLACION PERUANA","3","ACTIVIDAD","3000788","POBLACION OBJETIVO ACCEDE A MASIFICACION DEPORTIVA","5005868","DESARROLLO DE CAMPAÑAS DE MASIFICACION DEPORTIVA A LA POBLACION OBJETIVO","21","CULTURA Y DEPORTE","046","DEPORTES","0101","PROMOCION Y DESARROLLO DEPORTIVO","00001","0188115","DESARROLLO DE CAMPAÑAS DE MASIFICACION DEPORTIVA A LA POBLACION OBJETIVO","04","AREQUIPA","2","RECURSOS DIRECTAMENTE RECAUDADOS","09","RECURSOS DIRECTAMENTE RECAUDADOS","1","UNIVERSIDADES / GOB. LOCALES","5","GASTO CORRIENTE","2","3","BIENES Y SERVICIOS","2","CONTRATACION DE SERVICIOS","2","SERVICIOS BASICOS, COMUNICACIONES, PUBLICIDAD Y DIFUSION","3","SERVICIOS DE MENSAJERIA, TELECOMUNICACIONES Y OTROS AFINES","1","CORREOS Y SERVICIOS DE MENSAJERIA","0","0","0","0","0","0","0","0","0","0","284","0","0","0","0","0","0","284"
"2019","M","GOBIERNOS LOCALES"," "," "," "," ","300331","040101","MUNICIPALIDAD PROVINCIAL DE AREQUIPA","04","AREQUIPA","01","AREQUIPA","01","AREQUIPA","28","0101","INCREMENTO DE LA PRACTICA DE ACTIVIDADES FISICAS, DEPORTIVAS Y RECREATIVAS EN LA POBLACION PERUANA","3","ACTIVIDAD","3000788","POBLACION OBJETIVO ACCEDE A MASIFICACION DEPORTIVA","5005868","DESARROLLO DE CAMPAÑAS DE MASIFICACION DEPORTIVA A LA POBLACION OBJETIVO","21","CULTURA Y DEPORTE","046","DEPORTES","0101","PROMOCION Y DESARROLLO DEPORTIVO","00001","0188115","DESARROLLO DE CAMPAÑAS DE MASIFICACION DEPORTIVA A LA POBLACION OBJETIVO","04","AREQUIPA","2","RECURSOS DIRECTAMENTE RECAUDADOS","09","RECURSOS DIRECTAMENTE RECAUDADOS","1","UNIVERSIDADES / GOB. LOCALES","5","GASTO CORRIENTE","2","3","BIENES Y SERVICIOS","2","CONTRATACION DE SERVICIOS","5","ALQUILERES DE MUEBLES E INMUEBLES","1","ALQUILERES DE MUEBLES E INMUEBLES","2","DE VEHICULOS","0","0","0","0","0","0","0","0","49500","0","0","0","0","0","0","0","0","49500"
"2019","M","GOBIERNOS LOCALES"," "," "," "," ","300331","040101","MUNICIPALIDAD PROVINCIAL DE AREQUIPA","04","AREQUIPA","01","AREQUIPA","01","AREQUIPA","28","0101","INCREMENTO DE LA PRACTICA DE ACTIVIDADES FISICAS, DEPORTIVAS Y RECREATIVAS EN LA POBLACION PERUANA","3","ACTIVIDAD","3000788","POBLACION OBJETIVO ACCEDE A MASIFICACION DEPORTIVA","5005868","DESARROLLO DE CAMPAÑAS DE MASIFICACION DEPORTIVA A LA POBLACION OBJETIVO","21","CULTURA Y DEPORTE","046","DEPORTES","0101","PROMOCION Y DESARROLLO DEPORTIVO","00001","0188115","DESARROLLO DE CAMPAÑAS DE MASIFICACION DEPORTIVA A LA POBLACION OBJETIVO","04","AREQUIPA","2","RECURSOS DIRECTAMENTE RECAUDADOS","09","RECURSOS DIRECTAMENTE RECAUDADOS","1","UNIVERSIDADES / GOB. LOCALES","5","GASTO CORRIENTE","2","3","BIENES Y SERVICIOS","2","CONTRATACION DE SERVICIOS","7","SERVICIOS PROFESIONALES Y TECNICOS","11","OTROS SERVICIOS","99","SERVICIOS DIVERSOS","0","0","0","0","0","0","900","0","0","0","1100","1100","1100","1100","1100","2800","2800","12000"
"2019","M","GOBIERNOS LOCALES"," "," "," "," ","300331","040101","MUNICIPALIDAD PROVINCIAL DE AREQUIPA","04","AREQUIPA","01","AREQUIPA","01","AREQUIPA","28","0101","INCREMENTO DE LA PRACTICA DE ACTIVIDADES FISICAS, DEPORTIVAS Y RECREATIVAS EN LA POBLACION PERUANA","3","ACTIVIDAD","3000788","POBLACION OBJETIVO ACCEDE A MASIFICACION DEPORTIVA","5005868","DESARROLLO DE CAMPAÑAS DE MASIFICACION DEPORTIVA A LA POBLACION OBJETIVO","21","CULTURA Y DEPORTE","046","DEPORTES","0101","PROMOCION Y DESARROLLO DEPORTIVO","00001","0188115","DESARROLLO DE CAMPAÑAS DE MASIFICACION DEPORTIVA A LA POBLACION OBJETIVO","04","AREQUIPA","2","RECURSOS DIRECTAMENTE RECAUDADOS","09","RECURSOS DIRECTAMENTE RECAUDADOS","1","UNIVERSIDADES / GOB. LOCALES","5","GASTO CORRIENTE","2","3","BIENES Y SERVICIOS","2","CONTRATACION DE SERVICIOS","8","CONTRATO ADMINISTRATIVO DE SERVICIOS","1","CONTRATO ADMINISTRATIVO DE SERVICIOS","2","CONTRIBUCIONES A ESSALUD DE C.A.S.","0","0","0","0","0","0","0","0","0","0","0","113.10","0","0","0","0","0","113.10"
"2019","M","GOBIERNOS LOCALES"," "," "," "," ","300331","040101","MUNICIPALIDAD PROVINCIAL DE AREQUIPA","04","AREQUIPA","01","AREQUIPA","01","AREQUIPA","28","0101","INCREMENTO DE LA PRACTICA DE ACTIVIDADES FISICAS, DEPORTIVAS Y RECREATIVAS EN LA POBLACION PERUANA","3","ACTIVIDAD","3000788","POBLACION OBJETIVO ACCEDE A MASIFICACION DEPORTIVA","5005868","DESARROLLO DE CAMPAÑAS DE MASIFICACION DEPORTIVA A LA POBLACION OBJETIVO","21","CULTURA Y DEPORTE","046","DEPORTES","0101","PROMOCION Y DESARROLLO DEPORTIVO","00001","0188115","DESARROLLO DE CAMPAÑAS DE MASIFICACION DEPORTIVA A LA POBLACION OBJETIVO","04","AREQUIPA","2","RECURSOS DIRECTAMENTE RECAUDADOS","09","RECURSOS DIRECTAMENTE RECAUDADOS","7","SUB CUENTA - RECURSOS DIRECTAMENTE RECAUDADOS","5","GASTO CORRIENTE","2","1","PERSONAL Y OBLIGACIONES SOCIALES","1","RETRIBUCIONES Y COMPLEMENTOS EN EFECTIVO","1","PERSONAL ADMINISTRATIVO","1","PERSONAL ADMINISTRATIVO","9","PERSONAL DE CONFIANZA (RÉGIMEN LABORAL PÚBLICO)","0","0","0","0","0","0","0","0","0","538.07","0","415.08","445.83","0","576","0","0","1974.98"
"2019","M","GOBIERNOS LOCALES"," "," "," "," ","300331","040101","MUNICIPALIDAD PROVINCIAL DE AREQUIPA","04","AREQUIPA","01","AREQUIPA","01","AREQUIPA","28","0101","INCREMENTO DE LA PRACTICA DE ACTIVIDADES FISICAS, DEPORTIVAS Y RECREATIVAS EN LA POBLACION PERUANA","3","ACTIVIDAD","3000788","POBLACION OBJETIVO ACCEDE A MASIFICACION DEPORTIVA","5005868","DESARROLLO DE CAMPAÑAS DE MASIFICACION DEPORTIVA A LA POBLACION OBJETIVO","21","CULTURA Y DEPORTE","046","DEPORTES","0101","PROMOCION Y DESARROLLO DEPORTIVO","00001","0188115","DESARROLLO DE CAMPAÑAS DE MASIFICACION DEPORTIVA A LA POBLACION OBJETIVO","04","AREQUIPA","5","RECURSOS DETERMINADOS","07","FONDO DE COMPENSACION MUNICIPAL","0","NORMAL","5","GASTO CORRIENTE","2","1","PERSONAL Y OBLIGACIONES SOCIALES","3","CONTRIBUCIONES A LA SEGURIDAD SOCIAL","1","OBLIGACIONES DEL EMPLEADOR","1","OBLIGACIONES DEL EMPLEADOR","5","CONTRIBUCIONES A ESSALUD","0","288","288","0","0","0","0","0","0","0","0","0","0","0","0","0","0","0"
"2019","M","GOBIERNOS LOCALES"," "," "," "," ","300331","040101","MUNICIPALIDAD PROVINCIAL DE AREQUIPA","04","AREQUIPA","01","AREQUIPA","01","AREQUIPA","28","0101","INCREMENTO DE LA PRACTICA DE ACTIVIDADES FISICAS, DEPORTIVAS Y RECREATIVAS EN LA POBLACION PERUANA","3","ACTIVIDAD","3000788","POBLACION OBJETIVO ACCEDE A MASIFICACION DEPORTIVA","5005868","DESARROLLO DE CAMPAÑAS DE MASIFICACION DEPORTIVA A LA POBLACION OBJETIVO","21","CULTURA Y DEPORTE","046","DEPORTES","0101","PROMOCION Y DESARROLLO DEPORTIVO","00001","0188115","DESARROLLO DE CAMPAÑAS DE MASIFICACION DEPORTIVA A LA POBLACION OBJETIVO","04","AREQUIPA","5","RECURSOS DETERMINADOS","07","FONDO DE COMPENSACION MUNICIPAL","0","NORMAL","5","GASTO CORRIENTE","2","1","PERSONAL Y OBLIGACIONES SOCIALES","3","CONTRIBUCIONES A LA SEGURIDAD SOCIAL","1","OBLIGACIONES DEL EMPLEADOR","1","OBLIGACIONES DEL EMPLEADOR","5","CONTRIBUCIONES A ESSALUD","0","0","0","288","288","0","0","0","0","0","0","0","0","0","0","0","0","0"
"2019","M","GOBIERNOS LOCALES"," "," "," "," ","300331","040101","MUNICIPALIDAD PROVINCIAL DE AREQUIPA","04","AREQUIPA","01","AREQUIPA","01","AREQUIPA","28","0101","INCREMENTO DE LA PRACTICA DE ACTIVIDADES FISICAS, DEPORTIVAS Y RECREATIVAS EN LA POBLACION PERUANA","3","ACTIVIDAD","3000788","POBLACION OBJETIVO ACCEDE A MASIFICACION DEPORTIVA","5005868","DESARROLLO DE CAMPAÑAS DE MASIFICACION DEPORTIVA A LA POBLACION OBJETIVO","21","CULTURA Y DEPORTE","046","DEPORTES","0101","PROMOCION Y DESARROLLO DEPORTIVO","00001","0188115","DESARROLLO DE CAMPAÑAS DE MASIFICACION DEPORTIVA A LA POBLACION OBJETIVO","04","AREQUIPA","5","RECURSOS DETERMINADOS","07","FONDO DE COMPENSACION MUNICIPAL","0","NORMAL","5","GASTO CORRIENTE","2","3","BIENES Y SERVICIOS","2","CONTRATACION DE SERVICIOS","8","CONTRATO ADMINISTRATIVO DE SERVICIOS","1","CONTRATO ADMINISTRATIVO DE SERVICIOS","1","CONTRATO ADMINISTRATIVO DE SERVICIOS","0","9021","9021","0","0","0","0","0","0","0","0","0","0","0","0","0","0","0"
"2019","M","GOBIERNOS LOCALES"," "," "," "," ","300331","040101","MUNICIPALIDAD PROVINCIAL DE AREQUIPA","04","AREQUIPA","01","AREQUIPA","01","AREQUIPA","28","0101","INCREMENTO DE LA PRACTICA DE ACTIVIDADES FISICAS, DEPORTIVAS Y RECREATIVAS EN LA POBLACION PERUANA","3","ACTIVIDAD","3000788","POBLACION OBJETIVO ACCEDE A MASIFICACION DEPORTIVA","5005868","DESARROLLO DE CAMPAÑAS DE MASIFICACION DEPORTIVA A LA POBLACION OBJETIVO","21","CULTURA Y DEPORTE","046","DEPORTES","0101","PROMOCION Y DESARROLLO DEPORTIVO","00001","0188115","DESARROLLO DE CAMPAÑAS DE MASIFICACION DEPORTIVA A LA POBLACION OBJETIVO","04","AREQUIPA","5","RECURSOS DETERMINADOS","07","FONDO DE COMPENSACION MUNICIPAL","0","NORMAL","5","GASTO CORRIENTE","2","3","BIENES Y SERVICIOS","2","CONTRATACION DE SERVICIOS","8","CONTRATO ADMINISTRATIVO DE SERVICIOS","1","CONTRATO ADMINISTRATIVO DE SERVICIOS","1","CONTRATO ADMINISTRATIVO DE SERVICIOS","0","0","0","9020.07","9020.07","0","0","0","0","0","0","0","0","0","0","0","0","0"
"2019","M","GOBIERNOS LOCALES"," "," "," "," ","300331","040101","MUNICIPALIDAD PROVINCIAL DE AREQUIPA","04","AREQUIPA","01","AREQUIPA","01","AREQUIPA","28","0101","INCREMENTO DE LA PRACTICA DE ACTIVIDADES FISICAS, DEPORTIVAS Y RECREATIVAS EN LA POBLACION PERUANA","3","ACTIVIDAD","3000788","POBLACION OBJETIVO ACCEDE A MASIFICACION DEPORTIVA","5005868","DESARROLLO DE CAMPAÑAS DE MASIFICACION DEPORTIVA A LA POBLACION OBJETIVO","21","CULTURA Y DEPORTE","046","DEPORTES","0101","PROMOCION Y DESARROLLO DEPORTIVO","00001","0188115","DESARROLLO DE CAMPAÑAS DE MASIFICACION DEPORTIVA A LA POBLACION OBJETIVO","04","AREQUIPA","5","RECURSOS DETERMINADOS","07","FONDO DE COMPENSACION MUNICIPAL","0","NORMAL","5","GASTO CORRIENTE","2","3","BIENES Y SERVICIOS","2","CONTRATACION DE SERVICIOS","8","CONTRATO ADMINISTRATIVO DE SERVICIOS","1","CONTRATO ADMINISTRATIVO DE SERVICIOS","2","CONTRIBUCIONES A ESSALUD DE C.A.S.","0","342","342","0","0","0","0","0","0","0","0","0","0","0","0","0","0","0"
"2019","M","GOBIERNOS LOCALES"," "," "," "," ","300331","040101","MUNICIPALIDAD PROVINCIAL DE AREQUIPA","04","AREQUIPA","01","AREQUIPA","01","AREQUIPA","28","0101","INCREMENTO DE LA PRACTICA DE ACTIVIDADES FISICAS, DEPORTIVAS Y RECREATIVAS EN LA POBLACION PERUANA","3","ACTIVIDAD","3000788","POBLACION OBJETIVO ACCEDE A MASIFICACION DEPORTIVA","5005868","DESARROLLO DE CAMPAÑAS DE MASIFICACION DEPORTIVA A LA POBLACION OBJETIVO","21","CULTURA Y DEPORTE","046","DEPORTES","0101","PROMOCION Y DESARROLLO DEPORTIVO","00001","0188115","DESARROLLO DE CAMPAÑAS DE MASIFICACION DEPORTIVA A LA POBLACION OBJETIVO","04","AREQUIPA","5","RECURSOS DETERMINADOS","07","FONDO DE COMPENSACION MUNICIPAL","0","NORMAL","5","GASTO CORRIENTE","2","3","BIENES Y SERVICIOS","2","CONTRATACION DE SERVICIOS","8","CONTRATO ADMINISTRATIVO DE SERVICIOS","1","CONTRATO ADMINISTRATIVO DE SERVICIOS","2","CONTRIBUCIONES A ESSALUD DE C.A.S.","0","0","0","340.90","340.20","0","0","0","0","0","0","0","0","0","0","0","0","0"
"2019","M","GOBIERNOS LOCALES"," "," "," "," ","300331","040101","MUNICIPALIDAD PROVINCIAL DE AREQUIPA","04","AREQUIPA","01","AREQUIPA","01","AREQUIPA","28","0101","INCREMENTO DE LA PRACTICA DE ACTIVIDADES FISICAS, DEPORTIVAS Y RECREATIVAS EN LA POBLACION PERUANA","3","ACTIVIDAD","3000788","POBLACION OBJETIVO ACCEDE A MASIFICACION DEPORTIVA","5005868","DESARROLLO DE CAMPAÑAS DE MASIFICACION DEPORTIVA A LA POBLACION OBJETIVO","21","CULTURA Y DEPORTE","046","DEPORTES","0101","PROMOCION Y DESARROLLO DEPORTIVO","00001","0188115","DESARROLLO DE CAMPAÑAS DE MASIFICACION DEPORTIVA A LA POBLACION OBJETIVO","04","AREQUIPA","5","RECURSOS DETERMINADOS","07","FONDO DE COMPENSACION MUNICIPAL","A","SUB CUENTA - FONCOMUN","5","GASTO CORRIENTE","2","1","PERSONAL Y OBLIGACIONES SOCIALES","3","CONTRIBUCIONES A LA SEGURIDAD SOCIAL","1","OBLIGACIONES DEL EMPLEADOR","1","OBLIGACIONES DEL EMPLEADOR","5","CONTRIBUCIONES A ESSALUD","0","0","0","0","0","0","0","288","0","0","0","0","0","0","0","0","0","288"
"2019","M","GOBIERNOS LOCALES"," "," "," "," ","300331","040101","MUNICIPALIDAD PROVINCIAL DE AREQUIPA","04","AREQUIPA","01","AREQUIPA","01","AREQUIPA","28","0101","INCREMENTO DE LA PRACTICA DE ACTIVIDADES FISICAS, DEPORTIVAS Y RECREATIVAS EN LA POBLACION PERUANA","3","ACTIVIDAD","3000788","POBLACION OBJETIVO ACCEDE A MASIFICACION DEPORTIVA","5005868","DESARROLLO DE CAMPAÑAS DE MASIFICACION DEPORTIVA A LA POBLACION OBJETIVO","21","CULTURA Y DEPORTE","046","DEPORTES","0101","PROMOCION Y DESARROLLO DEPORTIVO","00001","0188115","DESARROLLO DE CAMPAÑAS DE MASIFICACION DEPORTIVA A LA POBLACION OBJETIVO","04","AREQUIPA","5","RECURSOS DETERMINADOS","07","FONDO DE COMPENSACION MUNICIPAL","A","SUB CUENTA - FONCOMUN","5","GASTO CORRIENTE","2","3","BIENES Y SERVICIOS","2","CONTRATACION DE SERVICIOS","8","CONTRATO ADMINISTRATIVO DE SERVICIOS","1","CONTRATO ADMINISTRATIVO DE SERVICIOS","1","CONTRATO ADMINISTRATIVO DE SERVICIOS","0","0","0","0","0","0","0","0","0","0","0","1300","0","987","426.40","1300","5000","9013.40"
"2019","M","GOBIERNOS LOCALES"," "," "," "," ","300331","040101","MUNICIPALIDAD PROVINCIAL DE AREQUIPA","04","AREQUIPA","01","AREQUIPA","01","AREQUIPA","28","0101","INCREMENTO DE LA PRACTICA DE ACTIVIDADES FISICAS, DEPORTIVAS Y RECREATIVAS EN LA POBLACION PERUANA","3","ACTIVIDAD","3000788","POBLACION OBJETIVO ACCEDE A MASIFICACION DEPORTIVA","5005868","DESARROLLO DE CAMPAÑAS DE MASIFICACION DEPORTIVA A LA POBLACION OBJETIVO","21","CULTURA Y DEPORTE","046","DEPORTES","0101","PROMOCION Y DESARROLLO DEPORTIVO","00001","0188115","DESARROLLO DE CAMPAÑAS DE MASIFICACION DEPORTIVA A LA POBLACION OBJETIVO","04","AREQUIPA","5","RECURSOS DETERMINADOS","07","FONDO DE COMPENSACION MUNICIPAL","A","SUB CUENTA - FONCOMUN","5","GASTO CORRIENTE","2","3","BIENES Y SERVICIOS","2","CONTRATACION DE SERVICIOS","8","CONTRATO ADMINISTRATIVO DE SERVICIOS","1","CONTRATO ADMINISTRATIVO DE SERVICIOS","2","CONTRIBUCIONES A ESSALUD DE C.A.S.","0","0","0","0","0","0","0","0","0","0","0","113.40","0","0","0","113.40","113.40","340.20"
"2019","M","GOBIERNOS LOCALES"," "," "," "," ","300331","040101","MUNICIPALIDAD PROVINCIAL DE AREQUIPA","04","AREQUIPA","01","AREQUIPA","01","AREQUIPA","28","0101","INCREMENTO DE LA PRACTICA DE ACTIVIDADES FISICAS, DEPORTIVAS Y RECREATIVAS EN LA POBLACION PERUANA","3","ACTIVIDAD","3000788","POBLACION OBJETIVO ACCEDE A MASIFICACION DEPORTIVA","5005868","DESARROLLO DE CAMPAÑAS DE MASIFICACION DEPORTIVA A LA POBLACION OBJETIVO","21","CULTURA Y DEPORTE","046","DEPORTES","0101","PROMOCION Y DESARROLLO DEPORTIVO","00001","0188115","DESARROLLO DE CAMPAÑAS DE MASIFICACION DEPORTIVA A LA POBLACION OBJETIVO","04","AREQUIPA","5","RECURSOS DETERMINADOS","08","IMPUESTOS MUNICIPALES","0","NORMAL","5","GASTO CORRIENTE","2","1","PERSONAL Y OBLIGACIONES SOCIALES","1","RETRIBUCIONES Y COMPLEMENTOS EN EFECTIVO","1","PERSONAL ADMINISTRATIVO","1","PERSONAL ADMINISTRATIVO","9","PERSONAL DE CONFIANZA (RÉGIMEN LABORAL PÚBLICO)","0","14652","14652","0","0","0","0","0","0","0","0","0","0","0","0","0","0","0"
"2019","M","GOBIERNOS LOCALES"," "," "," "," ","300331","040101","MUNICIPALIDAD PROVINCIAL DE AREQUIPA","04","AREQUIPA","01","AREQUIPA","01","AREQUIPA","28","0101","INCREMENTO DE LA PRACTICA DE ACTIVIDADES FISICAS, DEPORTIVAS Y RECREATIVAS EN LA POBLACION PERUANA","3","ACTIVIDAD","3000788","POBLACION OBJETIVO ACCEDE A MASIFICACION DEPORTIVA","5005868","DESARROLLO DE CAMPAÑAS DE MASIFICACION DEPORTIVA A LA POBLACION OBJETIVO","21","CULTURA Y DEPORTE","046","DEPORTES","0101","PROMOCION Y DESARROLLO DEPORTIVO","00001","0188115","DESARROLLO DE CAMPAÑAS DE MASIFICACION DEPORTIVA A LA POBLACION OBJETIVO","04","AREQUIPA","5","RECURSOS DETERMINADOS","08","IMPUESTOS MUNICIPALES","0","NORMAL","5","GASTO CORRIENTE","2","1","PERSONAL Y OBLIGACIONES SOCIALES","1","RETRIBUCIONES Y COMPLEMENTOS EN EFECTIVO","1","PERSONAL ADMINISTRATIVO","1","PERSONAL ADMINISTRATIVO","9","PERSONAL DE CONFIANZA (RÉGIMEN LABORAL PÚBLICO)","0","0","0","14651.58","14651.58","2713.07","3538.80","3631.04","3538.80","0","0","0","0","0","0","0","0","13421.71"
"2019","M","GOBIERNOS LOCALES"," "," "," "," ","300331","040101","MUNICIPALIDAD PROVINCIAL DE AREQUIPA","04","AREQUIPA","01","AREQUIPA","01","AREQUIPA","28","0101","INCREMENTO DE LA PRACTICA DE ACTIVIDADES FISICAS, DEPORTIVAS Y RECREATIVAS EN LA POBLACION PERUANA","3","ACTIVIDAD","3000788","POBLACION OBJETIVO ACCEDE A MASIFICACION DEPORTIVA","5005868","DESARROLLO DE CAMPAÑAS DE MASIFICACION DEPORTIVA A LA POBLACION OBJETIVO","21","CULTURA Y DEPORTE","046","DEPORTES","0101","PROMOCION Y DESARROLLO DEPORTIVO","00001","0188115","DESARROLLO DE CAMPAÑAS DE MASIFICACION DEPORTIVA A LA POBLACION OBJETIVO","04","AREQUIPA","5","RECURSOS DETERMINADOS","08","IMPUESTOS MUNICIPALES","0","NORMAL","5","GASTO CORRIENTE","2","1","PERSONAL Y OBLIGACIONES SOCIALES","3","CONTRIBUCIONES A LA SEGURIDAD SOCIAL","1","OBLIGACIONES DEL EMPLEADOR","1","OBLIGACIONES DEL EMPLEADOR","5","CONTRIBUCIONES A ESSALUD","0","444","444","0","0","0","0","0","0","0","0","0","0","0","0","0","0","0"
"2019","M","GOBIERNOS LOCALES"," "," "," "," ","300331","040101","MUNICIPALIDAD PROVINCIAL DE AREQUIPA","04","AREQUIPA","01","AREQUIPA","01","AREQUIPA","28","0101","INCREMENTO DE LA PRACTICA DE ACTIVIDADES FISICAS, DEPORTIVAS Y RECREATIVAS EN LA POBLACION PERUANA","3","ACTIVIDAD","3000788","POBLACION OBJETIVO ACCEDE A MASIFICACION DEPORTIVA","5005868","DESARROLLO DE CAMPAÑAS DE MASIFICACION DEPORTIVA A LA POBLACION OBJETIVO","21","CULTURA Y DEPORTE","046","DEPORTES","0101","PROMOCION Y DESARROLLO DEPORTIVO","00001","0188115","DESARROLLO DE CAMPAÑAS DE MASIFICACION DEPORTIVA A LA POBLACION OBJETIVO","04","AREQUIPA","5","RECURSOS DETERMINADOS","08","IMPUESTOS MUNICIPALES","0","NORMAL","5","GASTO CORRIENTE","2","1","PERSONAL Y OBLIGACIONES SOCIALES","3","CONTRIBUCIONES A LA SEGURIDAD SOCIAL","1","OBLIGACIONES DEL EMPLEADOR","1","OBLIGACIONES DEL EMPLEADOR","5","CONTRIBUCIONES A ESSALUD","0","0","0","444","444","0","84","0","360","0","0","0","0","0","0","0","0","444"
"2019","M","GOBIERNOS LOCALES"," "," "," "," ","300331","040101","MUNICIPALIDAD PROVINCIAL DE AREQUIPA","04","AREQUIPA","01","AREQUIPA","01","AREQUIPA","28","0101","INCREMENTO DE LA PRACTICA DE ACTIVIDADES FISICAS, DEPORTIVAS Y RECREATIVAS EN LA POBLACION PERUANA","3","ACTIVIDAD","3000788","POBLACION OBJETIVO ACCEDE A MASIFICACION DEPORTIVA","5005868","DESARROLLO DE CAMPAÑAS DE MASIFICACION DEPORTIVA A LA POBLACION OBJETIVO","21","CULTURA Y DEPORTE","046","DEPORTES","0101","PROMOCION Y DESARROLLO DEPORTIVO","00001","0188115","DESARROLLO DE CAMPAÑAS DE MASIFICACION DEPORTIVA A LA POBLACION OBJETIVO","04","AREQUIPA","5","RECURSOS DETERMINADOS","08","IMPUESTOS MUNICIPALES","0","NORMAL","5","GASTO CORRIENTE","2","3","BIENES Y SERVICIOS","1","COMPRA DE BIENES","5","MATERIALES Y  UTILES","3","ASEO, LIMPIEZA Y COCINA","1","ASEO, LIMPIEZA Y TOCADOR","0","910","910","0","0","0","0","0","0","0","0","0","0","0","0","0","0","0"
"2019","M","GOBIERNOS LOCALES"," "," "," "," ","300331","040101","MUNICIPALIDAD PROVINCIAL DE AREQUIPA","04","AREQUIPA","01","AREQUIPA","01","AREQUIPA","28","0101","INCREMENTO DE LA PRACTICA DE ACTIVIDADES FISICAS, DEPORTIVAS Y RECREATIVAS EN LA POBLACION PERUANA","3","ACTIVIDAD","3000788","POBLACION OBJETIVO ACCEDE A MASIFICACION DEPORTIVA","5005868","DESARROLLO DE CAMPAÑAS DE MASIFICACION DEPORTIVA A LA POBLACION OBJETIVO","21","CULTURA Y DEPORTE","046","DEPORTES","0101","PROMOCION Y DESARROLLO DEPORTIVO","00001","0188115","DESARROLLO DE CAMPAÑAS DE MASIFICACION DEPORTIVA A LA POBLACION OBJETIVO","04","AREQUIPA","5","RECURSOS DETERMINADOS","08","IMPUESTOS MUNICIPALES","0","NORMAL","5","GASTO CORRIENTE","2","3","BIENES Y SERVICIOS","1","COMPRA DE BIENES","5","MATERIALES Y  UTILES","3","ASEO, LIMPIEZA Y COCINA","1","ASEO, LIMPIEZA Y TOCADOR","0","0","0","910","910","0","0","0","0","910","0","0","0","0","0","0","0","910"
"2019","M","GOBIERNOS LOCALES"," "," "," "," ","300331","040101","MUNICIPALIDAD PROVINCIAL DE AREQUIPA","04","AREQUIPA","01","AREQUIPA","01","AREQUIPA","28","0101","INCREMENTO DE LA PRACTICA DE ACTIVIDADES FISICAS, DEPORTIVAS Y RECREATIVAS EN LA POBLACION PERUANA","3","ACTIVIDAD","3000788","POBLACION OBJETIVO ACCEDE A MASIFICACION DEPORTIVA","5005868","DESARROLLO DE CAMPAÑAS DE MASIFICACION DEPORTIVA A LA POBLACION OBJETIVO","21","CULTURA Y DEPORTE","046","DEPORTES","0101","PROMOCION Y DESARROLLO DEPORTIVO","00001","0188115","DESARROLLO DE CAMPAÑAS DE MASIFICACION DEPORTIVA A LA POBLACION OBJETIVO","04","AREQUIPA","5","RECURSOS DETERMINADOS","08","IMPUESTOS MUNICIPALES","0","NORMAL","5","GASTO CORRIENTE","2","3","BIENES Y SERVICIOS","1","COMPRA DE BIENES","99","COMPRA DE OTROS BIENES","1","COMPRA DE OTROS BIENES","3","LIBROS, DIARIOS, REVISTAS Y OTROS BIENES IMPRESOS NO VINCULADOS A ENSEÑANZA","0","40","40","0","0","0","0","0","0","0","0","0","0","0","0","0","0","0"
"2019","M","GOBIERNOS LOCALES"," "," "," "," ","300331","040101","MUNICIPALIDAD PROVINCIAL DE AREQUIPA","04","AREQUIPA","01","AREQUIPA","01","AREQUIPA","28","0101","INCREMENTO DE LA PRACTICA DE ACTIVIDADES FISICAS, DEPORTIVAS Y RECREATIVAS EN LA POBLACION PERUANA","3","ACTIVIDAD","3000788","POBLACION OBJETIVO ACCEDE A MASIFICACION DEPORTIVA","5005868","DESARROLLO DE CAMPAÑAS DE MASIFICACION DEPORTIVA A LA POBLACION OBJETIVO","21","CULTURA Y DEPORTE","046","DEPORTES","0101","PROMOCION Y DESARROLLO DEPORTIVO","00001","0188115","DESARROLLO DE CAMPAÑAS DE MASIFICACION DEPORTIVA A LA POBLACION OBJETIVO","04","AREQUIPA","5","RECURSOS DETERMINADOS","08","IMPUESTOS MUNICIPALES","0","NORMAL","5","GASTO CORRIENTE","2","3","BIENES Y SERVICIOS","1","COMPRA DE BIENES","99","COMPRA DE OTROS BIENES","1","COMPRA DE OTROS BIENES","3","LIBROS, DIARIOS, REVISTAS Y OTROS BIENES IMPRESOS NO VINCULADOS A ENSEÑANZA","0","0","0","40","40","0","0","0","0","40","0","0","0","0","0","0","0","40"
"2019","M","GOBIERNOS LOCALES"," "," "," "," ","300331","040101","MUNICIPALIDAD PROVINCIAL DE AREQUIPA","04","AREQUIPA","01","AREQUIPA","01","AREQUIPA","28","0101","INCREMENTO DE LA PRACTICA DE ACTIVIDADES FISICAS, DEPORTIVAS Y RECREATIVAS EN LA POBLACION PERUANA","3","ACTIVIDAD","3000788","POBLACION OBJETIVO ACCEDE A MASIFICACION DEPORTIVA","5005868","DESARROLLO DE CAMPAÑAS DE MASIFICACION DEPORTIVA A LA POBLACION OBJETIVO","21","CULTURA Y DEPORTE","046","DEPORTES","0101","PROMOCION Y DESARROLLO DEPORTIVO","00001","0188115","DESARROLLO DE CAMPAÑAS DE MASIFICACION DEPORTIVA A LA POBLACION OBJETIVO","04","AREQUIPA","5","RECURSOS DETERMINADOS","08","IMPUESTOS MUNICIPALES","0","NORMAL","5","GASTO CORRIENTE","2","3","BIENES Y SERVICIOS","1","COMPRA DE BIENES","99","COMPRA DE OTROS BIENES","1","COMPRA DE OTROS BIENES","99","OTROS BIENES","0","2050","2050","0","0","0","0","0","0","0","0","0","0","0","0","0","0","0"
"2019","M","GOBIERNOS LOCALES"," "," "," "," ","300331","040101","MUNICIPALIDAD PROVINCIAL DE AREQUIPA","04","AREQUIPA","01","AREQUIPA","01","AREQUIPA","28","0101","INCREMENTO DE LA PRACTICA DE ACTIVIDADES FISICAS, DEPORTIVAS Y RECREATIVAS EN LA POBLACION PERUANA","3","ACTIVIDAD","3000788","POBLACION OBJETIVO ACCEDE A MASIFICACION DEPORTIVA","5005868","DESARROLLO DE CAMPAÑAS DE MASIFICACION DEPORTIVA A LA POBLACION OBJETIVO","21","CULTURA Y DEPORTE","046","DEPORTES","0101","PROMOCION Y DESARROLLO DEPORTIVO","00001","0188115","DESARROLLO DE CAMPAÑAS DE MASIFICACION DEPORTIVA A LA POBLACION OBJETIVO","04","AREQUIPA","5","RECURSOS DETERMINADOS","08","IMPUESTOS MUNICIPALES","0","NORMAL","5","GASTO CORRIENTE","2","3","BIENES Y SERVICIOS","1","COMPRA DE BIENES","99","COMPRA DE OTROS BIENES","1","COMPRA DE OTROS BIENES","99","OTROS BIENES","0","0","0","2050","2050","0","0","0","0","2050","0","0","0","0","0","0","0","2050"
"2019","M","GOBIERNOS LOCALES"," "," "," "," ","300331","040101","MUNICIPALIDAD PROVINCIAL DE AREQUIPA","04","AREQUIPA","01","AREQUIPA","01","AREQUIPA","28","0101","INCREMENTO DE LA PRACTICA DE ACTIVIDADES FISICAS, DEPORTIVAS Y RECREATIVAS EN LA POBLACION PERUANA","3","ACTIVIDAD","3000788","POBLACION OBJETIVO ACCEDE A MASIFICACION DEPORTIVA","5005868","DESARROLLO DE CAMPAÑAS DE MASIFICACION DEPORTIVA A LA POBLACION OBJETIVO","21","CULTURA Y DEPORTE","046","DEPORTES","0101","PROMOCION Y DESARROLLO DEPORTIVO","00001","0188115","DESARROLLO DE CAMPAÑAS DE MASIFICACION DEPORTIVA A LA POBLACION OBJETIVO","04","AREQUIPA","5","RECURSOS DETERMINADOS","08","IMPUESTOS MUNICIPALES","0","NORMAL","5","GASTO CORRIENTE","2","3","BIENES Y SERVICIOS","2","CONTRATACION DE SERVICIOS","5","ALQUILERES DE MUEBLES E INMUEBLES","1","ALQUILERES DE MUEBLES E INMUEBLES","99","DE OTROS BIENES Y ACTIVOS","0","13000","13000","0","0","0","0","0","0","0","0","0","0","0","0","0","0","0"
"2019","M","GOBIERNOS LOCALES"," "," "," "," ","300331","040101","MUNICIPALIDAD PROVINCIAL DE AREQUIPA","04","AREQUIPA","01","AREQUIPA","01","AREQUIPA","28","0101","INCREMENTO DE LA PRACTICA DE ACTIVIDADES FISICAS, DEPORTIVAS Y RECREATIVAS EN LA POBLACION PERUANA","3","ACTIVIDAD","3000788","POBLACION OBJETIVO ACCEDE A MASIFICACION DEPORTIVA","5005868","DESARROLLO DE CAMPAÑAS DE MASIFICACION DEPORTIVA A LA POBLACION OBJETIVO","21","CULTURA Y DEPORTE","046","DEPORTES","0101","PROMOCION Y DESARROLLO DEPORTIVO","00001","0188115","DESARROLLO DE CAMPAÑAS DE MASIFICACION DEPORTIVA A LA POBLACION OBJETIVO","04","AREQUIPA","5","RECURSOS DETERMINADOS","08","IMPUESTOS MUNICIPALES","0","NORMAL","5","GASTO CORRIENTE","2","3","BIENES Y SERVICIOS","2","CONTRATACION DE SERVICIOS","5","ALQUILERES DE MUEBLES E INMUEBLES","1","ALQUILERES DE MUEBLES E INMUEBLES","99","DE OTROS BIENES Y ACTIVOS","0","0","0","13000","13000","0","0","0","0","0","0","0","13000","0","0","0","0","13000"
"2019","M","GOBIERNOS LOCALES"," "," "," "," ","300331","040101","MUNICIPALIDAD PROVINCIAL DE AREQUIPA","04","AREQUIPA","01","AREQUIPA","01","AREQUIPA","28","0101","INCREMENTO DE LA PRACTICA DE ACTIVIDADES FISICAS, DEPORTIVAS Y RECREATIVAS EN LA POBLACION PERUANA","3","ACTIVIDAD","3000788","POBLACION OBJETIVO ACCEDE A MASIFICACION DEPORTIVA","5005868","DESARROLLO DE CAMPAÑAS DE MASIFICACION DEPORTIVA A LA POBLACION OBJETIVO","21","CULTURA Y DEPORTE","046","DEPORTES","0101","PROMOCION Y DESARROLLO DEPORTIVO","00001","0188115","DESARROLLO DE CAMPAÑAS DE MASIFICACION DEPORTIVA A LA POBLACION OBJETIVO","04","AREQUIPA","5","RECURSOS DETERMINADOS","08","IMPUESTOS MUNICIPALES","0","NORMAL","5","GASTO CORRIENTE","2","3","BIENES Y SERVICIOS","2","CONTRATACION DE SERVICIOS","7","SERVICIOS PROFESIONALES Y TECNICOS","11","OTROS SERVICIOS","99","SERVICIOS DIVERSOS","0","5100","5100","0","0","0","0","0","0","0","0","0","0","0","0","0","0","0"
"2019","M","GOBIERNOS LOCALES"," "," "," "," ","300331","040101","MUNICIPALIDAD PROVINCIAL DE AREQUIPA","04","AREQUIPA","01","AREQUIPA","01","AREQUIPA","28","0101","INCREMENTO DE LA PRACTICA DE ACTIVIDADES FISICAS, DEPORTIVAS Y RECREATIVAS EN LA POBLACION PERUANA","3","ACTIVIDAD","3000788","POBLACION OBJETIVO ACCEDE A MASIFICACION DEPORTIVA","5005868","DESARROLLO DE CAMPAÑAS DE MASIFICACION DEPORTIVA A LA POBLACION OBJETIVO","21","CULTURA Y DEPORTE","046","DEPORTES","0101","PROMOCION Y DESARROLLO DEPORTIVO","00001","0188115","DESARROLLO DE CAMPAÑAS DE MASIFICACION DEPORTIVA A LA POBLACION OBJETIVO","04","AREQUIPA","5","RECURSOS DETERMINADOS","08","IMPUESTOS MUNICIPALES","0","NORMAL","5","GASTO CORRIENTE","2","3","BIENES Y SERVICIOS","2","CONTRATACION DE SERVICIOS","7","SERVICIOS PROFESIONALES Y TECNICOS","11","OTROS SERVICIOS","99","SERVICIOS DIVERSOS","0","0","0","5100","3400","0","0","0","0","0","0","0","0","0","0","0","3400","3400"
"2019","M","GOBIERNOS LOCALES"," "," "," "," ","300331","040101","MUNICIPALIDAD PROVINCIAL DE AREQUIPA","04","AREQUIPA","01","AREQUIPA","01","AREQUIPA","28","0101","INCREMENTO DE LA PRACTICA DE ACTIVIDADES FISICAS, DEPORTIVAS Y RECREATIVAS EN LA POBLACION PERUANA","3","ACTIVIDAD","3000788","POBLACION OBJETIVO ACCEDE A MASIFICACION DEPORTIVA","5005868","DESARROLLO DE CAMPAÑAS DE MASIFICACION DEPORTIVA A LA POBLACION OBJETIVO","21","CULTURA Y DEPORTE","046","DEPORTES","0101","PROMOCION Y DESARROLLO DEPORTIVO","00001","0188115","DESARROLLO DE CAMPAÑAS DE MASIFICACION DEPORTIVA A LA POBLACION OBJETIVO","04","AREQUIPA","5","RECURSOS DETERMINADOS","08","IMPUESTOS MUNICIPALES","0","NORMAL","5","GASTO CORRIENTE","2","3","BIENES Y SERVICIOS","2","CONTRATACION DE SERVICIOS","8","CONTRATO ADMINISTRATIVO DE SERVICIOS","1","CONTRATO ADMINISTRATIVO DE SERVICIOS","1","CONTRATO ADMINISTRATIVO DE SERVICIOS","7500","0","7500","0","0","0","0","0","0","0","0","0","0","0","0","0","0","0"
"2019","M","GOBIERNOS LOCALES"," "," "," "," ","300331","040101","MUNICIPALIDAD PROVINCIAL DE AREQUIPA","04","AREQUIPA","01","AREQUIPA","01","AREQUIPA","28","0101","INCREMENTO DE LA PRACTICA DE ACTIVIDADES FISICAS, DEPORTIVAS Y RECREATIVAS EN LA POBLACION PERUANA","3","ACTIVIDAD","3000788","POBLACION OBJETIVO ACCEDE A MASIFICACION DEPORTIVA","5005868","DESARROLLO DE CAMPAÑAS DE MASIFICACION DEPORTIVA A LA POBLACION OBJETIVO","21","CULTURA Y DEPORTE","046","DEPORTES","0101","PROMOCION Y DESARROLLO DEPORTIVO","00001","0188115","DESARROLLO DE CAMPAÑAS DE MASIFICACION DEPORTIVA A LA POBLACION OBJETIVO","04","AREQUIPA","5","RECURSOS DETERMINADOS","08","IMPUESTOS MUNICIPALES","0","NORMAL","5","GASTO CORRIENTE","2","3","BIENES Y SERVICIOS","2","CONTRATACION DE SERVICIOS","8","CONTRATO ADMINISTRATIVO DE SERVICIOS","1","CONTRATO ADMINISTRATIVO DE SERVICIOS","1","CONTRATO ADMINISTRATIVO DE SERVICIOS","0","0","0","5410.01","5410.01","0","0","0","0","0","0","1114.03","1152.45","0","1114.03","0","1596.67","4977.18"
"2019","M","GOBIERNOS LOCALES"," "," "," "," ","300331","040101","MUNICIPALIDAD PROVINCIAL DE AREQUIPA","04","AREQUIPA","01","AREQUIPA","01","AREQUIPA","28","0101","INCREMENTO DE LA PRACTICA DE ACTIVIDADES FISICAS, DEPORTIVAS Y RECREATIVAS EN LA POBLACION PERUANA","3","ACTIVIDAD","3000788","POBLACION OBJETIVO ACCEDE A MASIFICACION DEPORTIVA","5005868","DESARROLLO DE CAMPAÑAS DE MASIFICACION DEPORTIVA A LA POBLACION OBJETIVO","21","CULTURA Y DEPORTE","046","DEPORTES","0101","PROMOCION Y DESARROLLO DEPORTIVO","00001","0188115","DESARROLLO DE CAMPAÑAS DE MASIFICACION DEPORTIVA A LA POBLACION OBJETIVO","04","AREQUIPA","5","RECURSOS DETERMINADOS","08","IMPUESTOS MUNICIPALES","0","NORMAL","5","GASTO CORRIENTE","2","3","BIENES Y SERVICIOS","2","CONTRATACION DE SERVICIOS","8","CONTRATO ADMINISTRATIVO DE SERVICIOS","1","CONTRATO ADMINISTRATIVO DE SERVICIOS","2","CONTRIBUCIONES A ESSALUD DE C.A.S.","0","341","341","0","0","0","0","0","0","0","0","0","0","0","0","0","0","0"
"2019","M","GOBIERNOS LOCALES"," "," "," "," ","300331","040101","MUNICIPALIDAD PROVINCIAL DE AREQUIPA","04","AREQUIPA","01","AREQUIPA","01","AREQUIPA","28","0101","INCREMENTO DE LA PRACTICA DE ACTIVIDADES FISICAS, DEPORTIVAS Y RECREATIVAS EN LA POBLACION PERUANA","3","ACTIVIDAD","3000788","POBLACION OBJETIVO ACCEDE A MASIFICACION DEPORTIVA","5005868","DESARROLLO DE CAMPAÑAS DE MASIFICACION DEPORTIVA A LA POBLACION OBJETIVO","21","CULTURA Y DEPORTE","046","DEPORTES","0101","PROMOCION Y DESARROLLO DEPORTIVO","00001","0188115","DESARROLLO DE CAMPAÑAS DE MASIFICACION DEPORTIVA A LA POBLACION OBJETIVO","04","AREQUIPA","5","RECURSOS DETERMINADOS","08","IMPUESTOS MUNICIPALES","0","NORMAL","5","GASTO CORRIENTE","2","3","BIENES Y SERVICIOS","2","CONTRATACION DE SERVICIOS","8","CONTRATO ADMINISTRATIVO DE SERVICIOS","1","CONTRATO ADMINISTRATIVO DE SERVICIOS","2","CONTRIBUCIONES A ESSALUD DE C.A.S.","0","0","0","339.90","339.90","0","0","0","0","0","0","0","113.40","0","113.10","0","113.40","339.90"
"2019","M","GOBIERNOS LOCALES"," "," "," "," ","300331","040101","MUNICIPALIDAD PROVINCIAL DE AREQUIPA","04","AREQUIPA","01","AREQUIPA","01","AREQUIPA","28","0101","INCREMENTO DE LA PRACTICA DE ACTIVIDADES FISICAS, DEPORTIVAS Y RECREATIVAS EN LA POBLACION PERUANA","3","ACTIVIDAD","3000788","POBLACION OBJETIVO ACCEDE A MASIFICACION DEPORTIVA","5005868","DESARROLLO DE CAMPAÑAS DE MASIFICACION DEPORTIVA A LA POBLACION OBJETIVO","21","CULTURA Y DEPORTE","046","DEPORTES","0101","PROMOCION Y DESARROLLO DEPORTIVO","00001","0188115","DESARROLLO DE CAMPAÑAS DE MASIFICACION DEPORTIVA A LA POBLACION OBJETIVO","04","AREQUIPA","5","RECURSOS DETERMINADOS","08","IMPUESTOS MUNICIPALES","0","NORMAL","5","GASTO CORRIENTE","2","3","BIENES Y SERVICIOS","2","CONTRATACION DE SERVICIOS","8","CONTRATO ADMINISTRATIVO DE SERVICIOS","1","CONTRATO ADMINISTRATIVO DE SERVICIOS","4","AGUINALDOS DE C.A.S.","0","397","397","0","0","0","0","0","0","0","0","0","0","0","0","0","0","0"
"2019","M","GOBIERNOS LOCALES"," "," "," "," ","300331","040101","MUNICIPALIDAD PROVINCIAL DE AREQUIPA","04","AREQUIPA","01","AREQUIPA","01","AREQUIPA","28","0101","INCREMENTO DE LA PRACTICA DE ACTIVIDADES FISICAS, DEPORTIVAS Y RECREATIVAS EN LA POBLACION PERUANA","3","ACTIVIDAD","3000788","POBLACION OBJETIVO ACCEDE A MASIFICACION DEPORTIVA","5005868","DESARROLLO DE CAMPAÑAS DE MASIFICACION DEPORTIVA A LA POBLACION OBJETIVO","21","CULTURA Y DEPORTE","046","DEPORTES","0101","PROMOCION Y DESARROLLO DEPORTIVO","00001","0188115","DESARROLLO DE CAMPAÑAS DE MASIFICACION DEPORTIVA A LA POBLACION OBJETIVO","04","AREQUIPA","5","RECURSOS DETERMINADOS","08","IMPUESTOS MUNICIPALES","0","NORMAL","5","GASTO CORRIENTE","2","3","BIENES Y SERVICIOS","2","CONTRATACION DE SERVICIOS","8","CONTRATO ADMINISTRATIVO DE SERVICIOS","1","CONTRATO ADMINISTRATIVO DE SERVICIOS","4","AGUINALDOS DE C.A.S.","0","0","0","396.67","396.67","0","0","0","0","0","0","100","0","0","0","0","296.67","396.67"
"2019","M","GOBIERNOS LOCALES"," "," "," "," ","300331","040101","MUNICIPALIDAD PROVINCIAL DE AREQUIPA","04","AREQUIPA","01","AREQUIPA","01","AREQUIPA","28","0101","INCREMENTO DE LA PRACTICA DE ACTIVIDADES FISICAS, DEPORTIVAS Y RECREATIVAS EN LA POBLACION PERUANA","3","ACTIVIDAD","3000788","POBLACION OBJETIVO ACCEDE A MASIFICACION DEPORTIVA","5005868","DESARROLLO DE CAMPAÑAS DE MASIFICACION DEPORTIVA A LA POBLACION OBJETIVO","21","CULTURA Y DEPORTE","046","DEPORTES","0101","PROMOCION Y DESARROLLO DEPORTIVO","00001","0188115","DESARROLLO DE CAMPAÑAS DE MASIFICACION DEPORTIVA A LA POBLACION OBJETIVO","04","AREQUIPA","5","RECURSOS DETERMINADOS","08","IMPUESTOS MUNICIPALES","7","SUB CUENTA - IMPUESTOS MUNICIPALES","5","GASTO CORRIENTE","2","1","PERSONAL Y OBLIGACIONES SOCIALES","1","RETRIBUCIONES Y COMPLEMENTOS EN EFECTIVO","1","PERSONAL ADMINISTRATIVO","1","PERSONAL ADMINISTRATIVO","9","PERSONAL DE CONFIANZA (RÉGIMEN LABORAL PÚBLICO)","0","0","0","0","0","0","461.20","368.96","0","0","0","399.71","0","0","0","0","0","1229.87"
"2019","M","GOBIERNOS LOCALES"," "," "," "," ","300331","040101","MUNICIPALIDAD PROVINCIAL DE AREQUIPA","04","AREQUIPA","01","AREQUIPA","01","AREQUIPA","28","0101","INCREMENTO DE LA PRACTICA DE ACTIVIDADES FISICAS, DEPORTIVAS Y RECREATIVAS EN LA POBLACION PERUANA","3","ACTIVIDAD","3000788","POBLACION OBJETIVO ACCEDE A MASIFICACION DEPORTIVA","5005868","DESARROLLO DE CAMPAÑAS DE MASIFICACION DEPORTIVA A LA POBLACION OBJETIVO","21","CULTURA Y DEPORTE","046","DEPORTES","0101","PROMOCION Y DESARROLLO DEPORTIVO","00001","0188115","DESARROLLO DE CAMPAÑAS DE MASIFICACION DEPORTIVA A LA POBLACION OBJETIVO","04","AREQUIPA","5","RECURSOS DETERMINADOS","08","IMPUESTOS MUNICIPALES","7","SUB CUENTA - IMPUESTOS MUNICIPALES","5","GASTO CORRIENTE","2","3","BIENES Y SERVICIOS","2","CONTRATACION DE SERVICIOS","8","CONTRATO ADMINISTRATIVO DE SERVICIOS","1","CONTRATO ADMINISTRATIVO DE SERVICIOS","1","CONTRATO ADMINISTRATIVO DE SERVICIOS","0","0","0","0","0","0","0","0","0","0","0","142.64","147.55","0","142.64","0","0","432.83"
"2019","M","GOBIERNOS LOCALES"," "," "," "," ","300331","040101","MUNICIPALIDAD PROVINCIAL DE AREQUIPA","04","AREQUIPA","01","AREQUIPA","01","AREQUIPA","87","9002","ASIGNACIONES PRESUPUESTARIAS QUE NO RESULTAN EN PRODUCTOS","3","ACTIVIDAD","3999999","SIN PRODUCTO","5000637","DEPORTE FUNDAMENTAL","21","CULTURA Y DEPORTE","046","DEPORTES","0101","PROMOCION Y DESARROLLO DEPORTIVO","00001","0001499","FOMENTAR EL DEPORTE Y LA RECREACION","04","AREQUIPA","2","RECURSOS DIRECTAMENTE RECAUDADOS","09","RECURSOS DIRECTAMENTE RECAUDADOS","0","NORMAL","5","GASTO CORRIENTE","2","1","PERSONAL Y OBLIGACIONES SOCIALES","1","RETRIBUCIONES Y COMPLEMENTOS EN EFECTIVO","1","PERSONAL ADMINISTRATIVO","1","PERSONAL ADMINISTRATIVO","2","PERSONAL ADMINISTRATIVO NOMBRADO (REGIMEN PUBLICO)","38267","-38267","0","0","0","0","0","0","0","0","0","0","0","0","0","0","0","0"
"2019","M","GOBIERNOS LOCALES"," "," "," "," ","300331","040101","MUNICIPALIDAD PROVINCIAL DE AREQUIPA","04","AREQUIPA","01","AREQUIPA","01","AREQUIPA","87","9002","ASIGNACIONES PRESUPUESTARIAS QUE NO RESULTAN EN PRODUCTOS","3","ACTIVIDAD","3999999","SIN PRODUCTO","5000637","DEPORTE FUNDAMENTAL","21","CULTURA Y DEPORTE","046","DEPORTES","0101","PROMOCION Y DESARROLLO DEPORTIVO","00001","0001499","FOMENTAR EL DEPORTE Y LA RECREACION","04","AREQUIPA","2","RECURSOS DIRECTAMENTE RECAUDADOS","09","RECURSOS DIRECTAMENTE RECAUDADOS","0","NORMAL","5","GASTO CORRIENTE","2","1","PERSONAL Y OBLIGACIONES SOCIALES","1","RETRIBUCIONES Y COMPLEMENTOS EN EFECTIVO","1","PERSONAL ADMINISTRATIVO","2","OTRAS RETRIBUCIONES Y COMPLEMENTOS","99","OTRAS RETRIBUCIONES Y COMPLEMENTOS","12096","-12096","0","0","0","0","0","0","0","0","0","0","0","0","0","0","0","0"
"2019","M","GOBIERNOS LOCALES"," "," "," "," ","300331","040101","MUNICIPALIDAD PROVINCIAL DE AREQUIPA","04","AREQUIPA","01","AREQUIPA","01","AREQUIPA","87","9002","ASIGNACIONES PRESUPUESTARIAS QUE NO RESULTAN EN PRODUCTOS","3","ACTIVIDAD","3999999","SIN PRODUCTO","5000637","DEPORTE FUNDAMENTAL","21","CULTURA Y DEPORTE","046","DEPORTES","0101","PROMOCION Y DESARROLLO DEPORTIVO","00001","0001499","FOMENTAR EL DEPORTE Y LA RECREACION","04","AREQUIPA","2","RECURSOS DIRECTAMENTE RECAUDADOS","09","RECURSOS DIRECTAMENTE RECAUDADOS","0","NORMAL","5","GASTO CORRIENTE","2","1","PERSONAL Y OBLIGACIONES SOCIALES","1","RETRIBUCIONES Y COMPLEMENTOS EN EFECTIVO","9","GASTOS VARIABLES Y OCASIONALES","1","ESCOLARIDAD, AGUINALDOS Y GRATIFICACIONES","3","BONIFICACION POR ESCOLARIDAD","7891","-7891","0","0","0","0","0","0","0","0","0","0","0","0","0","0","0","0"
"2019","M","GOBIERNOS LOCALES"," "," "," "," ","300331","040101","MUNICIPALIDAD PROVINCIAL DE AREQUIPA","04","AREQUIPA","01","AREQUIPA","01","AREQUIPA","87","9002","ASIGNACIONES PRESUPUESTARIAS QUE NO RESULTAN EN PRODUCTOS","3","ACTIVIDAD","3999999","SIN PRODUCTO","5000637","DEPORTE FUNDAMENTAL","21","CULTURA Y DEPORTE","046","DEPORTES","0101","PROMOCION Y DESARROLLO DEPORTIVO","00001","0001499","FOMENTAR EL DEPORTE Y LA RECREACION","04","AREQUIPA","2","RECURSOS DIRECTAMENTE RECAUDADOS","09","RECURSOS DIRECTAMENTE RECAUDADOS","0","NORMAL","5","GASTO CORRIENTE","2","1","PERSONAL Y OBLIGACIONES SOCIALES","1","RETRIBUCIONES Y COMPLEMENTOS EN EFECTIVO","9","GASTOS VARIABLES Y OCASIONALES","3","OTROS GASTOS VARIABLES Y OCASIONALES","2","BONIFICACION ADICIONAL POR VACACIONES","1330","-1330","0","0","0","0","0","0","0","0","0","0","0","0","0","0","0","0"
"2019","M","GOBIERNOS LOCALES"," "," "," "," ","300331","040101","MUNICIPALIDAD PROVINCIAL DE AREQUIPA","04","AREQUIPA","01","AREQUIPA","01","AREQUIPA","87","9002","ASIGNACIONES PRESUPUESTARIAS QUE NO RESULTAN EN PRODUCTOS","3","ACTIVIDAD","3999999","SIN PRODUCTO","5000637","DEPORTE FUNDAMENTAL","21","CULTURA Y DEPORTE","046","DEPORTES","0101","PROMOCION Y DESARROLLO DEPORTIVO","00001","0001499","FOMENTAR EL DEPORTE Y LA RECREACION","04","AREQUIPA","2","RECURSOS DIRECTAMENTE RECAUDADOS","09","RECURSOS DIRECTAMENTE RECAUDADOS","0","NORMAL","5","GASTO CORRIENTE","2","1","PERSONAL Y OBLIGACIONES SOCIALES","3","CONTRIBUCIONES A LA SEGURIDAD SOCIAL","1","OBLIGACIONES DEL EMPLEADOR","1","OBLIGACIONES DEL EMPLEADOR","5","CONTRIBUCIONES A ESSALUD","5643","-5643","0","0","0","0","0","0","0","0","0","0","0","0","0","0","0","0"
"2019","M","GOBIERNOS LOCALES"," "," "," "," ","300331","040101","MUNICIPALIDAD PROVINCIAL DE AREQUIPA","04","AREQUIPA","01","AREQUIPA","01","AREQUIPA","87","9002","ASIGNACIONES PRESUPUESTARIAS QUE NO RESULTAN EN PRODUCTOS","3","ACTIVIDAD","3999999","SIN PRODUCTO","5000637","DEPORTE FUNDAMENTAL","21","CULTURA Y DEPORTE","046","DEPORTES","0101","PROMOCION Y DESARROLLO DEPORTIVO","00001","0001499","FOMENTAR EL DEPORTE Y LA RECREACION","04","AREQUIPA","5","RECURSOS DETERMINADOS","07","FONDO DE COMPENSACION MUNICIPAL","0","NORMAL","5","GASTO CORRIENTE","2","1","PERSONAL Y OBLIGACIONES SOCIALES","1","RETRIBUCIONES Y COMPLEMENTOS EN EFECTIVO","1","PERSONAL ADMINISTRATIVO","1","PERSONAL ADMINISTRATIVO","2","PERSONAL ADMINISTRATIVO NOMBRADO (REGIMEN PUBLICO)","19496","-19496","0","0","0","0","0","0","0","0","0","0","0","0","0","0","0","0"
"2019","M","GOBIERNOS LOCALES"," "," "," "," ","300331","040101","MUNICIPALIDAD PROVINCIAL DE AREQUIPA","04","AREQUIPA","01","AREQUIPA","01","AREQUIPA","87","9002","ASIGNACIONES PRESUPUESTARIAS QUE NO RESULTAN EN PRODUCTOS","3","ACTIVIDAD","3999999","SIN PRODUCTO","5000637","DEPORTE FUNDAMENTAL","21","CULTURA Y DEPORTE","046","DEPORTES","0101","PROMOCION Y DESARROLLO DEPORTIVO","00001","0001499","FOMENTAR EL DEPORTE Y LA RECREACION","04","AREQUIPA","5","RECURSOS DETERMINADOS","07","FONDO DE COMPENSACION MUNICIPAL","0","NORMAL","5","GASTO CORRIENTE","2","1","PERSONAL Y OBLIGACIONES SOCIALES","3","CONTRIBUCIONES A LA SEGURIDAD SOCIAL","1","OBLIGACIONES DEL EMPLEADOR","1","OBLIGACIONES DEL EMPLEADOR","5","CONTRIBUCIONES A ESSALUD","2064","-2064","0","0","0","0","0","0","0","0","0","0","0","0","0","0","0","0"
"2019","M","GOBIERNOS LOCALES"," "," "," "," ","300331","040101","MUNICIPALIDAD PROVINCIAL DE AREQUIPA","04","AREQUIPA","01","AREQUIPA","01","AREQUIPA","87","9002","ASIGNACIONES PRESUPUESTARIAS QUE NO RESULTAN EN PRODUCTOS","3","ACTIVIDAD","3999999","SIN PRODUCTO","5000637","DEPORTE FUNDAMENTAL","21","CULTURA Y DEPORTE","046","DEPORTES","0101","PROMOCION Y DESARROLLO DEPORTIVO","00001","0001499","FOMENTAR EL DEPORTE Y LA RECREACION","04","AREQUIPA","5","RECURSOS DETERMINADOS","08","IMPUESTOS MUNICIPALES","0","NORMAL","5","GASTO CORRIENTE","2","1","PERSONAL Y OBLIGACIONES SOCIALES","1","RETRIBUCIONES Y COMPLEMENTOS EN EFECTIVO","1","PERSONAL ADMINISTRATIVO","1","PERSONAL ADMINISTRATIVO","2","PERSONAL ADMINISTRATIVO NOMBRADO (REGIMEN PUBLICO)","57936","-57936","0","0","0","0","0","0","0","0","0","0","0","0","0","0","0","0"
"2019","M","GOBIERNOS LOCALES"," "," "," "," ","300331","040101","MUNICIPALIDAD PROVINCIAL DE AREQUIPA","04","AREQUIPA","01","AREQUIPA","01","AREQUIPA","87","9002","ASIGNACIONES PRESUPUESTARIAS QUE NO RESULTAN EN PRODUCTOS","3","ACTIVIDAD","3999999","SIN PRODUCTO","5000637","DEPORTE FUNDAMENTAL","21","CULTURA Y DEPORTE","046","DEPORTES","0101","PROMOCION Y DESARROLLO DEPORTIVO","00001","0001499","FOMENTAR EL DEPORTE Y LA RECREACION","04","AREQUIPA","5","RECURSOS DETERMINADOS","08","IMPUESTOS MUNICIPALES","0","NORMAL","5","GASTO CORRIENTE","2","1","PERSONAL Y OBLIGACIONES SOCIALES","3","CONTRIBUCIONES A LA SEGURIDAD SOCIAL","1","OBLIGACIONES DEL EMPLEADOR","1","OBLIGACIONES DEL EMPLEADOR","5","CONTRIBUCIONES A ESSALUD","3955","-3955","0","0","0","0","0","0","0","0","0","0","0","0","0","0","0","0"
"2019","M","GOBIERNOS LOCALES"," "," "," "," ","300331","040101","MUNICIPALIDAD PROVINCIAL DE AREQUIPA","04","AREQUIPA","01","AREQUIPA","01","AREQUIPA","101","9002","ASIGNACIONES PRESUPUESTARIAS QUE NO RESULTAN EN PRODUCTOS","3","ACTIVIDAD","3999999","SIN PRODUCTO","5001080","PROMOCION DEL DESARROLLO INTEGRAL DE LA JUVENTUD","21","CULTURA Y DEPORTE","046","DEPORTES","0101","PROMOCION Y DESARROLLO DEPORTIVO","00001","0001499","FOMENTAR EL DEPORTE Y LA RECREACION","04","AREQUIPA","2","RECURSOS DIRECTAMENTE RECAUDADOS","09","RECURSOS DIRECTAMENTE RECAUDADOS","0","NORMAL","5","GASTO CORRIENTE","2","1","PERSONAL Y OBLIGACIONES SOCIALES","1","RETRIBUCIONES Y COMPLEMENTOS EN EFECTIVO","1","PERSONAL ADMINISTRATIVO","1","PERSONAL ADMINISTRATIVO","2","PERSONAL ADMINISTRATIVO NOMBRADO (REGIMEN PUBLICO)","0","10006","10006","0","0","0","0","0","0","0","0","0","0","0","0","0","0","0"
"2019","M","GOBIERNOS LOCALES"," "," "," "," ","300331","040101","MUNICIPALIDAD PROVINCIAL DE AREQUIPA","04","AREQUIPA","01","AREQUIPA","01","AREQUIPA","101","9002","ASIGNACIONES PRESUPUESTARIAS QUE NO RESULTAN EN PRODUCTOS","3","ACTIVIDAD","3999999","SIN PRODUCTO","5001080","PROMOCION DEL DESARROLLO INTEGRAL DE LA JUVENTUD","21","CULTURA Y DEPORTE","046","DEPORTES","0101","PROMOCION Y DESARROLLO DEPORTIVO","00001","0001499","FOMENTAR EL DEPORTE Y LA RECREACION","04","AREQUIPA","2","RECURSOS DIRECTAMENTE RECAUDADOS","09","RECURSOS DIRECTAMENTE RECAUDADOS","0","NORMAL","5","GASTO CORRIENTE","2","1","PERSONAL Y OBLIGACIONES SOCIALES","1","RETRIBUCIONES Y COMPLEMENTOS EN EFECTIVO","1","PERSONAL ADMINISTRATIVO","1","PERSONAL ADMINISTRATIVO","2","PERSONAL ADMINISTRATIVO NOMBRADO (REGIMEN PUBLICO)","0","0","0","10005.62","10005.62","0","0","0","0","0","0","0","0","0","0","0","0","0"
"2019","M","GOBIERNOS LOCALES"," "," "," "," ","300331","040101","MUNICIPALIDAD PROVINCIAL DE AREQUIPA","04","AREQUIPA","01","AREQUIPA","01","AREQUIPA","101","9002","ASIGNACIONES PRESUPUESTARIAS QUE NO RESULTAN EN PRODUCTOS","3","ACTIVIDAD","3999999","SIN PRODUCTO","5001080","PROMOCION DEL DESARROLLO INTEGRAL DE LA JUVENTUD","21","CULTURA Y DEPORTE","046","DEPORTES","0101","PROMOCION Y DESARROLLO DEPORTIVO","00001","0001499","FOMENTAR EL DEPORTE Y LA RECREACION","04","AREQUIPA","2","RECURSOS DIRECTAMENTE RECAUDADOS","09","RECURSOS DIRECTAMENTE RECAUDADOS","0","NORMAL","5","GASTO CORRIENTE","2","1","PERSONAL Y OBLIGACIONES SOCIALES","1","RETRIBUCIONES Y COMPLEMENTOS EN EFECTIVO","1","PERSONAL ADMINISTRATIVO","1","PERSONAL ADMINISTRATIVO","9","PERSONAL DE CONFIANZA (RÉGIMEN LABORAL PÚBLICO)","0","27996","27996","0","0","0","0","0","0","0","0","0","0","0","0","0","0","0"
"2019","M","GOBIERNOS LOCALES"," "," "," "," ","300331","040101","MUNICIPALIDAD PROVINCIAL DE AREQUIPA","04","AREQUIPA","01","AREQUIPA","01","AREQUIPA","101","9002","ASIGNACIONES PRESUPUESTARIAS QUE NO RESULTAN EN PRODUCTOS","3","ACTIVIDAD","3999999","SIN PRODUCTO","5001080","PROMOCION DEL DESARROLLO INTEGRAL DE LA JUVENTUD","21","CULTURA Y DEPORTE","046","DEPORTES","0101","PROMOCION Y DESARROLLO DEPORTIVO","00001","0001499","FOMENTAR EL DEPORTE Y LA RECREACION","04","AREQUIPA","2","RECURSOS DIRECTAMENTE RECAUDADOS","09","RECURSOS DIRECTAMENTE RECAUDADOS","0","NORMAL","5","GASTO CORRIENTE","2","1","PERSONAL Y OBLIGACIONES SOCIALES","1","RETRIBUCIONES Y COMPLEMENTOS EN EFECTIVO","1","PERSONAL ADMINISTRATIVO","1","PERSONAL ADMINISTRATIVO","9","PERSONAL DE CONFIANZA (RÉGIMEN LABORAL PÚBLICO)","0","0","0","27995.60","27995.60","0","0","0","0","0","0","0","0","0","0","0","0","0"
"2019","M","GOBIERNOS LOCALES"," "," "," "," ","300331","040101","MUNICIPALIDAD PROVINCIAL DE AREQUIPA","04","AREQUIPA","01","AREQUIPA","01","AREQUIPA","101","9002","ASIGNACIONES PRESUPUESTARIAS QUE NO RESULTAN EN PRODUCTOS","3","ACTIVIDAD","3999999","SIN PRODUCTO","5001080","PROMOCION DEL DESARROLLO INTEGRAL DE LA JUVENTUD","21","CULTURA Y DEPORTE","046","DEPORTES","0101","PROMOCION Y DESARROLLO DEPORTIVO","00001","0001499","FOMENTAR EL DEPORTE Y LA RECREACION","04","AREQUIPA","2","RECURSOS DIRECTAMENTE RECAUDADOS","09","RECURSOS DIRECTAMENTE RECAUDADOS","0","NORMAL","5","GASTO CORRIENTE","2","1","PERSONAL Y OBLIGACIONES SOCIALES","1","RETRIBUCIONES Y COMPLEMENTOS EN EFECTIVO","1","PERSONAL ADMINISTRATIVO","2","OTRAS RETRIBUCIONES Y COMPLEMENTOS","99","OTRAS RETRIBUCIONES Y COMPLEMENTOS","0","14554","14554","0","0","0","0","0","0","0","0","0","0","0","0","0","0","0"
"2019","M","GOBIERNOS LOCALES"," "," "," "," ","300331","040101","MUNICIPALIDAD PROVINCIAL DE AREQUIPA","04","AREQUIPA","01","AREQUIPA","01","AREQUIPA","101","9002","ASIGNACIONES PRESUPUESTARIAS QUE NO RESULTAN EN PRODUCTOS","3","ACTIVIDAD","3999999","SIN PRODUCTO","5001080","PROMOCION DEL DESARROLLO INTEGRAL DE LA JUVENTUD","21","CULTURA Y DEPORTE","046","DEPORTES","0101","PROMOCION Y DESARROLLO DEPORTIVO","00001","0001499","FOMENTAR EL DEPORTE Y LA RECREACION","04","AREQUIPA","2","RECURSOS DIRECTAMENTE RECAUDADOS","09","RECURSOS DIRECTAMENTE RECAUDADOS","0","NORMAL","5","GASTO CORRIENTE","2","1","PERSONAL Y OBLIGACIONES SOCIALES","1","RETRIBUCIONES Y COMPLEMENTOS EN EFECTIVO","1","PERSONAL ADMINISTRATIVO","2","OTRAS RETRIBUCIONES Y COMPLEMENTOS","99","OTRAS RETRIBUCIONES Y COMPLEMENTOS","0","0","0","13951.67","13951.67","0","0","0","0","0","0","0","0","0","0","0","0","0"
"2019","M","GOBIERNOS LOCALES"," "," "," "," ","300331","040101","MUNICIPALIDAD PROVINCIAL DE AREQUIPA","04","AREQUIPA","01","AREQUIPA","01","AREQUIPA","101","9002","ASIGNACIONES PRESUPUESTARIAS QUE NO RESULTAN EN PRODUCTOS","3","ACTIVIDAD","3999999","SIN PRODUCTO","5001080","PROMOCION DEL DESARROLLO INTEGRAL DE LA JUVENTUD","21","CULTURA Y DEPORTE","046","DEPORTES","0101","PROMOCION Y DESARROLLO DEPORTIVO","00001","0001499","FOMENTAR EL DEPORTE Y LA RECREACION","04","AREQUIPA","2","RECURSOS DIRECTAMENTE RECAUDADOS","09","RECURSOS DIRECTAMENTE RECAUDADOS","0","NORMAL","5","GASTO CORRIENTE","2","1","PERSONAL Y OBLIGACIONES SOCIALES","1","RETRIBUCIONES Y COMPLEMENTOS EN EFECTIVO","9","GASTOS VARIABLES Y OCASIONALES","1","ESCOLARIDAD, AGUINALDOS Y GRATIFICACIONES","2","AGUINALDOS","0","27551","27551","0","0","0","0","0","0","0","0","0","0","0","0","0","0","0"
"2019","M","GOBIERNOS LOCALES"," "," "," "," ","300331","040101","MUNICIPALIDAD PROVINCIAL DE AREQUIPA","04","AREQUIPA","01","AREQUIPA","01","AREQUIPA","101","9002","ASIGNACIONES PRESUPUESTARIAS QUE NO RESULTAN EN PRODUCTOS","3","ACTIVIDAD","3999999","SIN PRODUCTO","5001080","PROMOCION DEL DESARROLLO INTEGRAL DE LA JUVENTUD","21","CULTURA Y DEPORTE","046","DEPORTES","0101","PROMOCION Y DESARROLLO DEPORTIVO","00001","0001499","FOMENTAR EL DEPORTE Y LA RECREACION","04","AREQUIPA","2","RECURSOS DIRECTAMENTE RECAUDADOS","09","RECURSOS DIRECTAMENTE RECAUDADOS","0","NORMAL","5","GASTO CORRIENTE","2","1","PERSONAL Y OBLIGACIONES SOCIALES","1","RETRIBUCIONES Y COMPLEMENTOS EN EFECTIVO","9","GASTOS VARIABLES Y OCASIONALES","1","ESCOLARIDAD, AGUINALDOS Y GRATIFICACIONES","2","AGUINALDOS","0","0","0","27550.59","27550.59","0","0","0","0","0","0","0","0","0","0","0","0","0"
"2019","M","GOBIERNOS LOCALES"," "," "," "," ","300331","040101","MUNICIPALIDAD PROVINCIAL DE AREQUIPA","04","AREQUIPA","01","AREQUIPA","01","AREQUIPA","101","9002","ASIGNACIONES PRESUPUESTARIAS QUE NO RESULTAN EN PRODUCTOS","3","ACTIVIDAD","3999999","SIN PRODUCTO","5001080","PROMOCION DEL DESARROLLO INTEGRAL DE LA JUVENTUD","21","CULTURA Y DEPORTE","046","DEPORTES","0101","PROMOCION Y DESARROLLO DEPORTIVO","00001","0001499","FOMENTAR EL DEPORTE Y LA RECREACION","04","AREQUIPA","2","RECURSOS DIRECTAMENTE RECAUDADOS","09","RECURSOS DIRECTAMENTE RECAUDADOS","0","NORMAL","5","GASTO CORRIENTE","2","1","PERSONAL Y OBLIGACIONES SOCIALES","1","RETRIBUCIONES Y COMPLEMENTOS EN EFECTIVO","9","GASTOS VARIABLES Y OCASIONALES","1","ESCOLARIDAD, AGUINALDOS Y GRATIFICACIONES","3","BONIFICACION POR ESCOLARIDAD","0","3600","3600","0","0","0","0","0","0","0","0","0","0","0","0","0","0","0"
"2019","M","GOBIERNOS LOCALES"," "," "," "," ","300331","040101","MUNICIPALIDAD PROVINCIAL DE AREQUIPA","04","AREQUIPA","01","AREQUIPA","01","AREQUIPA","101","9002","ASIGNACIONES PRESUPUESTARIAS QUE NO RESULTAN EN PRODUCTOS","3","ACTIVIDAD","3999999","SIN PRODUCTO","5001080","PROMOCION DEL DESARROLLO INTEGRAL DE LA JUVENTUD","21","CULTURA Y DEPORTE","046","DEPORTES","0101","PROMOCION Y DESARROLLO DEPORTIVO","00001","0001499","FOMENTAR EL DEPORTE Y LA RECREACION","04","AREQUIPA","2","RECURSOS DIRECTAMENTE RECAUDADOS","09","RECURSOS DIRECTAMENTE RECAUDADOS","0","NORMAL","5","GASTO CORRIENTE","2","1","PERSONAL Y OBLIGACIONES SOCIALES","1","RETRIBUCIONES Y COMPLEMENTOS EN EFECTIVO","9","GASTOS VARIABLES Y OCASIONALES","1","ESCOLARIDAD, AGUINALDOS Y GRATIFICACIONES","3","BONIFICACION POR ESCOLARIDAD","0","0","0","3600","3600","0","0","0","0","0","0","0","0","0","0","0","0","0"
"2019","M","GOBIERNOS LOCALES"," "," "," "," ","300331","040101","MUNICIPALIDAD PROVINCIAL DE AREQUIPA","04","AREQUIPA","01","AREQUIPA","01","AREQUIPA","101","9002","ASIGNACIONES PRESUPUESTARIAS QUE NO RESULTAN EN PRODUCTOS","3","ACTIVIDAD","3999999","SIN PRODUCTO","5001080","PROMOCION DEL DESARROLLO INTEGRAL DE LA JUVENTUD","21","CULTURA Y DEPORTE","046","DEPORTES","0101","PROMOCION Y DESARROLLO DEPORTIVO","00001","0001499","FOMENTAR EL DEPORTE Y LA RECREACION","04","AREQUIPA","2","RECURSOS DIRECTAMENTE RECAUDADOS","09","RECURSOS DIRECTAMENTE RECAUDADOS","0","NORMAL","5","GASTO CORRIENTE","2","1","PERSONAL Y OBLIGACIONES SOCIALES","3","CONTRIBUCIONES A LA SEGURIDAD SOCIAL","1","OBLIGACIONES DEL EMPLEADOR","1","OBLIGACIONES DEL EMPLEADOR","5","CONTRIBUCIONES A ESSALUD","0","9366","9366","0","0","0","0","0","0","0","0","0","0","0","0","0","0","0"
"2019","M","GOBIERNOS LOCALES"," "," "," "," ","300331","040101","MUNICIPALIDAD PROVINCIAL DE AREQUIPA","04","AREQUIPA","01","AREQUIPA","01","AREQUIPA","101","9002","ASIGNACIONES PRESUPUESTARIAS QUE NO RESULTAN EN PRODUCTOS","3","ACTIVIDAD","3999999","SIN PRODUCTO","5001080","PROMOCION DEL DESARROLLO INTEGRAL DE LA JUVENTUD","21","CULTURA Y DEPORTE","046","DEPORTES","0101","PROMOCION Y DESARROLLO DEPORTIVO","00001","0001499","FOMENTAR EL DEPORTE Y LA RECREACION","04","AREQUIPA","2","RECURSOS DIRECTAMENTE RECAUDADOS","09","RECURSOS DIRECTAMENTE RECAUDADOS","0","NORMAL","5","GASTO CORRIENTE","2","1","PERSONAL Y OBLIGACIONES SOCIALES","3","CONTRIBUCIONES A LA SEGURIDAD SOCIAL","1","OBLIGACIONES DEL EMPLEADOR","1","OBLIGACIONES DEL EMPLEADOR","5","CONTRIBUCIONES A ESSALUD","0","0","0","9087","9086.04","0","0","0","0","0","0","0","0","0","0","0","0","0"
"2019","M","GOBIERNOS LOCALES"," "," "," "," ","300331","040101","MUNICIPALIDAD PROVINCIAL DE AREQUIPA","04","AREQUIPA","01","AREQUIPA","01","AREQUIPA","101","9002","ASIGNACIONES PRESUPUESTARIAS QUE NO RESULTAN EN PRODUCTOS","3","ACTIVIDAD","3999999","SIN PRODUCTO","5001080","PROMOCION DEL DESARROLLO INTEGRAL DE LA JUVENTUD","21","CULTURA Y DEPORTE","046","DEPORTES","0101","PROMOCION Y DESARROLLO DEPORTIVO","00001","0001499","FOMENTAR EL DEPORTE Y LA RECREACION","04","AREQUIPA","2","RECURSOS DIRECTAMENTE RECAUDADOS","09","RECURSOS DIRECTAMENTE RECAUDADOS","0","NORMAL","5","GASTO CORRIENTE","2","3","BIENES Y SERVICIOS","2","CONTRATACION DE SERVICIOS","8","CONTRATO ADMINISTRATIVO DE SERVICIOS","1","CONTRATO ADMINISTRATIVO DE SERVICIOS","2","CONTRIBUCIONES A ESSALUD DE C.A.S.","0","108","108","0","0","0","0","0","0","0","0","0","0","0","0","0","0","0"
"2019","M","GOBIERNOS LOCALES"," "," "," "," ","300331","040101","MUNICIPALIDAD PROVINCIAL DE AREQUIPA","04","AREQUIPA","01","AREQUIPA","01","AREQUIPA","101","9002","ASIGNACIONES PRESUPUESTARIAS QUE NO RESULTAN EN PRODUCTOS","3","ACTIVIDAD","3999999","SIN PRODUCTO","5001080","PROMOCION DEL DESARROLLO INTEGRAL DE LA JUVENTUD","21","CULTURA Y DEPORTE","046","DEPORTES","0101","PROMOCION Y DESARROLLO DEPORTIVO","00001","0001499","FOMENTAR EL DEPORTE Y LA RECREACION","04","AREQUIPA","2","RECURSOS DIRECTAMENTE RECAUDADOS","09","RECURSOS DIRECTAMENTE RECAUDADOS","0","NORMAL","5","GASTO CORRIENTE","2","3","BIENES Y SERVICIOS","2","CONTRATACION DE SERVICIOS","8","CONTRATO ADMINISTRATIVO DE SERVICIOS","1","CONTRATO ADMINISTRATIVO DE SERVICIOS","2","CONTRIBUCIONES A ESSALUD DE C.A.S.","0","0","0","108","108","0","0","0","0","0","0","0","0","0","0","0","0","0"
"2019","M","GOBIERNOS LOCALES"," "," "," "," ","300331","040101","MUNICIPALIDAD PROVINCIAL DE AREQUIPA","04","AREQUIPA","01","AREQUIPA","01","AREQUIPA","101","9002","ASIGNACIONES PRESUPUESTARIAS QUE NO RESULTAN EN PRODUCTOS","3","ACTIVIDAD","3999999","SIN PRODUCTO","5001080","PROMOCION DEL DESARROLLO INTEGRAL DE LA JUVENTUD","21","CULTURA Y DEPORTE","046","DEPORTES","0101","PROMOCION Y DESARROLLO DEPORTIVO","00001","0001499","FOMENTAR EL DEPORTE Y LA RECREACION","04","AREQUIPA","2","RECURSOS DIRECTAMENTE RECAUDADOS","09","RECURSOS DIRECTAMENTE RECAUDADOS","1","UNIVERSIDADES / GOB. LOCALES","5","GASTO CORRIENTE","2","1","PERSONAL Y OBLIGACIONES SOCIALES","1","RETRIBUCIONES Y COMPLEMENTOS EN EFECTIVO","1","PERSONAL ADMINISTRATIVO","1","PERSONAL ADMINISTRATIVO","2","PERSONAL ADMINISTRATIVO NOMBRADO (REGIMEN PUBLICO)","0","0","0","0","0","0","0","0","0","7809.62","0","0","0","0","0","0","0","7809.62"
"2019","M","GOBIERNOS LOCALES"," "," "," "," ","300331","040101","MUNICIPALIDAD PROVINCIAL DE AREQUIPA","04","AREQUIPA","01","AREQUIPA","01","AREQUIPA","101","9002","ASIGNACIONES PRESUPUESTARIAS QUE NO RESULTAN EN PRODUCTOS","3","ACTIVIDAD","3999999","SIN PRODUCTO","5001080","PROMOCION DEL DESARROLLO INTEGRAL DE LA JUVENTUD","21","CULTURA Y DEPORTE","046","DEPORTES","0101","PROMOCION Y DESARROLLO DEPORTIVO","00001","0001499","FOMENTAR EL DEPORTE Y LA RECREACION","04","AREQUIPA","2","RECURSOS DIRECTAMENTE RECAUDADOS","09","RECURSOS DIRECTAMENTE RECAUDADOS","1","UNIVERSIDADES / GOB. LOCALES","5","GASTO CORRIENTE","2","1","PERSONAL Y OBLIGACIONES SOCIALES","1","RETRIBUCIONES Y COMPLEMENTOS EN EFECTIVO","1","PERSONAL ADMINISTRATIVO","1","PERSONAL ADMINISTRATIVO","9","PERSONAL DE CONFIANZA (RÉGIMEN LABORAL PÚBLICO)","0","0","0","0","0","0","0","0","0","4000","4000","4000","4000","4000","4000","3995.60","0","27995.60"
"2019","M","GOBIERNOS LOCALES"," "," "," "," ","300331","040101","MUNICIPALIDAD PROVINCIAL DE AREQUIPA","04","AREQUIPA","01","AREQUIPA","01","AREQUIPA","101","9002","ASIGNACIONES PRESUPUESTARIAS QUE NO RESULTAN EN PRODUCTOS","3","ACTIVIDAD","3999999","SIN PRODUCTO","5001080","PROMOCION DEL DESARROLLO INTEGRAL DE LA JUVENTUD","21","CULTURA Y DEPORTE","046","DEPORTES","0101","PROMOCION Y DESARROLLO DEPORTIVO","00001","0001499","FOMENTAR EL DEPORTE Y LA RECREACION","04","AREQUIPA","2","RECURSOS DIRECTAMENTE RECAUDADOS","09","RECURSOS DIRECTAMENTE RECAUDADOS","1","UNIVERSIDADES / GOB. LOCALES","5","GASTO CORRIENTE","2","1","PERSONAL Y OBLIGACIONES SOCIALES","1","RETRIBUCIONES Y COMPLEMENTOS EN EFECTIVO","1","PERSONAL ADMINISTRATIVO","2","OTRAS RETRIBUCIONES Y COMPLEMENTOS","99","OTRAS RETRIBUCIONES Y COMPLEMENTOS","0","0","0","0","0","0","1237.50","1260","1302.50","1332.50","1303.33","1245","1281.67","1325","1281.67","1195","1187.50","13951.67"
"2019","M","GOBIERNOS LOCALES"," "," "," "," ","300331","040101","MUNICIPALIDAD PROVINCIAL DE AREQUIPA","04","AREQUIPA","01","AREQUIPA","01","AREQUIPA","101","9002","ASIGNACIONES PRESUPUESTARIAS QUE NO RESULTAN EN PRODUCTOS","3","ACTIVIDAD","3999999","SIN PRODUCTO","5001080","PROMOCION DEL DESARROLLO INTEGRAL DE LA JUVENTUD","21","CULTURA Y DEPORTE","046","DEPORTES","0101","PROMOCION Y DESARROLLO DEPORTIVO","00001","0001499","FOMENTAR EL DEPORTE Y LA RECREACION","04","AREQUIPA","2","RECURSOS DIRECTAMENTE RECAUDADOS","09","RECURSOS DIRECTAMENTE RECAUDADOS","1","UNIVERSIDADES / GOB. LOCALES","5","GASTO CORRIENTE","2","1","PERSONAL Y OBLIGACIONES SOCIALES","1","RETRIBUCIONES Y COMPLEMENTOS EN EFECTIVO","9","GASTOS VARIABLES Y OCASIONALES","1","ESCOLARIDAD, AGUINALDOS Y GRATIFICACIONES","2","AGUINALDOS","0","0","0","0","0","0","0","0","0","0","0","13382.30","0","0","0","0","14168.29","27550.59"
"2019","M","GOBIERNOS LOCALES"," "," "," "," ","300331","040101","MUNICIPALIDAD PROVINCIAL DE AREQUIPA","04","AREQUIPA","01","AREQUIPA","01","AREQUIPA","101","9002","ASIGNACIONES PRESUPUESTARIAS QUE NO RESULTAN EN PRODUCTOS","3","ACTIVIDAD","3999999","SIN PRODUCTO","5001080","PROMOCION DEL DESARROLLO INTEGRAL DE LA JUVENTUD","21","CULTURA Y DEPORTE","046","DEPORTES","0101","PROMOCION Y DESARROLLO DEPORTIVO","00001","0001499","FOMENTAR EL DEPORTE Y LA RECREACION","04","AREQUIPA","2","RECURSOS DIRECTAMENTE RECAUDADOS","09","RECURSOS DIRECTAMENTE RECAUDADOS","1","UNIVERSIDADES / GOB. LOCALES","5","GASTO CORRIENTE","2","1","PERSONAL Y OBLIGACIONES SOCIALES","1","RETRIBUCIONES Y COMPLEMENTOS EN EFECTIVO","9","GASTOS VARIABLES Y OCASIONALES","1","ESCOLARIDAD, AGUINALDOS Y GRATIFICACIONES","3","BONIFICACION POR ESCOLARIDAD","0","0","0","0","0","0","3600","0","0","0","0","0","0","0","0","0","0","3600"
"2019","M","GOBIERNOS LOCALES"," "," "," "," ","300331","040101","MUNICIPALIDAD PROVINCIAL DE AREQUIPA","04","AREQUIPA","01","AREQUIPA","01","AREQUIPA","101","9002","ASIGNACIONES PRESUPUESTARIAS QUE NO RESULTAN EN PRODUCTOS","3","ACTIVIDAD","3999999","SIN PRODUCTO","5001080","PROMOCION DEL DESARROLLO INTEGRAL DE LA JUVENTUD","21","CULTURA Y DEPORTE","046","DEPORTES","0101","PROMOCION Y DESARROLLO DEPORTIVO","00001","0001499","FOMENTAR EL DEPORTE Y LA RECREACION","04","AREQUIPA","2","RECURSOS DIRECTAMENTE RECAUDADOS","09","RECURSOS DIRECTAMENTE RECAUDADOS","1","UNIVERSIDADES / GOB. LOCALES","5","GASTO CORRIENTE","2","1","PERSONAL Y OBLIGACIONES SOCIALES","3","CONTRIBUCIONES A LA SEGURIDAD SOCIAL","1","OBLIGACIONES DEL EMPLEADOR","1","OBLIGACIONES DEL EMPLEADOR","5","CONTRIBUCIONES A ESSALUD","0","0","0","0","0","1141.79","1114.63","0","0","1152.13","1095.92","1107.13","1184.97","1157.80","288","0","843.67","9086.04"
"2019","M","GOBIERNOS LOCALES"," "," "," "," ","300331","040101","MUNICIPALIDAD PROVINCIAL DE AREQUIPA","04","AREQUIPA","01","AREQUIPA","01","AREQUIPA","101","9002","ASIGNACIONES PRESUPUESTARIAS QUE NO RESULTAN EN PRODUCTOS","3","ACTIVIDAD","3999999","SIN PRODUCTO","5001080","PROMOCION DEL DESARROLLO INTEGRAL DE LA JUVENTUD","21","CULTURA Y DEPORTE","046","DEPORTES","0101","PROMOCION Y DESARROLLO DEPORTIVO","00001","0001499","FOMENTAR EL DEPORTE Y LA RECREACION","04","AREQUIPA","2","RECURSOS DIRECTAMENTE RECAUDADOS","09","RECURSOS DIRECTAMENTE RECAUDADOS","1","UNIVERSIDADES / GOB. LOCALES","5","GASTO CORRIENTE","2","3","BIENES Y SERVICIOS","2","CONTRATACION DE SERVICIOS","8","CONTRATO ADMINISTRATIVO DE SERVICIOS","1","CONTRATO ADMINISTRATIVO DE SERVICIOS","2","CONTRIBUCIONES A ESSALUD DE C.A.S.","0","0","0","0","0","0","0","0","0","0","0","108","0","0","0","0","0","108"
"2019","M","GOBIERNOS LOCALES"," "," "," "," ","300331","040101","MUNICIPALIDAD PROVINCIAL DE AREQUIPA","04","AREQUIPA","01","AREQUIPA","01","AREQUIPA","101","9002","ASIGNACIONES PRESUPUESTARIAS QUE NO RESULTAN EN PRODUCTOS","3","ACTIVIDAD","3999999","SIN PRODUCTO","5001080","PROMOCION DEL DESARROLLO INTEGRAL DE LA JUVENTUD","21","CULTURA Y DEPORTE","046","DEPORTES","0101","PROMOCION Y DESARROLLO DEPORTIVO","00001","0001499","FOMENTAR EL DEPORTE Y LA RECREACION","04","AREQUIPA","2","RECURSOS DIRECTAMENTE RECAUDADOS","09","RECURSOS DIRECTAMENTE RECAUDADOS","7","SUB CUENTA - RECURSOS DIRECTAMENTE RECAUDADOS","5","GASTO CORRIENTE","2","1","PERSONAL Y OBLIGACIONES SOCIALES","1","RETRIBUCIONES Y COMPLEMENTOS EN EFECTIVO","1","PERSONAL ADMINISTRATIVO","1","PERSONAL ADMINISTRATIVO","2","PERSONAL ADMINISTRATIVO NOMBRADO (REGIMEN PUBLICO)","0","0","0","0","0","0","0","0","0","1125.12","0","1070.88","0","0","0","0","0","2196"
"2019","M","GOBIERNOS LOCALES"," "," "," "," ","300331","040101","MUNICIPALIDAD PROVINCIAL DE AREQUIPA","04","AREQUIPA","01","AREQUIPA","01","AREQUIPA","101","9002","ASIGNACIONES PRESUPUESTARIAS QUE NO RESULTAN EN PRODUCTOS","3","ACTIVIDAD","3999999","SIN PRODUCTO","5001080","PROMOCION DEL DESARROLLO INTEGRAL DE LA JUVENTUD","21","CULTURA Y DEPORTE","046","DEPORTES","0101","PROMOCION Y DESARROLLO DEPORTIVO","00001","0001499","FOMENTAR EL DEPORTE Y LA RECREACION","04","AREQUIPA","5","RECURSOS DETERMINADOS","07","FONDO DE COMPENSACION MUNICIPAL","0","NORMAL","5","GASTO CORRIENTE","2","1","PERSONAL Y OBLIGACIONES SOCIALES","1","RETRIBUCIONES Y COMPLEMENTOS EN EFECTIVO","1","PERSONAL ADMINISTRATIVO","1","PERSONAL ADMINISTRATIVO","2","PERSONAL ADMINISTRATIVO NOMBRADO (REGIMEN PUBLICO)","0","58241","58241","0","0","0","0","0","0","0","0","0","0","0","0","0","0","0"
"2019","M","GOBIERNOS LOCALES"," "," "," "," ","300331","040101","MUNICIPALIDAD PROVINCIAL DE AREQUIPA","04","AREQUIPA","01","AREQUIPA","01","AREQUIPA","101","9002","ASIGNACIONES PRESUPUESTARIAS QUE NO RESULTAN EN PRODUCTOS","3","ACTIVIDAD","3999999","SIN PRODUCTO","5001080","PROMOCION DEL DESARROLLO INTEGRAL DE LA JUVENTUD","21","CULTURA Y DEPORTE","046","DEPORTES","0101","PROMOCION Y DESARROLLO DEPORTIVO","00001","0001499","FOMENTAR EL DEPORTE Y LA RECREACION","04","AREQUIPA","5","RECURSOS DETERMINADOS","07","FONDO DE COMPENSACION MUNICIPAL","0","NORMAL","5","GASTO CORRIENTE","2","1","PERSONAL Y OBLIGACIONES SOCIALES","1","RETRIBUCIONES Y COMPLEMENTOS EN EFECTIVO","1","PERSONAL ADMINISTRATIVO","1","PERSONAL ADMINISTRATIVO","2","PERSONAL ADMINISTRATIVO NOMBRADO (REGIMEN PUBLICO)","0","0","0","58239.63","58239.63","0","0","0","0","0","0","0","0","0","0","0","0","0"
"2019","M","GOBIERNOS LOCALES"," "," "," "," ","300331","040101","MUNICIPALIDAD PROVINCIAL DE AREQUIPA","04","AREQUIPA","01","AREQUIPA","01","AREQUIPA","101","9002","ASIGNACIONES PRESUPUESTARIAS QUE NO RESULTAN EN PRODUCTOS","3","ACTIVIDAD","3999999","SIN PRODUCTO","5001080","PROMOCION DEL DESARROLLO INTEGRAL DE LA JUVENTUD","21","CULTURA Y DEPORTE","046","DEPORTES","0101","PROMOCION Y DESARROLLO DEPORTIVO","00001","0001499","FOMENTAR EL DEPORTE Y LA RECREACION","04","AREQUIPA","5","RECURSOS DETERMINADOS","07","FONDO DE COMPENSACION MUNICIPAL","0","NORMAL","5","GASTO CORRIENTE","2","1","PERSONAL Y OBLIGACIONES SOCIALES","3","CONTRIBUCIONES A LA SEGURIDAD SOCIAL","1","OBLIGACIONES DEL EMPLEADOR","1","OBLIGACIONES DEL EMPLEADOR","5","CONTRIBUCIONES A ESSALUD","0","1112","1112","0","0","0","0","0","0","0","0","0","0","0","0","0","0","0"
"2019","M","GOBIERNOS LOCALES"," "," "," "," ","300331","040101","MUNICIPALIDAD PROVINCIAL DE AREQUIPA","04","AREQUIPA","01","AREQUIPA","01","AREQUIPA","101","9002","ASIGNACIONES PRESUPUESTARIAS QUE NO RESULTAN EN PRODUCTOS","3","ACTIVIDAD","3999999","SIN PRODUCTO","5001080","PROMOCION DEL DESARROLLO INTEGRAL DE LA JUVENTUD","21","CULTURA Y DEPORTE","046","DEPORTES","0101","PROMOCION Y DESARROLLO DEPORTIVO","00001","0001499","FOMENTAR EL DEPORTE Y LA RECREACION","04","AREQUIPA","5","RECURSOS DETERMINADOS","07","FONDO DE COMPENSACION MUNICIPAL","0","NORMAL","5","GASTO CORRIENTE","2","1","PERSONAL Y OBLIGACIONES SOCIALES","3","CONTRIBUCIONES A LA SEGURIDAD SOCIAL","1","OBLIGACIONES DEL EMPLEADOR","1","OBLIGACIONES DEL EMPLEADOR","5","CONTRIBUCIONES A ESSALUD","0","0","0","1111.54","1111.54","0","0","0","0","0","0","0","0","0","0","0","0","0"
"2019","M","GOBIERNOS LOCALES"," "," "," "," ","300331","040101","MUNICIPALIDAD PROVINCIAL DE AREQUIPA","04","AREQUIPA","01","AREQUIPA","01","AREQUIPA","101","9002","ASIGNACIONES PRESUPUESTARIAS QUE NO RESULTAN EN PRODUCTOS","3","ACTIVIDAD","3999999","SIN PRODUCTO","5001080","PROMOCION DEL DESARROLLO INTEGRAL DE LA JUVENTUD","21","CULTURA Y DEPORTE","046","DEPORTES","0101","PROMOCION Y DESARROLLO DEPORTIVO","00001","0001499","FOMENTAR EL DEPORTE Y LA RECREACION","04","AREQUIPA","5","RECURSOS DETERMINADOS","07","FONDO DE COMPENSACION MUNICIPAL","0","NORMAL","5","GASTO CORRIENTE","2","3","BIENES Y SERVICIOS","2","CONTRATACION DE SERVICIOS","8","CONTRATO ADMINISTRATIVO DE SERVICIOS","1","CONTRATO ADMINISTRATIVO DE SERVICIOS","1","CONTRATO ADMINISTRATIVO DE SERVICIOS","0","9918","9918","0","0","0","0","0","0","0","0","0","0","0","0","0","0","0"
"2019","M","GOBIERNOS LOCALES"," "," "," "," ","300331","040101","MUNICIPALIDAD PROVINCIAL DE AREQUIPA","04","AREQUIPA","01","AREQUIPA","01","AREQUIPA","101","9002","ASIGNACIONES PRESUPUESTARIAS QUE NO RESULTAN EN PRODUCTOS","3","ACTIVIDAD","3999999","SIN PRODUCTO","5001080","PROMOCION DEL DESARROLLO INTEGRAL DE LA JUVENTUD","21","CULTURA Y DEPORTE","046","DEPORTES","0101","PROMOCION Y DESARROLLO DEPORTIVO","00001","0001499","FOMENTAR EL DEPORTE Y LA RECREACION","04","AREQUIPA","5","RECURSOS DETERMINADOS","07","FONDO DE COMPENSACION MUNICIPAL","0","NORMAL","5","GASTO CORRIENTE","2","3","BIENES Y SERVICIOS","2","CONTRATACION DE SERVICIOS","8","CONTRATO ADMINISTRATIVO DE SERVICIOS","1","CONTRATO ADMINISTRATIVO DE SERVICIOS","1","CONTRATO ADMINISTRATIVO DE SERVICIOS","0","0","0","9918","9918","0","0","0","0","0","0","0","0","0","0","0","0","0"
"2019","M","GOBIERNOS LOCALES"," "," "," "," ","300331","040101","MUNICIPALIDAD PROVINCIAL DE AREQUIPA","04","AREQUIPA","01","AREQUIPA","01","AREQUIPA","101","9002","ASIGNACIONES PRESUPUESTARIAS QUE NO RESULTAN EN PRODUCTOS","3","ACTIVIDAD","3999999","SIN PRODUCTO","5001080","PROMOCION DEL DESARROLLO INTEGRAL DE LA JUVENTUD","21","CULTURA Y DEPORTE","046","DEPORTES","0101","PROMOCION Y DESARROLLO DEPORTIVO","00001","0001499","FOMENTAR EL DEPORTE Y LA RECREACION","04","AREQUIPA","5","RECURSOS DETERMINADOS","07","FONDO DE COMPENSACION MUNICIPAL","0","NORMAL","5","GASTO CORRIENTE","2","3","BIENES Y SERVICIOS","2","CONTRATACION DE SERVICIOS","8","CONTRATO ADMINISTRATIVO DE SERVICIOS","1","CONTRATO ADMINISTRATIVO DE SERVICIOS","2","CONTRIBUCIONES A ESSALUD DE C.A.S.","0","550","550","0","0","0","0","0","0","0","0","0","0","0","0","0","0","0"
"2019","M","GOBIERNOS LOCALES"," "," "," "," ","300331","040101","MUNICIPALIDAD PROVINCIAL DE AREQUIPA","04","AREQUIPA","01","AREQUIPA","01","AREQUIPA","101","9002","ASIGNACIONES PRESUPUESTARIAS QUE NO RESULTAN EN PRODUCTOS","3","ACTIVIDAD","3999999","SIN PRODUCTO","5001080","PROMOCION DEL DESARROLLO INTEGRAL DE LA JUVENTUD","21","CULTURA Y DEPORTE","046","DEPORTES","0101","PROMOCION Y DESARROLLO DEPORTIVO","00001","0001499","FOMENTAR EL DEPORTE Y LA RECREACION","04","AREQUIPA","5","RECURSOS DETERMINADOS","07","FONDO DE COMPENSACION MUNICIPAL","0","NORMAL","5","GASTO CORRIENTE","2","3","BIENES Y SERVICIOS","2","CONTRATACION DE SERVICIOS","8","CONTRATO ADMINISTRATIVO DE SERVICIOS","1","CONTRATO ADMINISTRATIVO DE SERVICIOS","2","CONTRIBUCIONES A ESSALUD DE C.A.S.","0","0","0","548.20","548.20","0","0","0","0","0","0","0","0","0","0","0","0","0"
"2019","M","GOBIERNOS LOCALES"," "," "," "," ","300331","040101","MUNICIPALIDAD PROVINCIAL DE AREQUIPA","04","AREQUIPA","01","AREQUIPA","01","AREQUIPA","101","9002","ASIGNACIONES PRESUPUESTARIAS QUE NO RESULTAN EN PRODUCTOS","3","ACTIVIDAD","3999999","SIN PRODUCTO","5001080","PROMOCION DEL DESARROLLO INTEGRAL DE LA JUVENTUD","21","CULTURA Y DEPORTE","046","DEPORTES","0101","PROMOCION Y DESARROLLO DEPORTIVO","00001","0001499","FOMENTAR EL DEPORTE Y LA RECREACION","04","AREQUIPA","5","RECURSOS DETERMINADOS","07","FONDO DE COMPENSACION MUNICIPAL","A","SUB CUENTA - FONCOMUN","5","GASTO CORRIENTE","2","1","PERSONAL Y OBLIGACIONES SOCIALES","1","RETRIBUCIONES Y COMPLEMENTOS EN EFECTIVO","1","PERSONAL ADMINISTRATIVO","1","PERSONAL ADMINISTRATIVO","2","PERSONAL ADMINISTRATIVO NOMBRADO (REGIMEN PUBLICO)","0","0","0","0","0","0","0","0","0","0","0","7563.86","9166.29","9130.41","13628.69","9376.29","9373.74","58239.28"
"2019","M","GOBIERNOS LOCALES"," "," "," "," ","300331","040101","MUNICIPALIDAD PROVINCIAL DE AREQUIPA","04","AREQUIPA","01","AREQUIPA","01","AREQUIPA","101","9002","ASIGNACIONES PRESUPUESTARIAS QUE NO RESULTAN EN PRODUCTOS","3","ACTIVIDAD","3999999","SIN PRODUCTO","5001080","PROMOCION DEL DESARROLLO INTEGRAL DE LA JUVENTUD","21","CULTURA Y DEPORTE","046","DEPORTES","0101","PROMOCION Y DESARROLLO DEPORTIVO","00001","0001499","FOMENTAR EL DEPORTE Y LA RECREACION","04","AREQUIPA","5","RECURSOS DETERMINADOS","07","FONDO DE COMPENSACION MUNICIPAL","A","SUB CUENTA - FONCOMUN","5","GASTO CORRIENTE","2","1","PERSONAL Y OBLIGACIONES SOCIALES","3","CONTRIBUCIONES A LA SEGURIDAD SOCIAL","1","OBLIGACIONES DEL EMPLEADOR","1","OBLIGACIONES DEL EMPLEADOR","5","CONTRIBUCIONES A ESSALUD","0","0","0","0","0","0","0","1111.54","0","0","0","0","0","0","0","0","0","1111.54"
"2019","M","GOBIERNOS LOCALES"," "," "," "," ","300331","040101","MUNICIPALIDAD PROVINCIAL DE AREQUIPA","04","AREQUIPA","01","AREQUIPA","01","AREQUIPA","101","9002","ASIGNACIONES PRESUPUESTARIAS QUE NO RESULTAN EN PRODUCTOS","3","ACTIVIDAD","3999999","SIN PRODUCTO","5001080","PROMOCION DEL DESARROLLO INTEGRAL DE LA JUVENTUD","21","CULTURA Y DEPORTE","046","DEPORTES","0101","PROMOCION Y DESARROLLO DEPORTIVO","00001","0001499","FOMENTAR EL DEPORTE Y LA RECREACION","04","AREQUIPA","5","RECURSOS DETERMINADOS","07","FONDO DE COMPENSACION MUNICIPAL","A","SUB CUENTA - FONCOMUN","5","GASTO CORRIENTE","2","3","BIENES Y SERVICIOS","2","CONTRATACION DE SERVICIOS","8","CONTRATO ADMINISTRATIVO DE SERVICIOS","1","CONTRATO ADMINISTRATIVO DE SERVICIOS","1","CONTRATO ADMINISTRATIVO DE SERVICIOS","0","0","0","0","0","0","0","0","0","1200","0","1200","0","963","345","1200","4999.09","9907.09"
"2019","M","GOBIERNOS LOCALES"," "," "," "," ","300331","040101","MUNICIPALIDAD PROVINCIAL DE AREQUIPA","04","AREQUIPA","01","AREQUIPA","01","AREQUIPA","101","9002","ASIGNACIONES PRESUPUESTARIAS QUE NO RESULTAN EN PRODUCTOS","3","ACTIVIDAD","3999999","SIN PRODUCTO","5001080","PROMOCION DEL DESARROLLO INTEGRAL DE LA JUVENTUD","21","CULTURA Y DEPORTE","046","DEPORTES","0101","PROMOCION Y DESARROLLO DEPORTIVO","00001","0001499","FOMENTAR EL DEPORTE Y LA RECREACION","04","AREQUIPA","5","RECURSOS DETERMINADOS","07","FONDO DE COMPENSACION MUNICIPAL","A","SUB CUENTA - FONCOMUN","5","GASTO CORRIENTE","2","3","BIENES Y SERVICIOS","2","CONTRATACION DE SERVICIOS","8","CONTRATO ADMINISTRATIVO DE SERVICIOS","1","CONTRATO ADMINISTRATIVO DE SERVICIOS","2","CONTRIBUCIONES A ESSALUD DE C.A.S.","0","0","0","0","0","0","0","108","0","0","108","108","0","0","0","108","113.40","545.40"
"2019","M","GOBIERNOS LOCALES"," "," "," "," ","300331","040101","MUNICIPALIDAD PROVINCIAL DE AREQUIPA","04","AREQUIPA","01","AREQUIPA","01","AREQUIPA","101","9002","ASIGNACIONES PRESUPUESTARIAS QUE NO RESULTAN EN PRODUCTOS","3","ACTIVIDAD","3999999","SIN PRODUCTO","5001080","PROMOCION DEL DESARROLLO INTEGRAL DE LA JUVENTUD","21","CULTURA Y DEPORTE","046","DEPORTES","0101","PROMOCION Y DESARROLLO DEPORTIVO","00001","0001499","FOMENTAR EL DEPORTE Y LA RECREACION","04","AREQUIPA","5","RECURSOS DETERMINADOS","08","IMPUESTOS MUNICIPALES","0","NORMAL","5","GASTO CORRIENTE","2","1","PERSONAL Y OBLIGACIONES SOCIALES","1","RETRIBUCIONES Y COMPLEMENTOS EN EFECTIVO","1","PERSONAL ADMINISTRATIVO","1","PERSONAL ADMINISTRATIVO","2","PERSONAL ADMINISTRATIVO NOMBRADO (REGIMEN PUBLICO)","0","42709","42709","0","0","0","0","0","0","0","0","0","0","0","0","0","0","0"
"2019","M","GOBIERNOS LOCALES"," "," "," "," ","300331","040101","MUNICIPALIDAD PROVINCIAL DE AREQUIPA","04","AREQUIPA","01","AREQUIPA","01","AREQUIPA","101","9002","ASIGNACIONES PRESUPUESTARIAS QUE NO RESULTAN EN PRODUCTOS","3","ACTIVIDAD","3999999","SIN PRODUCTO","5001080","PROMOCION DEL DESARROLLO INTEGRAL DE LA JUVENTUD","21","CULTURA Y DEPORTE","046","DEPORTES","0101","PROMOCION Y DESARROLLO DEPORTIVO","00001","0001499","FOMENTAR EL DEPORTE Y LA RECREACION","04","AREQUIPA","5","RECURSOS DETERMINADOS","08","IMPUESTOS MUNICIPALES","0","NORMAL","5","GASTO CORRIENTE","2","1","PERSONAL Y OBLIGACIONES SOCIALES","1","RETRIBUCIONES Y COMPLEMENTOS EN EFECTIVO","1","PERSONAL ADMINISTRATIVO","1","PERSONAL ADMINISTRATIVO","2","PERSONAL ADMINISTRATIVO NOMBRADO (REGIMEN PUBLICO)","0","0","0","42708.61","42708.61","0","15312.03","7881.13","7625.95","0","7565.96","0","0","0","0","0","0","38385.07"
"2019","M","GOBIERNOS LOCALES"," "," "," "," ","300331","040101","MUNICIPALIDAD PROVINCIAL DE AREQUIPA","04","AREQUIPA","01","AREQUIPA","01","AREQUIPA","101","9002","ASIGNACIONES PRESUPUESTARIAS QUE NO RESULTAN EN PRODUCTOS","3","ACTIVIDAD","3999999","SIN PRODUCTO","5001080","PROMOCION DEL DESARROLLO INTEGRAL DE LA JUVENTUD","21","CULTURA Y DEPORTE","046","DEPORTES","0101","PROMOCION Y DESARROLLO DEPORTIVO","00001","0001499","FOMENTAR EL DEPORTE Y LA RECREACION","04","AREQUIPA","5","RECURSOS DETERMINADOS","08","IMPUESTOS MUNICIPALES","0","NORMAL","5","GASTO CORRIENTE","2","1","PERSONAL Y OBLIGACIONES SOCIALES","1","RETRIBUCIONES Y COMPLEMENTOS EN EFECTIVO","1","PERSONAL ADMINISTRATIVO","1","PERSONAL ADMINISTRATIVO","9","PERSONAL DE CONFIANZA (RÉGIMEN LABORAL PÚBLICO)","0","15600","15600","0","0","0","0","0","0","0","0","0","0","0","0","0","0","0"
"2019","M","GOBIERNOS LOCALES"," "," "," "," ","300331","040101","MUNICIPALIDAD PROVINCIAL DE AREQUIPA","04","AREQUIPA","01","AREQUIPA","01","AREQUIPA","101","9002","ASIGNACIONES PRESUPUESTARIAS QUE NO RESULTAN EN PRODUCTOS","3","ACTIVIDAD","3999999","SIN PRODUCTO","5001080","PROMOCION DEL DESARROLLO INTEGRAL DE LA JUVENTUD","21","CULTURA Y DEPORTE","046","DEPORTES","0101","PROMOCION Y DESARROLLO DEPORTIVO","00001","0001499","FOMENTAR EL DEPORTE Y LA RECREACION","04","AREQUIPA","5","RECURSOS DETERMINADOS","08","IMPUESTOS MUNICIPALES","0","NORMAL","5","GASTO CORRIENTE","2","1","PERSONAL Y OBLIGACIONES SOCIALES","1","RETRIBUCIONES Y COMPLEMENTOS EN EFECTIVO","1","PERSONAL ADMINISTRATIVO","1","PERSONAL ADMINISTRATIVO","9","PERSONAL DE CONFIANZA (RÉGIMEN LABORAL PÚBLICO)","0","0","0","15600","15600","3600","4000","4000","4000","0","0","0","0","0","0","0","0","15600"
"2019","M","GOBIERNOS LOCALES"," "," "," "," ","300331","040101","MUNICIPALIDAD PROVINCIAL DE AREQUIPA","04","AREQUIPA","01","AREQUIPA","01","AREQUIPA","101","9002","ASIGNACIONES PRESUPUESTARIAS QUE NO RESULTAN EN PRODUCTOS","3","ACTIVIDAD","3999999","SIN PRODUCTO","5001080","PROMOCION DEL DESARROLLO INTEGRAL DE LA JUVENTUD","21","CULTURA Y DEPORTE","046","DEPORTES","0101","PROMOCION Y DESARROLLO DEPORTIVO","00001","0001499","FOMENTAR EL DEPORTE Y LA RECREACION","04","AREQUIPA","5","RECURSOS DETERMINADOS","08","IMPUESTOS MUNICIPALES","0","NORMAL","5","GASTO CORRIENTE","2","1","PERSONAL Y OBLIGACIONES SOCIALES","1","RETRIBUCIONES Y COMPLEMENTOS EN EFECTIVO","9","GASTOS VARIABLES Y OCASIONALES","3","OTROS GASTOS VARIABLES Y OCASIONALES","2","BONIFICACION ADICIONAL POR VACACIONES","0","900","900","0","0","0","0","0","0","0","0","0","0","0","0","0","0","0"
"2019","M","GOBIERNOS LOCALES"," "," "," "," ","300331","040101","MUNICIPALIDAD PROVINCIAL DE AREQUIPA","04","AREQUIPA","01","AREQUIPA","01","AREQUIPA","101","9002","ASIGNACIONES PRESUPUESTARIAS QUE NO RESULTAN EN PRODUCTOS","3","ACTIVIDAD","3999999","SIN PRODUCTO","5001080","PROMOCION DEL DESARROLLO INTEGRAL DE LA JUVENTUD","21","CULTURA Y DEPORTE","046","DEPORTES","0101","PROMOCION Y DESARROLLO DEPORTIVO","00001","0001499","FOMENTAR EL DEPORTE Y LA RECREACION","04","AREQUIPA","5","RECURSOS DETERMINADOS","08","IMPUESTOS MUNICIPALES","0","NORMAL","5","GASTO CORRIENTE","2","1","PERSONAL Y OBLIGACIONES SOCIALES","1","RETRIBUCIONES Y COMPLEMENTOS EN EFECTIVO","9","GASTOS VARIABLES Y OCASIONALES","3","OTROS GASTOS VARIABLES Y OCASIONALES","2","BONIFICACION ADICIONAL POR VACACIONES","0","0","0","900","900","0","600","0","0","0","300","0","0","0","0","0","0","900"
"2019","M","GOBIERNOS LOCALES"," "," "," "," ","300331","040101","MUNICIPALIDAD PROVINCIAL DE AREQUIPA","04","AREQUIPA","01","AREQUIPA","01","AREQUIPA","101","9002","ASIGNACIONES PRESUPUESTARIAS QUE NO RESULTAN EN PRODUCTOS","3","ACTIVIDAD","3999999","SIN PRODUCTO","5001080","PROMOCION DEL DESARROLLO INTEGRAL DE LA JUVENTUD","21","CULTURA Y DEPORTE","046","DEPORTES","0101","PROMOCION Y DESARROLLO DEPORTIVO","00001","0001499","FOMENTAR EL DEPORTE Y LA RECREACION","04","AREQUIPA","5","RECURSOS DETERMINADOS","08","IMPUESTOS MUNICIPALES","0","NORMAL","5","GASTO CORRIENTE","2","1","PERSONAL Y OBLIGACIONES SOCIALES","3","CONTRIBUCIONES A LA SEGURIDAD SOCIAL","1","OBLIGACIONES DEL EMPLEADOR","1","OBLIGACIONES DEL EMPLEADOR","5","CONTRIBUCIONES A ESSALUD","0","3495","3495","0","0","0","0","0","0","0","0","0","0","0","0","0","0","0"
"2019","M","GOBIERNOS LOCALES"," "," "," "," ","300331","040101","MUNICIPALIDAD PROVINCIAL DE AREQUIPA","04","AREQUIPA","01","AREQUIPA","01","AREQUIPA","101","9002","ASIGNACIONES PRESUPUESTARIAS QUE NO RESULTAN EN PRODUCTOS","3","ACTIVIDAD","3999999","SIN PRODUCTO","5001080","PROMOCION DEL DESARROLLO INTEGRAL DE LA JUVENTUD","21","CULTURA Y DEPORTE","046","DEPORTES","0101","PROMOCION Y DESARROLLO DEPORTIVO","00001","0001499","FOMENTAR EL DEPORTE Y LA RECREACION","04","AREQUIPA","5","RECURSOS DETERMINADOS","08","IMPUESTOS MUNICIPALES","0","NORMAL","5","GASTO CORRIENTE","2","1","PERSONAL Y OBLIGACIONES SOCIALES","3","CONTRIBUCIONES A LA SEGURIDAD SOCIAL","1","OBLIGACIONES DEL EMPLEADOR","1","OBLIGACIONES DEL EMPLEADOR","5","CONTRIBUCIONES A ESSALUD","0","0","0","3495","3494.17","0","0","0","1145.05","0","0","0","0","0","1226.58","1122.54","0","3494.17"
"2019","M","GOBIERNOS LOCALES"," "," "," "," ","300331","040101","MUNICIPALIDAD PROVINCIAL DE AREQUIPA","04","AREQUIPA","01","AREQUIPA","01","AREQUIPA","101","9002","ASIGNACIONES PRESUPUESTARIAS QUE NO RESULTAN EN PRODUCTOS","3","ACTIVIDAD","3999999","SIN PRODUCTO","5001080","PROMOCION DEL DESARROLLO INTEGRAL DE LA JUVENTUD","21","CULTURA Y DEPORTE","046","DEPORTES","0101","PROMOCION Y DESARROLLO DEPORTIVO","00001","0001499","FOMENTAR EL DEPORTE Y LA RECREACION","04","AREQUIPA","5","RECURSOS DETERMINADOS","08","IMPUESTOS MUNICIPALES","0","NORMAL","5","GASTO CORRIENTE","2","3","BIENES Y SERVICIOS","1","COMPRA DE BIENES","1","ALIMENTOS Y BEBIDAS","1","ALIMENTOS Y BEBIDAS","1","ALIMENTOS Y BEBIDAS PARA CONSUMO HUMANO","5506","-2510","2996","0","0","0","0","0","0","0","0","0","0","0","0","0","0","0"
"2019","M","GOBIERNOS LOCALES"," "," "," "," ","300331","040101","MUNICIPALIDAD PROVINCIAL DE AREQUIPA","04","AREQUIPA","01","AREQUIPA","01","AREQUIPA","101","9002","ASIGNACIONES PRESUPUESTARIAS QUE NO RESULTAN EN PRODUCTOS","3","ACTIVIDAD","3999999","SIN PRODUCTO","5001080","PROMOCION DEL DESARROLLO INTEGRAL DE LA JUVENTUD","21","CULTURA Y DEPORTE","046","DEPORTES","0101","PROMOCION Y DESARROLLO DEPORTIVO","00001","0001499","FOMENTAR EL DEPORTE Y LA RECREACION","04","AREQUIPA","5","RECURSOS DETERMINADOS","08","IMPUESTOS MUNICIPALES","0","NORMAL","5","GASTO CORRIENTE","2","3","BIENES Y SERVICIOS","1","COMPRA DE BIENES","1","ALIMENTOS Y BEBIDAS","1","ALIMENTOS Y BEBIDAS","1","ALIMENTOS Y BEBIDAS PARA CONSUMO HUMANO","0","0","0","2995.40","1229.90","0","0","0","0","0","0","0","144.50","186","30.80","180.60","688","1229.90"
"2019","M","GOBIERNOS LOCALES"," "," "," "," ","300331","040101","MUNICIPALIDAD PROVINCIAL DE AREQUIPA","04","AREQUIPA","01","AREQUIPA","01","AREQUIPA","101","9002","ASIGNACIONES PRESUPUESTARIAS QUE NO RESULTAN EN PRODUCTOS","3","ACTIVIDAD","3999999","SIN PRODUCTO","5001080","PROMOCION DEL DESARROLLO INTEGRAL DE LA JUVENTUD","21","CULTURA Y DEPORTE","046","DEPORTES","0101","PROMOCION Y DESARROLLO DEPORTIVO","00001","0001499","FOMENTAR EL DEPORTE Y LA RECREACION","04","AREQUIPA","5","RECURSOS DETERMINADOS","08","IMPUESTOS MUNICIPALES","0","NORMAL","5","GASTO CORRIENTE","2","3","BIENES Y SERVICIOS","1","COMPRA DE BIENES","5","MATERIALES Y  UTILES","1","DE OFICINA","2","PAPELERIA EN GENERAL, UTILES Y MATERIALES DE OFICINA","4372","-2028","2344","0","0","0","0","0","0","0","0","0","0","0","0","0","0","0"
"2019","M","GOBIERNOS LOCALES"," "," "," "," ","300331","040101","MUNICIPALIDAD PROVINCIAL DE AREQUIPA","04","AREQUIPA","01","AREQUIPA","01","AREQUIPA","101","9002","ASIGNACIONES PRESUPUESTARIAS QUE NO RESULTAN EN PRODUCTOS","3","ACTIVIDAD","3999999","SIN PRODUCTO","5001080","PROMOCION DEL DESARROLLO INTEGRAL DE LA JUVENTUD","21","CULTURA Y DEPORTE","046","DEPORTES","0101","PROMOCION Y DESARROLLO DEPORTIVO","00001","0001499","FOMENTAR EL DEPORTE Y LA RECREACION","04","AREQUIPA","5","RECURSOS DETERMINADOS","08","IMPUESTOS MUNICIPALES","0","NORMAL","5","GASTO CORRIENTE","2","3","BIENES Y SERVICIOS","1","COMPRA DE BIENES","5","MATERIALES Y  UTILES","1","DE OFICINA","2","PAPELERIA EN GENERAL, UTILES Y MATERIALES DE OFICINA","0","0","0","2343.50","1302.13","0","0","0","56.04","55.20","0","0","8","1122","10","8.50","42.39","1302.13"
"2019","M","GOBIERNOS LOCALES"," "," "," "," ","300331","040101","MUNICIPALIDAD PROVINCIAL DE AREQUIPA","04","AREQUIPA","01","AREQUIPA","01","AREQUIPA","101","9002","ASIGNACIONES PRESUPUESTARIAS QUE NO RESULTAN EN PRODUCTOS","3","ACTIVIDAD","3999999","SIN PRODUCTO","5001080","PROMOCION DEL DESARROLLO INTEGRAL DE LA JUVENTUD","21","CULTURA Y DEPORTE","046","DEPORTES","0101","PROMOCION Y DESARROLLO DEPORTIVO","00001","0001499","FOMENTAR EL DEPORTE Y LA RECREACION","04","AREQUIPA","5","RECURSOS DETERMINADOS","08","IMPUESTOS MUNICIPALES","0","NORMAL","5","GASTO CORRIENTE","2","3","BIENES Y SERVICIOS","1","COMPRA DE BIENES","99","COMPRA DE OTROS BIENES","1","COMPRA DE OTROS BIENES","3","LIBROS, DIARIOS, REVISTAS Y OTROS BIENES IMPRESOS NO VINCULADOS A ENSEÑANZA","6805","-4794","2011","0","0","0","0","0","0","0","0","0","0","0","0","0","0","0"
"2019","M","GOBIERNOS LOCALES"," "," "," "," ","300331","040101","MUNICIPALIDAD PROVINCIAL DE AREQUIPA","04","AREQUIPA","01","AREQUIPA","01","AREQUIPA","101","9002","ASIGNACIONES PRESUPUESTARIAS QUE NO RESULTAN EN PRODUCTOS","3","ACTIVIDAD","3999999","SIN PRODUCTO","5001080","PROMOCION DEL DESARROLLO INTEGRAL DE LA JUVENTUD","21","CULTURA Y DEPORTE","046","DEPORTES","0101","PROMOCION Y DESARROLLO DEPORTIVO","00001","0001499","FOMENTAR EL DEPORTE Y LA RECREACION","04","AREQUIPA","5","RECURSOS DETERMINADOS","08","IMPUESTOS MUNICIPALES","0","NORMAL","5","GASTO CORRIENTE","2","3","BIENES Y SERVICIOS","1","COMPRA DE BIENES","99","COMPRA DE OTROS BIENES","1","COMPRA DE OTROS BIENES","3","LIBROS, DIARIOS, REVISTAS Y OTROS BIENES IMPRESOS NO VINCULADOS A ENSEÑANZA","0","0","0","780","780","0","0","0","0","780","0","0","0","0","0","0","0","780"
"2019","M","GOBIERNOS LOCALES"," "," "," "," ","300331","040101","MUNICIPALIDAD PROVINCIAL DE AREQUIPA","04","AREQUIPA","01","AREQUIPA","01","AREQUIPA","101","9002","ASIGNACIONES PRESUPUESTARIAS QUE NO RESULTAN EN PRODUCTOS","3","ACTIVIDAD","3999999","SIN PRODUCTO","5001080","PROMOCION DEL DESARROLLO INTEGRAL DE LA JUVENTUD","21","CULTURA Y DEPORTE","046","DEPORTES","0101","PROMOCION Y DESARROLLO DEPORTIVO","00001","0001499","FOMENTAR EL DEPORTE Y LA RECREACION","04","AREQUIPA","5","RECURSOS DETERMINADOS","08","IMPUESTOS MUNICIPALES","0","NORMAL","5","GASTO CORRIENTE","2","3","BIENES Y SERVICIOS","1","COMPRA DE BIENES","99","COMPRA DE OTROS BIENES","1","COMPRA DE OTROS BIENES","4","SIMBOLOS, DISTINTIVOS Y CONDECORACIONES","7440","-6120","1320","0","0","0","0","0","0","0","0","0","0","0","0","0","0","0"
"2019","M","GOBIERNOS LOCALES"," "," "," "," ","300331","040101","MUNICIPALIDAD PROVINCIAL DE AREQUIPA","04","AREQUIPA","01","AREQUIPA","01","AREQUIPA","101","9002","ASIGNACIONES PRESUPUESTARIAS QUE NO RESULTAN EN PRODUCTOS","3","ACTIVIDAD","3999999","SIN PRODUCTO","5001080","PROMOCION DEL DESARROLLO INTEGRAL DE LA JUVENTUD","21","CULTURA Y DEPORTE","046","DEPORTES","0101","PROMOCION Y DESARROLLO DEPORTIVO","00001","0001499","FOMENTAR EL DEPORTE Y LA RECREACION","04","AREQUIPA","5","RECURSOS DETERMINADOS","08","IMPUESTOS MUNICIPALES","0","NORMAL","5","GASTO CORRIENTE","2","3","BIENES Y SERVICIOS","1","COMPRA DE BIENES","99","COMPRA DE OTROS BIENES","1","COMPRA DE OTROS BIENES","4","SIMBOLOS, DISTINTIVOS Y CONDECORACIONES","0","0","0","0","0","0","0","0","0","0","0","0","0","0","0","0","0","0"
"2019","M","GOBIERNOS LOCALES"," "," "," "," ","300331","040101","MUNICIPALIDAD PROVINCIAL DE AREQUIPA","04","AREQUIPA","01","AREQUIPA","01","AREQUIPA","101","9002","ASIGNACIONES PRESUPUESTARIAS QUE NO RESULTAN EN PRODUCTOS","3","ACTIVIDAD","3999999","SIN PRODUCTO","5001080","PROMOCION DEL DESARROLLO INTEGRAL DE LA JUVENTUD","21","CULTURA Y DEPORTE","046","DEPORTES","0101","PROMOCION Y DESARROLLO DEPORTIVO","00001","0001499","FOMENTAR EL DEPORTE Y LA RECREACION","04","AREQUIPA","5","RECURSOS DETERMINADOS","08","IMPUESTOS MUNICIPALES","0","NORMAL","5","GASTO CORRIENTE","2","3","BIENES Y SERVICIOS","1","COMPRA DE BIENES","99","COMPRA DE OTROS BIENES","1","COMPRA DE OTROS BIENES","99","OTROS BIENES","7500","7801","15301","0","0","0","0","0","0","0","0","0","0","0","0","0","0","0"
"2019","M","GOBIERNOS LOCALES"," "," "," "," ","300331","040101","MUNICIPALIDAD PROVINCIAL DE AREQUIPA","04","AREQUIPA","01","AREQUIPA","01","AREQUIPA","101","9002","ASIGNACIONES PRESUPUESTARIAS QUE NO RESULTAN EN PRODUCTOS","3","ACTIVIDAD","3999999","SIN PRODUCTO","5001080","PROMOCION DEL DESARROLLO INTEGRAL DE LA JUVENTUD","21","CULTURA Y DEPORTE","046","DEPORTES","0101","PROMOCION Y DESARROLLO DEPORTIVO","00001","0001499","FOMENTAR EL DEPORTE Y LA RECREACION","04","AREQUIPA","5","RECURSOS DETERMINADOS","08","IMPUESTOS MUNICIPALES","0","NORMAL","5","GASTO CORRIENTE","2","3","BIENES Y SERVICIOS","1","COMPRA DE BIENES","99","COMPRA DE OTROS BIENES","1","COMPRA DE OTROS BIENES","99","OTROS BIENES","0","0","0","14354.76","14354.76","0","0","0","118.46","14121.80","82.50","0","8","0","0","12","12","14354.76"
"2019","M","GOBIERNOS LOCALES"," "," "," "," ","300331","040101","MUNICIPALIDAD PROVINCIAL DE AREQUIPA","04","AREQUIPA","01","AREQUIPA","01","AREQUIPA","101","9002","ASIGNACIONES PRESUPUESTARIAS QUE NO RESULTAN EN PRODUCTOS","3","ACTIVIDAD","3999999","SIN PRODUCTO","5001080","PROMOCION DEL DESARROLLO INTEGRAL DE LA JUVENTUD","21","CULTURA Y DEPORTE","046","DEPORTES","0101","PROMOCION Y DESARROLLO DEPORTIVO","00001","0001499","FOMENTAR EL DEPORTE Y LA RECREACION","04","AREQUIPA","5","RECURSOS DETERMINADOS","08","IMPUESTOS MUNICIPALES","0","NORMAL","5","GASTO CORRIENTE","2","3","BIENES Y SERVICIOS","2","CONTRATACION DE SERVICIOS","1","VIAJES","2","VIAJES DOMESTICOS","99","OTROS GASTOS","0","719","719","0","0","0","0","0","0","0","0","0","0","0","0","0","0","0"
"2019","M","GOBIERNOS LOCALES"," "," "," "," ","300331","040101","MUNICIPALIDAD PROVINCIAL DE AREQUIPA","04","AREQUIPA","01","AREQUIPA","01","AREQUIPA","101","9002","ASIGNACIONES PRESUPUESTARIAS QUE NO RESULTAN EN PRODUCTOS","3","ACTIVIDAD","3999999","SIN PRODUCTO","5001080","PROMOCION DEL DESARROLLO INTEGRAL DE LA JUVENTUD","21","CULTURA Y DEPORTE","046","DEPORTES","0101","PROMOCION Y DESARROLLO DEPORTIVO","00001","0001499","FOMENTAR EL DEPORTE Y LA RECREACION","04","AREQUIPA","5","RECURSOS DETERMINADOS","08","IMPUESTOS MUNICIPALES","0","NORMAL","5","GASTO CORRIENTE","2","3","BIENES Y SERVICIOS","2","CONTRATACION DE SERVICIOS","1","VIAJES","2","VIAJES DOMESTICOS","99","OTROS GASTOS","0","0","0","718.80","718.80","0","0","0","75.50","73","32.80","79.60","90","89","90","98.90","90","718.80"
"2019","M","GOBIERNOS LOCALES"," "," "," "," ","300331","040101","MUNICIPALIDAD PROVINCIAL DE AREQUIPA","04","AREQUIPA","01","AREQUIPA","01","AREQUIPA","101","9002","ASIGNACIONES PRESUPUESTARIAS QUE NO RESULTAN EN PRODUCTOS","3","ACTIVIDAD","3999999","SIN PRODUCTO","5001080","PROMOCION DEL DESARROLLO INTEGRAL DE LA JUVENTUD","21","CULTURA Y DEPORTE","046","DEPORTES","0101","PROMOCION Y DESARROLLO DEPORTIVO","00001","0001499","FOMENTAR EL DEPORTE Y LA RECREACION","04","AREQUIPA","5","RECURSOS DETERMINADOS","08","IMPUESTOS MUNICIPALES","0","NORMAL","5","GASTO CORRIENTE","2","3","BIENES Y SERVICIOS","2","CONTRATACION DE SERVICIOS","2","SERVICIOS BASICOS, COMUNICACIONES, PUBLICIDAD Y DIFUSION","3","SERVICIOS DE MENSAJERIA, TELECOMUNICACIONES Y OTROS AFINES","1","CORREOS Y SERVICIOS DE MENSAJERIA","297","63","360","0","0","0","0","0","0","0","0","0","0","0","0","0","0","0"
"2019","M","GOBIERNOS LOCALES"," "," "," "," ","300331","040101","MUNICIPALIDAD PROVINCIAL DE AREQUIPA","04","AREQUIPA","01","AREQUIPA","01","AREQUIPA","101","9002","ASIGNACIONES PRESUPUESTARIAS QUE NO RESULTAN EN PRODUCTOS","3","ACTIVIDAD","3999999","SIN PRODUCTO","5001080","PROMOCION DEL DESARROLLO INTEGRAL DE LA JUVENTUD","21","CULTURA Y DEPORTE","046","DEPORTES","0101","PROMOCION Y DESARROLLO DEPORTIVO","00001","0001499","FOMENTAR EL DEPORTE Y LA RECREACION","04","AREQUIPA","5","RECURSOS DETERMINADOS","08","IMPUESTOS MUNICIPALES","0","NORMAL","5","GASTO CORRIENTE","2","3","BIENES Y SERVICIOS","2","CONTRATACION DE SERVICIOS","2","SERVICIOS BASICOS, COMUNICACIONES, PUBLICIDAD Y DIFUSION","3","SERVICIOS DE MENSAJERIA, TELECOMUNICACIONES Y OTROS AFINES","1","CORREOS Y SERVICIOS DE MENSAJERIA","0","0","0","360","0","0","0","0","0","0","0","0","0","0","0","0","0","0"
"2019","M","GOBIERNOS LOCALES"," "," "," "," ","300331","040101","MUNICIPALIDAD PROVINCIAL DE AREQUIPA","04","AREQUIPA","01","AREQUIPA","01","AREQUIPA","101","9002","ASIGNACIONES PRESUPUESTARIAS QUE NO RESULTAN EN PRODUCTOS","3","ACTIVIDAD","3999999","SIN PRODUCTO","5001080","PROMOCION DEL DESARROLLO INTEGRAL DE LA JUVENTUD","21","CULTURA Y DEPORTE","046","DEPORTES","0101","PROMOCION Y DESARROLLO DEPORTIVO","00001","0001499","FOMENTAR EL DEPORTE Y LA RECREACION","04","AREQUIPA","5","RECURSOS DETERMINADOS","08","IMPUESTOS MUNICIPALES","0","NORMAL","5","GASTO CORRIENTE","2","3","BIENES Y SERVICIOS","2","CONTRATACION DE SERVICIOS","5","ALQUILERES DE MUEBLES E INMUEBLES","1","ALQUILERES DE MUEBLES E INMUEBLES","4","DE MAQUINARIAS Y EQUIPOS","2400","5952","8352","0","0","0","0","0","0","0","0","0","0","0","0","0","0","0"
"2019","M","GOBIERNOS LOCALES"," "," "," "," ","300331","040101","MUNICIPALIDAD PROVINCIAL DE AREQUIPA","04","AREQUIPA","01","AREQUIPA","01","AREQUIPA","101","9002","ASIGNACIONES PRESUPUESTARIAS QUE NO RESULTAN EN PRODUCTOS","3","ACTIVIDAD","3999999","SIN PRODUCTO","5001080","PROMOCION DEL DESARROLLO INTEGRAL DE LA JUVENTUD","21","CULTURA Y DEPORTE","046","DEPORTES","0101","PROMOCION Y DESARROLLO DEPORTIVO","00001","0001499","FOMENTAR EL DEPORTE Y LA RECREACION","04","AREQUIPA","5","RECURSOS DETERMINADOS","08","IMPUESTOS MUNICIPALES","0","NORMAL","5","GASTO CORRIENTE","2","3","BIENES Y SERVICIOS","2","CONTRATACION DE SERVICIOS","5","ALQUILERES DE MUEBLES E INMUEBLES","1","ALQUILERES DE MUEBLES E INMUEBLES","4","DE MAQUINARIAS Y EQUIPOS","0","0","0","8352","5950","0","0","0","0","0","0","0","0","5950","0","0","0","5950"
"2019","M","GOBIERNOS LOCALES"," "," "," "," ","300331","040101","MUNICIPALIDAD PROVINCIAL DE AREQUIPA","04","AREQUIPA","01","AREQUIPA","01","AREQUIPA","101","9002","ASIGNACIONES PRESUPUESTARIAS QUE NO RESULTAN EN PRODUCTOS","3","ACTIVIDAD","3999999","SIN PRODUCTO","5001080","PROMOCION DEL DESARROLLO INTEGRAL DE LA JUVENTUD","21","CULTURA Y DEPORTE","046","DEPORTES","0101","PROMOCION Y DESARROLLO DEPORTIVO","00001","0001499","FOMENTAR EL DEPORTE Y LA RECREACION","04","AREQUIPA","5","RECURSOS DETERMINADOS","08","IMPUESTOS MUNICIPALES","0","NORMAL","5","GASTO CORRIENTE","2","3","BIENES Y SERVICIOS","2","CONTRATACION DE SERVICIOS","7","SERVICIOS PROFESIONALES Y TECNICOS","11","OTROS SERVICIOS","99","SERVICIOS DIVERSOS","21850","3740","25590","0","0","0","0","0","0","0","0","0","0","0","0","0","0","0"
"2019","M","GOBIERNOS LOCALES"," "," "," "," ","300331","040101","MUNICIPALIDAD PROVINCIAL DE AREQUIPA","04","AREQUIPA","01","AREQUIPA","01","AREQUIPA","101","9002","ASIGNACIONES PRESUPUESTARIAS QUE NO RESULTAN EN PRODUCTOS","3","ACTIVIDAD","3999999","SIN PRODUCTO","5001080","PROMOCION DEL DESARROLLO INTEGRAL DE LA JUVENTUD","21","CULTURA Y DEPORTE","046","DEPORTES","0101","PROMOCION Y DESARROLLO DEPORTIVO","00001","0001499","FOMENTAR EL DEPORTE Y LA RECREACION","04","AREQUIPA","5","RECURSOS DETERMINADOS","08","IMPUESTOS MUNICIPALES","0","NORMAL","5","GASTO CORRIENTE","2","3","BIENES Y SERVICIOS","2","CONTRATACION DE SERVICIOS","7","SERVICIOS PROFESIONALES Y TECNICOS","11","OTROS SERVICIOS","99","SERVICIOS DIVERSOS","0","0","0","25590","25174.80","0","12400","3600","50","0","184.70","321.40","1554.50","2500","1419.20","1900","1245","25174.80"
"2019","M","GOBIERNOS LOCALES"," "," "," "," ","300331","040101","MUNICIPALIDAD PROVINCIAL DE AREQUIPA","04","AREQUIPA","01","AREQUIPA","01","AREQUIPA","101","9002","ASIGNACIONES PRESUPUESTARIAS QUE NO RESULTAN EN PRODUCTOS","3","ACTIVIDAD","3999999","SIN PRODUCTO","5001080","PROMOCION DEL DESARROLLO INTEGRAL DE LA JUVENTUD","21","CULTURA Y DEPORTE","046","DEPORTES","0101","PROMOCION Y DESARROLLO DEPORTIVO","00001","0001499","FOMENTAR EL DEPORTE Y LA RECREACION","04","AREQUIPA","5","RECURSOS DETERMINADOS","08","IMPUESTOS MUNICIPALES","0","NORMAL","5","GASTO CORRIENTE","2","3","BIENES Y SERVICIOS","2","CONTRATACION DE SERVICIOS","8","CONTRATO ADMINISTRATIVO DE SERVICIOS","1","CONTRATO ADMINISTRATIVO DE SERVICIOS","1","CONTRATO ADMINISTRATIVO DE SERVICIOS","0","9694","9694","0","0","0","0","0","0","0","0","0","0","0","0","0","0","0"
"2019","M","GOBIERNOS LOCALES"," "," "," "," ","300331","040101","MUNICIPALIDAD PROVINCIAL DE AREQUIPA","04","AREQUIPA","01","AREQUIPA","01","AREQUIPA","101","9002","ASIGNACIONES PRESUPUESTARIAS QUE NO RESULTAN EN PRODUCTOS","3","ACTIVIDAD","3999999","SIN PRODUCTO","5001080","PROMOCION DEL DESARROLLO INTEGRAL DE LA JUVENTUD","21","CULTURA Y DEPORTE","046","DEPORTES","0101","PROMOCION Y DESARROLLO DEPORTIVO","00001","0001499","FOMENTAR EL DEPORTE Y LA RECREACION","04","AREQUIPA","5","RECURSOS DETERMINADOS","08","IMPUESTOS MUNICIPALES","0","NORMAL","5","GASTO CORRIENTE","2","3","BIENES Y SERVICIOS","2","CONTRATACION DE SERVICIOS","8","CONTRATO ADMINISTRATIVO DE SERVICIOS","1","CONTRATO ADMINISTRATIVO DE SERVICIOS","1","CONTRATO ADMINISTRATIVO DE SERVICIOS","0","0","0","9693.33","9693.33","0","2280","1200","1200","0","0","1200","1200","0","1120","0","1493.33","9693.33"
"2019","M","GOBIERNOS LOCALES"," "," "," "," ","300331","040101","MUNICIPALIDAD PROVINCIAL DE AREQUIPA","04","AREQUIPA","01","AREQUIPA","01","AREQUIPA","101","9002","ASIGNACIONES PRESUPUESTARIAS QUE NO RESULTAN EN PRODUCTOS","3","ACTIVIDAD","3999999","SIN PRODUCTO","5001080","PROMOCION DEL DESARROLLO INTEGRAL DE LA JUVENTUD","21","CULTURA Y DEPORTE","046","DEPORTES","0101","PROMOCION Y DESARROLLO DEPORTIVO","00001","0001499","FOMENTAR EL DEPORTE Y LA RECREACION","04","AREQUIPA","5","RECURSOS DETERMINADOS","08","IMPUESTOS MUNICIPALES","0","NORMAL","5","GASTO CORRIENTE","2","3","BIENES Y SERVICIOS","2","CONTRATACION DE SERVICIOS","8","CONTRATO ADMINISTRATIVO DE SERVICIOS","1","CONTRATO ADMINISTRATIVO DE SERVICIOS","2","CONTRIBUCIONES A ESSALUD DE C.A.S.","0","630","630","0","0","0","0","0","0","0","0","0","0","0","0","0","0","0"
"2019","M","GOBIERNOS LOCALES"," "," "," "," ","300331","040101","MUNICIPALIDAD PROVINCIAL DE AREQUIPA","04","AREQUIPA","01","AREQUIPA","01","AREQUIPA","101","9002","ASIGNACIONES PRESUPUESTARIAS QUE NO RESULTAN EN PRODUCTOS","3","ACTIVIDAD","3999999","SIN PRODUCTO","5001080","PROMOCION DEL DESARROLLO INTEGRAL DE LA JUVENTUD","21","CULTURA Y DEPORTE","046","DEPORTES","0101","PROMOCION Y DESARROLLO DEPORTIVO","00001","0001499","FOMENTAR EL DEPORTE Y LA RECREACION","04","AREQUIPA","5","RECURSOS DETERMINADOS","08","IMPUESTOS MUNICIPALES","0","NORMAL","5","GASTO CORRIENTE","2","3","BIENES Y SERVICIOS","2","CONTRATACION DE SERVICIOS","8","CONTRATO ADMINISTRATIVO DE SERVICIOS","1","CONTRATO ADMINISTRATIVO DE SERVICIOS","2","CONTRIBUCIONES A ESSALUD DE C.A.S.","0","0","0","630","630","0","108","97.20","108","0","0","0","108","0","100.80","0","108","630"
"2019","M","GOBIERNOS LOCALES"," "," "," "," ","300331","040101","MUNICIPALIDAD PROVINCIAL DE AREQUIPA","04","AREQUIPA","01","AREQUIPA","01","AREQUIPA","101","9002","ASIGNACIONES PRESUPUESTARIAS QUE NO RESULTAN EN PRODUCTOS","3","ACTIVIDAD","3999999","SIN PRODUCTO","5001080","PROMOCION DEL DESARROLLO INTEGRAL DE LA JUVENTUD","21","CULTURA Y DEPORTE","046","DEPORTES","0101","PROMOCION Y DESARROLLO DEPORTIVO","00001","0001499","FOMENTAR EL DEPORTE Y LA RECREACION","04","AREQUIPA","5","RECURSOS DETERMINADOS","08","IMPUESTOS MUNICIPALES","0","NORMAL","5","GASTO CORRIENTE","2","3","BIENES Y SERVICIOS","2","CONTRATACION DE SERVICIOS","8","CONTRATO ADMINISTRATIVO DE SERVICIOS","1","CONTRATO ADMINISTRATIVO DE SERVICIOS","4","AGUINALDOS DE C.A.S.","0","594","594","0","0","0","0","0","0","0","0","0","0","0","0","0","0","0"
"2019","M","GOBIERNOS LOCALES"," "," "," "," ","300331","040101","MUNICIPALIDAD PROVINCIAL DE AREQUIPA","04","AREQUIPA","01","AREQUIPA","01","AREQUIPA","101","9002","ASIGNACIONES PRESUPUESTARIAS QUE NO RESULTAN EN PRODUCTOS","3","ACTIVIDAD","3999999","SIN PRODUCTO","5001080","PROMOCION DEL DESARROLLO INTEGRAL DE LA JUVENTUD","21","CULTURA Y DEPORTE","046","DEPORTES","0101","PROMOCION Y DESARROLLO DEPORTIVO","00001","0001499","FOMENTAR EL DEPORTE Y LA RECREACION","04","AREQUIPA","5","RECURSOS DETERMINADOS","08","IMPUESTOS MUNICIPALES","0","NORMAL","5","GASTO CORRIENTE","2","3","BIENES Y SERVICIOS","2","CONTRATACION DE SERVICIOS","8","CONTRATO ADMINISTRATIVO DE SERVICIOS","1","CONTRATO ADMINISTRATIVO DE SERVICIOS","4","AGUINALDOS DE C.A.S.","0","0","0","593.33","593.33","0","0","0","0","0","0","300","0","0","0","0","293.33","593.33"
"2019","M","GOBIERNOS LOCALES"," "," "," "," ","300331","040101","MUNICIPALIDAD PROVINCIAL DE AREQUIPA","04","AREQUIPA","01","AREQUIPA","01","AREQUIPA","101","9002","ASIGNACIONES PRESUPUESTARIAS QUE NO RESULTAN EN PRODUCTOS","3","ACTIVIDAD","3999999","SIN PRODUCTO","5001080","PROMOCION DEL DESARROLLO INTEGRAL DE LA JUVENTUD","21","CULTURA Y DEPORTE","046","DEPORTES","0101","PROMOCION Y DESARROLLO DEPORTIVO","00001","0001499","FOMENTAR EL DEPORTE Y LA RECREACION","04","AREQUIPA","5","RECURSOS DETERMINADOS","08","IMPUESTOS MUNICIPALES","7","SUB CUENTA - IMPUESTOS MUNICIPALES","5","GASTO CORRIENTE","2","1","PERSONAL Y OBLIGACIONES SOCIALES","1","RETRIBUCIONES Y COMPLEMENTOS EN EFECTIVO","1","PERSONAL ADMINISTRATIVO","1","PERSONAL ADMINISTRATIVO","2","PERSONAL ADMINISTRATIVO NOMBRADO (REGIMEN PUBLICO)","0","0","0","0","0","0","1104.29","1053.61","1096.86","0","0","1068.78","0","0","0","0","0","4323.54"
"2019","M","GOBIERNOS LOCALES"," "," "," "," ","300331","040101","MUNICIPALIDAD PROVINCIAL DE AREQUIPA","04","AREQUIPA","01","AREQUIPA","01","AREQUIPA","154","0101","INCREMENTO DE LA PRACTICA DE ACTIVIDADES FISICAS, DEPORTIVAS Y RECREATIVAS EN LA POBLACION PERUANA","2","PROYECTO","2192384","MEJORAMIENTO Y AMPLIACION DE INFRAESTRUCTURA PARA EL SERVICIO DEL COMPLEJO DEPORTIVO JOSE LUIS CARPIO RIVERA, CALLE COLON NRO. 112, DISTRITO DE JOSE LUIS BUSTAMANTE Y RIVERO - AREQUIPA - AREQUIPA","6000002","SUPERVISION Y LIQUIDACION DE OBRAS","21","CULTURA Y DEPORTE","046","DEPORTES","0102","INFRAESTRUCTURA DEPORTIVA Y RECREATIVA","00001","0195126","MEJORAMIENTO Y AMPLIACION DE INFRAESTRUCTURA PARA EL SERVICIO DEL COMPLEJO DEPORTIVO JOSE LUIS CARPIO RIVERA, CALLE COLON NRO. 112, DISTRITO DE JOSE LUIS BUSTAMANTE Y RIVERO - AREQUIPA - AREQUIPA","04","AREQUIPA","4","DONACIONES Y TRANSFERENCIAS","13","DONACIONES Y TRANSFERENCIAS","0","NORMAL","6","GASTO DE CAPITAL","2","6","ADQUISICION DE ACTIVOS NO FINANCIEROS","2","CONSTRUCCION DE EDIFICIOS Y ESTRUCTURAS","3","OTRAS ESTRUCTURAS","99","OTRAS ESTRUCTURAS DIVERSAS","2","COSTO DE CONSTRUCCION POR CONTRATA","0","15323","15323","0","0","0","0","0","0","0","0","0","0","0","0","0","0","0"
"2019","M","GOBIERNOS LOCALES"," "," "," "," ","300331","040101","MUNICIPALIDAD PROVINCIAL DE AREQUIPA","04","AREQUIPA","01","AREQUIPA","01","AREQUIPA","154","0101","INCREMENTO DE LA PRACTICA DE ACTIVIDADES FISICAS, DEPORTIVAS Y RECREATIVAS EN LA POBLACION PERUANA","2","PROYECTO","2192384","MEJORAMIENTO Y AMPLIACION DE INFRAESTRUCTURA PARA EL SERVICIO DEL COMPLEJO DEPORTIVO JOSE LUIS CARPIO RIVERA, CALLE COLON NRO. 112, DISTRITO DE JOSE LUIS BUSTAMANTE Y RIVERO - AREQUIPA - AREQUIPA","6000002","SUPERVISION Y LIQUIDACION DE OBRAS","21","CULTURA Y DEPORTE","046","DEPORTES","0102","INFRAESTRUCTURA DEPORTIVA Y RECREATIVA","00001","0195126","MEJORAMIENTO Y AMPLIACION DE INFRAESTRUCTURA PARA EL SERVICIO DEL COMPLEJO DEPORTIVO JOSE LUIS CARPIO RIVERA, CALLE COLON NRO. 112, DISTRITO DE JOSE LUIS BUSTAMANTE Y RIVERO - AREQUIPA - AREQUIPA","04","AREQUIPA","4","DONACIONES Y TRANSFERENCIAS","13","DONACIONES Y TRANSFERENCIAS","0","NORMAL","6","GASTO DE CAPITAL","2","6","ADQUISICION DE ACTIVOS NO FINANCIEROS","2","CONSTRUCCION DE EDIFICIOS Y ESTRUCTURAS","3","OTRAS ESTRUCTURAS","99","OTRAS ESTRUCTURAS DIVERSAS","2","COSTO DE CONSTRUCCION POR CONTRATA","0","0","0","15322.63","15322.63","0","0","0","0","0","0","0","0","0","0","0","0","0"
"2019","M","GOBIERNOS LOCALES"," "," "," "," ","300331","040101","MUNICIPALIDAD PROVINCIAL DE AREQUIPA","04","AREQUIPA","01","AREQUIPA","01","AREQUIPA","154","0101","INCREMENTO DE LA PRACTICA DE ACTIVIDADES FISICAS, DEPORTIVAS Y RECREATIVAS EN LA POBLACION PERUANA","2","PROYECTO","2192384","MEJORAMIENTO Y AMPLIACION DE INFRAESTRUCTURA PARA EL SERVICIO DEL COMPLEJO DEPORTIVO JOSE LUIS CARPIO RIVERA, CALLE COLON NRO. 112, DISTRITO DE JOSE LUIS BUSTAMANTE Y RIVERO - AREQUIPA - AREQUIPA","6000002","SUPERVISION Y LIQUIDACION DE OBRAS","21","CULTURA Y DEPORTE","046","DEPORTES","0102","INFRAESTRUCTURA DEPORTIVA Y RECREATIVA","00001","0195126","MEJORAMIENTO Y AMPLIACION DE INFRAESTRUCTURA PARA EL SERVICIO DEL COMPLEJO DEPORTIVO JOSE LUIS CARPIO RIVERA, CALLE COLON NRO. 112, DISTRITO DE JOSE LUIS BUSTAMANTE Y RIVERO - AREQUIPA - AREQUIPA","04","AREQUIPA","4","DONACIONES Y TRANSFERENCIAS","13","DONACIONES Y TRANSFERENCIAS","18","SUBCUENTA - TRANSFERENCIAS FINANCIERAS","6","GASTO DE CAPITAL","2","6","ADQUISICION DE ACTIVOS NO FINANCIEROS","2","CONSTRUCCION DE EDIFICIOS Y ESTRUCTURAS","3","OTRAS ESTRUCTURAS","99","OTRAS ESTRUCTURAS DIVERSAS","2","COSTO DE CONSTRUCCION POR CONTRATA","0","0","0","0","0","0","0","0","0","15322.63","0","0","0","0","0","0","0","15322.63"
"2019","M","GOBIERNOS LOCALES"," "," "," "," ","300331","040101","MUNICIPALIDAD PROVINCIAL DE AREQUIPA","04","AREQUIPA","01","AREQUIPA","01","AREQUIPA","229","0101","INCREMENTO DE LA PRACTICA DE ACTIVIDADES FISICAS, DEPORTIVAS Y RECREATIVAS EN LA POBLACION PERUANA","2","PROYECTO","2303371","CREACION DEL COMPLEJO DEPORTIVO VILLA EL TRIUNFO EN EL AA.HH VILLA EL TRIUNFO, DISTRITO DE SACHACA - AREQUIPA - AREQUIPA","4000129","INSTALACION DE INFRAESTRUCTURA DEPORTIVA","21","CULTURA Y DEPORTE","046","DEPORTES","0102","INFRAESTRUCTURA DEPORTIVA Y RECREATIVA","00001","0228473","CREACION DEL COMPLEJO DEPORTIVO VILLA EL TRIUNFO EN EL AA.HH VILLA EL TRIUNFO, DISTRITO DE SACHACA - AREQUIPA - AREQUIPA","04","AREQUIPA","2","RECURSOS DIRECTAMENTE RECAUDADOS","09","RECURSOS DIRECTAMENTE RECAUDADOS","0","NORMAL","6","GASTO DE CAPITAL","2","6","ADQUISICION DE ACTIVOS NO FINANCIEROS","2","CONSTRUCCION DE EDIFICIOS Y ESTRUCTURAS","3","OTRAS ESTRUCTURAS","99","OTRAS ESTRUCTURAS DIVERSAS","2","COSTO DE CONSTRUCCION POR CONTRATA","0","1009527","1009527","0","0","0","0","0","0","0","0","0","0","0","0","0","0","0"
"2019","M","GOBIERNOS LOCALES"," "," "," "," ","300331","040101","MUNICIPALIDAD PROVINCIAL DE AREQUIPA","04","AREQUIPA","01","AREQUIPA","01","AREQUIPA","229","0101","INCREMENTO DE LA PRACTICA DE ACTIVIDADES FISICAS, DEPORTIVAS Y RECREATIVAS EN LA POBLACION PERUANA","2","PROYECTO","2303371","CREACION DEL COMPLEJO DEPORTIVO VILLA EL TRIUNFO EN EL AA.HH VILLA EL TRIUNFO, DISTRITO DE SACHACA - AREQUIPA - AREQUIPA","4000129","INSTALACION DE INFRAESTRUCTURA DEPORTIVA","21","CULTURA Y DEPORTE","046","DEPORTES","0102","INFRAESTRUCTURA DEPORTIVA Y RECREATIVA","00001","0228473","CREACION DEL COMPLEJO DEPORTIVO VILLA EL TRIUNFO EN EL AA.HH VILLA EL TRIUNFO, DISTRITO DE SACHACA - AREQUIPA - AREQUIPA","04","AREQUIPA","2","RECURSOS DIRECTAMENTE RECAUDADOS","09","RECURSOS DIRECTAMENTE RECAUDADOS","0","NORMAL","6","GASTO DE CAPITAL","2","6","ADQUISICION DE ACTIVOS NO FINANCIEROS","2","CONSTRUCCION DE EDIFICIOS Y ESTRUCTURAS","3","OTRAS ESTRUCTURAS","99","OTRAS ESTRUCTURAS DIVERSAS","2","COSTO DE CONSTRUCCION POR CONTRATA","0","0","0","1009526.84","0","0","0","0","0","0","0","0","0","0","0","0","0","0"
"2019","M","GOBIERNOS LOCALES"," "," "," "," ","300331","040101","MUNICIPALIDAD PROVINCIAL DE AREQUIPA","04","AREQUIPA","01","AREQUIPA","01","AREQUIPA","228","0101","INCREMENTO DE LA PRACTICA DE ACTIVIDADES FISICAS, DEPORTIVAS Y RECREATIVAS EN LA POBLACION PERUANA","2","PROYECTO","2303371","CREACION DEL COMPLEJO DEPORTIVO VILLA EL TRIUNFO EN EL AA.HH VILLA EL TRIUNFO, DISTRITO DE SACHACA - AREQUIPA - AREQUIPA","6000002","SUPERVISION Y LIQUIDACION DE OBRAS","21","CULTURA Y DEPORTE","046","DEPORTES","0102","INFRAESTRUCTURA DEPORTIVA Y RECREATIVA","00001","0228473","CREACION DEL COMPLEJO DEPORTIVO VILLA EL TRIUNFO EN EL AA.HH VILLA EL TRIUNFO, DISTRITO DE SACHACA - AREQUIPA - AREQUIPA","04","AREQUIPA","2","RECURSOS DIRECTAMENTE RECAUDADOS","09","RECURSOS DIRECTAMENTE RECAUDADOS","0","NORMAL","6","GASTO DE CAPITAL","2","6","ADQUISICION DE ACTIVOS NO FINANCIEROS","8","OTROS GASTOS DE ACTIVOS NO FINANCIEROS","1","OTROS GASTOS DE ACTIVOS NO FINANCIEROS","4","OTROS GASTOS DIVERSOS DE ACTIVOS NO FINANCIEROS","3","GASTO POR LA CONTRATACION DE SERVICIOS","0","25215","25215","0","0","0","0","0","0","0","0","0","0","0","0","0","0","0"
"2019","M","GOBIERNOS LOCALES"," "," "," "," ","300331","040101","MUNICIPALIDAD PROVINCIAL DE AREQUIPA","04","AREQUIPA","01","AREQUIPA","01","AREQUIPA","228","0101","INCREMENTO DE LA PRACTICA DE ACTIVIDADES FISICAS, DEPORTIVAS Y RECREATIVAS EN LA POBLACION PERUANA","2","PROYECTO","2303371","CREACION DEL COMPLEJO DEPORTIVO VILLA EL TRIUNFO EN EL AA.HH VILLA EL TRIUNFO, DISTRITO DE SACHACA - AREQUIPA - AREQUIPA","6000002","SUPERVISION Y LIQUIDACION DE OBRAS","21","CULTURA Y DEPORTE","046","DEPORTES","0102","INFRAESTRUCTURA DEPORTIVA Y RECREATIVA","00001","0228473","CREACION DEL COMPLEJO DEPORTIVO VILLA EL TRIUNFO EN EL AA.HH VILLA EL TRIUNFO, DISTRITO DE SACHACA - AREQUIPA - AREQUIPA","04","AREQUIPA","2","RECURSOS DIRECTAMENTE RECAUDADOS","09","RECURSOS DIRECTAMENTE RECAUDADOS","0","NORMAL","6","GASTO DE CAPITAL","2","6","ADQUISICION DE ACTIVOS NO FINANCIEROS","8","OTROS GASTOS DE ACTIVOS NO FINANCIEROS","1","OTROS GASTOS DE ACTIVOS NO FINANCIEROS","4","OTROS GASTOS DIVERSOS DE ACTIVOS NO FINANCIEROS","3","GASTO POR LA CONTRATACION DE SERVICIOS","0","0","0","25214.60","0","0","0","0","0","0","0","0","0","0","0","0","0","0"
"2019","M","GOBIERNOS LOCALES"," "," "," "," ","300331","040101","MUNICIPALIDAD PROVINCIAL DE AREQUIPA","04","AREQUIPA","01","AREQUIPA","01","AREQUIPA","163","0101","INCREMENTO DE LA PRACTICA DE ACTIVIDADES FISICAS, DEPORTIVAS Y RECREATIVAS EN LA POBLACION PERUANA","2","PROYECTO","2343160","MEJORAMIENTO DEL COMPLEJO DEPORTIVO LUIS PONCE ARROE EN EL AA.HH. BARRIO NUEVO, DISTRITO DE VITOR - AREQUIPA - AREQUIPA","4000166","MEJORAMIENTO DE INFRAESTRUCTURA DEPORTIVA","21","CULTURA Y DEPORTE","046","DEPORTES","0102","INFRAESTRUCTURA DEPORTIVA Y RECREATIVA","00001","0216036","MEJORAMIENTO DEL COMPLEJO DEPORTIVO LUIS PONCE ARROE EN EL AA.HH. BARRIO NUEVO, DISTRITO DE VITOR - AREQUIPA - AREQUIPA","04","AREQUIPA","5","RECURSOS DETERMINADOS","18","CANON Y SOBRECANON, REGALIAS, RENTA DE ADUANAS Y PARTICIPACIONES","0","CANON","6","GASTO DE CAPITAL","2","6","ADQUISICION DE ACTIVOS NO FINANCIEROS","2","CONSTRUCCION DE EDIFICIOS Y ESTRUCTURAS","3","OTRAS ESTRUCTURAS","99","OTRAS ESTRUCTURAS DIVERSAS","2","COSTO DE CONSTRUCCION POR CONTRATA","0","1277090","1277090","0","0","0","0","0","0","0","0","0","0","0","0","0","0","0"
"2019","M","GOBIERNOS LOCALES"," "," "," "," ","300331","040101","MUNICIPALIDAD PROVINCIAL DE AREQUIPA","04","AREQUIPA","01","AREQUIPA","01","AREQUIPA","163","0101","INCREMENTO DE LA PRACTICA DE ACTIVIDADES FISICAS, DEPORTIVAS Y RECREATIVAS EN LA POBLACION PERUANA","2","PROYECTO","2343160","MEJORAMIENTO DEL COMPLEJO DEPORTIVO LUIS PONCE ARROE EN EL AA.HH. BARRIO NUEVO, DISTRITO DE VITOR - AREQUIPA - AREQUIPA","4000166","MEJORAMIENTO DE INFRAESTRUCTURA DEPORTIVA","21","CULTURA Y DEPORTE","046","DEPORTES","0102","INFRAESTRUCTURA DEPORTIVA Y RECREATIVA","00001","0216036","MEJORAMIENTO DEL COMPLEJO DEPORTIVO LUIS PONCE ARROE EN EL AA.HH. BARRIO NUEVO, DISTRITO DE VITOR - AREQUIPA - AREQUIPA","04","AREQUIPA","5","RECURSOS DETERMINADOS","18","CANON Y SOBRECANON, REGALIAS, RENTA DE ADUANAS Y PARTICIPACIONES","0","CANON","6","GASTO DE CAPITAL","2","6","ADQUISICION DE ACTIVOS NO FINANCIEROS","2","CONSTRUCCION DE EDIFICIOS Y ESTRUCTURAS","3","OTRAS ESTRUCTURAS","99","OTRAS ESTRUCTURAS DIVERSAS","2","COSTO DE CONSTRUCCION POR CONTRATA","0","0","0","1216379.91","949380.87","0","0","0","0","0","0","0","0","0","0","0","0","0"
"2019","M","GOBIERNOS LOCALES"," "," "," "," ","300331","040101","MUNICIPALIDAD PROVINCIAL DE AREQUIPA","04","AREQUIPA","01","AREQUIPA","01","AREQUIPA","163","0101","INCREMENTO DE LA PRACTICA DE ACTIVIDADES FISICAS, DEPORTIVAS Y RECREATIVAS EN LA POBLACION PERUANA","2","PROYECTO","2343160","MEJORAMIENTO DEL COMPLEJO DEPORTIVO LUIS PONCE ARROE EN EL AA.HH. BARRIO NUEVO, DISTRITO DE VITOR - AREQUIPA - AREQUIPA","4000166","MEJORAMIENTO DE INFRAESTRUCTURA DEPORTIVA","21","CULTURA Y DEPORTE","046","DEPORTES","0102","INFRAESTRUCTURA DEPORTIVA Y RECREATIVA","00001","0216036","MEJORAMIENTO DEL COMPLEJO DEPORTIVO LUIS PONCE ARROE EN EL AA.HH. BARRIO NUEVO, DISTRITO DE VITOR - AREQUIPA - AREQUIPA","04","AREQUIPA","5","RECURSOS DETERMINADOS","18","CANON Y SOBRECANON, REGALIAS, RENTA DE ADUANAS Y PARTICIPACIONES","0","CANON","6","GASTO DE CAPITAL","2","6","ADQUISICION DE ACTIVOS NO FINANCIEROS","8","OTROS GASTOS DE ACTIVOS NO FINANCIEROS","1","OTROS GASTOS DE ACTIVOS NO FINANCIEROS","3","ELABORACION DE EXPEDIENTES TECNICOS","1","ELABORACION DE EXPEDIENTES TECNICOS","0","183","183","0","0","0","0","0","0","0","0","0","0","0","0","0","0","0"
"2019","M","GOBIERNOS LOCALES"," "," "," "," ","300331","040101","MUNICIPALIDAD PROVINCIAL DE AREQUIPA","04","AREQUIPA","01","AREQUIPA","01","AREQUIPA","163","0101","INCREMENTO DE LA PRACTICA DE ACTIVIDADES FISICAS, DEPORTIVAS Y RECREATIVAS EN LA POBLACION PERUANA","2","PROYECTO","2343160","MEJORAMIENTO DEL COMPLEJO DEPORTIVO LUIS PONCE ARROE EN EL AA.HH. BARRIO NUEVO, DISTRITO DE VITOR - AREQUIPA - AREQUIPA","4000166","MEJORAMIENTO DE INFRAESTRUCTURA DEPORTIVA","21","CULTURA Y DEPORTE","046","DEPORTES","0102","INFRAESTRUCTURA DEPORTIVA Y RECREATIVA","00001","0216036","MEJORAMIENTO DEL COMPLEJO DEPORTIVO LUIS PONCE ARROE EN EL AA.HH. BARRIO NUEVO, DISTRITO DE VITOR - AREQUIPA - AREQUIPA","04","AREQUIPA","5","RECURSOS DETERMINADOS","18","CANON Y SOBRECANON, REGALIAS, RENTA DE ADUANAS Y PARTICIPACIONES","0","CANON","6","GASTO DE CAPITAL","2","6","ADQUISICION DE ACTIVOS NO FINANCIEROS","8","OTROS GASTOS DE ACTIVOS NO FINANCIEROS","1","OTROS GASTOS DE ACTIVOS NO FINANCIEROS","4","OTROS GASTOS DIVERSOS DE ACTIVOS NO FINANCIEROS","3","GASTO POR LA CONTRATACION DE SERVICIOS","0","0","0","0","0","0","0","0","0","0","0","0","0","0","0","0","0","0"
"2019","M","GOBIERNOS LOCALES"," "," "," "," ","300331","040101","MUNICIPALIDAD PROVINCIAL DE AREQUIPA","04","AREQUIPA","01","AREQUIPA","01","AREQUIPA","163","0101","INCREMENTO DE LA PRACTICA DE ACTIVIDADES FISICAS, DEPORTIVAS Y RECREATIVAS EN LA POBLACION PERUANA","2","PROYECTO","2343160","MEJORAMIENTO DEL COMPLEJO DEPORTIVO LUIS PONCE ARROE EN EL AA.HH. BARRIO NUEVO, DISTRITO DE VITOR - AREQUIPA - AREQUIPA","4000166","MEJORAMIENTO DE INFRAESTRUCTURA DEPORTIVA","21","CULTURA Y DEPORTE","046","DEPORTES","0102","INFRAESTRUCTURA DEPORTIVA Y RECREATIVA","00001","0216036","MEJORAMIENTO DEL COMPLEJO DEPORTIVO LUIS PONCE ARROE EN EL AA.HH. BARRIO NUEVO, DISTRITO DE VITOR - AREQUIPA - AREQUIPA","04","AREQUIPA","5","RECURSOS DETERMINADOS","18","CANON Y SOBRECANON, REGALIAS, RENTA DE ADUANAS Y PARTICIPACIONES","H","SUB CUENTA - CANON MINERO","6","GASTO DE CAPITAL","2","6","ADQUISICION DE ACTIVOS NO FINANCIEROS","2","CONSTRUCCION DE EDIFICIOS Y ESTRUCTURAS","3","OTRAS ESTRUCTURAS","99","OTRAS ESTRUCTURAS DIVERSAS","2","COSTO DE CONSTRUCCION POR CONTRATA","0","0","0","0","0","0","0","0","0","0","0","0","0","1149380.88","0","0","-200000.01","949380.87"
"2019","M","GOBIERNOS LOCALES"," "," "," "," ","300331","040101","MUNICIPALIDAD PROVINCIAL DE AREQUIPA","04","AREQUIPA","01","AREQUIPA","01","AREQUIPA","164","0101","INCREMENTO DE LA PRACTICA DE ACTIVIDADES FISICAS, DEPORTIVAS Y RECREATIVAS EN LA POBLACION PERUANA","2","PROYECTO","2343160","MEJORAMIENTO DEL COMPLEJO DEPORTIVO LUIS PONCE ARROE EN EL AA.HH. BARRIO NUEVO, DISTRITO DE VITOR - AREQUIPA - AREQUIPA","6000002","SUPERVISION Y LIQUIDACION DE OBRAS","21","CULTURA Y DEPORTE","046","DEPORTES","0102","INFRAESTRUCTURA DEPORTIVA Y RECREATIVA","00001","0216036","MEJORAMIENTO DEL COMPLEJO DEPORTIVO LUIS PONCE ARROE EN EL AA.HH. BARRIO NUEVO, DISTRITO DE VITOR - AREQUIPA - AREQUIPA","04","AREQUIPA","5","RECURSOS DETERMINADOS","18","CANON Y SOBRECANON, REGALIAS, RENTA DE ADUANAS Y PARTICIPACIONES","0","CANON","6","GASTO DE CAPITAL","2","6","ADQUISICION DE ACTIVOS NO FINANCIEROS","8","OTROS GASTOS DE ACTIVOS NO FINANCIEROS","1","OTROS GASTOS DE ACTIVOS NO FINANCIEROS","4","OTROS GASTOS DIVERSOS DE ACTIVOS NO FINANCIEROS","3","GASTO POR LA CONTRATACION DE SERVICIOS","0","86715","86715","0","0","0","0","0","0","0","0","0","0","0","0","0","0","0"
"2019","M","GOBIERNOS LOCALES"," "," "," "," ","300331","040101","MUNICIPALIDAD PROVINCIAL DE AREQUIPA","04","AREQUIPA","01","AREQUIPA","01","AREQUIPA","164","0101","INCREMENTO DE LA PRACTICA DE ACTIVIDADES FISICAS, DEPORTIVAS Y RECREATIVAS EN LA POBLACION PERUANA","2","PROYECTO","2343160","MEJORAMIENTO DEL COMPLEJO DEPORTIVO LUIS PONCE ARROE EN EL AA.HH. BARRIO NUEVO, DISTRITO DE VITOR - AREQUIPA - AREQUIPA","6000002","SUPERVISION Y LIQUIDACION DE OBRAS","21","CULTURA Y DEPORTE","046","DEPORTES","0102","INFRAESTRUCTURA DEPORTIVA Y RECREATIVA","00001","0216036","MEJORAMIENTO DEL COMPLEJO DEPORTIVO LUIS PONCE ARROE EN EL AA.HH. BARRIO NUEVO, DISTRITO DE VITOR - AREQUIPA - AREQUIPA","04","AREQUIPA","5","RECURSOS DETERMINADOS","18","CANON Y SOBRECANON, REGALIAS, RENTA DE ADUANAS Y PARTICIPACIONES","0","CANON","6","GASTO DE CAPITAL","2","6","ADQUISICION DE ACTIVOS NO FINANCIEROS","8","OTROS GASTOS DE ACTIVOS NO FINANCIEROS","1","OTROS GASTOS DE ACTIVOS NO FINANCIEROS","4","OTROS GASTOS DIVERSOS DE ACTIVOS NO FINANCIEROS","3","GASTO POR LA CONTRATACION DE SERVICIOS","0","0","0","30931.66","30931.66","0","0","0","0","0","0","0","0","0","0","0","0","0"
"2019","M","GOBIERNOS LOCALES"," "," "," "," ","300331","040101","MUNICIPALIDAD PROVINCIAL DE AREQUIPA","04","AREQUIPA","01","AREQUIPA","01","AREQUIPA","164","0101","INCREMENTO DE LA PRACTICA DE ACTIVIDADES FISICAS, DEPORTIVAS Y RECREATIVAS EN LA POBLACION PERUANA","2","PROYECTO","2343160","MEJORAMIENTO DEL COMPLEJO DEPORTIVO LUIS PONCE ARROE EN EL AA.HH. BARRIO NUEVO, DISTRITO DE VITOR - AREQUIPA - AREQUIPA","6000002","SUPERVISION Y LIQUIDACION DE OBRAS","21","CULTURA Y DEPORTE","046","DEPORTES","0102","INFRAESTRUCTURA DEPORTIVA Y RECREATIVA","00001","0216036","MEJORAMIENTO DEL COMPLEJO DEPORTIVO LUIS PONCE ARROE EN EL AA.HH. BARRIO NUEVO, DISTRITO DE VITOR - AREQUIPA - AREQUIPA","04","AREQUIPA","5","RECURSOS DETERMINADOS","18","CANON Y SOBRECANON, REGALIAS, RENTA DE ADUANAS Y PARTICIPACIONES","H","SUB CUENTA - CANON MINERO","6","GASTO DE CAPITAL","2","6","ADQUISICION DE ACTIVOS NO FINANCIEROS","8","OTROS GASTOS DE ACTIVOS NO FINANCIEROS","1","OTROS GASTOS DE ACTIVOS NO FINANCIEROS","4","OTROS GASTOS DIVERSOS DE ACTIVOS NO FINANCIEROS","3","GASTO POR LA CONTRATACION DE SERVICIOS","0","0","0","0","0","0","0","0","0","0","0","0","0","0","0","9244.44","21687.22","30931.66"
"2019","M","GOBIERNOS LOCALES"," "," "," "," ","300331","040101","MUNICIPALIDAD PROVINCIAL DE AREQUIPA","04","AREQUIPA","01","AREQUIPA","01","AREQUIPA","168","0101","INCREMENTO DE LA PRACTICA DE ACTIVIDADES FISICAS, DEPORTIVAS Y RECREATIVAS EN LA POBLACION PERUANA","2","PROYECTO","2343160","MEJORAMIENTO DEL COMPLEJO DEPORTIVO LUIS PONCE ARROE EN EL AA.HH. BARRIO NUEVO, DISTRITO DE VITOR - AREQUIPA - AREQUIPA","6000002","SUPERVISION Y LIQUIDACION DE OBRAS","21","CULTURA Y DEPORTE","046","DEPORTES","0102","INFRAESTRUCTURA DEPORTIVA Y RECREATIVA","00002","0216036","MEJORAMIENTO DEL COMPLEJO DEPORTIVO LUIS PONCE ARROE EN EL AA.HH. BARRIO NUEVO, DISTRITO DE VITOR - AREQUIPA - AREQUIPA","04","AREQUIPA","5","RECURSOS DETERMINADOS","18","CANON Y SOBRECANON, REGALIAS, RENTA DE ADUANAS Y PARTICIPACIONES","0","CANON","6","GASTO DE CAPITAL","2","6","ADQUISICION DE ACTIVOS NO FINANCIEROS","8","OTROS GASTOS DE ACTIVOS NO FINANCIEROS","1","OTROS GASTOS DE ACTIVOS NO FINANCIEROS","4","OTROS GASTOS DIVERSOS DE ACTIVOS NO FINANCIEROS","99","OTROS GASTOS","0","38313","38313","0","0","0","0","0","0","0","0","0","0","0","0","0","0","0"
"2019","M","GOBIERNOS LOCALES"," "," "," "," ","300331","040101","MUNICIPALIDAD PROVINCIAL DE AREQUIPA","04","AREQUIPA","01","AREQUIPA","01","AREQUIPA","168","0101","INCREMENTO DE LA PRACTICA DE ACTIVIDADES FISICAS, DEPORTIVAS Y RECREATIVAS EN LA POBLACION PERUANA","2","PROYECTO","2343160","MEJORAMIENTO DEL COMPLEJO DEPORTIVO LUIS PONCE ARROE EN EL AA.HH. BARRIO NUEVO, DISTRITO DE VITOR - AREQUIPA - AREQUIPA","6000002","SUPERVISION Y LIQUIDACION DE OBRAS","21","CULTURA Y DEPORTE","046","DEPORTES","0102","INFRAESTRUCTURA DEPORTIVA Y RECREATIVA","00002","0216036","MEJORAMIENTO DEL COMPLEJO DEPORTIVO LUIS PONCE ARROE EN EL AA.HH. BARRIO NUEVO, DISTRITO DE VITOR - AREQUIPA - AREQUIPA","04","AREQUIPA","5","RECURSOS DETERMINADOS","18","CANON Y SOBRECANON, REGALIAS, RENTA DE ADUANAS Y PARTICIPACIONES","0","CANON","6","GASTO DE CAPITAL","2","6","ADQUISICION DE ACTIVOS NO FINANCIEROS","8","OTROS GASTOS DE ACTIVOS NO FINANCIEROS","1","OTROS GASTOS DE ACTIVOS NO FINANCIEROS","4","OTROS GASTOS DIVERSOS DE ACTIVOS NO FINANCIEROS","99","OTROS GASTOS","0","0","0","38312.70","0","0","0","0","0","0","0","0","0","0","0","0","0","0"
"2019","M","GOBIERNOS LOCALES"," "," "," "," ","300331","040101","MUNICIPALIDAD PROVINCIAL DE AREQUIPA","04","AREQUIPA","01","AREQUIPA","01","AREQUIPA","123","0101","INCREMENTO DE LA PRACTICA DE ACTIVIDADES FISICAS, DEPORTIVAS Y RECREATIVAS EN LA POBLACION PERUANA","2","PROYECTO","2377471","MEJORAMIENTO DE LOS SERVICIOS RECREATIVOS DEL PARQUE JOSE RODRIGUEZ BUSTAMANTE EN LA URBANIZACION LOS ROSALES DEL DISTRITO DE AREQUIPA, PROVINCIA DE AREQUIPA - AREQUIPA","4000219","MEJORAMIENTO DE PARQUES","21","CULTURA Y DEPORTE","046","DEPORTES","0102","INFRAESTRUCTURA DEPORTIVA Y RECREATIVA","00001","0253910","MEJORAMIENTO DE LOS SERVICIOS RECREATIVOS DEL PARQUE JOSE RODRIGUEZ BUSTAMANTE EN LA URBANIZACION LOS ROSALES DEL DISTRITO DE AREQUIPA-AREQUIPA-AREQUIPA","04","AREQUIPA","2","RECURSOS DIRECTAMENTE RECAUDADOS","09","RECURSOS DIRECTAMENTE RECAUDADOS","0","NORMAL","6","GASTO DE CAPITAL","2","6","ADQUISICION DE ACTIVOS NO FINANCIEROS","2","CONSTRUCCION DE EDIFICIOS Y ESTRUCTURAS","3","OTRAS ESTRUCTURAS","6","PLAZUELAS, PARQUES Y JARDINES","3","COSTO DE CONSTRUCCION POR ADMINISTRACION DIRECTA - PERSONAL","0","158705","158705","0","0","0","0","0","0","0","0","0","0","0","0","0","0","0"
"2019","M","GOBIERNOS LOCALES"," "," "," "," ","300331","040101","MUNICIPALIDAD PROVINCIAL DE AREQUIPA","04","AREQUIPA","01","AREQUIPA","01","AREQUIPA","123","0101","INCREMENTO DE LA PRACTICA DE ACTIVIDADES FISICAS, DEPORTIVAS Y RECREATIVAS EN LA POBLACION PERUANA","2","PROYECTO","2377471","MEJORAMIENTO DE LOS SERVICIOS RECREATIVOS DEL PARQUE JOSE RODRIGUEZ BUSTAMANTE EN LA URBANIZACION LOS ROSALES DEL DISTRITO DE AREQUIPA, PROVINCIA DE AREQUIPA - AREQUIPA","4000219","MEJORAMIENTO DE PARQUES","21","CULTURA Y DEPORTE","046","DEPORTES","0102","INFRAESTRUCTURA DEPORTIVA Y RECREATIVA","00001","0253910","MEJORAMIENTO DE LOS SERVICIOS RECREATIVOS DEL PARQUE JOSE RODRIGUEZ BUSTAMANTE EN LA URBANIZACION LOS ROSALES DEL DISTRITO DE AREQUIPA-AREQUIPA-AREQUIPA","04","AREQUIPA","2","RECURSOS DIRECTAMENTE RECAUDADOS","09","RECURSOS DIRECTAMENTE RECAUDADOS","0","NORMAL","6","GASTO DE CAPITAL","2","6","ADQUISICION DE ACTIVOS NO FINANCIEROS","2","CONSTRUCCION DE EDIFICIOS Y ESTRUCTURAS","3","OTRAS ESTRUCTURAS","6","PLAZUELAS, PARQUES Y JARDINES","3","COSTO DE CONSTRUCCION POR ADMINISTRACION DIRECTA - PERSONAL","0","0","0","149001","148943","0","0","0","0","0","0","0","0","0","0","0","0","0"
"2019","M","GOBIERNOS LOCALES"," "," "," "," ","300331","040101","MUNICIPALIDAD PROVINCIAL DE AREQUIPA","04","AREQUIPA","01","AREQUIPA","01","AREQUIPA","123","0101","INCREMENTO DE LA PRACTICA DE ACTIVIDADES FISICAS, DEPORTIVAS Y RECREATIVAS EN LA POBLACION PERUANA","2","PROYECTO","2377471","MEJORAMIENTO DE LOS SERVICIOS RECREATIVOS DEL PARQUE JOSE RODRIGUEZ BUSTAMANTE EN LA URBANIZACION LOS ROSALES DEL DISTRITO DE AREQUIPA, PROVINCIA DE AREQUIPA - AREQUIPA","4000219","MEJORAMIENTO DE PARQUES","21","CULTURA Y DEPORTE","046","DEPORTES","0102","INFRAESTRUCTURA DEPORTIVA Y RECREATIVA","00001","0253910","MEJORAMIENTO DE LOS SERVICIOS RECREATIVOS DEL PARQUE JOSE RODRIGUEZ BUSTAMANTE EN LA URBANIZACION LOS ROSALES DEL DISTRITO DE AREQUIPA-AREQUIPA-AREQUIPA","04","AREQUIPA","2","RECURSOS DIRECTAMENTE RECAUDADOS","09","RECURSOS DIRECTAMENTE RECAUDADOS","0","NORMAL","6","GASTO DE CAPITAL","2","6","ADQUISICION DE ACTIVOS NO FINANCIEROS","2","CONSTRUCCION DE EDIFICIOS Y ESTRUCTURAS","3","OTRAS ESTRUCTURAS","6","PLAZUELAS, PARQUES Y JARDINES","4","COSTO DE CONSTRUCCION POR ADMINISTRACION DIRECTA - BIENES","0","178000","178000","0","0","0","0","0","0","0","0","0","0","0","0","0","0","0"
"2019","M","GOBIERNOS LOCALES"," "," "," "," ","300331","040101","MUNICIPALIDAD PROVINCIAL DE AREQUIPA","04","AREQUIPA","01","AREQUIPA","01","AREQUIPA","123","0101","INCREMENTO DE LA PRACTICA DE ACTIVIDADES FISICAS, DEPORTIVAS Y RECREATIVAS EN LA POBLACION PERUANA","2","PROYECTO","2377471","MEJORAMIENTO DE LOS SERVICIOS RECREATIVOS DEL PARQUE JOSE RODRIGUEZ BUSTAMANTE EN LA URBANIZACION LOS ROSALES DEL DISTRITO DE AREQUIPA, PROVINCIA DE AREQUIPA - AREQUIPA","4000219","MEJORAMIENTO DE PARQUES","21","CULTURA Y DEPORTE","046","DEPORTES","0102","INFRAESTRUCTURA DEPORTIVA Y RECREATIVA","00001","0253910","MEJORAMIENTO DE LOS SERVICIOS RECREATIVOS DEL PARQUE JOSE RODRIGUEZ BUSTAMANTE EN LA URBANIZACION LOS ROSALES DEL DISTRITO DE AREQUIPA-AREQUIPA-AREQUIPA","04","AREQUIPA","2","RECURSOS DIRECTAMENTE RECAUDADOS","09","RECURSOS DIRECTAMENTE RECAUDADOS","0","NORMAL","6","GASTO DE CAPITAL","2","6","ADQUISICION DE ACTIVOS NO FINANCIEROS","2","CONSTRUCCION DE EDIFICIOS Y ESTRUCTURAS","3","OTRAS ESTRUCTURAS","6","PLAZUELAS, PARQUES Y JARDINES","4","COSTO DE CONSTRUCCION POR ADMINISTRACION DIRECTA - BIENES","0","0","0","178000","168659.20","0","0","0","0","0","0","0","0","0","0","0","0","0"
"2019","M","GOBIERNOS LOCALES"," "," "," "," ","300331","040101","MUNICIPALIDAD PROVINCIAL DE AREQUIPA","04","AREQUIPA","01","AREQUIPA","01","AREQUIPA","123","0101","INCREMENTO DE LA PRACTICA DE ACTIVIDADES FISICAS, DEPORTIVAS Y RECREATIVAS EN LA POBLACION PERUANA","2","PROYECTO","2377471","MEJORAMIENTO DE LOS SERVICIOS RECREATIVOS DEL PARQUE JOSE RODRIGUEZ BUSTAMANTE EN LA URBANIZACION LOS ROSALES DEL DISTRITO DE AREQUIPA, PROVINCIA DE AREQUIPA - AREQUIPA","4000219","MEJORAMIENTO DE PARQUES","21","CULTURA Y DEPORTE","046","DEPORTES","0102","INFRAESTRUCTURA DEPORTIVA Y RECREATIVA","00001","0253910","MEJORAMIENTO DE LOS SERVICIOS RECREATIVOS DEL PARQUE JOSE RODRIGUEZ BUSTAMANTE EN LA URBANIZACION LOS ROSALES DEL DISTRITO DE AREQUIPA-AREQUIPA-AREQUIPA","04","AREQUIPA","2","RECURSOS DIRECTAMENTE RECAUDADOS","09","RECURSOS DIRECTAMENTE RECAUDADOS","0","NORMAL","6","GASTO DE CAPITAL","2","6","ADQUISICION DE ACTIVOS NO FINANCIEROS","2","CONSTRUCCION DE EDIFICIOS Y ESTRUCTURAS","3","OTRAS ESTRUCTURAS","6","PLAZUELAS, PARQUES Y JARDINES","5","COSTO DE CONSTRUCCION POR ADMINISTRACION DIRECTA - SERVICIOS","0","27462","27462","0","0","0","0","0","0","0","0","0","0","0","0","0","0","0"
"2019","M","GOBIERNOS LOCALES"," "," "," "," ","300331","040101","MUNICIPALIDAD PROVINCIAL DE AREQUIPA","04","AREQUIPA","01","AREQUIPA","01","AREQUIPA","123","0101","INCREMENTO DE LA PRACTICA DE ACTIVIDADES FISICAS, DEPORTIVAS Y RECREATIVAS EN LA POBLACION PERUANA","2","PROYECTO","2377471","MEJORAMIENTO DE LOS SERVICIOS RECREATIVOS DEL PARQUE JOSE RODRIGUEZ BUSTAMANTE EN LA URBANIZACION LOS ROSALES DEL DISTRITO DE AREQUIPA, PROVINCIA DE AREQUIPA - AREQUIPA","4000219","MEJORAMIENTO DE PARQUES","21","CULTURA Y DEPORTE","046","DEPORTES","0102","INFRAESTRUCTURA DEPORTIVA Y RECREATIVA","00001","0253910","MEJORAMIENTO DE LOS SERVICIOS RECREATIVOS DEL PARQUE JOSE RODRIGUEZ BUSTAMANTE EN LA URBANIZACION LOS ROSALES DEL DISTRITO DE AREQUIPA-AREQUIPA-AREQUIPA","04","AREQUIPA","2","RECURSOS DIRECTAMENTE RECAUDADOS","09","RECURSOS DIRECTAMENTE RECAUDADOS","0","NORMAL","6","GASTO DE CAPITAL","2","6","ADQUISICION DE ACTIVOS NO FINANCIEROS","2","CONSTRUCCION DE EDIFICIOS Y ESTRUCTURAS","3","OTRAS ESTRUCTURAS","6","PLAZUELAS, PARQUES Y JARDINES","5","COSTO DE CONSTRUCCION POR ADMINISTRACION DIRECTA - SERVICIOS","0","0","0","27462","23603.61","0","0","0","0","0","0","0","0","0","0","0","0","0"
"2019","M","GOBIERNOS LOCALES"," "," "," "," ","300331","040101","MUNICIPALIDAD PROVINCIAL DE AREQUIPA","04","AREQUIPA","01","AREQUIPA","01","AREQUIPA","123","0101","INCREMENTO DE LA PRACTICA DE ACTIVIDADES FISICAS, DEPORTIVAS Y RECREATIVAS EN LA POBLACION PERUANA","2","PROYECTO","2377471","MEJORAMIENTO DE LOS SERVICIOS RECREATIVOS DEL PARQUE JOSE RODRIGUEZ BUSTAMANTE EN LA URBANIZACION LOS ROSALES DEL DISTRITO DE AREQUIPA, PROVINCIA DE AREQUIPA - AREQUIPA","4000219","MEJORAMIENTO DE PARQUES","21","CULTURA Y DEPORTE","046","DEPORTES","0102","INFRAESTRUCTURA DEPORTIVA Y RECREATIVA","00001","0253910","MEJORAMIENTO DE LOS SERVICIOS RECREATIVOS DEL PARQUE JOSE RODRIGUEZ BUSTAMANTE EN LA URBANIZACION LOS ROSALES DEL DISTRITO DE AREQUIPA-AREQUIPA-AREQUIPA","04","AREQUIPA","2","RECURSOS DIRECTAMENTE RECAUDADOS","09","RECURSOS DIRECTAMENTE RECAUDADOS","1","UNIVERSIDADES / GOB. LOCALES","6","GASTO DE CAPITAL","2","6","ADQUISICION DE ACTIVOS NO FINANCIEROS","2","CONSTRUCCION DE EDIFICIOS Y ESTRUCTURAS","3","OTRAS ESTRUCTURAS","6","PLAZUELAS, PARQUES Y JARDINES","3","COSTO DE CONSTRUCCION POR ADMINISTRACION DIRECTA - PERSONAL","0","0","0","0","0","27734.60","48266.64","0","0","0","0","0","0","0","0","0","0","76001.24"
"2019","M","GOBIERNOS LOCALES"," "," "," "," ","300331","040101","MUNICIPALIDAD PROVINCIAL DE AREQUIPA","04","AREQUIPA","01","AREQUIPA","01","AREQUIPA","123","0101","INCREMENTO DE LA PRACTICA DE ACTIVIDADES FISICAS, DEPORTIVAS Y RECREATIVAS EN LA POBLACION PERUANA","2","PROYECTO","2377471","MEJORAMIENTO DE LOS SERVICIOS RECREATIVOS DEL PARQUE JOSE RODRIGUEZ BUSTAMANTE EN LA URBANIZACION LOS ROSALES DEL DISTRITO DE AREQUIPA, PROVINCIA DE AREQUIPA - AREQUIPA","4000219","MEJORAMIENTO DE PARQUES","21","CULTURA Y DEPORTE","046","DEPORTES","0102","INFRAESTRUCTURA DEPORTIVA Y RECREATIVA","00001","0253910","MEJORAMIENTO DE LOS SERVICIOS RECREATIVOS DEL PARQUE JOSE RODRIGUEZ BUSTAMANTE EN LA URBANIZACION LOS ROSALES DEL DISTRITO DE AREQUIPA-AREQUIPA-AREQUIPA","04","AREQUIPA","2","RECURSOS DIRECTAMENTE RECAUDADOS","09","RECURSOS DIRECTAMENTE RECAUDADOS","1","UNIVERSIDADES / GOB. LOCALES","6","GASTO DE CAPITAL","2","6","ADQUISICION DE ACTIVOS NO FINANCIEROS","2","CONSTRUCCION DE EDIFICIOS Y ESTRUCTURAS","3","OTRAS ESTRUCTURAS","6","PLAZUELAS, PARQUES Y JARDINES","4","COSTO DE CONSTRUCCION POR ADMINISTRACION DIRECTA - BIENES","0","0","0","0","0","0","0","4980","0","0","0","0","0","0","0","0","0","4980"
"2019","M","GOBIERNOS LOCALES"," "," "," "," ","300331","040101","MUNICIPALIDAD PROVINCIAL DE AREQUIPA","04","AREQUIPA","01","AREQUIPA","01","AREQUIPA","123","0101","INCREMENTO DE LA PRACTICA DE ACTIVIDADES FISICAS, DEPORTIVAS Y RECREATIVAS EN LA POBLACION PERUANA","2","PROYECTO","2377471","MEJORAMIENTO DE LOS SERVICIOS RECREATIVOS DEL PARQUE JOSE RODRIGUEZ BUSTAMANTE EN LA URBANIZACION LOS ROSALES DEL DISTRITO DE AREQUIPA, PROVINCIA DE AREQUIPA - AREQUIPA","4000219","MEJORAMIENTO DE PARQUES","21","CULTURA Y DEPORTE","046","DEPORTES","0102","INFRAESTRUCTURA DEPORTIVA Y RECREATIVA","00001","0253910","MEJORAMIENTO DE LOS SERVICIOS RECREATIVOS DEL PARQUE JOSE RODRIGUEZ BUSTAMANTE EN LA URBANIZACION LOS ROSALES DEL DISTRITO DE AREQUIPA-AREQUIPA-AREQUIPA","04","AREQUIPA","2","RECURSOS DIRECTAMENTE RECAUDADOS","09","RECURSOS DIRECTAMENTE RECAUDADOS","7","SUB CUENTA - RECURSOS DIRECTAMENTE RECAUDADOS","6","GASTO DE CAPITAL","2","6","ADQUISICION DE ACTIVOS NO FINANCIEROS","2","CONSTRUCCION DE EDIFICIOS Y ESTRUCTURAS","3","OTRAS ESTRUCTURAS","6","PLAZUELAS, PARQUES Y JARDINES","3","COSTO DE CONSTRUCCION POR ADMINISTRACION DIRECTA - PERSONAL","0","0","0","0","0","9899.91","21578.37","18087.34","-2.94","0","0","0","0","0","200","0","0","49762.68"
"2019","M","GOBIERNOS LOCALES"," "," "," "," ","300331","040101","MUNICIPALIDAD PROVINCIAL DE AREQUIPA","04","AREQUIPA","01","AREQUIPA","01","AREQUIPA","123","0101","INCREMENTO DE LA PRACTICA DE ACTIVIDADES FISICAS, DEPORTIVAS Y RECREATIVAS EN LA POBLACION PERUANA","2","PROYECTO","2377471","MEJORAMIENTO DE LOS SERVICIOS RECREATIVOS DEL PARQUE JOSE RODRIGUEZ BUSTAMANTE EN LA URBANIZACION LOS ROSALES DEL DISTRITO DE AREQUIPA, PROVINCIA DE AREQUIPA - AREQUIPA","4000219","MEJORAMIENTO DE PARQUES","21","CULTURA Y DEPORTE","046","DEPORTES","0102","INFRAESTRUCTURA DEPORTIVA Y RECREATIVA","00001","0253910","MEJORAMIENTO DE LOS SERVICIOS RECREATIVOS DEL PARQUE JOSE RODRIGUEZ BUSTAMANTE EN LA URBANIZACION LOS ROSALES DEL DISTRITO DE AREQUIPA-AREQUIPA-AREQUIPA","04","AREQUIPA","2","RECURSOS DIRECTAMENTE RECAUDADOS","09","RECURSOS DIRECTAMENTE RECAUDADOS","7","SUB CUENTA - RECURSOS DIRECTAMENTE RECAUDADOS","6","GASTO DE CAPITAL","2","6","ADQUISICION DE ACTIVOS NO FINANCIEROS","2","CONSTRUCCION DE EDIFICIOS Y ESTRUCTURAS","3","OTRAS ESTRUCTURAS","6","PLAZUELAS, PARQUES Y JARDINES","4","COSTO DE CONSTRUCCION POR ADMINISTRACION DIRECTA - BIENES","0","0","0","0","0","0","4073","2129","157477.20","0","0","-3","0","0","0","0","0","163676.20"
"2019","M","GOBIERNOS LOCALES"," "," "," "," ","300331","040101","MUNICIPALIDAD PROVINCIAL DE AREQUIPA","04","AREQUIPA","01","AREQUIPA","01","AREQUIPA","123","0101","INCREMENTO DE LA PRACTICA DE ACTIVIDADES FISICAS, DEPORTIVAS Y RECREATIVAS EN LA POBLACION PERUANA","2","PROYECTO","2377471","MEJORAMIENTO DE LOS SERVICIOS RECREATIVOS DEL PARQUE JOSE RODRIGUEZ BUSTAMANTE EN LA URBANIZACION LOS ROSALES DEL DISTRITO DE AREQUIPA, PROVINCIA DE AREQUIPA - AREQUIPA","4000219","MEJORAMIENTO DE PARQUES","21","CULTURA Y DEPORTE","046","DEPORTES","0102","INFRAESTRUCTURA DEPORTIVA Y RECREATIVA","00001","0253910","MEJORAMIENTO DE LOS SERVICIOS RECREATIVOS DEL PARQUE JOSE RODRIGUEZ BUSTAMANTE EN LA URBANIZACION LOS ROSALES DEL DISTRITO DE AREQUIPA-AREQUIPA-AREQUIPA","04","AREQUIPA","2","RECURSOS DIRECTAMENTE RECAUDADOS","09","RECURSOS DIRECTAMENTE RECAUDADOS","7","SUB CUENTA - RECURSOS DIRECTAMENTE RECAUDADOS","6","GASTO DE CAPITAL","2","6","ADQUISICION DE ACTIVOS NO FINANCIEROS","2","CONSTRUCCION DE EDIFICIOS Y ESTRUCTURAS","3","OTRAS ESTRUCTURAS","6","PLAZUELAS, PARQUES Y JARDINES","5","COSTO DE CONSTRUCCION POR ADMINISTRACION DIRECTA - SERVICIOS","0","0","0","0","0","0","360","1836.61","18502","0","0","0","0","0","0","0","0","20698.61"
"2019","M","GOBIERNOS LOCALES"," "," "," "," ","300331","040101","MUNICIPALIDAD PROVINCIAL DE AREQUIPA","04","AREQUIPA","01","AREQUIPA","01","AREQUIPA","226","0101","INCREMENTO DE LA PRACTICA DE ACTIVIDADES FISICAS, DEPORTIVAS Y RECREATIVAS EN LA POBLACION PERUANA","2","PROYECTO","2402102","CREACION DE LOS SERVICIOS RECREATIVOS Y DEPORTIVOS EN LA MZ. 20´ LOTE 1 Y MZ. 21´ LOTE 1 DEL P.J. MIGUEL GRAU ZONA A DEL DISTRITO DE PAUCARPATA - PROVINCIA DE AREQUIPA - REGION AREQUIPA","4000129","INSTALACION DE INFRAESTRUCTURA DEPORTIVA","21","CULTURA Y DEPORTE","046","DEPORTES","0102","INFRAESTRUCTURA DEPORTIVA Y RECREATIVA","00001","0267540","CREACION DE LOS SERVICIOS RECREATIVOS Y DEPORTIVOS EN LA MZ. 20´ LOTE 1 Y MZ. 21´ LOTE 1 DEL P.J. MIGUEL GRAU ZONA A DEL DISTRITO DE PAUCARPATA - AREQUIPA - AREQUIPA","04","AREQUIPA","2","RECURSOS DIRECTAMENTE RECAUDADOS","09","RECURSOS DIRECTAMENTE RECAUDADOS","0","NORMAL","6","GASTO DE CAPITAL","2","6","ADQUISICION DE ACTIVOS NO FINANCIEROS","2","CONSTRUCCION DE EDIFICIOS Y ESTRUCTURAS","3","OTRAS ESTRUCTURAS","99","OTRAS ESTRUCTURAS DIVERSAS","2","COSTO DE CONSTRUCCION POR CONTRATA","0","3223163","3223163","0","0","0","0","0","0","0","0","0","0","0","0","0","0","0"
"2019","M","GOBIERNOS LOCALES"," "," "," "," ","300331","040101","MUNICIPALIDAD PROVINCIAL DE AREQUIPA","04","AREQUIPA","01","AREQUIPA","01","AREQUIPA","226","0101","INCREMENTO DE LA PRACTICA DE ACTIVIDADES FISICAS, DEPORTIVAS Y RECREATIVAS EN LA POBLACION PERUANA","2","PROYECTO","2402102","CREACION DE LOS SERVICIOS RECREATIVOS Y DEPORTIVOS EN LA MZ. 20´ LOTE 1 Y MZ. 21´ LOTE 1 DEL P.J. MIGUEL GRAU ZONA A DEL DISTRITO DE PAUCARPATA - PROVINCIA DE AREQUIPA - REGION AREQUIPA","4000129","INSTALACION DE INFRAESTRUCTURA DEPORTIVA","21","CULTURA Y DEPORTE","046","DEPORTES","0102","INFRAESTRUCTURA DEPORTIVA Y RECREATIVA","00001","0267540","CREACION DE LOS SERVICIOS RECREATIVOS Y DEPORTIVOS EN LA MZ. 20´ LOTE 1 Y MZ. 21´ LOTE 1 DEL P.J. MIGUEL GRAU ZONA A DEL DISTRITO DE PAUCARPATA - AREQUIPA - AREQUIPA","04","AREQUIPA","2","RECURSOS DIRECTAMENTE RECAUDADOS","09","RECURSOS DIRECTAMENTE RECAUDADOS","0","NORMAL","6","GASTO DE CAPITAL","2","6","ADQUISICION DE ACTIVOS NO FINANCIEROS","2","CONSTRUCCION DE EDIFICIOS Y ESTRUCTURAS","3","OTRAS ESTRUCTURAS","99","OTRAS ESTRUCTURAS DIVERSAS","2","COSTO DE CONSTRUCCION POR CONTRATA","0","0","0","3223162.50","527426.60","0","0","0","0","0","0","0","0","0","0","0","0","0"
"2019","M","GOBIERNOS LOCALES"," "," "," "," ","300331","040101","MUNICIPALIDAD PROVINCIAL DE AREQUIPA","04","AREQUIPA","01","AREQUIPA","01","AREQUIPA","226","0101","INCREMENTO DE LA PRACTICA DE ACTIVIDADES FISICAS, DEPORTIVAS Y RECREATIVAS EN LA POBLACION PERUANA","2","PROYECTO","2402102","CREACION DE LOS SERVICIOS RECREATIVOS Y DEPORTIVOS EN LA MZ. 20´ LOTE 1 Y MZ. 21´ LOTE 1 DEL P.J. MIGUEL GRAU ZONA A DEL DISTRITO DE PAUCARPATA - PROVINCIA DE AREQUIPA - REGION AREQUIPA","4000129","INSTALACION DE INFRAESTRUCTURA DEPORTIVA","21","CULTURA Y DEPORTE","046","DEPORTES","0102","INFRAESTRUCTURA DEPORTIVA Y RECREATIVA","00001","0267540","CREACION DE LOS SERVICIOS RECREATIVOS Y DEPORTIVOS EN LA MZ. 20´ LOTE 1 Y MZ. 21´ LOTE 1 DEL P.J. MIGUEL GRAU ZONA A DEL DISTRITO DE PAUCARPATA - AREQUIPA - AREQUIPA","04","AREQUIPA","2","RECURSOS DIRECTAMENTE RECAUDADOS","09","RECURSOS DIRECTAMENTE RECAUDADOS","7","SUB CUENTA - RECURSOS DIRECTAMENTE RECAUDADOS","6","GASTO DE CAPITAL","2","6","ADQUISICION DE ACTIVOS NO FINANCIEROS","2","CONSTRUCCION DE EDIFICIOS Y ESTRUCTURAS","3","OTRAS ESTRUCTURAS","99","OTRAS ESTRUCTURAS DIVERSAS","2","COSTO DE CONSTRUCCION POR CONTRATA","0","0","0","0","0","0","0","0","0","0","0","0","0","0","0","527426.60","0","527426.60"
"2019","M","GOBIERNOS LOCALES"," "," "," "," ","300331","040101","MUNICIPALIDAD PROVINCIAL DE AREQUIPA","04","AREQUIPA","01","AREQUIPA","01","AREQUIPA","227","0101","INCREMENTO DE LA PRACTICA DE ACTIVIDADES FISICAS, DEPORTIVAS Y RECREATIVAS EN LA POBLACION PERUANA","2","PROYECTO","2402102","CREACION DE LOS SERVICIOS RECREATIVOS Y DEPORTIVOS EN LA MZ. 20´ LOTE 1 Y MZ. 21´ LOTE 1 DEL P.J. MIGUEL GRAU ZONA A DEL DISTRITO DE PAUCARPATA - PROVINCIA DE AREQUIPA - REGION AREQUIPA","6000002","SUPERVISION Y LIQUIDACION DE OBRAS","21","CULTURA Y DEPORTE","046","DEPORTES","0102","INFRAESTRUCTURA DEPORTIVA Y RECREATIVA","00001","0267540","CREACION DE LOS SERVICIOS RECREATIVOS Y DEPORTIVOS EN LA MZ. 20´ LOTE 1 Y MZ. 21´ LOTE 1 DEL P.J. MIGUEL GRAU ZONA A DEL DISTRITO DE PAUCARPATA - AREQUIPA - AREQUIPA","04","AREQUIPA","2","RECURSOS DIRECTAMENTE RECAUDADOS","09","RECURSOS DIRECTAMENTE RECAUDADOS","0","NORMAL","6","GASTO DE CAPITAL","2","6","ADQUISICION DE ACTIVOS NO FINANCIEROS","8","OTROS GASTOS DE ACTIVOS NO FINANCIEROS","1","OTROS GASTOS DE ACTIVOS NO FINANCIEROS","4","OTROS GASTOS DIVERSOS DE ACTIVOS NO FINANCIEROS","3","GASTO POR LA CONTRATACION DE SERVICIOS","0","24418","24418","0","0","0","0","0","0","0","0","0","0","0","0","0","0","0"
"2019","M","GOBIERNOS LOCALES"," "," "," "," ","300331","040101","MUNICIPALIDAD PROVINCIAL DE AREQUIPA","04","AREQUIPA","01","AREQUIPA","01","AREQUIPA","227","0101","INCREMENTO DE LA PRACTICA DE ACTIVIDADES FISICAS, DEPORTIVAS Y RECREATIVAS EN LA POBLACION PERUANA","2","PROYECTO","2402102","CREACION DE LOS SERVICIOS RECREATIVOS Y DEPORTIVOS EN LA MZ. 20´ LOTE 1 Y MZ. 21´ LOTE 1 DEL P.J. MIGUEL GRAU ZONA A DEL DISTRITO DE PAUCARPATA - PROVINCIA DE AREQUIPA - REGION AREQUIPA","6000002","SUPERVISION Y LIQUIDACION DE OBRAS","21","CULTURA Y DEPORTE","046","DEPORTES","0102","INFRAESTRUCTURA DEPORTIVA Y RECREATIVA","00001","0267540","CREACION DE LOS SERVICIOS RECREATIVOS Y DEPORTIVOS EN LA MZ. 20´ LOTE 1 Y MZ. 21´ LOTE 1 DEL P.J. MIGUEL GRAU ZONA A DEL DISTRITO DE PAUCARPATA - AREQUIPA - AREQUIPA","04","AREQUIPA","2","RECURSOS DIRECTAMENTE RECAUDADOS","09","RECURSOS DIRECTAMENTE RECAUDADOS","0","NORMAL","6","GASTO DE CAPITAL","2","6","ADQUISICION DE ACTIVOS NO FINANCIEROS","8","OTROS GASTOS DE ACTIVOS NO FINANCIEROS","1","OTROS GASTOS DE ACTIVOS NO FINANCIEROS","4","OTROS GASTOS DIVERSOS DE ACTIVOS NO FINANCIEROS","3","GASTO POR LA CONTRATACION DE SERVICIOS","0","0","0","24417.90","0","0","0","0","0","0","0","0","0","0","0","0","0","0"
"2019","M","GOBIERNOS LOCALES"," "," "," "," ","300331","040101","MUNICIPALIDAD PROVINCIAL DE AREQUIPA","04","AREQUIPA","01","AREQUIPA","01","AREQUIPA","152","0101","INCREMENTO DE LA PRACTICA DE ACTIVIDADES FISICAS, DEPORTIVAS Y RECREATIVAS EN LA POBLACION PERUANA","2","PROYECTO","2415850","CREACION DEL SERVICIO DE RECREACION ACTIVA EN EL COMPLEJO DEPORTIVO N° 02 DEL AA.HH. SAN JERONIMO, ZONA - B DISTRITO DE MARIANO MELGAR - PROVINCIA DE AREQUIPA - DEPARTAMENTO DE AREQUIPA","4000129","INSTALACION DE INFRAESTRUCTURA DEPORTIVA","21","CULTURA Y DEPORTE","046","DEPORTES","0102","INFRAESTRUCTURA DEPORTIVA Y RECREATIVA","00001","0241686","CREACION DEL SERVICIO DE RECREACION ACTIVA EN EL COMPLEJO DEPORTIVO N° 02 DEL AA.HH. SAN JERONIMO, ZONA - B DISTRITO DE MARIANO MELGAR -AREQUIPA-AREQUIPA","04","AREQUIPA","4","DONACIONES Y TRANSFERENCIAS","13","DONACIONES Y TRANSFERENCIAS","0","NORMAL","6","GASTO DE CAPITAL","2","6","ADQUISICION DE ACTIVOS NO FINANCIEROS","2","CONSTRUCCION DE EDIFICIOS Y ESTRUCTURAS","3","OTRAS ESTRUCTURAS","99","OTRAS ESTRUCTURAS DIVERSAS","2","COSTO DE CONSTRUCCION POR CONTRATA","0","17964","17964","0","0","0","0","0","0","0","0","0","0","0","0","0","0","0"
"2019","M","GOBIERNOS LOCALES"," "," "," "," ","300331","040101","MUNICIPALIDAD PROVINCIAL DE AREQUIPA","04","AREQUIPA","01","AREQUIPA","01","AREQUIPA","152","0101","INCREMENTO DE LA PRACTICA DE ACTIVIDADES FISICAS, DEPORTIVAS Y RECREATIVAS EN LA POBLACION PERUANA","2","PROYECTO","2415850","CREACION DEL SERVICIO DE RECREACION ACTIVA EN EL COMPLEJO DEPORTIVO N° 02 DEL AA.HH. SAN JERONIMO, ZONA - B DISTRITO DE MARIANO MELGAR - PROVINCIA DE AREQUIPA - DEPARTAMENTO DE AREQUIPA","4000129","INSTALACION DE INFRAESTRUCTURA DEPORTIVA","21","CULTURA Y DEPORTE","046","DEPORTES","0102","INFRAESTRUCTURA DEPORTIVA Y RECREATIVA","00001","0241686","CREACION DEL SERVICIO DE RECREACION ACTIVA EN EL COMPLEJO DEPORTIVO N° 02 DEL AA.HH. SAN JERONIMO, ZONA - B DISTRITO DE MARIANO MELGAR -AREQUIPA-AREQUIPA","04","AREQUIPA","4","DONACIONES Y TRANSFERENCIAS","13","DONACIONES Y TRANSFERENCIAS","0","NORMAL","6","GASTO DE CAPITAL","2","6","ADQUISICION DE ACTIVOS NO FINANCIEROS","2","CONSTRUCCION DE EDIFICIOS Y ESTRUCTURAS","3","OTRAS ESTRUCTURAS","99","OTRAS ESTRUCTURAS DIVERSAS","2","COSTO DE CONSTRUCCION POR CONTRATA","0","0","0","12250","0","0","0","0","0","0","0","0","0","0","0","0","0","0"
"2019","M","GOBIERNOS LOCALES"," "," "," "," ","300331","040101","MUNICIPALIDAD PROVINCIAL DE AREQUIPA","04","AREQUIPA","01","AREQUIPA","01","AREQUIPA","152","0101","INCREMENTO DE LA PRACTICA DE ACTIVIDADES FISICAS, DEPORTIVAS Y RECREATIVAS EN LA POBLACION PERUANA","2","PROYECTO","2415850","CREACION DEL SERVICIO DE RECREACION ACTIVA EN EL COMPLEJO DEPORTIVO N° 02 DEL AA.HH. SAN JERONIMO, ZONA - B DISTRITO DE MARIANO MELGAR - PROVINCIA DE AREQUIPA - DEPARTAMENTO DE AREQUIPA","4000129","INSTALACION DE INFRAESTRUCTURA DEPORTIVA","21","CULTURA Y DEPORTE","046","DEPORTES","0102","INFRAESTRUCTURA DEPORTIVA Y RECREATIVA","00001","0241686","CREACION DEL SERVICIO DE RECREACION ACTIVA EN EL COMPLEJO DEPORTIVO N° 02 DEL AA.HH. SAN JERONIMO, ZONA - B DISTRITO DE MARIANO MELGAR -AREQUIPA-AREQUIPA","04","AREQUIPA","5","RECURSOS DETERMINADOS","07","FONDO DE COMPENSACION MUNICIPAL","0","NORMAL","6","GASTO DE CAPITAL","2","6","ADQUISICION DE ACTIVOS NO FINANCIEROS","2","CONSTRUCCION DE EDIFICIOS Y ESTRUCTURAS","3","OTRAS ESTRUCTURAS","99","OTRAS ESTRUCTURAS DIVERSAS","2","COSTO DE CONSTRUCCION POR CONTRATA","0","353344","353344","0","0","0","0","0","0","0","0","0","0","0","0","0","0","0"
"2019","M","GOBIERNOS LOCALES"," "," "," "," ","300331","040101","MUNICIPALIDAD PROVINCIAL DE AREQUIPA","04","AREQUIPA","01","AREQUIPA","01","AREQUIPA","152","0101","INCREMENTO DE LA PRACTICA DE ACTIVIDADES FISICAS, DEPORTIVAS Y RECREATIVAS EN LA POBLACION PERUANA","2","PROYECTO","2415850","CREACION DEL SERVICIO DE RECREACION ACTIVA EN EL COMPLEJO DEPORTIVO N° 02 DEL AA.HH. SAN JERONIMO, ZONA - B DISTRITO DE MARIANO MELGAR - PROVINCIA DE AREQUIPA - DEPARTAMENTO DE AREQUIPA","4000129","INSTALACION DE INFRAESTRUCTURA DEPORTIVA","21","CULTURA Y DEPORTE","046","DEPORTES","0102","INFRAESTRUCTURA DEPORTIVA Y RECREATIVA","00001","0241686","CREACION DEL SERVICIO DE RECREACION ACTIVA EN EL COMPLEJO DEPORTIVO N° 02 DEL AA.HH. SAN JERONIMO, ZONA - B DISTRITO DE MARIANO MELGAR -AREQUIPA-AREQUIPA","04","AREQUIPA","5","RECURSOS DETERMINADOS","07","FONDO DE COMPENSACION MUNICIPAL","0","NORMAL","6","GASTO DE CAPITAL","2","6","ADQUISICION DE ACTIVOS NO FINANCIEROS","2","CONSTRUCCION DE EDIFICIOS Y ESTRUCTURAS","3","OTRAS ESTRUCTURAS","99","OTRAS ESTRUCTURAS DIVERSAS","2","COSTO DE CONSTRUCCION POR CONTRATA","0","0","0","344317.96","194757.46","0","0","0","0","0","0","0","0","0","0","0","0","0"
"2019","M","GOBIERNOS LOCALES"," "," "," "," ","300331","040101","MUNICIPALIDAD PROVINCIAL DE AREQUIPA","04","AREQUIPA","01","AREQUIPA","01","AREQUIPA","152","0101","INCREMENTO DE LA PRACTICA DE ACTIVIDADES FISICAS, DEPORTIVAS Y RECREATIVAS EN LA POBLACION PERUANA","2","PROYECTO","2415850","CREACION DEL SERVICIO DE RECREACION ACTIVA EN EL COMPLEJO DEPORTIVO N° 02 DEL AA.HH. SAN JERONIMO, ZONA - B DISTRITO DE MARIANO MELGAR - PROVINCIA DE AREQUIPA - DEPARTAMENTO DE AREQUIPA","4000129","INSTALACION DE INFRAESTRUCTURA DEPORTIVA","21","CULTURA Y DEPORTE","046","DEPORTES","0102","INFRAESTRUCTURA DEPORTIVA Y RECREATIVA","00001","0241686","CREACION DEL SERVICIO DE RECREACION ACTIVA EN EL COMPLEJO DEPORTIVO N° 02 DEL AA.HH. SAN JERONIMO, ZONA - B DISTRITO DE MARIANO MELGAR -AREQUIPA-AREQUIPA","04","AREQUIPA","5","RECURSOS DETERMINADOS","07","FONDO DE COMPENSACION MUNICIPAL","0","NORMAL","6","GASTO DE CAPITAL","2","6","ADQUISICION DE ACTIVOS NO FINANCIEROS","8","OTROS GASTOS DE ACTIVOS NO FINANCIEROS","1","OTROS GASTOS DE ACTIVOS NO FINANCIEROS","4","OTROS GASTOS DIVERSOS DE ACTIVOS NO FINANCIEROS","3","GASTO POR LA CONTRATACION DE SERVICIOS","0","11000","11000","0","0","0","0","0","0","0","0","0","0","0","0","0","0","0"
"2019","M","GOBIERNOS LOCALES"," "," "," "," ","300331","040101","MUNICIPALIDAD PROVINCIAL DE AREQUIPA","04","AREQUIPA","01","AREQUIPA","01","AREQUIPA","152","0101","INCREMENTO DE LA PRACTICA DE ACTIVIDADES FISICAS, DEPORTIVAS Y RECREATIVAS EN LA POBLACION PERUANA","2","PROYECTO","2415850","CREACION DEL SERVICIO DE RECREACION ACTIVA EN EL COMPLEJO DEPORTIVO N° 02 DEL AA.HH. SAN JERONIMO, ZONA - B DISTRITO DE MARIANO MELGAR - PROVINCIA DE AREQUIPA - DEPARTAMENTO DE AREQUIPA","4000129","INSTALACION DE INFRAESTRUCTURA DEPORTIVA","21","CULTURA Y DEPORTE","046","DEPORTES","0102","INFRAESTRUCTURA DEPORTIVA Y RECREATIVA","00001","0241686","CREACION DEL SERVICIO DE RECREACION ACTIVA EN EL COMPLEJO DEPORTIVO N° 02 DEL AA.HH. SAN JERONIMO, ZONA - B DISTRITO DE MARIANO MELGAR -AREQUIPA-AREQUIPA","04","AREQUIPA","5","RECURSOS DETERMINADOS","07","FONDO DE COMPENSACION MUNICIPAL","0","NORMAL","6","GASTO DE CAPITAL","2","6","ADQUISICION DE ACTIVOS NO FINANCIEROS","8","OTROS GASTOS DE ACTIVOS NO FINANCIEROS","1","OTROS GASTOS DE ACTIVOS NO FINANCIEROS","4","OTROS GASTOS DIVERSOS DE ACTIVOS NO FINANCIEROS","3","GASTO POR LA CONTRATACION DE SERVICIOS","0","0","0","11000","9189.20","0","0","0","0","0","0","0","0","0","0","0","0","0"
"2019","M","GOBIERNOS LOCALES"," "," "," "," ","300331","040101","MUNICIPALIDAD PROVINCIAL DE AREQUIPA","04","AREQUIPA","01","AREQUIPA","01","AREQUIPA","152","0101","INCREMENTO DE LA PRACTICA DE ACTIVIDADES FISICAS, DEPORTIVAS Y RECREATIVAS EN LA POBLACION PERUANA","2","PROYECTO","2415850","CREACION DEL SERVICIO DE RECREACION ACTIVA EN EL COMPLEJO DEPORTIVO N° 02 DEL AA.HH. SAN JERONIMO, ZONA - B DISTRITO DE MARIANO MELGAR - PROVINCIA DE AREQUIPA - DEPARTAMENTO DE AREQUIPA","4000129","INSTALACION DE INFRAESTRUCTURA DEPORTIVA","21","CULTURA Y DEPORTE","046","DEPORTES","0102","INFRAESTRUCTURA DEPORTIVA Y RECREATIVA","00001","0241686","CREACION DEL SERVICIO DE RECREACION ACTIVA EN EL COMPLEJO DEPORTIVO N° 02 DEL AA.HH. SAN JERONIMO, ZONA - B DISTRITO DE MARIANO MELGAR -AREQUIPA-AREQUIPA","04","AREQUIPA","5","RECURSOS DETERMINADOS","07","FONDO DE COMPENSACION MUNICIPAL","A","SUB CUENTA - FONCOMUN","6","GASTO DE CAPITAL","2","6","ADQUISICION DE ACTIVOS NO FINANCIEROS","2","CONSTRUCCION DE EDIFICIOS Y ESTRUCTURAS","3","OTRAS ESTRUCTURAS","99","OTRAS ESTRUCTURAS DIVERSAS","2","COSTO DE CONSTRUCCION POR CONTRATA","0","0","0","0","0","0","0","0","0","0","0","0","0","330811.17","-297730.05","0","161676.34","194757.46"
"2019","M","GOBIERNOS LOCALES"," "," "," "," ","300331","040101","MUNICIPALIDAD PROVINCIAL DE AREQUIPA","04","AREQUIPA","01","AREQUIPA","01","AREQUIPA","152","0101","INCREMENTO DE LA PRACTICA DE ACTIVIDADES FISICAS, DEPORTIVAS Y RECREATIVAS EN LA POBLACION PERUANA","2","PROYECTO","2415850","CREACION DEL SERVICIO DE RECREACION ACTIVA EN EL COMPLEJO DEPORTIVO N° 02 DEL AA.HH. SAN JERONIMO, ZONA - B DISTRITO DE MARIANO MELGAR - PROVINCIA DE AREQUIPA - DEPARTAMENTO DE AREQUIPA","4000129","INSTALACION DE INFRAESTRUCTURA DEPORTIVA","21","CULTURA Y DEPORTE","046","DEPORTES","0102","INFRAESTRUCTURA DEPORTIVA Y RECREATIVA","00001","0241686","CREACION DEL SERVICIO DE RECREACION ACTIVA EN EL COMPLEJO DEPORTIVO N° 02 DEL AA.HH. SAN JERONIMO, ZONA - B DISTRITO DE MARIANO MELGAR -AREQUIPA-AREQUIPA","04","AREQUIPA","5","RECURSOS DETERMINADOS","07","FONDO DE COMPENSACION MUNICIPAL","A","SUB CUENTA - FONCOMUN","6","GASTO DE CAPITAL","2","6","ADQUISICION DE ACTIVOS NO FINANCIEROS","8","OTROS GASTOS DE ACTIVOS NO FINANCIEROS","1","OTROS GASTOS DE ACTIVOS NO FINANCIEROS","4","OTROS GASTOS DIVERSOS DE ACTIVOS NO FINANCIEROS","3","GASTO POR LA CONTRATACION DE SERVICIOS","0","0","0","0","0","0","0","0","0","0","0","0","0","0","0","0","4364.87","4364.87"
"2019","M","GOBIERNOS LOCALES"," "," "," "," ","300331","040101","MUNICIPALIDAD PROVINCIAL DE AREQUIPA","04","AREQUIPA","01","AREQUIPA","01","AREQUIPA","153","0101","INCREMENTO DE LA PRACTICA DE ACTIVIDADES FISICAS, DEPORTIVAS Y RECREATIVAS EN LA POBLACION PERUANA","2","PROYECTO","2416643","CREACION DEL SERVICIO DE PROTECCION SOLAR Y SEGURIDAD EN LA LOSA DEPORTIVA DE LA ASOC. GRANJA TALLER VIVIENDA SAN FRANCISCO DE ASIS - ZONA II DISTRITO DE MARIANO MELGAR - PROVINCIA DE AREQUIPA - DEPARTAMENTO DE AREQUIPA","4000129","INSTALACION DE INFRAESTRUCTURA DEPORTIVA","21","CULTURA Y DEPORTE","046","DEPORTES","0102","INFRAESTRUCTURA DEPORTIVA Y RECREATIVA","00001","0241920","CREACION DEL SERVICIO DE PROTECCION SOLAR Y SEGURIDAD EN LA LOSA DEPORTIVA DE LA ASOC. GRANJA TALLER VIVIENDA SAN FRANCISCO DE ASIS - ZONA II DISTRITO DE MARIANO MELGAR-AREQUIPA-AREQUIPA","04","AREQUIPA","4","DONACIONES Y TRANSFERENCIAS","13","DONACIONES Y TRANSFERENCIAS","0","NORMAL","6","GASTO DE CAPITAL","2","6","ADQUISICION DE ACTIVOS NO FINANCIEROS","2","CONSTRUCCION DE EDIFICIOS Y ESTRUCTURAS","3","OTRAS ESTRUCTURAS","99","OTRAS ESTRUCTURAS DIVERSAS","2","COSTO DE CONSTRUCCION POR CONTRATA","0","14630","14630","0","0","0","0","0","0","0","0","0","0","0","0","0","0","0"
"2019","M","GOBIERNOS LOCALES"," "," "," "," ","300331","040101","MUNICIPALIDAD PROVINCIAL DE AREQUIPA","04","AREQUIPA","01","AREQUIPA","01","AREQUIPA","153","0101","INCREMENTO DE LA PRACTICA DE ACTIVIDADES FISICAS, DEPORTIVAS Y RECREATIVAS EN LA POBLACION PERUANA","2","PROYECTO","2416643","CREACION DEL SERVICIO DE PROTECCION SOLAR Y SEGURIDAD EN LA LOSA DEPORTIVA DE LA ASOC. GRANJA TALLER VIVIENDA SAN FRANCISCO DE ASIS - ZONA II DISTRITO DE MARIANO MELGAR - PROVINCIA DE AREQUIPA - DEPARTAMENTO DE AREQUIPA","4000129","INSTALACION DE INFRAESTRUCTURA DEPORTIVA","21","CULTURA Y DEPORTE","046","DEPORTES","0102","INFRAESTRUCTURA DEPORTIVA Y RECREATIVA","00001","0241920","CREACION DEL SERVICIO DE PROTECCION SOLAR Y SEGURIDAD EN LA LOSA DEPORTIVA DE LA ASOC. GRANJA TALLER VIVIENDA SAN FRANCISCO DE ASIS - ZONA II DISTRITO DE MARIANO MELGAR-AREQUIPA-AREQUIPA","04","AREQUIPA","4","DONACIONES Y TRANSFERENCIAS","13","DONACIONES Y TRANSFERENCIAS","0","NORMAL","6","GASTO DE CAPITAL","2","6","ADQUISICION DE ACTIVOS NO FINANCIEROS","2","CONSTRUCCION DE EDIFICIOS Y ESTRUCTURAS","3","OTRAS ESTRUCTURAS","99","OTRAS ESTRUCTURAS DIVERSAS","2","COSTO DE CONSTRUCCION POR CONTRATA","0","0","0","8042","0","0","0","0","0","0","0","0","0","0","0","0","0","0"
"2019","M","GOBIERNOS LOCALES"," "," "," "," ","300331","040101","MUNICIPALIDAD PROVINCIAL DE AREQUIPA","04","AREQUIPA","01","AREQUIPA","01","AREQUIPA","153","0101","INCREMENTO DE LA PRACTICA DE ACTIVIDADES FISICAS, DEPORTIVAS Y RECREATIVAS EN LA POBLACION PERUANA","2","PROYECTO","2416643","CREACION DEL SERVICIO DE PROTECCION SOLAR Y SEGURIDAD EN LA LOSA DEPORTIVA DE LA ASOC. GRANJA TALLER VIVIENDA SAN FRANCISCO DE ASIS - ZONA II DISTRITO DE MARIANO MELGAR - PROVINCIA DE AREQUIPA - DEPARTAMENTO DE AREQUIPA","4000129","INSTALACION DE INFRAESTRUCTURA DEPORTIVA","21","CULTURA Y DEPORTE","046","DEPORTES","0102","INFRAESTRUCTURA DEPORTIVA Y RECREATIVA","00001","0241920","CREACION DEL SERVICIO DE PROTECCION SOLAR Y SEGURIDAD EN LA LOSA DEPORTIVA DE LA ASOC. GRANJA TALLER VIVIENDA SAN FRANCISCO DE ASIS - ZONA II DISTRITO DE MARIANO MELGAR-AREQUIPA-AREQUIPA","04","AREQUIPA","5","RECURSOS DETERMINADOS","07","FONDO DE COMPENSACION MUNICIPAL","0","NORMAL","6","GASTO DE CAPITAL","2","6","ADQUISICION DE ACTIVOS NO FINANCIEROS","2","CONSTRUCCION DE EDIFICIOS Y ESTRUCTURAS","3","OTRAS ESTRUCTURAS","99","OTRAS ESTRUCTURAS DIVERSAS","2","COSTO DE CONSTRUCCION POR CONTRATA","0","252366","252366","0","0","0","0","0","0","0","0","0","0","0","0","0","0","0"
"2019","M","GOBIERNOS LOCALES"," "," "," "," ","300331","040101","MUNICIPALIDAD PROVINCIAL DE AREQUIPA","04","AREQUIPA","01","AREQUIPA","01","AREQUIPA","153","0101","INCREMENTO DE LA PRACTICA DE ACTIVIDADES FISICAS, DEPORTIVAS Y RECREATIVAS EN LA POBLACION PERUANA","2","PROYECTO","2416643","CREACION DEL SERVICIO DE PROTECCION SOLAR Y SEGURIDAD EN LA LOSA DEPORTIVA DE LA ASOC. GRANJA TALLER VIVIENDA SAN FRANCISCO DE ASIS - ZONA II DISTRITO DE MARIANO MELGAR - PROVINCIA DE AREQUIPA - DEPARTAMENTO DE AREQUIPA","4000129","INSTALACION DE INFRAESTRUCTURA DEPORTIVA","21","CULTURA Y DEPORTE","046","DEPORTES","0102","INFRAESTRUCTURA DEPORTIVA Y RECREATIVA","00001","0241920","CREACION DEL SERVICIO DE PROTECCION SOLAR Y SEGURIDAD EN LA LOSA DEPORTIVA DE LA ASOC. GRANJA TALLER VIVIENDA SAN FRANCISCO DE ASIS - ZONA II DISTRITO DE MARIANO MELGAR-AREQUIPA-AREQUIPA","04","AREQUIPA","5","RECURSOS DETERMINADOS","07","FONDO DE COMPENSACION MUNICIPAL","0","NORMAL","6","GASTO DE CAPITAL","2","6","ADQUISICION DE ACTIVOS NO FINANCIEROS","2","CONSTRUCCION DE EDIFICIOS Y ESTRUCTURAS","3","OTRAS ESTRUCTURAS","99","OTRAS ESTRUCTURAS DIVERSAS","2","COSTO DE CONSTRUCCION POR CONTRATA","0","0","0","248056.58","240388.73","0","0","0","0","0","0","0","0","0","0","0","0","0"
"2019","M","GOBIERNOS LOCALES"," "," "," "," ","300331","040101","MUNICIPALIDAD PROVINCIAL DE AREQUIPA","04","AREQUIPA","01","AREQUIPA","01","AREQUIPA","153","0101","INCREMENTO DE LA PRACTICA DE ACTIVIDADES FISICAS, DEPORTIVAS Y RECREATIVAS EN LA POBLACION PERUANA","2","PROYECTO","2416643","CREACION DEL SERVICIO DE PROTECCION SOLAR Y SEGURIDAD EN LA LOSA DEPORTIVA DE LA ASOC. GRANJA TALLER VIVIENDA SAN FRANCISCO DE ASIS - ZONA II DISTRITO DE MARIANO MELGAR - PROVINCIA DE AREQUIPA - DEPARTAMENTO DE AREQUIPA","4000129","INSTALACION DE INFRAESTRUCTURA DEPORTIVA","21","CULTURA Y DEPORTE","046","DEPORTES","0102","INFRAESTRUCTURA DEPORTIVA Y RECREATIVA","00001","0241920","CREACION DEL SERVICIO DE PROTECCION SOLAR Y SEGURIDAD EN LA LOSA DEPORTIVA DE LA ASOC. GRANJA TALLER VIVIENDA SAN FRANCISCO DE ASIS - ZONA II DISTRITO DE MARIANO MELGAR-AREQUIPA-AREQUIPA","04","AREQUIPA","5","RECURSOS DETERMINADOS","07","FONDO DE COMPENSACION MUNICIPAL","0","NORMAL","6","GASTO DE CAPITAL","2","6","ADQUISICION DE ACTIVOS NO FINANCIEROS","8","OTROS GASTOS DE ACTIVOS NO FINANCIEROS","1","OTROS GASTOS DE ACTIVOS NO FINANCIEROS","4","OTROS GASTOS DIVERSOS DE ACTIVOS NO FINANCIEROS","3","GASTO POR LA CONTRATACION DE SERVICIOS","0","11000","11000","0","0","0","0","0","0","0","0","0","0","0","0","0","0","0"
"2019","M","GOBIERNOS LOCALES"," "," "," "," ","300331","040101","MUNICIPALIDAD PROVINCIAL DE AREQUIPA","04","AREQUIPA","01","AREQUIPA","01","AREQUIPA","153","0101","INCREMENTO DE LA PRACTICA DE ACTIVIDADES FISICAS, DEPORTIVAS Y RECREATIVAS EN LA POBLACION PERUANA","2","PROYECTO","2416643","CREACION DEL SERVICIO DE PROTECCION SOLAR Y SEGURIDAD EN LA LOSA DEPORTIVA DE LA ASOC. GRANJA TALLER VIVIENDA SAN FRANCISCO DE ASIS - ZONA II DISTRITO DE MARIANO MELGAR - PROVINCIA DE AREQUIPA - DEPARTAMENTO DE AREQUIPA","4000129","INSTALACION DE INFRAESTRUCTURA DEPORTIVA","21","CULTURA Y DEPORTE","046","DEPORTES","0102","INFRAESTRUCTURA DEPORTIVA Y RECREATIVA","00001","0241920","CREACION DEL SERVICIO DE PROTECCION SOLAR Y SEGURIDAD EN LA LOSA DEPORTIVA DE LA ASOC. GRANJA TALLER VIVIENDA SAN FRANCISCO DE ASIS - ZONA II DISTRITO DE MARIANO MELGAR-AREQUIPA-AREQUIPA","04","AREQUIPA","5","RECURSOS DETERMINADOS","07","FONDO DE COMPENSACION MUNICIPAL","0","NORMAL","6","GASTO DE CAPITAL","2","6","ADQUISICION DE ACTIVOS NO FINANCIEROS","8","OTROS GASTOS DE ACTIVOS NO FINANCIEROS","1","OTROS GASTOS DE ACTIVOS NO FINANCIEROS","4","OTROS GASTOS DIVERSOS DE ACTIVOS NO FINANCIEROS","3","GASTO POR LA CONTRATACION DE SERVICIOS","0","0","0","11000","8012","0","0","0","0","0","0","0","0","0","0","0","0","0"
"2019","M","GOBIERNOS LOCALES"," "," "," "," ","300331","040101","MUNICIPALIDAD PROVINCIAL DE AREQUIPA","04","AREQUIPA","01","AREQUIPA","01","AREQUIPA","153","0101","INCREMENTO DE LA PRACTICA DE ACTIVIDADES FISICAS, DEPORTIVAS Y RECREATIVAS EN LA POBLACION PERUANA","2","PROYECTO","2416643","CREACION DEL SERVICIO DE PROTECCION SOLAR Y SEGURIDAD EN LA LOSA DEPORTIVA DE LA ASOC. GRANJA TALLER VIVIENDA SAN FRANCISCO DE ASIS - ZONA II DISTRITO DE MARIANO MELGAR - PROVINCIA DE AREQUIPA - DEPARTAMENTO DE AREQUIPA","4000129","INSTALACION DE INFRAESTRUCTURA DEPORTIVA","21","CULTURA Y DEPORTE","046","DEPORTES","0102","INFRAESTRUCTURA DEPORTIVA Y RECREATIVA","00001","0241920","CREACION DEL SERVICIO DE PROTECCION SOLAR Y SEGURIDAD EN LA LOSA DEPORTIVA DE LA ASOC. GRANJA TALLER VIVIENDA SAN FRANCISCO DE ASIS - ZONA II DISTRITO DE MARIANO MELGAR-AREQUIPA-AREQUIPA","04","AREQUIPA","5","RECURSOS DETERMINADOS","07","FONDO DE COMPENSACION MUNICIPAL","A","SUB CUENTA - FONCOMUN","6","GASTO DE CAPITAL","2","6","ADQUISICION DE ACTIVOS NO FINANCIEROS","2","CONSTRUCCION DE EDIFICIOS Y ESTRUCTURAS","3","OTRAS ESTRUCTURAS","99","OTRAS ESTRUCTURAS DIVERSAS","2","COSTO DE CONSTRUCCION POR CONTRATA","0","0","0","0","0","0","0","0","0","0","0","0","0","240388.73","0","0","0","240388.73"
"2019","M","GOBIERNOS LOCALES"," "," "," "," ","300331","040101","MUNICIPALIDAD PROVINCIAL DE AREQUIPA","04","AREQUIPA","01","AREQUIPA","01","AREQUIPA","153","0101","INCREMENTO DE LA PRACTICA DE ACTIVIDADES FISICAS, DEPORTIVAS Y RECREATIVAS EN LA POBLACION PERUANA","2","PROYECTO","2416643","CREACION DEL SERVICIO DE PROTECCION SOLAR Y SEGURIDAD EN LA LOSA DEPORTIVA DE LA ASOC. GRANJA TALLER VIVIENDA SAN FRANCISCO DE ASIS - ZONA II DISTRITO DE MARIANO MELGAR - PROVINCIA DE AREQUIPA - DEPARTAMENTO DE AREQUIPA","4000129","INSTALACION DE INFRAESTRUCTURA DEPORTIVA","21","CULTURA Y DEPORTE","046","DEPORTES","0102","INFRAESTRUCTURA DEPORTIVA Y RECREATIVA","00001","0241920","CREACION DEL SERVICIO DE PROTECCION SOLAR Y SEGURIDAD EN LA LOSA DEPORTIVA DE LA ASOC. GRANJA TALLER VIVIENDA SAN FRANCISCO DE ASIS - ZONA II DISTRITO DE MARIANO MELGAR-AREQUIPA-AREQUIPA","04","AREQUIPA","5","RECURSOS DETERMINADOS","07","FONDO DE COMPENSACION MUNICIPAL","A","SUB CUENTA - FONCOMUN","6","GASTO DE CAPITAL","2","6","ADQUISICION DE ACTIVOS NO FINANCIEROS","8","OTROS GASTOS DE ACTIVOS NO FINANCIEROS","1","OTROS GASTOS DE ACTIVOS NO FINANCIEROS","4","OTROS GASTOS DIVERSOS DE ACTIVOS NO FINANCIEROS","3","GASTO POR LA CONTRATACION DE SERVICIOS","0","0","0","0","0","0","0","0","0","0","0","0","0","0","0","0","0","0"
"2019","M","GOBIERNOS LOCALES"," "," "," "," ","300331","040101","MUNICIPALIDAD PROVINCIAL DE AREQUIPA","04","AREQUIPA","01","AREQUIPA","01","AREQUIPA","207","0101","INCREMENTO DE LA PRACTICA DE ACTIVIDADES FISICAS, DEPORTIVAS Y RECREATIVAS EN LA POBLACION PERUANA","2","PROYECTO","2416645","CREACION DEL SERVICIO DE PROTECCION SOLAR Y SEGURIDAD EN LA LOSA DEPORTIVA DE LA ASOC. DE VIVIENDA SAN JERONIMO ZONA - A DISTRITO DE MARIANO MELGAR - PROVINCIA DE AREQUIPA - DEPARTAMENTO DE AREQUIPA","6000001","EXPEDIENTE TECNICO","21","CULTURA Y DEPORTE","046","DEPORTES","0102","INFRAESTRUCTURA DEPORTIVA Y RECREATIVA","00001","0241678","CREACION DEL SERVICIO DE PROTECCION SOLAR Y SEGURIDAD EN LA LOSA DEPORTIVA DE LA ASOC. DE VIVIENDA SAN JERONIMO ZONA - A DISTRITO DE MARIANO MELGAR-AREQUIPA-AREQUIPA","04","AREQUIPA","2","RECURSOS DIRECTAMENTE RECAUDADOS","09","RECURSOS DIRECTAMENTE RECAUDADOS","0","NORMAL","6","GASTO DE CAPITAL","2","6","ADQUISICION DE ACTIVOS NO FINANCIEROS","8","OTROS GASTOS DE ACTIVOS NO FINANCIEROS","1","OTROS GASTOS DE ACTIVOS NO FINANCIEROS","3","ELABORACION DE EXPEDIENTES TECNICOS","1","ELABORACION DE EXPEDIENTES TECNICOS","0","7200","7200","0","0","0","0","0","0","0","0","0","0","0","0","0","0","0"
"2019","M","GOBIERNOS LOCALES"," "," "," "," ","300331","040101","MUNICIPALIDAD PROVINCIAL DE AREQUIPA","04","AREQUIPA","01","AREQUIPA","01","AREQUIPA","207","0101","INCREMENTO DE LA PRACTICA DE ACTIVIDADES FISICAS, DEPORTIVAS Y RECREATIVAS EN LA POBLACION PERUANA","2","PROYECTO","2416645","CREACION DEL SERVICIO DE PROTECCION SOLAR Y SEGURIDAD EN LA LOSA DEPORTIVA DE LA ASOC. DE VIVIENDA SAN JERONIMO ZONA - A DISTRITO DE MARIANO MELGAR - PROVINCIA DE AREQUIPA - DEPARTAMENTO DE AREQUIPA","6000001","EXPEDIENTE TECNICO","21","CULTURA Y DEPORTE","046","DEPORTES","0102","INFRAESTRUCTURA DEPORTIVA Y RECREATIVA","00001","0241678","CREACION DEL SERVICIO DE PROTECCION SOLAR Y SEGURIDAD EN LA LOSA DEPORTIVA DE LA ASOC. DE VIVIENDA SAN JERONIMO ZONA - A DISTRITO DE MARIANO MELGAR-AREQUIPA-AREQUIPA","04","AREQUIPA","2","RECURSOS DIRECTAMENTE RECAUDADOS","09","RECURSOS DIRECTAMENTE RECAUDADOS","0","NORMAL","6","GASTO DE CAPITAL","2","6","ADQUISICION DE ACTIVOS NO FINANCIEROS","8","OTROS GASTOS DE ACTIVOS NO FINANCIEROS","1","OTROS GASTOS DE ACTIVOS NO FINANCIEROS","3","ELABORACION DE EXPEDIENTES TECNICOS","1","ELABORACION DE EXPEDIENTES TECNICOS","0","0","0","7200","0","0","0","0","0","0","0","0","0","0","0","0","0","0"
"2019","M","GOBIERNOS LOCALES"," "," "," "," ","300331","040101","MUNICIPALIDAD PROVINCIAL DE AREQUIPA","04","AREQUIPA","01","AREQUIPA","01","AREQUIPA","207","0101","INCREMENTO DE LA PRACTICA DE ACTIVIDADES FISICAS, DEPORTIVAS Y RECREATIVAS EN LA POBLACION PERUANA","2","PROYECTO","2416645","CREACION DEL SERVICIO DE PROTECCION SOLAR Y SEGURIDAD EN LA LOSA DEPORTIVA DE LA ASOC. DE VIVIENDA SAN JERONIMO ZONA - A DISTRITO DE MARIANO MELGAR - PROVINCIA DE AREQUIPA - DEPARTAMENTO DE AREQUIPA","6000001","EXPEDIENTE TECNICO","21","CULTURA Y DEPORTE","046","DEPORTES","0102","INFRAESTRUCTURA DEPORTIVA Y RECREATIVA","00001","0241678","CREACION DEL SERVICIO DE PROTECCION SOLAR Y SEGURIDAD EN LA LOSA DEPORTIVA DE LA ASOC. DE VIVIENDA SAN JERONIMO ZONA - A DISTRITO DE MARIANO MELGAR-AREQUIPA-AREQUIPA","04","AREQUIPA","2","RECURSOS DIRECTAMENTE RECAUDADOS","09","RECURSOS DIRECTAMENTE RECAUDADOS","7","SUB CUENTA - RECURSOS DIRECTAMENTE RECAUDADOS","6","GASTO DE CAPITAL","2","6","ADQUISICION DE ACTIVOS NO FINANCIEROS","8","OTROS GASTOS DE ACTIVOS NO FINANCIEROS","1","OTROS GASTOS DE ACTIVOS NO FINANCIEROS","3","ELABORACION DE EXPEDIENTES TECNICOS","1","ELABORACION DE EXPEDIENTES TECNICOS","0","0","0","0","0","0","0","0","0","0","0","0","0","0","0","0","0","0"
"2019","M","GOBIERNOS LOCALES"," "," "," "," ","300331","040101","MUNICIPALIDAD PROVINCIAL DE AREQUIPA","04","AREQUIPA","01","AREQUIPA","01","AREQUIPA","159","9002","ASIGNACIONES PRESUPUESTARIAS QUE NO RESULTAN EN PRODUCTOS","2","PROYECTO","2274213","INSTALACION DE MINI GIMNASIOS AL AIRE LIBRE EN LOS PARQUES: CESAR VALLEJO, ASVEA, FERROVIARIOS, DANTE ALIGHIERI, SIMON RODRIGUEZ Y GRAU EN EL DISTRITO DE AREQUIPA, PROVINCIA DE AREQUIPA - AREQUIPA","4000219","MEJORAMIENTO DE PARQUES","21","CULTURA Y DEPORTE","046","DEPORTES","0102","INFRAESTRUCTURA DEPORTIVA Y RECREATIVA","00001","0237194","INSTALACION DE MINI GIMNASIOS AL AIRE LIBRE EN LOS PARQUES: CESAR VALLEJO, ASVEA, FERROVIARIOS, DANTE ALIGHIERI, SIMON RODRIGUEZ Y GRAU EN EL DISTRITO DE AREQUIPA - AREQUIPA - AREQUIPA","04","AREQUIPA","5","RECURSOS DETERMINADOS","07","FONDO DE COMPENSACION MUNICIPAL","0","NORMAL","6","GASTO DE CAPITAL","2","6","ADQUISICION DE ACTIVOS NO FINANCIEROS","2","CONSTRUCCION DE EDIFICIOS Y ESTRUCTURAS","3","OTRAS ESTRUCTURAS","6","PLAZUELAS, PARQUES Y JARDINES","4","COSTO DE CONSTRUCCION POR ADMINISTRACION DIRECTA - BIENES","0","16544","16544","0","0","0","0","0","0","0","0","0","0","0","0","0","0","0"
"2019","M","GOBIERNOS LOCALES"," "," "," "," ","300331","040101","MUNICIPALIDAD PROVINCIAL DE AREQUIPA","04","AREQUIPA","01","AREQUIPA","01","AREQUIPA","159","9002","ASIGNACIONES PRESUPUESTARIAS QUE NO RESULTAN EN PRODUCTOS","2","PROYECTO","2274213","INSTALACION DE MINI GIMNASIOS AL AIRE LIBRE EN LOS PARQUES: CESAR VALLEJO, ASVEA, FERROVIARIOS, DANTE ALIGHIERI, SIMON RODRIGUEZ Y GRAU EN EL DISTRITO DE AREQUIPA, PROVINCIA DE AREQUIPA - AREQUIPA","4000219","MEJORAMIENTO DE PARQUES","21","CULTURA Y DEPORTE","046","DEPORTES","0102","INFRAESTRUCTURA DEPORTIVA Y RECREATIVA","00001","0237194","INSTALACION DE MINI GIMNASIOS AL AIRE LIBRE EN LOS PARQUES: CESAR VALLEJO, ASVEA, FERROVIARIOS, DANTE ALIGHIERI, SIMON RODRIGUEZ Y GRAU EN EL DISTRITO DE AREQUIPA - AREQUIPA - AREQUIPA","04","AREQUIPA","5","RECURSOS DETERMINADOS","07","FONDO DE COMPENSACION MUNICIPAL","0","NORMAL","6","GASTO DE CAPITAL","2","6","ADQUISICION DE ACTIVOS NO FINANCIEROS","2","CONSTRUCCION DE EDIFICIOS Y ESTRUCTURAS","3","OTRAS ESTRUCTURAS","6","PLAZUELAS, PARQUES Y JARDINES","4","COSTO DE CONSTRUCCION POR ADMINISTRACION DIRECTA - BIENES","0","0","0","16544","15210","0","0","0","0","0","0","0","0","0","0","0","0","0"
"2019","M","GOBIERNOS LOCALES"," "," "," "," ","300331","040101","MUNICIPALIDAD PROVINCIAL DE AREQUIPA","04","AREQUIPA","01","AREQUIPA","01","AREQUIPA","159","9002","ASIGNACIONES PRESUPUESTARIAS QUE NO RESULTAN EN PRODUCTOS","2","PROYECTO","2274213","INSTALACION DE MINI GIMNASIOS AL AIRE LIBRE EN LOS PARQUES: CESAR VALLEJO, ASVEA, FERROVIARIOS, DANTE ALIGHIERI, SIMON RODRIGUEZ Y GRAU EN EL DISTRITO DE AREQUIPA, PROVINCIA DE AREQUIPA - AREQUIPA","4000219","MEJORAMIENTO DE PARQUES","21","CULTURA Y DEPORTE","046","DEPORTES","0102","INFRAESTRUCTURA DEPORTIVA Y RECREATIVA","00001","0237194","INSTALACION DE MINI GIMNASIOS AL AIRE LIBRE EN LOS PARQUES: CESAR VALLEJO, ASVEA, FERROVIARIOS, DANTE ALIGHIERI, SIMON RODRIGUEZ Y GRAU EN EL DISTRITO DE AREQUIPA - AREQUIPA - AREQUIPA","04","AREQUIPA","5","RECURSOS DETERMINADOS","07","FONDO DE COMPENSACION MUNICIPAL","0","NORMAL","6","GASTO DE CAPITAL","2","6","ADQUISICION DE ACTIVOS NO FINANCIEROS","2","CONSTRUCCION DE EDIFICIOS Y ESTRUCTURAS","3","OTRAS ESTRUCTURAS","6","PLAZUELAS, PARQUES Y JARDINES","5","COSTO DE CONSTRUCCION POR ADMINISTRACION DIRECTA - SERVICIOS","0","64146","64146","0","0","0","0","0","0","0","0","0","0","0","0","0","0","0"
"2019","M","GOBIERNOS LOCALES"," "," "," "," ","300331","040101","MUNICIPALIDAD PROVINCIAL DE AREQUIPA","04","AREQUIPA","01","AREQUIPA","01","AREQUIPA","159","9002","ASIGNACIONES PRESUPUESTARIAS QUE NO RESULTAN EN PRODUCTOS","2","PROYECTO","2274213","INSTALACION DE MINI GIMNASIOS AL AIRE LIBRE EN LOS PARQUES: CESAR VALLEJO, ASVEA, FERROVIARIOS, DANTE ALIGHIERI, SIMON RODRIGUEZ Y GRAU EN EL DISTRITO DE AREQUIPA, PROVINCIA DE AREQUIPA - AREQUIPA","4000219","MEJORAMIENTO DE PARQUES","21","CULTURA Y DEPORTE","046","DEPORTES","0102","INFRAESTRUCTURA DEPORTIVA Y RECREATIVA","00001","0237194","INSTALACION DE MINI GIMNASIOS AL AIRE LIBRE EN LOS PARQUES: CESAR VALLEJO, ASVEA, FERROVIARIOS, DANTE ALIGHIERI, SIMON RODRIGUEZ Y GRAU EN EL DISTRITO DE AREQUIPA - AREQUIPA - AREQUIPA","04","AREQUIPA","5","RECURSOS DETERMINADOS","07","FONDO DE COMPENSACION MUNICIPAL","0","NORMAL","6","GASTO DE CAPITAL","2","6","ADQUISICION DE ACTIVOS NO FINANCIEROS","2","CONSTRUCCION DE EDIFICIOS Y ESTRUCTURAS","3","OTRAS ESTRUCTURAS","6","PLAZUELAS, PARQUES Y JARDINES","5","COSTO DE CONSTRUCCION POR ADMINISTRACION DIRECTA - SERVICIOS","0","0","0","64146","54400","0","0","0","0","0","0","0","0","0","0","0","0","0"
"2019","M","GOBIERNOS LOCALES"," "," "," "," ","300331","040101","MUNICIPALIDAD PROVINCIAL DE AREQUIPA","04","AREQUIPA","01","AREQUIPA","01","AREQUIPA","159","9002","ASIGNACIONES PRESUPUESTARIAS QUE NO RESULTAN EN PRODUCTOS","2","PROYECTO","2274213","INSTALACION DE MINI GIMNASIOS AL AIRE LIBRE EN LOS PARQUES: CESAR VALLEJO, ASVEA, FERROVIARIOS, DANTE ALIGHIERI, SIMON RODRIGUEZ Y GRAU EN EL DISTRITO DE AREQUIPA, PROVINCIA DE AREQUIPA - AREQUIPA","4000219","MEJORAMIENTO DE PARQUES","21","CULTURA Y DEPORTE","046","DEPORTES","0102","INFRAESTRUCTURA DEPORTIVA Y RECREATIVA","00001","0237194","INSTALACION DE MINI GIMNASIOS AL AIRE LIBRE EN LOS PARQUES: CESAR VALLEJO, ASVEA, FERROVIARIOS, DANTE ALIGHIERI, SIMON RODRIGUEZ Y GRAU EN EL DISTRITO DE AREQUIPA - AREQUIPA - AREQUIPA","04","AREQUIPA","5","RECURSOS DETERMINADOS","07","FONDO DE COMPENSACION MUNICIPAL","A","SUB CUENTA - FONCOMUN","6","GASTO DE CAPITAL","2","6","ADQUISICION DE ACTIVOS NO FINANCIEROS","2","CONSTRUCCION DE EDIFICIOS Y ESTRUCTURAS","3","OTRAS ESTRUCTURAS","6","PLAZUELAS, PARQUES Y JARDINES","4","COSTO DE CONSTRUCCION POR ADMINISTRACION DIRECTA - BIENES","0","0","0","0","0","0","0","0","15210","0","0","0","0","0","0","0","0","15210"
"2019","M","GOBIERNOS LOCALES"," "," "," "," ","300331","040101","MUNICIPALIDAD PROVINCIAL DE AREQUIPA","04","AREQUIPA","01","AREQUIPA","01","AREQUIPA","159","9002","ASIGNACIONES PRESUPUESTARIAS QUE NO RESULTAN EN PRODUCTOS","2","PROYECTO","2274213","INSTALACION DE MINI GIMNASIOS AL AIRE LIBRE EN LOS PARQUES: CESAR VALLEJO, ASVEA, FERROVIARIOS, DANTE ALIGHIERI, SIMON RODRIGUEZ Y GRAU EN EL DISTRITO DE AREQUIPA, PROVINCIA DE AREQUIPA - AREQUIPA","4000219","MEJORAMIENTO DE PARQUES","21","CULTURA Y DEPORTE","046","DEPORTES","0102","INFRAESTRUCTURA DEPORTIVA Y RECREATIVA","00001","0237194","INSTALACION DE MINI GIMNASIOS AL AIRE LIBRE EN LOS PARQUES: CESAR VALLEJO, ASVEA, FERROVIARIOS, DANTE ALIGHIERI, SIMON RODRIGUEZ Y GRAU EN EL DISTRITO DE AREQUIPA - AREQUIPA - AREQUIPA","04","AREQUIPA","5","RECURSOS DETERMINADOS","07","FONDO DE COMPENSACION MUNICIPAL","A","SUB CUENTA - FONCOMUN","6","GASTO DE CAPITAL","2","6","ADQUISICION DE ACTIVOS NO FINANCIEROS","2","CONSTRUCCION DE EDIFICIOS Y ESTRUCTURAS","3","OTRAS ESTRUCTURAS","6","PLAZUELAS, PARQUES Y JARDINES","5","COSTO DE CONSTRUCCION POR ADMINISTRACION DIRECTA - SERVICIOS","0","0","0","0","0","0","0","0","54400","0","0","0","0","0","0","0","0","54400"
"2019","M","GOBIERNOS LOCALES"," "," "," "," ","300331","040101","MUNICIPALIDAD PROVINCIAL DE AREQUIPA","04","AREQUIPA","01","AREQUIPA","01","AREQUIPA","146","9002","ASIGNACIONES PRESUPUESTARIAS QUE NO RESULTAN EN PRODUCTOS","2","PROYECTO","2415756","CREACION DEL SERVICIO DE RECREACION ACTIVA EN EL AREA DE RECREACION PUBLICA N° 02 DE LA ASOC. CASA HUERTA GRAN SAN MIGUEL, ZONA-B MARIANO MELGAR - DISTRITO DE MARIANO MELGAR - PROVINCIA DE AREQUIPA - DEPARTAMENTO DE AREQUIPA","6000001","EXPEDIENTE TECNICO","21","CULTURA Y DEPORTE","046","DEPORTES","0102","INFRAESTRUCTURA DEPORTIVA Y RECREATIVA","00001","0241680","CREACION DEL SERVICIO DE RECREACION ACTIVA EN EL AREA DE RECREACION PUBLICA N° 02 DE LA ASOC. CASA HUERTA GRAN SAN MIGUEL, ZONA-B MARIANO MELGAR - DISTRITO DE MARIANO MELGAR-AREQUIPA-AREQUIPA","04","AREQUIPA","2","RECURSOS DIRECTAMENTE RECAUDADOS","09","RECURSOS DIRECTAMENTE RECAUDADOS","0","NORMAL","6","GASTO DE CAPITAL","2","6","ADQUISICION DE ACTIVOS NO FINANCIEROS","8","OTROS GASTOS DE ACTIVOS NO FINANCIEROS","1","OTROS GASTOS DE ACTIVOS NO FINANCIEROS","3","ELABORACION DE EXPEDIENTES TECNICOS","1","ELABORACION DE EXPEDIENTES TECNICOS","0","9700","9700","0","0","0","0","0","0","0","0","0","0","0","0","0","0","0"
"2019","M","GOBIERNOS LOCALES"," "," "," "," ","300331","040101","MUNICIPALIDAD PROVINCIAL DE AREQUIPA","04","AREQUIPA","01","AREQUIPA","01","AREQUIPA","146","9002","ASIGNACIONES PRESUPUESTARIAS QUE NO RESULTAN EN PRODUCTOS","2","PROYECTO","2415756","CREACION DEL SERVICIO DE RECREACION ACTIVA EN EL AREA DE RECREACION PUBLICA N° 02 DE LA ASOC. CASA HUERTA GRAN SAN MIGUEL, ZONA-B MARIANO MELGAR - DISTRITO DE MARIANO MELGAR - PROVINCIA DE AREQUIPA - DEPARTAMENTO DE AREQUIPA","6000001","EXPEDIENTE TECNICO","21","CULTURA Y DEPORTE","046","DEPORTES","0102","INFRAESTRUCTURA DEPORTIVA Y RECREATIVA","00001","0241680","CREACION DEL SERVICIO DE RECREACION ACTIVA EN EL AREA DE RECREACION PUBLICA N° 02 DE LA ASOC. CASA HUERTA GRAN SAN MIGUEL, ZONA-B MARIANO MELGAR - DISTRITO DE MARIANO MELGAR-AREQUIPA-AREQUIPA","04","AREQUIPA","2","RECURSOS DIRECTAMENTE RECAUDADOS","09","RECURSOS DIRECTAMENTE RECAUDADOS","0","NORMAL","6","GASTO DE CAPITAL","2","6","ADQUISICION DE ACTIVOS NO FINANCIEROS","8","OTROS GASTOS DE ACTIVOS NO FINANCIEROS","1","OTROS GASTOS DE ACTIVOS NO FINANCIEROS","3","ELABORACION DE EXPEDIENTES TECNICOS","1","ELABORACION DE EXPEDIENTES TECNICOS","0","0","0","9700","9700","0","0","0","0","0","0","0","0","0","0","0","0","0"
"2019","M","GOBIERNOS LOCALES"," "," "," "," ","300331","040101","MUNICIPALIDAD PROVINCIAL DE AREQUIPA","04","AREQUIPA","01","AREQUIPA","01","AREQUIPA","146","9002","ASIGNACIONES PRESUPUESTARIAS QUE NO RESULTAN EN PRODUCTOS","2","PROYECTO","2415756","CREACION DEL SERVICIO DE RECREACION ACTIVA EN EL AREA DE RECREACION PUBLICA N° 02 DE LA ASOC. CASA HUERTA GRAN SAN MIGUEL, ZONA-B MARIANO MELGAR - DISTRITO DE MARIANO MELGAR - PROVINCIA DE AREQUIPA - DEPARTAMENTO DE AREQUIPA","6000001","EXPEDIENTE TECNICO","21","CULTURA Y DEPORTE","046","DEPORTES","0102","INFRAESTRUCTURA DEPORTIVA Y RECREATIVA","00001","0241680","CREACION DEL SERVICIO DE RECREACION ACTIVA EN EL AREA DE RECREACION PUBLICA N° 02 DE LA ASOC. CASA HUERTA GRAN SAN MIGUEL, ZONA-B MARIANO MELGAR - DISTRITO DE MARIANO MELGAR-AREQUIPA-AREQUIPA","04","AREQUIPA","2","RECURSOS DIRECTAMENTE RECAUDADOS","09","RECURSOS DIRECTAMENTE RECAUDADOS","7","SUB CUENTA - RECURSOS DIRECTAMENTE RECAUDADOS","6","GASTO DE CAPITAL","2","6","ADQUISICION DE ACTIVOS NO FINANCIEROS","8","OTROS GASTOS DE ACTIVOS NO FINANCIEROS","1","OTROS GASTOS DE ACTIVOS NO FINANCIEROS","3","ELABORACION DE EXPEDIENTES TECNICOS","1","ELABORACION DE EXPEDIENTES TECNICOS","0","0","0","0","0","0","0","0","0","0","0","0","0","0","9700","0","0","9700"
"2019","M","GOBIERNOS LOCALES"," "," "," "," ","300331","040101","MUNICIPALIDAD PROVINCIAL DE AREQUIPA","04","AREQUIPA","01","AREQUIPA","01","AREQUIPA","151","9002","ASIGNACIONES PRESUPUESTARIAS QUE NO RESULTAN EN PRODUCTOS","2","PROYECTO","2415878","CREACION DEL SERVICIO DE RECREACION ACTIVA EN EL AREA DE RECREACION PUBLICA DEL A.H. ASOC. GRANJA TALLER VIVIENDA SAN FRANCISCO DE ASIS - ZONA II DEL DISTRITO DE MARIANO MELGAR - PROVINCIA DE AREQUIPA - DEPARTAMENTO DE AREQUIPA","4000129","INSTALACION DE INFRAESTRUCTURA DEPORTIVA","21","CULTURA Y DEPORTE","046","DEPORTES","0102","INFRAESTRUCTURA DEPORTIVA Y RECREATIVA","00001","0241685","CREACION DEL SERVICIO DE RECREACION ACTIVA EN EL AREA DE RECREACION PUBLICA DEL A.H. ASOC. GRANJA TALLER VIVIENDA SAN FRANCISCO DE ASIS - ZONA II DEL DISTRITO DE MARIANO MELGAR -AREQUIPA-AREQUIPA","04","AREQUIPA","4","DONACIONES Y TRANSFERENCIAS","13","DONACIONES Y TRANSFERENCIAS","0","NORMAL","6","GASTO DE CAPITAL","2","6","ADQUISICION DE ACTIVOS NO FINANCIEROS","2","CONSTRUCCION DE EDIFICIOS Y ESTRUCTURAS","3","OTRAS ESTRUCTURAS","6","PLAZUELAS, PARQUES Y JARDINES","2","COSTO DE CONSTRUCCION POR CONTRATA","0","19023","19023","0","0","0","0","0","0","0","0","0","0","0","0","0","0","0"
"2019","M","GOBIERNOS LOCALES"," "," "," "," ","300331","040101","MUNICIPALIDAD PROVINCIAL DE AREQUIPA","04","AREQUIPA","01","AREQUIPA","01","AREQUIPA","151","9002","ASIGNACIONES PRESUPUESTARIAS QUE NO RESULTAN EN PRODUCTOS","2","PROYECTO","2415878","CREACION DEL SERVICIO DE RECREACION ACTIVA EN EL AREA DE RECREACION PUBLICA DEL A.H. ASOC. GRANJA TALLER VIVIENDA SAN FRANCISCO DE ASIS - ZONA II DEL DISTRITO DE MARIANO MELGAR - PROVINCIA DE AREQUIPA - DEPARTAMENTO DE AREQUIPA","4000129","INSTALACION DE INFRAESTRUCTURA DEPORTIVA","21","CULTURA Y DEPORTE","046","DEPORTES","0102","INFRAESTRUCTURA DEPORTIVA Y RECREATIVA","00001","0241685","CREACION DEL SERVICIO DE RECREACION ACTIVA EN EL AREA DE RECREACION PUBLICA DEL A.H. ASOC. GRANJA TALLER VIVIENDA SAN FRANCISCO DE ASIS - ZONA II DEL DISTRITO DE MARIANO MELGAR -AREQUIPA-AREQUIPA","04","AREQUIPA","4","DONACIONES Y TRANSFERENCIAS","13","DONACIONES Y TRANSFERENCIAS","0","NORMAL","6","GASTO DE CAPITAL","2","6","ADQUISICION DE ACTIVOS NO FINANCIEROS","2","CONSTRUCCION DE EDIFICIOS Y ESTRUCTURAS","3","OTRAS ESTRUCTURAS","6","PLAZUELAS, PARQUES Y JARDINES","2","COSTO DE CONSTRUCCION POR CONTRATA","0","0","0","12250","0","0","0","0","0","0","0","0","0","0","0","0","0","0"
"2019","M","GOBIERNOS LOCALES"," "," "," "," ","300331","040101","MUNICIPALIDAD PROVINCIAL DE AREQUIPA","04","AREQUIPA","01","AREQUIPA","01","AREQUIPA","151","9002","ASIGNACIONES PRESUPUESTARIAS QUE NO RESULTAN EN PRODUCTOS","2","PROYECTO","2415878","CREACION DEL SERVICIO DE RECREACION ACTIVA EN EL AREA DE RECREACION PUBLICA DEL A.H. ASOC. GRANJA TALLER VIVIENDA SAN FRANCISCO DE ASIS - ZONA II DEL DISTRITO DE MARIANO MELGAR - PROVINCIA DE AREQUIPA - DEPARTAMENTO DE AREQUIPA","4000129","INSTALACION DE INFRAESTRUCTURA DEPORTIVA","21","CULTURA Y DEPORTE","046","DEPORTES","0102","INFRAESTRUCTURA DEPORTIVA Y RECREATIVA","00001","0241685","CREACION DEL SERVICIO DE RECREACION ACTIVA EN EL AREA DE RECREACION PUBLICA DEL A.H. ASOC. GRANJA TALLER VIVIENDA SAN FRANCISCO DE ASIS - ZONA II DEL DISTRITO DE MARIANO MELGAR -AREQUIPA-AREQUIPA","04","AREQUIPA","5","RECURSOS DETERMINADOS","07","FONDO DE COMPENSACION MUNICIPAL","0","NORMAL","6","GASTO DE CAPITAL","2","6","ADQUISICION DE ACTIVOS NO FINANCIEROS","2","CONSTRUCCION DE EDIFICIOS Y ESTRUCTURAS","3","OTRAS ESTRUCTURAS","6","PLAZUELAS, PARQUES Y JARDINES","2","COSTO DE CONSTRUCCION POR CONTRATA","0","355344","355344","0","0","0","0","0","0","0","0","0","0","0","0","0","0","0"
"2019","M","GOBIERNOS LOCALES"," "," "," "," ","300331","040101","MUNICIPALIDAD PROVINCIAL DE AREQUIPA","04","AREQUIPA","01","AREQUIPA","01","AREQUIPA","151","9002","ASIGNACIONES PRESUPUESTARIAS QUE NO RESULTAN EN PRODUCTOS","2","PROYECTO","2415878","CREACION DEL SERVICIO DE RECREACION ACTIVA EN EL AREA DE RECREACION PUBLICA DEL A.H. ASOC. GRANJA TALLER VIVIENDA SAN FRANCISCO DE ASIS - ZONA II DEL DISTRITO DE MARIANO MELGAR - PROVINCIA DE AREQUIPA - DEPARTAMENTO DE AREQUIPA","4000129","INSTALACION DE INFRAESTRUCTURA DEPORTIVA","21","CULTURA Y DEPORTE","046","DEPORTES","0102","INFRAESTRUCTURA DEPORTIVA Y RECREATIVA","00001","0241685","CREACION DEL SERVICIO DE RECREACION ACTIVA EN EL AREA DE RECREACION PUBLICA DEL A.H. ASOC. GRANJA TALLER VIVIENDA SAN FRANCISCO DE ASIS - ZONA II DEL DISTRITO DE MARIANO MELGAR -AREQUIPA-AREQUIPA","04","AREQUIPA","5","RECURSOS DETERMINADOS","07","FONDO DE COMPENSACION MUNICIPAL","0","NORMAL","6","GASTO DE CAPITAL","2","6","ADQUISICION DE ACTIVOS NO FINANCIEROS","2","CONSTRUCCION DE EDIFICIOS Y ESTRUCTURAS","3","OTRAS ESTRUCTURAS","6","PLAZUELAS, PARQUES Y JARDINES","2","COSTO DE CONSTRUCCION POR CONTRATA","0","0","0","334055.16","129986.32","0","0","0","0","0","0","0","0","0","0","0","0","0"
"2019","M","GOBIERNOS LOCALES"," "," "," "," ","300331","040101","MUNICIPALIDAD PROVINCIAL DE AREQUIPA","04","AREQUIPA","01","AREQUIPA","01","AREQUIPA","151","9002","ASIGNACIONES PRESUPUESTARIAS QUE NO RESULTAN EN PRODUCTOS","2","PROYECTO","2415878","CREACION DEL SERVICIO DE RECREACION ACTIVA EN EL AREA DE RECREACION PUBLICA DEL A.H. ASOC. GRANJA TALLER VIVIENDA SAN FRANCISCO DE ASIS - ZONA II DEL DISTRITO DE MARIANO MELGAR - PROVINCIA DE AREQUIPA - DEPARTAMENTO DE AREQUIPA","4000129","INSTALACION DE INFRAESTRUCTURA DEPORTIVA","21","CULTURA Y DEPORTE","046","DEPORTES","0102","INFRAESTRUCTURA DEPORTIVA Y RECREATIVA","00001","0241685","CREACION DEL SERVICIO DE RECREACION ACTIVA EN EL AREA DE RECREACION PUBLICA DEL A.H. ASOC. GRANJA TALLER VIVIENDA SAN FRANCISCO DE ASIS - ZONA II DEL DISTRITO DE MARIANO MELGAR -AREQUIPA-AREQUIPA","04","AREQUIPA","5","RECURSOS DETERMINADOS","07","FONDO DE COMPENSACION MUNICIPAL","A","SUB CUENTA - FONCOMUN","6","GASTO DE CAPITAL","2","6","ADQUISICION DE ACTIVOS NO FINANCIEROS","2","CONSTRUCCION DE EDIFICIOS Y ESTRUCTURAS","3","OTRAS ESTRUCTURAS","6","PLAZUELAS, PARQUES Y JARDINES","2","COSTO DE CONSTRUCCION POR CONTRATA","0","0","0","0","0","0","0","0","0","0","0","33405.52","0","300649.64","0","0","-204068.84","129986.32"
"2019","M","GOBIERNOS LOCALES"," "," "," "," ","300331","040101","MUNICIPALIDAD PROVINCIAL DE AREQUIPA","04","AREQUIPA","01","AREQUIPA","01","AREQUIPA","195","9002","ASIGNACIONES PRESUPUESTARIAS QUE NO RESULTAN EN PRODUCTOS","2","PROYECTO","2415878","CREACION DEL SERVICIO DE RECREACION ACTIVA EN EL AREA DE RECREACION PUBLICA DEL A.H. ASOC. GRANJA TALLER VIVIENDA SAN FRANCISCO DE ASIS - ZONA II DEL DISTRITO DE MARIANO MELGAR - PROVINCIA DE AREQUIPA - DEPARTAMENTO DE AREQUIPA","6000002","SUPERVISION Y LIQUIDACION DE OBRAS","21","CULTURA Y DEPORTE","046","DEPORTES","0102","INFRAESTRUCTURA DEPORTIVA Y RECREATIVA","00001","0241685","CREACION DEL SERVICIO DE RECREACION ACTIVA EN EL AREA DE RECREACION PUBLICA DEL A.H. ASOC. GRANJA TALLER VIVIENDA SAN FRANCISCO DE ASIS - ZONA II DEL DISTRITO DE MARIANO MELGAR -AREQUIPA-AREQUIPA","04","AREQUIPA","4","DONACIONES Y TRANSFERENCIAS","13","DONACIONES Y TRANSFERENCIAS","0","NORMAL","6","GASTO DE CAPITAL","2","6","ADQUISICION DE ACTIVOS NO FINANCIEROS","8","OTROS GASTOS DE ACTIVOS NO FINANCIEROS","1","OTROS GASTOS DE ACTIVOS NO FINANCIEROS","4","OTROS GASTOS DIVERSOS DE ACTIVOS NO FINANCIEROS","3","GASTO POR LA CONTRATACION DE SERVICIOS","0","0","0","0","0","0","0","0","0","0","0","0","0","0","0","0","0","0"
"2019","M","GOBIERNOS LOCALES"," "," "," "," ","300331","040101","MUNICIPALIDAD PROVINCIAL DE AREQUIPA","04","AREQUIPA","01","AREQUIPA","01","AREQUIPA","195","9002","ASIGNACIONES PRESUPUESTARIAS QUE NO RESULTAN EN PRODUCTOS","2","PROYECTO","2415878","CREACION DEL SERVICIO DE RECREACION ACTIVA EN EL AREA DE RECREACION PUBLICA DEL A.H. ASOC. GRANJA TALLER VIVIENDA SAN FRANCISCO DE ASIS - ZONA II DEL DISTRITO DE MARIANO MELGAR - PROVINCIA DE AREQUIPA - DEPARTAMENTO DE AREQUIPA","6000002","SUPERVISION Y LIQUIDACION DE OBRAS","21","CULTURA Y DEPORTE","046","DEPORTES","0102","INFRAESTRUCTURA DEPORTIVA Y RECREATIVA","00001","0241685","CREACION DEL SERVICIO DE RECREACION ACTIVA EN EL AREA DE RECREACION PUBLICA DEL A.H. ASOC. GRANJA TALLER VIVIENDA SAN FRANCISCO DE ASIS - ZONA II DEL DISTRITO DE MARIANO MELGAR -AREQUIPA-AREQUIPA","04","AREQUIPA","4","DONACIONES Y TRANSFERENCIAS","13","DONACIONES Y TRANSFERENCIAS","0","NORMAL","6","GASTO DE CAPITAL","2","6","ADQUISICION DE ACTIVOS NO FINANCIEROS","8","OTROS GASTOS DE ACTIVOS NO FINANCIEROS","1","OTROS GASTOS DE ACTIVOS NO FINANCIEROS","4","OTROS GASTOS DIVERSOS DE ACTIVOS NO FINANCIEROS","3","GASTO POR LA CONTRATACION DE SERVICIOS","0","0","0","0","0","0","0","0","0","0","0","0","0","0","0","0","0","0"
"2019","M","GOBIERNOS LOCALES"," "," "," "," ","300331","040101","MUNICIPALIDAD PROVINCIAL DE AREQUIPA","04","AREQUIPA","01","AREQUIPA","01","AREQUIPA","195","9002","ASIGNACIONES PRESUPUESTARIAS QUE NO RESULTAN EN PRODUCTOS","2","PROYECTO","2415878","CREACION DEL SERVICIO DE RECREACION ACTIVA EN EL AREA DE RECREACION PUBLICA DEL A.H. ASOC. GRANJA TALLER VIVIENDA SAN FRANCISCO DE ASIS - ZONA II DEL DISTRITO DE MARIANO MELGAR - PROVINCIA DE AREQUIPA - DEPARTAMENTO DE AREQUIPA","6000002","SUPERVISION Y LIQUIDACION DE OBRAS","21","CULTURA Y DEPORTE","046","DEPORTES","0102","INFRAESTRUCTURA DEPORTIVA Y RECREATIVA","00001","0241685","CREACION DEL SERVICIO DE RECREACION ACTIVA EN EL AREA DE RECREACION PUBLICA DEL A.H. ASOC. GRANJA TALLER VIVIENDA SAN FRANCISCO DE ASIS - ZONA II DEL DISTRITO DE MARIANO MELGAR -AREQUIPA-AREQUIPA","04","AREQUIPA","5","RECURSOS DETERMINADOS","07","FONDO DE COMPENSACION MUNICIPAL","0","NORMAL","6","GASTO DE CAPITAL","2","6","ADQUISICION DE ACTIVOS NO FINANCIEROS","8","OTROS GASTOS DE ACTIVOS NO FINANCIEROS","1","OTROS GASTOS DE ACTIVOS NO FINANCIEROS","4","OTROS GASTOS DIVERSOS DE ACTIVOS NO FINANCIEROS","3","GASTO POR LA CONTRATACION DE SERVICIOS","0","9000","9000","0","0","0","0","0","0","0","0","0","0","0","0","0","0","0"
"2019","M","GOBIERNOS LOCALES"," "," "," "," ","300331","040101","MUNICIPALIDAD PROVINCIAL DE AREQUIPA","04","AREQUIPA","01","AREQUIPA","01","AREQUIPA","195","9002","ASIGNACIONES PRESUPUESTARIAS QUE NO RESULTAN EN PRODUCTOS","2","PROYECTO","2415878","CREACION DEL SERVICIO DE RECREACION ACTIVA EN EL AREA DE RECREACION PUBLICA DEL A.H. ASOC. GRANJA TALLER VIVIENDA SAN FRANCISCO DE ASIS - ZONA II DEL DISTRITO DE MARIANO MELGAR - PROVINCIA DE AREQUIPA - DEPARTAMENTO DE AREQUIPA","6000002","SUPERVISION Y LIQUIDACION DE OBRAS","21","CULTURA Y DEPORTE","046","DEPORTES","0102","INFRAESTRUCTURA DEPORTIVA Y RECREATIVA","00001","0241685","CREACION DEL SERVICIO DE RECREACION ACTIVA EN EL AREA DE RECREACION PUBLICA DEL A.H. ASOC. GRANJA TALLER VIVIENDA SAN FRANCISCO DE ASIS - ZONA II DEL DISTRITO DE MARIANO MELGAR -AREQUIPA-AREQUIPA","04","AREQUIPA","5","RECURSOS DETERMINADOS","07","FONDO DE COMPENSACION MUNICIPAL","0","NORMAL","6","GASTO DE CAPITAL","2","6","ADQUISICION DE ACTIVOS NO FINANCIEROS","8","OTROS GASTOS DE ACTIVOS NO FINANCIEROS","1","OTROS GASTOS DE ACTIVOS NO FINANCIEROS","4","OTROS GASTOS DIVERSOS DE ACTIVOS NO FINANCIEROS","3","GASTO POR LA CONTRATACION DE SERVICIOS","0","0","0","9000","9000","0","0","0","0","0","0","0","0","0","0","0","0","0"
"2019","M","GOBIERNOS LOCALES"," "," "," "," ","300331","040101","MUNICIPALIDAD PROVINCIAL DE AREQUIPA","04","AREQUIPA","01","AREQUIPA","01","AREQUIPA","195","9002","ASIGNACIONES PRESUPUESTARIAS QUE NO RESULTAN EN PRODUCTOS","2","PROYECTO","2415878","CREACION DEL SERVICIO DE RECREACION ACTIVA EN EL AREA DE RECREACION PUBLICA DEL A.H. ASOC. GRANJA TALLER VIVIENDA SAN FRANCISCO DE ASIS - ZONA II DEL DISTRITO DE MARIANO MELGAR - PROVINCIA DE AREQUIPA - DEPARTAMENTO DE AREQUIPA","6000002","SUPERVISION Y LIQUIDACION DE OBRAS","21","CULTURA Y DEPORTE","046","DEPORTES","0102","INFRAESTRUCTURA DEPORTIVA Y RECREATIVA","00001","0241685","CREACION DEL SERVICIO DE RECREACION ACTIVA EN EL AREA DE RECREACION PUBLICA DEL A.H. ASOC. GRANJA TALLER VIVIENDA SAN FRANCISCO DE ASIS - ZONA II DEL DISTRITO DE MARIANO MELGAR -AREQUIPA-AREQUIPA","04","AREQUIPA","5","RECURSOS DETERMINADOS","07","FONDO DE COMPENSACION MUNICIPAL","A","SUB CUENTA - FONCOMUN","6","GASTO DE CAPITAL","2","6","ADQUISICION DE ACTIVOS NO FINANCIEROS","8","OTROS GASTOS DE ACTIVOS NO FINANCIEROS","1","OTROS GASTOS DE ACTIVOS NO FINANCIEROS","4","OTROS GASTOS DIVERSOS DE ACTIVOS NO FINANCIEROS","3","GASTO POR LA CONTRATACION DE SERVICIOS","0","0","0","0","0","0","0","0","0","0","0","0","0","0","0","0","7800","7800"
"2019","M","GOBIERNOS LOCALES"," "," "," "," ","300331","040101","MUNICIPALIDAD PROVINCIAL DE AREQUIPA","04","AREQUIPA","01","AREQUIPA","01","AREQUIPA","205","9002","ASIGNACIONES PRESUPUESTARIAS QUE NO RESULTAN EN PRODUCTOS","2","PROYECTO","2416673","CREACION DEL SERVICIO DE RECREACION ACTIVA EN EL AREA DE RECREACION PUBLICA N° 03 DEL A.H. BERLIN DISTRITO DE MARIANO MELGAR - PROVINCIA DE AREQUIPA - DEPARTAMENTO DE AREQUIPA","6000001","EXPEDIENTE TECNICO","21","CULTURA Y DEPORTE","046","DEPORTES","0102","INFRAESTRUCTURA DEPORTIVA Y RECREATIVA","00001","0241679","CREACION DEL SERVICIO DE RECREACION ACTIVA EN EL AREA DE RECREACION PUBLICA N° 03 DEL A.H. BERLIN, DISTRITO DE MARIANO MELGAR -AREQUIPA-AREQUIPA","04","AREQUIPA","2","RECURSOS DIRECTAMENTE RECAUDADOS","09","RECURSOS DIRECTAMENTE RECAUDADOS","0","NORMAL","6","GASTO DE CAPITAL","2","6","ADQUISICION DE ACTIVOS NO FINANCIEROS","8","OTROS GASTOS DE ACTIVOS NO FINANCIEROS","1","OTROS GASTOS DE ACTIVOS NO FINANCIEROS","3","ELABORACION DE EXPEDIENTES TECNICOS","1","ELABORACION DE EXPEDIENTES TECNICOS","0","9600","9600","0","0","0","0","0","0","0","0","0","0","0","0","0","0","0"
"2019","M","GOBIERNOS LOCALES"," "," "," "," ","300331","040101","MUNICIPALIDAD PROVINCIAL DE AREQUIPA","04","AREQUIPA","01","AREQUIPA","01","AREQUIPA","205","9002","ASIGNACIONES PRESUPUESTARIAS QUE NO RESULTAN EN PRODUCTOS","2","PROYECTO","2416673","CREACION DEL SERVICIO DE RECREACION ACTIVA EN EL AREA DE RECREACION PUBLICA N° 03 DEL A.H. BERLIN DISTRITO DE MARIANO MELGAR - PROVINCIA DE AREQUIPA - DEPARTAMENTO DE AREQUIPA","6000001","EXPEDIENTE TECNICO","21","CULTURA Y DEPORTE","046","DEPORTES","0102","INFRAESTRUCTURA DEPORTIVA Y RECREATIVA","00001","0241679","CREACION DEL SERVICIO DE RECREACION ACTIVA EN EL AREA DE RECREACION PUBLICA N° 03 DEL A.H. BERLIN, DISTRITO DE MARIANO MELGAR -AREQUIPA-AREQUIPA","04","AREQUIPA","2","RECURSOS DIRECTAMENTE RECAUDADOS","09","RECURSOS DIRECTAMENTE RECAUDADOS","0","NORMAL","6","GASTO DE CAPITAL","2","6","ADQUISICION DE ACTIVOS NO FINANCIEROS","8","OTROS GASTOS DE ACTIVOS NO FINANCIEROS","1","OTROS GASTOS DE ACTIVOS NO FINANCIEROS","3","ELABORACION DE EXPEDIENTES TECNICOS","1","ELABORACION DE EXPEDIENTES TECNICOS","0","0","0","9600","0","0","0","0","0","0","0","0","0","0","0","0","0","0"
"2019","M","GOBIERNOS LOCALES"," "," "," "," ","300331","040101","MUNICIPALIDAD PROVINCIAL DE AREQUIPA","04","AREQUIPA","01","AREQUIPA","01","AREQUIPA","205","9002","ASIGNACIONES PRESUPUESTARIAS QUE NO RESULTAN EN PRODUCTOS","2","PROYECTO","2416673","CREACION DEL SERVICIO DE RECREACION ACTIVA EN EL AREA DE RECREACION PUBLICA N° 03 DEL A.H. BERLIN DISTRITO DE MARIANO MELGAR - PROVINCIA DE AREQUIPA - DEPARTAMENTO DE AREQUIPA","6000001","EXPEDIENTE TECNICO","21","CULTURA Y DEPORTE","046","DEPORTES","0102","INFRAESTRUCTURA DEPORTIVA Y RECREATIVA","00001","0241679","CREACION DEL SERVICIO DE RECREACION ACTIVA EN EL AREA DE RECREACION PUBLICA N° 03 DEL A.H. BERLIN, DISTRITO DE MARIANO MELGAR -AREQUIPA-AREQUIPA","04","AREQUIPA","2","RECURSOS DIRECTAMENTE RECAUDADOS","09","RECURSOS DIRECTAMENTE RECAUDADOS","7","SUB CUENTA - RECURSOS DIRECTAMENTE RECAUDADOS","6","GASTO DE CAPITAL","2","6","ADQUISICION DE ACTIVOS NO FINANCIEROS","8","OTROS GASTOS DE ACTIVOS NO FINANCIEROS","1","OTROS GASTOS DE ACTIVOS NO FINANCIEROS","3","ELABORACION DE EXPEDIENTES TECNICOS","1","ELABORACION DE EXPEDIENTES TECNICOS","0","0","0","0","0","0","0","0","0","0","0","0","0","0","0","0","0","0"
