"ANO_EJE","NIVEL_GOBIERNO","NIVEL_GOBIERNO_NOMBRE","SECTOR","SECTOR_NOMBRE","PLIEGO","PLIEGO_NOMBRE","SEC_EJEC","EJECUTORA","EJECUTORA_NOMBRE","DEPARTAMENTO_EJECUTORA","DEPARTAMENTO_EJECUTORA_NOMBRE","PROVINCIA_EJECUTORA","PROVINCIA_EJECUTORA_NOMBRE","DISTRITO_EJECUTORA","DISTRITO_EJECUTORA_NOMBRE","SEC_FUNC","PROGRAMA_PPTO","PROGRAMA_PPTO_NOMBRE","TIPO_ACT_PROY","TIPO_ACT_PROY_NOMBRE","PRODUCTO_PROYECTO","PRODUCTO_PROYECTO_NOMBRE","ACTIVIDAD_ACCION_OBRA","ACTIVIDAD_ACCION_OBRA_NOMBRE","FUNCION","FUNCION_NOMBRE","DIVISION_FUNCIONAL","DIVISION_FUNCIONAL_NOMBRE","GRUPO_FUNCIONAL","GRUPO_FUNCIONAL_NOMBRE","META","FINALIDAD","META_NOMBRE","DEPARTAMENTO_META","DEPARTAMENTO_META_NOMBRE","FUENTE_FINANCIAMIENTO","FUENTE_FINANCIAMIENTO_NOMBRE","RUBRO","RUBRO_NOMBRE","TIPO_RECURSO","TIPO_RECURSO_NOMBRE","CATEGORIA_GASTO","CATEGORIA_GASTO_NOMBRE","TIPO_TRANSACCION","GENERICA","GENERICA_NOMBRE","SUBGENERICA","SUBGENERICA_NOMBRE","SUBGENERICA_DET","SUBGENERICA_DET_NOMBRE","ESPECIFICA","ESPECIFICA_NOMBRE","ESPECIFICA_DET","ESPECIFICA_DET_NOMBRE","MONTO_PIA","MODIFICACIONES","MONTO_PIM","MONTO_CERTIFICADO","MONTO_COMPROMETIDO_ANUAL","DEVENGADO_ENERO","DEVENGADO_FEBRERO","DEVENGADO_MARZO","DEVENGADO_ABRIL","DEVENGADO_MAYO","DEVENGADO_JUNIO","DEVENGADO_JULIO","DEVENGADO_AGOSTO","DEVENGADO_SEPTIEMBRE","DEVENGADO_OCTUBRE","DEVENGADO_NOVIEMBRE","DEVENGADO_DICIEMBRE","TOTAL_DEVENGADO"
"2020","M","GOBIERNOS LOCALES"," "," "," "," ","300331","040101","MUNICIPALIDAD PROVINCIAL DE AREQUIPA","04","AREQUIPA","01","AREQUIPA","01","AREQUIPA","305","0132","PUESTA EN VALOR Y USO SOCIAL DEL PATRIMONIO CULTURAL","2","PROYECTO","2464332","CONSTRUCCION DE COBERTURA; EN EL(LA) ZONA DE TUMBAS DEL PARQUE SELVA ALEGRE EN LA LOCALIDAD AREQUIPA, DISTRITO DE AREQUIPA, PROVINCIA AREQUIPA, DEPARTAMENTO AREQUIPA","4000165","MEJORAMIENTO DE INFRAESTRUCTURA CULTURAL","21","CULTURA Y DEPORTE","045","CULTURA","0099","PATRIMONIO HISTORICO Y CULTURAL","00001","0310836","CONSTRUCCION DE COBERTURA; EN EL(LA) ZONA DE TUMBAS DEL PARQUE SELVA ALEGRE EN LA LOCALIDAD AREQUIPA, DISTRITO DE AREQUIPA - AREQUIPA - AREQUIPA","04","AREQUIPA","2","RECURSOS DIRECTAMENTE RECAUDADOS","09","RECURSOS DIRECTAMENTE RECAUDADOS","0","NORMAL","6","GASTO DE CAPITAL","2","6","ADQUISICION DE ACTIVOS NO FINANCIEROS","2","CONSTRUCCION DE EDIFICIOS Y ESTRUCTURAS","2","EDIFICIOS O UNIDADES NO RESIDENCIALES","4","INSTALACIONES SOCIALES Y CULTURALES","3","COSTO DE CONSTRUCCION POR ADMINISTRACION DIRECTA - PERSONAL","0","0","87845","0","0","0","0","0","0","0","0","0","0","0","0","0","0","0"
"2020","M","GOBIERNOS LOCALES"," "," "," "," ","300331","040101","MUNICIPALIDAD PROVINCIAL DE AREQUIPA","04","AREQUIPA","01","AREQUIPA","01","AREQUIPA","305","0132","PUESTA EN VALOR Y USO SOCIAL DEL PATRIMONIO CULTURAL","2","PROYECTO","2464332","CONSTRUCCION DE COBERTURA; EN EL(LA) ZONA DE TUMBAS DEL PARQUE SELVA ALEGRE EN LA LOCALIDAD AREQUIPA, DISTRITO DE AREQUIPA, PROVINCIA AREQUIPA, DEPARTAMENTO AREQUIPA","4000165","MEJORAMIENTO DE INFRAESTRUCTURA CULTURAL","21","CULTURA Y DEPORTE","045","CULTURA","0099","PATRIMONIO HISTORICO Y CULTURAL","00001","0310836","CONSTRUCCION DE COBERTURA; EN EL(LA) ZONA DE TUMBAS DEL PARQUE SELVA ALEGRE EN LA LOCALIDAD AREQUIPA, DISTRITO DE AREQUIPA - AREQUIPA - AREQUIPA","04","AREQUIPA","2","RECURSOS DIRECTAMENTE RECAUDADOS","09","RECURSOS DIRECTAMENTE RECAUDADOS","0","NORMAL","6","GASTO DE CAPITAL","2","6","ADQUISICION DE ACTIVOS NO FINANCIEROS","2","CONSTRUCCION DE EDIFICIOS Y ESTRUCTURAS","2","EDIFICIOS O UNIDADES NO RESIDENCIALES","4","INSTALACIONES SOCIALES Y CULTURALES","3","COSTO DE CONSTRUCCION POR ADMINISTRACION DIRECTA - PERSONAL","0","0","0","87844.85","0","0","0","0","0","0","0","0","0","0","0","0","0","0"
"2020","M","GOBIERNOS LOCALES"," "," "," "," ","300331","040101","MUNICIPALIDAD PROVINCIAL DE AREQUIPA","04","AREQUIPA","01","AREQUIPA","01","AREQUIPA","305","0132","PUESTA EN VALOR Y USO SOCIAL DEL PATRIMONIO CULTURAL","2","PROYECTO","2464332","CONSTRUCCION DE COBERTURA; EN EL(LA) ZONA DE TUMBAS DEL PARQUE SELVA ALEGRE EN LA LOCALIDAD AREQUIPA, DISTRITO DE AREQUIPA, PROVINCIA AREQUIPA, DEPARTAMENTO AREQUIPA","4000165","MEJORAMIENTO DE INFRAESTRUCTURA CULTURAL","21","CULTURA Y DEPORTE","045","CULTURA","0099","PATRIMONIO HISTORICO Y CULTURAL","00001","0310836","CONSTRUCCION DE COBERTURA; EN EL(LA) ZONA DE TUMBAS DEL PARQUE SELVA ALEGRE EN LA LOCALIDAD AREQUIPA, DISTRITO DE AREQUIPA - AREQUIPA - AREQUIPA","04","AREQUIPA","2","RECURSOS DIRECTAMENTE RECAUDADOS","09","RECURSOS DIRECTAMENTE RECAUDADOS","0","NORMAL","6","GASTO DE CAPITAL","2","6","ADQUISICION DE ACTIVOS NO FINANCIEROS","2","CONSTRUCCION DE EDIFICIOS Y ESTRUCTURAS","2","EDIFICIOS O UNIDADES NO RESIDENCIALES","4","INSTALACIONES SOCIALES Y CULTURALES","4","COSTO DE CONSTRUCCION POR ADMINISTRACION DIRECTA - BIENES","0","0","122457","0","0","0","0","0","0","0","0","0","0","0","0","0","0","0"
"2020","M","GOBIERNOS LOCALES"," "," "," "," ","300331","040101","MUNICIPALIDAD PROVINCIAL DE AREQUIPA","04","AREQUIPA","01","AREQUIPA","01","AREQUIPA","305","0132","PUESTA EN VALOR Y USO SOCIAL DEL PATRIMONIO CULTURAL","2","PROYECTO","2464332","CONSTRUCCION DE COBERTURA; EN EL(LA) ZONA DE TUMBAS DEL PARQUE SELVA ALEGRE EN LA LOCALIDAD AREQUIPA, DISTRITO DE AREQUIPA, PROVINCIA AREQUIPA, DEPARTAMENTO AREQUIPA","4000165","MEJORAMIENTO DE INFRAESTRUCTURA CULTURAL","21","CULTURA Y DEPORTE","045","CULTURA","0099","PATRIMONIO HISTORICO Y CULTURAL","00001","0310836","CONSTRUCCION DE COBERTURA; EN EL(LA) ZONA DE TUMBAS DEL PARQUE SELVA ALEGRE EN LA LOCALIDAD AREQUIPA, DISTRITO DE AREQUIPA - AREQUIPA - AREQUIPA","04","AREQUIPA","2","RECURSOS DIRECTAMENTE RECAUDADOS","09","RECURSOS DIRECTAMENTE RECAUDADOS","0","NORMAL","6","GASTO DE CAPITAL","2","6","ADQUISICION DE ACTIVOS NO FINANCIEROS","2","CONSTRUCCION DE EDIFICIOS Y ESTRUCTURAS","2","EDIFICIOS O UNIDADES NO RESIDENCIALES","4","INSTALACIONES SOCIALES Y CULTURALES","4","COSTO DE CONSTRUCCION POR ADMINISTRACION DIRECTA - BIENES","0","0","0","122456.92","0","0","0","0","0","0","0","0","0","0","0","0","0","0"
"2020","M","GOBIERNOS LOCALES"," "," "," "," ","300331","040101","MUNICIPALIDAD PROVINCIAL DE AREQUIPA","04","AREQUIPA","01","AREQUIPA","01","AREQUIPA","305","0132","PUESTA EN VALOR Y USO SOCIAL DEL PATRIMONIO CULTURAL","2","PROYECTO","2464332","CONSTRUCCION DE COBERTURA; EN EL(LA) ZONA DE TUMBAS DEL PARQUE SELVA ALEGRE EN LA LOCALIDAD AREQUIPA, DISTRITO DE AREQUIPA, PROVINCIA AREQUIPA, DEPARTAMENTO AREQUIPA","4000165","MEJORAMIENTO DE INFRAESTRUCTURA CULTURAL","21","CULTURA Y DEPORTE","045","CULTURA","0099","PATRIMONIO HISTORICO Y CULTURAL","00001","0310836","CONSTRUCCION DE COBERTURA; EN EL(LA) ZONA DE TUMBAS DEL PARQUE SELVA ALEGRE EN LA LOCALIDAD AREQUIPA, DISTRITO DE AREQUIPA - AREQUIPA - AREQUIPA","04","AREQUIPA","2","RECURSOS DIRECTAMENTE RECAUDADOS","09","RECURSOS DIRECTAMENTE RECAUDADOS","0","NORMAL","6","GASTO DE CAPITAL","2","6","ADQUISICION DE ACTIVOS NO FINANCIEROS","2","CONSTRUCCION DE EDIFICIOS Y ESTRUCTURAS","2","EDIFICIOS O UNIDADES NO RESIDENCIALES","4","INSTALACIONES SOCIALES Y CULTURALES","5","COSTO DE CONSTRUCCION POR ADMINISTRACION DIRECTA - SERVICIOS","0","0","312685","0","0","0","0","0","0","0","0","0","0","0","0","0","0","0"
"2020","M","GOBIERNOS LOCALES"," "," "," "," ","300331","040101","MUNICIPALIDAD PROVINCIAL DE AREQUIPA","04","AREQUIPA","01","AREQUIPA","01","AREQUIPA","305","0132","PUESTA EN VALOR Y USO SOCIAL DEL PATRIMONIO CULTURAL","2","PROYECTO","2464332","CONSTRUCCION DE COBERTURA; EN EL(LA) ZONA DE TUMBAS DEL PARQUE SELVA ALEGRE EN LA LOCALIDAD AREQUIPA, DISTRITO DE AREQUIPA, PROVINCIA AREQUIPA, DEPARTAMENTO AREQUIPA","4000165","MEJORAMIENTO DE INFRAESTRUCTURA CULTURAL","21","CULTURA Y DEPORTE","045","CULTURA","0099","PATRIMONIO HISTORICO Y CULTURAL","00001","0310836","CONSTRUCCION DE COBERTURA; EN EL(LA) ZONA DE TUMBAS DEL PARQUE SELVA ALEGRE EN LA LOCALIDAD AREQUIPA, DISTRITO DE AREQUIPA - AREQUIPA - AREQUIPA","04","AREQUIPA","2","RECURSOS DIRECTAMENTE RECAUDADOS","09","RECURSOS DIRECTAMENTE RECAUDADOS","0","NORMAL","6","GASTO DE CAPITAL","2","6","ADQUISICION DE ACTIVOS NO FINANCIEROS","2","CONSTRUCCION DE EDIFICIOS Y ESTRUCTURAS","2","EDIFICIOS O UNIDADES NO RESIDENCIALES","4","INSTALACIONES SOCIALES Y CULTURALES","5","COSTO DE CONSTRUCCION POR ADMINISTRACION DIRECTA - SERVICIOS","0","0","0","312684.60","0","0","0","0","0","0","0","0","0","0","0","0","0","0"
"2020","M","GOBIERNOS LOCALES"," "," "," "," ","300331","040101","MUNICIPALIDAD PROVINCIAL DE AREQUIPA","04","AREQUIPA","01","AREQUIPA","01","AREQUIPA","306","0132","PUESTA EN VALOR Y USO SOCIAL DEL PATRIMONIO CULTURAL","2","PROYECTO","2464332","CONSTRUCCION DE COBERTURA; EN EL(LA) ZONA DE TUMBAS DEL PARQUE SELVA ALEGRE EN LA LOCALIDAD AREQUIPA, DISTRITO DE AREQUIPA, PROVINCIA AREQUIPA, DEPARTAMENTO AREQUIPA","6000002","SUPERVISION Y LIQUIDACION DE OBRAS","21","CULTURA Y DEPORTE","045","CULTURA","0099","PATRIMONIO HISTORICO Y CULTURAL","00001","0310836","CONSTRUCCION DE COBERTURA; EN EL(LA) ZONA DE TUMBAS DEL PARQUE SELVA ALEGRE EN LA LOCALIDAD AREQUIPA, DISTRITO DE AREQUIPA - AREQUIPA - AREQUIPA","04","AREQUIPA","2","RECURSOS DIRECTAMENTE RECAUDADOS","09","RECURSOS DIRECTAMENTE RECAUDADOS","0","NORMAL","6","GASTO DE CAPITAL","2","6","ADQUISICION DE ACTIVOS NO FINANCIEROS","8","OTROS GASTOS DE ACTIVOS NO FINANCIEROS","1","OTROS GASTOS DE ACTIVOS NO FINANCIEROS","4","OTROS GASTOS DIVERSOS DE ACTIVOS NO FINANCIEROS","3","GASTO POR LA CONTRATACION DE SERVICIOS","0","0","15689","0","0","0","0","0","0","0","0","0","0","0","0","0","0","0"
"2020","M","GOBIERNOS LOCALES"," "," "," "," ","300331","040101","MUNICIPALIDAD PROVINCIAL DE AREQUIPA","04","AREQUIPA","01","AREQUIPA","01","AREQUIPA","306","0132","PUESTA EN VALOR Y USO SOCIAL DEL PATRIMONIO CULTURAL","2","PROYECTO","2464332","CONSTRUCCION DE COBERTURA; EN EL(LA) ZONA DE TUMBAS DEL PARQUE SELVA ALEGRE EN LA LOCALIDAD AREQUIPA, DISTRITO DE AREQUIPA, PROVINCIA AREQUIPA, DEPARTAMENTO AREQUIPA","6000002","SUPERVISION Y LIQUIDACION DE OBRAS","21","CULTURA Y DEPORTE","045","CULTURA","0099","PATRIMONIO HISTORICO Y CULTURAL","00001","0310836","CONSTRUCCION DE COBERTURA; EN EL(LA) ZONA DE TUMBAS DEL PARQUE SELVA ALEGRE EN LA LOCALIDAD AREQUIPA, DISTRITO DE AREQUIPA - AREQUIPA - AREQUIPA","04","AREQUIPA","2","RECURSOS DIRECTAMENTE RECAUDADOS","09","RECURSOS DIRECTAMENTE RECAUDADOS","0","NORMAL","6","GASTO DE CAPITAL","2","6","ADQUISICION DE ACTIVOS NO FINANCIEROS","8","OTROS GASTOS DE ACTIVOS NO FINANCIEROS","1","OTROS GASTOS DE ACTIVOS NO FINANCIEROS","4","OTROS GASTOS DIVERSOS DE ACTIVOS NO FINANCIEROS","3","GASTO POR LA CONTRATACION DE SERVICIOS","0","0","0","15689","0","0","0","0","0","0","0","0","0","0","0","0","0","0"
"2020","M","GOBIERNOS LOCALES"," "," "," "," ","300331","040101","MUNICIPALIDAD PROVINCIAL DE AREQUIPA","04","AREQUIPA","01","AREQUIPA","01","AREQUIPA","306","0132","PUESTA EN VALOR Y USO SOCIAL DEL PATRIMONIO CULTURAL","2","PROYECTO","2464332","CONSTRUCCION DE COBERTURA; EN EL(LA) ZONA DE TUMBAS DEL PARQUE SELVA ALEGRE EN LA LOCALIDAD AREQUIPA, DISTRITO DE AREQUIPA, PROVINCIA AREQUIPA, DEPARTAMENTO AREQUIPA","6000002","SUPERVISION Y LIQUIDACION DE OBRAS","21","CULTURA Y DEPORTE","045","CULTURA","0099","PATRIMONIO HISTORICO Y CULTURAL","00001","0310836","CONSTRUCCION DE COBERTURA; EN EL(LA) ZONA DE TUMBAS DEL PARQUE SELVA ALEGRE EN LA LOCALIDAD AREQUIPA, DISTRITO DE AREQUIPA - AREQUIPA - AREQUIPA","04","AREQUIPA","2","RECURSOS DIRECTAMENTE RECAUDADOS","09","RECURSOS DIRECTAMENTE RECAUDADOS","0","NORMAL","6","GASTO DE CAPITAL","2","6","ADQUISICION DE ACTIVOS NO FINANCIEROS","8","OTROS GASTOS DE ACTIVOS NO FINANCIEROS","1","OTROS GASTOS DE ACTIVOS NO FINANCIEROS","4","OTROS GASTOS DIVERSOS DE ACTIVOS NO FINANCIEROS","99","OTROS GASTOS","0","0","5230","0","0","0","0","0","0","0","0","0","0","0","0","0","0","0"
"2020","M","GOBIERNOS LOCALES"," "," "," "," ","300331","040101","MUNICIPALIDAD PROVINCIAL DE AREQUIPA","04","AREQUIPA","01","AREQUIPA","01","AREQUIPA","306","0132","PUESTA EN VALOR Y USO SOCIAL DEL PATRIMONIO CULTURAL","2","PROYECTO","2464332","CONSTRUCCION DE COBERTURA; EN EL(LA) ZONA DE TUMBAS DEL PARQUE SELVA ALEGRE EN LA LOCALIDAD AREQUIPA, DISTRITO DE AREQUIPA, PROVINCIA AREQUIPA, DEPARTAMENTO AREQUIPA","6000002","SUPERVISION Y LIQUIDACION DE OBRAS","21","CULTURA Y DEPORTE","045","CULTURA","0099","PATRIMONIO HISTORICO Y CULTURAL","00001","0310836","CONSTRUCCION DE COBERTURA; EN EL(LA) ZONA DE TUMBAS DEL PARQUE SELVA ALEGRE EN LA LOCALIDAD AREQUIPA, DISTRITO DE AREQUIPA - AREQUIPA - AREQUIPA","04","AREQUIPA","2","RECURSOS DIRECTAMENTE RECAUDADOS","09","RECURSOS DIRECTAMENTE RECAUDADOS","0","NORMAL","6","GASTO DE CAPITAL","2","6","ADQUISICION DE ACTIVOS NO FINANCIEROS","8","OTROS GASTOS DE ACTIVOS NO FINANCIEROS","1","OTROS GASTOS DE ACTIVOS NO FINANCIEROS","4","OTROS GASTOS DIVERSOS DE ACTIVOS NO FINANCIEROS","99","OTROS GASTOS","0","0","0","5229.86","0","0","0","0","0","0","0","0","0","0","0","0","0","0"
"2020","M","GOBIERNOS LOCALES"," "," "," "," ","300331","040101","MUNICIPALIDAD PROVINCIAL DE AREQUIPA","04","AREQUIPA","01","AREQUIPA","01","AREQUIPA","39","0132","PUESTA EN VALOR Y USO SOCIAL DEL PATRIMONIO CULTURAL","3","ACTIVIDAD","3000708","PATRIMONIO CULTURAL SALVAGUARDADO Y PROTEGIDO","5005206","REGISTRO DE BIENES DEL PATRIMONIO CULTURAL","21","CULTURA Y DEPORTE","045","CULTURA","0099","PATRIMONIO HISTORICO Y CULTURAL","00001","0136798","REGISTRO DE BIENES DEL PATRIMONIO CULTURAL","04","AREQUIPA","2","RECURSOS DIRECTAMENTE RECAUDADOS","09","RECURSOS DIRECTAMENTE RECAUDADOS","0","NORMAL","5","GASTO CORRIENTE","2","3","BIENES Y SERVICIOS","1","COMPRA DE BIENES","1","ALIMENTOS Y BEBIDAS","1","ALIMENTOS Y BEBIDAS","1","ALIMENTOS Y BEBIDAS PARA CONSUMO HUMANO","0","0","26","0","0","0","0","0","0","0","0","0","0","0","0","0","0","0"
"2020","M","GOBIERNOS LOCALES"," "," "," "," ","300331","040101","MUNICIPALIDAD PROVINCIAL DE AREQUIPA","04","AREQUIPA","01","AREQUIPA","01","AREQUIPA","39","0132","PUESTA EN VALOR Y USO SOCIAL DEL PATRIMONIO CULTURAL","3","ACTIVIDAD","3000708","PATRIMONIO CULTURAL SALVAGUARDADO Y PROTEGIDO","5005206","REGISTRO DE BIENES DEL PATRIMONIO CULTURAL","21","CULTURA Y DEPORTE","045","CULTURA","0099","PATRIMONIO HISTORICO Y CULTURAL","00001","0136798","REGISTRO DE BIENES DEL PATRIMONIO CULTURAL","04","AREQUIPA","2","RECURSOS DIRECTAMENTE RECAUDADOS","09","RECURSOS DIRECTAMENTE RECAUDADOS","0","NORMAL","5","GASTO CORRIENTE","2","3","BIENES Y SERVICIOS","1","COMPRA DE BIENES","1","ALIMENTOS Y BEBIDAS","1","ALIMENTOS Y BEBIDAS","1","ALIMENTOS Y BEBIDAS PARA CONSUMO HUMANO","0","0","0","26","26","0","0","0","0","0","0","0","0","0","0","0","0","0"
"2020","M","GOBIERNOS LOCALES"," "," "," "," ","300331","040101","MUNICIPALIDAD PROVINCIAL DE AREQUIPA","04","AREQUIPA","01","AREQUIPA","01","AREQUIPA","39","0132","PUESTA EN VALOR Y USO SOCIAL DEL PATRIMONIO CULTURAL","3","ACTIVIDAD","3000708","PATRIMONIO CULTURAL SALVAGUARDADO Y PROTEGIDO","5005206","REGISTRO DE BIENES DEL PATRIMONIO CULTURAL","21","CULTURA Y DEPORTE","045","CULTURA","0099","PATRIMONIO HISTORICO Y CULTURAL","00001","0136798","REGISTRO DE BIENES DEL PATRIMONIO CULTURAL","04","AREQUIPA","2","RECURSOS DIRECTAMENTE RECAUDADOS","09","RECURSOS DIRECTAMENTE RECAUDADOS","0","NORMAL","5","GASTO CORRIENTE","2","3","BIENES Y SERVICIOS","1","COMPRA DE BIENES","5","MATERIALES Y  UTILES","1","DE OFICINA","2","PAPELERIA EN GENERAL, UTILES Y MATERIALES DE OFICINA","717","772","1489","0","0","0","0","0","0","0","0","0","0","0","0","0","0","0"
"2020","M","GOBIERNOS LOCALES"," "," "," "," ","300331","040101","MUNICIPALIDAD PROVINCIAL DE AREQUIPA","04","AREQUIPA","01","AREQUIPA","01","AREQUIPA","39","0132","PUESTA EN VALOR Y USO SOCIAL DEL PATRIMONIO CULTURAL","3","ACTIVIDAD","3000708","PATRIMONIO CULTURAL SALVAGUARDADO Y PROTEGIDO","5005206","REGISTRO DE BIENES DEL PATRIMONIO CULTURAL","21","CULTURA Y DEPORTE","045","CULTURA","0099","PATRIMONIO HISTORICO Y CULTURAL","00001","0136798","REGISTRO DE BIENES DEL PATRIMONIO CULTURAL","04","AREQUIPA","2","RECURSOS DIRECTAMENTE RECAUDADOS","09","RECURSOS DIRECTAMENTE RECAUDADOS","0","NORMAL","5","GASTO CORRIENTE","2","3","BIENES Y SERVICIOS","1","COMPRA DE BIENES","5","MATERIALES Y  UTILES","1","DE OFICINA","2","PAPELERIA EN GENERAL, UTILES Y MATERIALES DE OFICINA","0","0","0","0","0","0","0","0","0","0","0","0","0","0","0","0","0","0"
"2020","M","GOBIERNOS LOCALES"," "," "," "," ","300331","040101","MUNICIPALIDAD PROVINCIAL DE AREQUIPA","04","AREQUIPA","01","AREQUIPA","01","AREQUIPA","39","0132","PUESTA EN VALOR Y USO SOCIAL DEL PATRIMONIO CULTURAL","3","ACTIVIDAD","3000708","PATRIMONIO CULTURAL SALVAGUARDADO Y PROTEGIDO","5005206","REGISTRO DE BIENES DEL PATRIMONIO CULTURAL","21","CULTURA Y DEPORTE","045","CULTURA","0099","PATRIMONIO HISTORICO Y CULTURAL","00001","0136798","REGISTRO DE BIENES DEL PATRIMONIO CULTURAL","04","AREQUIPA","2","RECURSOS DIRECTAMENTE RECAUDADOS","09","RECURSOS DIRECTAMENTE RECAUDADOS","0","NORMAL","5","GASTO CORRIENTE","2","3","BIENES Y SERVICIOS","1","COMPRA DE BIENES","5","MATERIALES Y  UTILES","4","ELECTRICIDAD, ILUMINACION Y ELECTRONICA","1","ELECTRICIDAD, ILUMINACION Y ELECTRONICA","0","0","2600","0","0","0","0","0","0","0","0","0","0","0","0","0","0","0"
"2020","M","GOBIERNOS LOCALES"," "," "," "," ","300331","040101","MUNICIPALIDAD PROVINCIAL DE AREQUIPA","04","AREQUIPA","01","AREQUIPA","01","AREQUIPA","39","0132","PUESTA EN VALOR Y USO SOCIAL DEL PATRIMONIO CULTURAL","3","ACTIVIDAD","3000708","PATRIMONIO CULTURAL SALVAGUARDADO Y PROTEGIDO","5005206","REGISTRO DE BIENES DEL PATRIMONIO CULTURAL","21","CULTURA Y DEPORTE","045","CULTURA","0099","PATRIMONIO HISTORICO Y CULTURAL","00001","0136798","REGISTRO DE BIENES DEL PATRIMONIO CULTURAL","04","AREQUIPA","2","RECURSOS DIRECTAMENTE RECAUDADOS","09","RECURSOS DIRECTAMENTE RECAUDADOS","0","NORMAL","5","GASTO CORRIENTE","2","3","BIENES Y SERVICIOS","1","COMPRA DE BIENES","5","MATERIALES Y  UTILES","4","ELECTRICIDAD, ILUMINACION Y ELECTRONICA","1","ELECTRICIDAD, ILUMINACION Y ELECTRONICA","0","0","0","2600","1080","0","0","0","0","0","0","0","0","0","0","0","0","0"
"2020","M","GOBIERNOS LOCALES"," "," "," "," ","300331","040101","MUNICIPALIDAD PROVINCIAL DE AREQUIPA","04","AREQUIPA","01","AREQUIPA","01","AREQUIPA","39","0132","PUESTA EN VALOR Y USO SOCIAL DEL PATRIMONIO CULTURAL","3","ACTIVIDAD","3000708","PATRIMONIO CULTURAL SALVAGUARDADO Y PROTEGIDO","5005206","REGISTRO DE BIENES DEL PATRIMONIO CULTURAL","21","CULTURA Y DEPORTE","045","CULTURA","0099","PATRIMONIO HISTORICO Y CULTURAL","00001","0136798","REGISTRO DE BIENES DEL PATRIMONIO CULTURAL","04","AREQUIPA","2","RECURSOS DIRECTAMENTE RECAUDADOS","09","RECURSOS DIRECTAMENTE RECAUDADOS","0","NORMAL","5","GASTO CORRIENTE","2","3","BIENES Y SERVICIOS","1","COMPRA DE BIENES","6","REPUESTOS Y ACCESORIOS","1","REPUESTOS Y ACCESORIOS","1","DE VEHICULOS","0","0","700","0","0","0","0","0","0","0","0","0","0","0","0","0","0","0"
"2020","M","GOBIERNOS LOCALES"," "," "," "," ","300331","040101","MUNICIPALIDAD PROVINCIAL DE AREQUIPA","04","AREQUIPA","01","AREQUIPA","01","AREQUIPA","39","0132","PUESTA EN VALOR Y USO SOCIAL DEL PATRIMONIO CULTURAL","3","ACTIVIDAD","3000708","PATRIMONIO CULTURAL SALVAGUARDADO Y PROTEGIDO","5005206","REGISTRO DE BIENES DEL PATRIMONIO CULTURAL","21","CULTURA Y DEPORTE","045","CULTURA","0099","PATRIMONIO HISTORICO Y CULTURAL","00001","0136798","REGISTRO DE BIENES DEL PATRIMONIO CULTURAL","04","AREQUIPA","2","RECURSOS DIRECTAMENTE RECAUDADOS","09","RECURSOS DIRECTAMENTE RECAUDADOS","0","NORMAL","5","GASTO CORRIENTE","2","3","BIENES Y SERVICIOS","1","COMPRA DE BIENES","6","REPUESTOS Y ACCESORIOS","1","REPUESTOS Y ACCESORIOS","1","DE VEHICULOS","0","0","0","700","0","0","0","0","0","0","0","0","0","0","0","0","0","0"
"2020","M","GOBIERNOS LOCALES"," "," "," "," ","300331","040101","MUNICIPALIDAD PROVINCIAL DE AREQUIPA","04","AREQUIPA","01","AREQUIPA","01","AREQUIPA","39","0132","PUESTA EN VALOR Y USO SOCIAL DEL PATRIMONIO CULTURAL","3","ACTIVIDAD","3000708","PATRIMONIO CULTURAL SALVAGUARDADO Y PROTEGIDO","5005206","REGISTRO DE BIENES DEL PATRIMONIO CULTURAL","21","CULTURA Y DEPORTE","045","CULTURA","0099","PATRIMONIO HISTORICO Y CULTURAL","00001","0136798","REGISTRO DE BIENES DEL PATRIMONIO CULTURAL","04","AREQUIPA","2","RECURSOS DIRECTAMENTE RECAUDADOS","09","RECURSOS DIRECTAMENTE RECAUDADOS","0","NORMAL","5","GASTO CORRIENTE","2","3","BIENES Y SERVICIOS","1","COMPRA DE BIENES","99","COMPRA DE OTROS BIENES","1","COMPRA DE OTROS BIENES","99","OTROS BIENES","0","0","181","0","0","0","0","0","0","0","0","0","0","0","0","0","0","0"
"2020","M","GOBIERNOS LOCALES"," "," "," "," ","300331","040101","MUNICIPALIDAD PROVINCIAL DE AREQUIPA","04","AREQUIPA","01","AREQUIPA","01","AREQUIPA","39","0132","PUESTA EN VALOR Y USO SOCIAL DEL PATRIMONIO CULTURAL","3","ACTIVIDAD","3000708","PATRIMONIO CULTURAL SALVAGUARDADO Y PROTEGIDO","5005206","REGISTRO DE BIENES DEL PATRIMONIO CULTURAL","21","CULTURA Y DEPORTE","045","CULTURA","0099","PATRIMONIO HISTORICO Y CULTURAL","00001","0136798","REGISTRO DE BIENES DEL PATRIMONIO CULTURAL","04","AREQUIPA","2","RECURSOS DIRECTAMENTE RECAUDADOS","09","RECURSOS DIRECTAMENTE RECAUDADOS","0","NORMAL","5","GASTO CORRIENTE","2","3","BIENES Y SERVICIOS","1","COMPRA DE BIENES","99","COMPRA DE OTROS BIENES","1","COMPRA DE OTROS BIENES","99","OTROS BIENES","0","0","0","181","180.20","0","0","0","0","0","0","0","0","0","0","0","0","0"
"2020","M","GOBIERNOS LOCALES"," "," "," "," ","300331","040101","MUNICIPALIDAD PROVINCIAL DE AREQUIPA","04","AREQUIPA","01","AREQUIPA","01","AREQUIPA","39","0132","PUESTA EN VALOR Y USO SOCIAL DEL PATRIMONIO CULTURAL","3","ACTIVIDAD","3000708","PATRIMONIO CULTURAL SALVAGUARDADO Y PROTEGIDO","5005206","REGISTRO DE BIENES DEL PATRIMONIO CULTURAL","21","CULTURA Y DEPORTE","045","CULTURA","0099","PATRIMONIO HISTORICO Y CULTURAL","00001","0136798","REGISTRO DE BIENES DEL PATRIMONIO CULTURAL","04","AREQUIPA","2","RECURSOS DIRECTAMENTE RECAUDADOS","09","RECURSOS DIRECTAMENTE RECAUDADOS","0","NORMAL","5","GASTO CORRIENTE","2","3","BIENES Y SERVICIOS","2","CONTRATACION DE SERVICIOS","7","SERVICIOS PROFESIONALES Y TECNICOS","11","OTROS SERVICIOS","6","SERVICIO DE IMPRESIONES, ENCUADERNACION Y EMPASTADO","0","0","193","0","0","0","0","0","0","0","0","0","0","0","0","0","0","0"
"2020","M","GOBIERNOS LOCALES"," "," "," "," ","300331","040101","MUNICIPALIDAD PROVINCIAL DE AREQUIPA","04","AREQUIPA","01","AREQUIPA","01","AREQUIPA","39","0132","PUESTA EN VALOR Y USO SOCIAL DEL PATRIMONIO CULTURAL","3","ACTIVIDAD","3000708","PATRIMONIO CULTURAL SALVAGUARDADO Y PROTEGIDO","5005206","REGISTRO DE BIENES DEL PATRIMONIO CULTURAL","21","CULTURA Y DEPORTE","045","CULTURA","0099","PATRIMONIO HISTORICO Y CULTURAL","00001","0136798","REGISTRO DE BIENES DEL PATRIMONIO CULTURAL","04","AREQUIPA","2","RECURSOS DIRECTAMENTE RECAUDADOS","09","RECURSOS DIRECTAMENTE RECAUDADOS","0","NORMAL","5","GASTO CORRIENTE","2","3","BIENES Y SERVICIOS","2","CONTRATACION DE SERVICIOS","7","SERVICIOS PROFESIONALES Y TECNICOS","11","OTROS SERVICIOS","6","SERVICIO DE IMPRESIONES, ENCUADERNACION Y EMPASTADO","0","0","0","192.62","192.62","0","0","0","0","0","0","0","0","0","0","0","0","0"
"2020","M","GOBIERNOS LOCALES"," "," "," "," ","300331","040101","MUNICIPALIDAD PROVINCIAL DE AREQUIPA","04","AREQUIPA","01","AREQUIPA","01","AREQUIPA","39","0132","PUESTA EN VALOR Y USO SOCIAL DEL PATRIMONIO CULTURAL","3","ACTIVIDAD","3000708","PATRIMONIO CULTURAL SALVAGUARDADO Y PROTEGIDO","5005206","REGISTRO DE BIENES DEL PATRIMONIO CULTURAL","21","CULTURA Y DEPORTE","045","CULTURA","0099","PATRIMONIO HISTORICO Y CULTURAL","00001","0136798","REGISTRO DE BIENES DEL PATRIMONIO CULTURAL","04","AREQUIPA","2","RECURSOS DIRECTAMENTE RECAUDADOS","09","RECURSOS DIRECTAMENTE RECAUDADOS","0","NORMAL","5","GASTO CORRIENTE","2","3","BIENES Y SERVICIOS","2","CONTRATACION DE SERVICIOS","7","SERVICIOS PROFESIONALES Y TECNICOS","11","OTROS SERVICIOS","99","SERVICIOS DIVERSOS","11868","-1472","10396","0","0","0","0","0","0","0","0","0","0","0","0","0","0","0"
"2020","M","GOBIERNOS LOCALES"," "," "," "," ","300331","040101","MUNICIPALIDAD PROVINCIAL DE AREQUIPA","04","AREQUIPA","01","AREQUIPA","01","AREQUIPA","39","0132","PUESTA EN VALOR Y USO SOCIAL DEL PATRIMONIO CULTURAL","3","ACTIVIDAD","3000708","PATRIMONIO CULTURAL SALVAGUARDADO Y PROTEGIDO","5005206","REGISTRO DE BIENES DEL PATRIMONIO CULTURAL","21","CULTURA Y DEPORTE","045","CULTURA","0099","PATRIMONIO HISTORICO Y CULTURAL","00001","0136798","REGISTRO DE BIENES DEL PATRIMONIO CULTURAL","04","AREQUIPA","2","RECURSOS DIRECTAMENTE RECAUDADOS","09","RECURSOS DIRECTAMENTE RECAUDADOS","0","NORMAL","5","GASTO CORRIENTE","2","3","BIENES Y SERVICIOS","2","CONTRATACION DE SERVICIOS","7","SERVICIOS PROFESIONALES Y TECNICOS","11","OTROS SERVICIOS","99","SERVICIOS DIVERSOS","0","0","0","10396","10178","0","0","0","0","0","0","0","0","0","0","0","0","0"
"2020","M","GOBIERNOS LOCALES"," "," "," "," ","300331","040101","MUNICIPALIDAD PROVINCIAL DE AREQUIPA","04","AREQUIPA","01","AREQUIPA","01","AREQUIPA","39","0132","PUESTA EN VALOR Y USO SOCIAL DEL PATRIMONIO CULTURAL","3","ACTIVIDAD","3000708","PATRIMONIO CULTURAL SALVAGUARDADO Y PROTEGIDO","5005206","REGISTRO DE BIENES DEL PATRIMONIO CULTURAL","21","CULTURA Y DEPORTE","045","CULTURA","0099","PATRIMONIO HISTORICO Y CULTURAL","00001","0136798","REGISTRO DE BIENES DEL PATRIMONIO CULTURAL","04","AREQUIPA","2","RECURSOS DIRECTAMENTE RECAUDADOS","09","RECURSOS DIRECTAMENTE RECAUDADOS","1","UNIVERSIDADES / GOB. LOCALES","5","GASTO CORRIENTE","2","3","BIENES Y SERVICIOS","1","COMPRA DE BIENES","1","ALIMENTOS Y BEBIDAS","1","ALIMENTOS Y BEBIDAS","1","ALIMENTOS Y BEBIDAS PARA CONSUMO HUMANO","0","0","0","0","0","0","0","0","0","0","0","0","26","0","0","0","0","26"
"2020","M","GOBIERNOS LOCALES"," "," "," "," ","300331","040101","MUNICIPALIDAD PROVINCIAL DE AREQUIPA","04","AREQUIPA","01","AREQUIPA","01","AREQUIPA","39","0132","PUESTA EN VALOR Y USO SOCIAL DEL PATRIMONIO CULTURAL","3","ACTIVIDAD","3000708","PATRIMONIO CULTURAL SALVAGUARDADO Y PROTEGIDO","5005206","REGISTRO DE BIENES DEL PATRIMONIO CULTURAL","21","CULTURA Y DEPORTE","045","CULTURA","0099","PATRIMONIO HISTORICO Y CULTURAL","00001","0136798","REGISTRO DE BIENES DEL PATRIMONIO CULTURAL","04","AREQUIPA","2","RECURSOS DIRECTAMENTE RECAUDADOS","09","RECURSOS DIRECTAMENTE RECAUDADOS","1","UNIVERSIDADES / GOB. LOCALES","5","GASTO CORRIENTE","2","3","BIENES Y SERVICIOS","1","COMPRA DE BIENES","99","COMPRA DE OTROS BIENES","1","COMPRA DE OTROS BIENES","99","OTROS BIENES","0","0","0","0","0","0","0","0","0","0","0","0","180.20","0","0","0","0","180.20"
"2020","M","GOBIERNOS LOCALES"," "," "," "," ","300331","040101","MUNICIPALIDAD PROVINCIAL DE AREQUIPA","04","AREQUIPA","01","AREQUIPA","01","AREQUIPA","39","0132","PUESTA EN VALOR Y USO SOCIAL DEL PATRIMONIO CULTURAL","3","ACTIVIDAD","3000708","PATRIMONIO CULTURAL SALVAGUARDADO Y PROTEGIDO","5005206","REGISTRO DE BIENES DEL PATRIMONIO CULTURAL","21","CULTURA Y DEPORTE","045","CULTURA","0099","PATRIMONIO HISTORICO Y CULTURAL","00001","0136798","REGISTRO DE BIENES DEL PATRIMONIO CULTURAL","04","AREQUIPA","2","RECURSOS DIRECTAMENTE RECAUDADOS","09","RECURSOS DIRECTAMENTE RECAUDADOS","1","UNIVERSIDADES / GOB. LOCALES","5","GASTO CORRIENTE","2","3","BIENES Y SERVICIOS","2","CONTRATACION DE SERVICIOS","7","SERVICIOS PROFESIONALES Y TECNICOS","11","OTROS SERVICIOS","6","SERVICIO DE IMPRESIONES, ENCUADERNACION Y EMPASTADO","0","0","0","0","0","0","0","0","0","0","0","0","192.62","0","0","0","0","192.62"
"2020","M","GOBIERNOS LOCALES"," "," "," "," ","300331","040101","MUNICIPALIDAD PROVINCIAL DE AREQUIPA","04","AREQUIPA","01","AREQUIPA","01","AREQUIPA","39","0132","PUESTA EN VALOR Y USO SOCIAL DEL PATRIMONIO CULTURAL","3","ACTIVIDAD","3000708","PATRIMONIO CULTURAL SALVAGUARDADO Y PROTEGIDO","5005206","REGISTRO DE BIENES DEL PATRIMONIO CULTURAL","21","CULTURA Y DEPORTE","045","CULTURA","0099","PATRIMONIO HISTORICO Y CULTURAL","00001","0136798","REGISTRO DE BIENES DEL PATRIMONIO CULTURAL","04","AREQUIPA","2","RECURSOS DIRECTAMENTE RECAUDADOS","09","RECURSOS DIRECTAMENTE RECAUDADOS","1","UNIVERSIDADES / GOB. LOCALES","5","GASTO CORRIENTE","2","3","BIENES Y SERVICIOS","2","CONTRATACION DE SERVICIOS","7","SERVICIOS PROFESIONALES Y TECNICOS","11","OTROS SERVICIOS","99","SERVICIOS DIVERSOS","0","0","0","0","0","0","0","0","0","0","0","0","100","0","0","0","0","100"
"2020","M","GOBIERNOS LOCALES"," "," "," "," ","300331","040101","MUNICIPALIDAD PROVINCIAL DE AREQUIPA","04","AREQUIPA","01","AREQUIPA","01","AREQUIPA","39","0132","PUESTA EN VALOR Y USO SOCIAL DEL PATRIMONIO CULTURAL","3","ACTIVIDAD","3000708","PATRIMONIO CULTURAL SALVAGUARDADO Y PROTEGIDO","5005206","REGISTRO DE BIENES DEL PATRIMONIO CULTURAL","21","CULTURA Y DEPORTE","045","CULTURA","0099","PATRIMONIO HISTORICO Y CULTURAL","00001","0136798","REGISTRO DE BIENES DEL PATRIMONIO CULTURAL","04","AREQUIPA","2","RECURSOS DIRECTAMENTE RECAUDADOS","09","RECURSOS DIRECTAMENTE RECAUDADOS","7","SUB CUENTA - RECURSOS DIRECTAMENTE RECAUDADOS","5","GASTO CORRIENTE","2","3","BIENES Y SERVICIOS","1","COMPRA DE BIENES","5","MATERIALES Y  UTILES","4","ELECTRICIDAD, ILUMINACION Y ELECTRONICA","1","ELECTRICIDAD, ILUMINACION Y ELECTRONICA","0","0","0","0","0","0","0","0","0","0","0","0","0","0","0","0","1080","1080"
"2020","M","GOBIERNOS LOCALES"," "," "," "," ","300331","040101","MUNICIPALIDAD PROVINCIAL DE AREQUIPA","04","AREQUIPA","01","AREQUIPA","01","AREQUIPA","39","0132","PUESTA EN VALOR Y USO SOCIAL DEL PATRIMONIO CULTURAL","3","ACTIVIDAD","3000708","PATRIMONIO CULTURAL SALVAGUARDADO Y PROTEGIDO","5005206","REGISTRO DE BIENES DEL PATRIMONIO CULTURAL","21","CULTURA Y DEPORTE","045","CULTURA","0099","PATRIMONIO HISTORICO Y CULTURAL","00001","0136798","REGISTRO DE BIENES DEL PATRIMONIO CULTURAL","04","AREQUIPA","2","RECURSOS DIRECTAMENTE RECAUDADOS","09","RECURSOS DIRECTAMENTE RECAUDADOS","7","SUB CUENTA - RECURSOS DIRECTAMENTE RECAUDADOS","5","GASTO CORRIENTE","2","3","BIENES Y SERVICIOS","2","CONTRATACION DE SERVICIOS","7","SERVICIOS PROFESIONALES Y TECNICOS","11","OTROS SERVICIOS","99","SERVICIOS DIVERSOS","0","0","0","0","0","0","0","0","0","0","0","0","0","0","0","600","9478","10078"
"2020","M","GOBIERNOS LOCALES"," "," "," "," ","300331","040101","MUNICIPALIDAD PROVINCIAL DE AREQUIPA","04","AREQUIPA","01","AREQUIPA","01","AREQUIPA","39","0132","PUESTA EN VALOR Y USO SOCIAL DEL PATRIMONIO CULTURAL","3","ACTIVIDAD","3000708","PATRIMONIO CULTURAL SALVAGUARDADO Y PROTEGIDO","5005206","REGISTRO DE BIENES DEL PATRIMONIO CULTURAL","21","CULTURA Y DEPORTE","045","CULTURA","0099","PATRIMONIO HISTORICO Y CULTURAL","00001","0136798","REGISTRO DE BIENES DEL PATRIMONIO CULTURAL","04","AREQUIPA","5","RECURSOS DETERMINADOS","08","IMPUESTOS MUNICIPALES","0","NORMAL","5","GASTO CORRIENTE","2","3","BIENES Y SERVICIOS","1","COMPRA DE BIENES","1","ALIMENTOS Y BEBIDAS","1","ALIMENTOS Y BEBIDAS","1","ALIMENTOS Y BEBIDAS PARA CONSUMO HUMANO","0","0","49","0","0","0","0","0","0","0","0","0","0","0","0","0","0","0"
"2020","M","GOBIERNOS LOCALES"," "," "," "," ","300331","040101","MUNICIPALIDAD PROVINCIAL DE AREQUIPA","04","AREQUIPA","01","AREQUIPA","01","AREQUIPA","39","0132","PUESTA EN VALOR Y USO SOCIAL DEL PATRIMONIO CULTURAL","3","ACTIVIDAD","3000708","PATRIMONIO CULTURAL SALVAGUARDADO Y PROTEGIDO","5005206","REGISTRO DE BIENES DEL PATRIMONIO CULTURAL","21","CULTURA Y DEPORTE","045","CULTURA","0099","PATRIMONIO HISTORICO Y CULTURAL","00001","0136798","REGISTRO DE BIENES DEL PATRIMONIO CULTURAL","04","AREQUIPA","5","RECURSOS DETERMINADOS","08","IMPUESTOS MUNICIPALES","0","NORMAL","5","GASTO CORRIENTE","2","3","BIENES Y SERVICIOS","1","COMPRA DE BIENES","1","ALIMENTOS Y BEBIDAS","1","ALIMENTOS Y BEBIDAS","1","ALIMENTOS Y BEBIDAS PARA CONSUMO HUMANO","0","0","0","48.30","48.30","0","0","0","0","0","48.30","0","0","0","0","0","0","48.30"
"2020","M","GOBIERNOS LOCALES"," "," "," "," ","300331","040101","MUNICIPALIDAD PROVINCIAL DE AREQUIPA","04","AREQUIPA","01","AREQUIPA","01","AREQUIPA","39","0132","PUESTA EN VALOR Y USO SOCIAL DEL PATRIMONIO CULTURAL","3","ACTIVIDAD","3000708","PATRIMONIO CULTURAL SALVAGUARDADO Y PROTEGIDO","5005206","REGISTRO DE BIENES DEL PATRIMONIO CULTURAL","21","CULTURA Y DEPORTE","045","CULTURA","0099","PATRIMONIO HISTORICO Y CULTURAL","00001","0136798","REGISTRO DE BIENES DEL PATRIMONIO CULTURAL","04","AREQUIPA","5","RECURSOS DETERMINADOS","08","IMPUESTOS MUNICIPALES","0","NORMAL","5","GASTO CORRIENTE","2","3","BIENES Y SERVICIOS","1","COMPRA DE BIENES","5","MATERIALES Y  UTILES","1","DE OFICINA","2","PAPELERIA EN GENERAL, UTILES Y MATERIALES DE OFICINA","0","0","200","0","0","0","0","0","0","0","0","0","0","0","0","0","0","0"
"2020","M","GOBIERNOS LOCALES"," "," "," "," ","300331","040101","MUNICIPALIDAD PROVINCIAL DE AREQUIPA","04","AREQUIPA","01","AREQUIPA","01","AREQUIPA","39","0132","PUESTA EN VALOR Y USO SOCIAL DEL PATRIMONIO CULTURAL","3","ACTIVIDAD","3000708","PATRIMONIO CULTURAL SALVAGUARDADO Y PROTEGIDO","5005206","REGISTRO DE BIENES DEL PATRIMONIO CULTURAL","21","CULTURA Y DEPORTE","045","CULTURA","0099","PATRIMONIO HISTORICO Y CULTURAL","00001","0136798","REGISTRO DE BIENES DEL PATRIMONIO CULTURAL","04","AREQUIPA","5","RECURSOS DETERMINADOS","08","IMPUESTOS MUNICIPALES","0","NORMAL","5","GASTO CORRIENTE","2","3","BIENES Y SERVICIOS","1","COMPRA DE BIENES","5","MATERIALES Y  UTILES","1","DE OFICINA","2","PAPELERIA EN GENERAL, UTILES Y MATERIALES DE OFICINA","0","0","0","200","200","0","0","0","0","0","0","0","0","0","0","0","0","0"
"2020","M","GOBIERNOS LOCALES"," "," "," "," ","300331","040101","MUNICIPALIDAD PROVINCIAL DE AREQUIPA","04","AREQUIPA","01","AREQUIPA","01","AREQUIPA","39","0132","PUESTA EN VALOR Y USO SOCIAL DEL PATRIMONIO CULTURAL","3","ACTIVIDAD","3000708","PATRIMONIO CULTURAL SALVAGUARDADO Y PROTEGIDO","5005206","REGISTRO DE BIENES DEL PATRIMONIO CULTURAL","21","CULTURA Y DEPORTE","045","CULTURA","0099","PATRIMONIO HISTORICO Y CULTURAL","00001","0136798","REGISTRO DE BIENES DEL PATRIMONIO CULTURAL","04","AREQUIPA","5","RECURSOS DETERMINADOS","08","IMPUESTOS MUNICIPALES","0","NORMAL","5","GASTO CORRIENTE","2","3","BIENES Y SERVICIOS","1","COMPRA DE BIENES","5","MATERIALES Y  UTILES","3","ASEO, LIMPIEZA Y COCINA","1","ASEO, LIMPIEZA Y TOCADOR","0","0","100","0","0","0","0","0","0","0","0","0","0","0","0","0","0","0"
"2020","M","GOBIERNOS LOCALES"," "," "," "," ","300331","040101","MUNICIPALIDAD PROVINCIAL DE AREQUIPA","04","AREQUIPA","01","AREQUIPA","01","AREQUIPA","39","0132","PUESTA EN VALOR Y USO SOCIAL DEL PATRIMONIO CULTURAL","3","ACTIVIDAD","3000708","PATRIMONIO CULTURAL SALVAGUARDADO Y PROTEGIDO","5005206","REGISTRO DE BIENES DEL PATRIMONIO CULTURAL","21","CULTURA Y DEPORTE","045","CULTURA","0099","PATRIMONIO HISTORICO Y CULTURAL","00001","0136798","REGISTRO DE BIENES DEL PATRIMONIO CULTURAL","04","AREQUIPA","5","RECURSOS DETERMINADOS","08","IMPUESTOS MUNICIPALES","0","NORMAL","5","GASTO CORRIENTE","2","3","BIENES Y SERVICIOS","1","COMPRA DE BIENES","5","MATERIALES Y  UTILES","3","ASEO, LIMPIEZA Y COCINA","1","ASEO, LIMPIEZA Y TOCADOR","0","0","0","100","100","0","0","0","0","0","0","0","0","0","0","0","0","0"
"2020","M","GOBIERNOS LOCALES"," "," "," "," ","300331","040101","MUNICIPALIDAD PROVINCIAL DE AREQUIPA","04","AREQUIPA","01","AREQUIPA","01","AREQUIPA","39","0132","PUESTA EN VALOR Y USO SOCIAL DEL PATRIMONIO CULTURAL","3","ACTIVIDAD","3000708","PATRIMONIO CULTURAL SALVAGUARDADO Y PROTEGIDO","5005206","REGISTRO DE BIENES DEL PATRIMONIO CULTURAL","21","CULTURA Y DEPORTE","045","CULTURA","0099","PATRIMONIO HISTORICO Y CULTURAL","00001","0136798","REGISTRO DE BIENES DEL PATRIMONIO CULTURAL","04","AREQUIPA","5","RECURSOS DETERMINADOS","08","IMPUESTOS MUNICIPALES","0","NORMAL","5","GASTO CORRIENTE","2","3","BIENES Y SERVICIOS","1","COMPRA DE BIENES","99","COMPRA DE OTROS BIENES","1","COMPRA DE OTROS BIENES","99","OTROS BIENES","0","0","330","0","0","0","0","0","0","0","0","0","0","0","0","0","0","0"
"2020","M","GOBIERNOS LOCALES"," "," "," "," ","300331","040101","MUNICIPALIDAD PROVINCIAL DE AREQUIPA","04","AREQUIPA","01","AREQUIPA","01","AREQUIPA","39","0132","PUESTA EN VALOR Y USO SOCIAL DEL PATRIMONIO CULTURAL","3","ACTIVIDAD","3000708","PATRIMONIO CULTURAL SALVAGUARDADO Y PROTEGIDO","5005206","REGISTRO DE BIENES DEL PATRIMONIO CULTURAL","21","CULTURA Y DEPORTE","045","CULTURA","0099","PATRIMONIO HISTORICO Y CULTURAL","00001","0136798","REGISTRO DE BIENES DEL PATRIMONIO CULTURAL","04","AREQUIPA","5","RECURSOS DETERMINADOS","08","IMPUESTOS MUNICIPALES","0","NORMAL","5","GASTO CORRIENTE","2","3","BIENES Y SERVICIOS","1","COMPRA DE BIENES","99","COMPRA DE OTROS BIENES","1","COMPRA DE OTROS BIENES","99","OTROS BIENES","0","0","0","329.50","329.50","0","0","0","0","0","179.50","0","0","0","0","0","0","179.50"
"2020","M","GOBIERNOS LOCALES"," "," "," "," ","300331","040101","MUNICIPALIDAD PROVINCIAL DE AREQUIPA","04","AREQUIPA","01","AREQUIPA","01","AREQUIPA","39","0132","PUESTA EN VALOR Y USO SOCIAL DEL PATRIMONIO CULTURAL","3","ACTIVIDAD","3000708","PATRIMONIO CULTURAL SALVAGUARDADO Y PROTEGIDO","5005206","REGISTRO DE BIENES DEL PATRIMONIO CULTURAL","21","CULTURA Y DEPORTE","045","CULTURA","0099","PATRIMONIO HISTORICO Y CULTURAL","00001","0136798","REGISTRO DE BIENES DEL PATRIMONIO CULTURAL","04","AREQUIPA","5","RECURSOS DETERMINADOS","08","IMPUESTOS MUNICIPALES","0","NORMAL","5","GASTO CORRIENTE","2","3","BIENES Y SERVICIOS","2","CONTRATACION DE SERVICIOS","1","VIAJES","2","VIAJES DOMESTICOS","99","OTROS GASTOS","0","0","20","0","0","0","0","0","0","0","0","0","0","0","0","0","0","0"
"2020","M","GOBIERNOS LOCALES"," "," "," "," ","300331","040101","MUNICIPALIDAD PROVINCIAL DE AREQUIPA","04","AREQUIPA","01","AREQUIPA","01","AREQUIPA","39","0132","PUESTA EN VALOR Y USO SOCIAL DEL PATRIMONIO CULTURAL","3","ACTIVIDAD","3000708","PATRIMONIO CULTURAL SALVAGUARDADO Y PROTEGIDO","5005206","REGISTRO DE BIENES DEL PATRIMONIO CULTURAL","21","CULTURA Y DEPORTE","045","CULTURA","0099","PATRIMONIO HISTORICO Y CULTURAL","00001","0136798","REGISTRO DE BIENES DEL PATRIMONIO CULTURAL","04","AREQUIPA","5","RECURSOS DETERMINADOS","08","IMPUESTOS MUNICIPALES","0","NORMAL","5","GASTO CORRIENTE","2","3","BIENES Y SERVICIOS","2","CONTRATACION DE SERVICIOS","1","VIAJES","2","VIAJES DOMESTICOS","99","OTROS GASTOS","0","0","0","20","20","0","0","0","0","0","20","0","0","0","0","0","0","20"
"2020","M","GOBIERNOS LOCALES"," "," "," "," ","300331","040101","MUNICIPALIDAD PROVINCIAL DE AREQUIPA","04","AREQUIPA","01","AREQUIPA","01","AREQUIPA","39","0132","PUESTA EN VALOR Y USO SOCIAL DEL PATRIMONIO CULTURAL","3","ACTIVIDAD","3000708","PATRIMONIO CULTURAL SALVAGUARDADO Y PROTEGIDO","5005206","REGISTRO DE BIENES DEL PATRIMONIO CULTURAL","21","CULTURA Y DEPORTE","045","CULTURA","0099","PATRIMONIO HISTORICO Y CULTURAL","00001","0136798","REGISTRO DE BIENES DEL PATRIMONIO CULTURAL","04","AREQUIPA","5","RECURSOS DETERMINADOS","08","IMPUESTOS MUNICIPALES","0","NORMAL","5","GASTO CORRIENTE","2","3","BIENES Y SERVICIOS","2","CONTRATACION DE SERVICIOS","2","SERVICIOS BASICOS, COMUNICACIONES, PUBLICIDAD Y DIFUSION","3","SERVICIOS DE MENSAJERIA, TELECOMUNICACIONES Y OTROS AFINES","1","CORREOS Y SERVICIOS DE MENSAJERIA","0","0","6","0","0","0","0","0","0","0","0","0","0","0","0","0","0","0"
"2020","M","GOBIERNOS LOCALES"," "," "," "," ","300331","040101","MUNICIPALIDAD PROVINCIAL DE AREQUIPA","04","AREQUIPA","01","AREQUIPA","01","AREQUIPA","39","0132","PUESTA EN VALOR Y USO SOCIAL DEL PATRIMONIO CULTURAL","3","ACTIVIDAD","3000708","PATRIMONIO CULTURAL SALVAGUARDADO Y PROTEGIDO","5005206","REGISTRO DE BIENES DEL PATRIMONIO CULTURAL","21","CULTURA Y DEPORTE","045","CULTURA","0099","PATRIMONIO HISTORICO Y CULTURAL","00001","0136798","REGISTRO DE BIENES DEL PATRIMONIO CULTURAL","04","AREQUIPA","5","RECURSOS DETERMINADOS","08","IMPUESTOS MUNICIPALES","0","NORMAL","5","GASTO CORRIENTE","2","3","BIENES Y SERVICIOS","2","CONTRATACION DE SERVICIOS","2","SERVICIOS BASICOS, COMUNICACIONES, PUBLICIDAD Y DIFUSION","3","SERVICIOS DE MENSAJERIA, TELECOMUNICACIONES Y OTROS AFINES","1","CORREOS Y SERVICIOS DE MENSAJERIA","0","0","0","6","6","0","0","0","0","0","6","0","0","0","0","0","0","6"
"2020","M","GOBIERNOS LOCALES"," "," "," "," ","300331","040101","MUNICIPALIDAD PROVINCIAL DE AREQUIPA","04","AREQUIPA","01","AREQUIPA","01","AREQUIPA","39","0132","PUESTA EN VALOR Y USO SOCIAL DEL PATRIMONIO CULTURAL","3","ACTIVIDAD","3000708","PATRIMONIO CULTURAL SALVAGUARDADO Y PROTEGIDO","5005206","REGISTRO DE BIENES DEL PATRIMONIO CULTURAL","21","CULTURA Y DEPORTE","045","CULTURA","0099","PATRIMONIO HISTORICO Y CULTURAL","00001","0136798","REGISTRO DE BIENES DEL PATRIMONIO CULTURAL","04","AREQUIPA","5","RECURSOS DETERMINADOS","08","IMPUESTOS MUNICIPALES","0","NORMAL","5","GASTO CORRIENTE","2","3","BIENES Y SERVICIOS","2","CONTRATACION DE SERVICIOS","7","SERVICIOS PROFESIONALES Y TECNICOS","11","OTROS SERVICIOS","6","SERVICIO DE IMPRESIONES, ENCUADERNACION Y EMPASTADO","0","0","137","0","0","0","0","0","0","0","0","0","0","0","0","0","0","0"
"2020","M","GOBIERNOS LOCALES"," "," "," "," ","300331","040101","MUNICIPALIDAD PROVINCIAL DE AREQUIPA","04","AREQUIPA","01","AREQUIPA","01","AREQUIPA","39","0132","PUESTA EN VALOR Y USO SOCIAL DEL PATRIMONIO CULTURAL","3","ACTIVIDAD","3000708","PATRIMONIO CULTURAL SALVAGUARDADO Y PROTEGIDO","5005206","REGISTRO DE BIENES DEL PATRIMONIO CULTURAL","21","CULTURA Y DEPORTE","045","CULTURA","0099","PATRIMONIO HISTORICO Y CULTURAL","00001","0136798","REGISTRO DE BIENES DEL PATRIMONIO CULTURAL","04","AREQUIPA","5","RECURSOS DETERMINADOS","08","IMPUESTOS MUNICIPALES","0","NORMAL","5","GASTO CORRIENTE","2","3","BIENES Y SERVICIOS","2","CONTRATACION DE SERVICIOS","7","SERVICIOS PROFESIONALES Y TECNICOS","11","OTROS SERVICIOS","6","SERVICIO DE IMPRESIONES, ENCUADERNACION Y EMPASTADO","0","0","0","136.60","136.60","0","0","0","0","0","136.60","0","0","0","0","0","0","136.60"
"2020","M","GOBIERNOS LOCALES"," "," "," "," ","300331","040101","MUNICIPALIDAD PROVINCIAL DE AREQUIPA","04","AREQUIPA","01","AREQUIPA","01","AREQUIPA","39","0132","PUESTA EN VALOR Y USO SOCIAL DEL PATRIMONIO CULTURAL","3","ACTIVIDAD","3000708","PATRIMONIO CULTURAL SALVAGUARDADO Y PROTEGIDO","5005206","REGISTRO DE BIENES DEL PATRIMONIO CULTURAL","21","CULTURA Y DEPORTE","045","CULTURA","0099","PATRIMONIO HISTORICO Y CULTURAL","00001","0136798","REGISTRO DE BIENES DEL PATRIMONIO CULTURAL","04","AREQUIPA","5","RECURSOS DETERMINADOS","08","IMPUESTOS MUNICIPALES","0","NORMAL","5","GASTO CORRIENTE","2","3","BIENES Y SERVICIOS","2","CONTRATACION DE SERVICIOS","7","SERVICIOS PROFESIONALES Y TECNICOS","11","OTROS SERVICIOS","99","SERVICIOS DIVERSOS","600","-342","258","0","0","0","0","0","0","0","0","0","0","0","0","0","0","0"
"2020","M","GOBIERNOS LOCALES"," "," "," "," ","300331","040101","MUNICIPALIDAD PROVINCIAL DE AREQUIPA","04","AREQUIPA","01","AREQUIPA","01","AREQUIPA","39","0132","PUESTA EN VALOR Y USO SOCIAL DEL PATRIMONIO CULTURAL","3","ACTIVIDAD","3000708","PATRIMONIO CULTURAL SALVAGUARDADO Y PROTEGIDO","5005206","REGISTRO DE BIENES DEL PATRIMONIO CULTURAL","21","CULTURA Y DEPORTE","045","CULTURA","0099","PATRIMONIO HISTORICO Y CULTURAL","00001","0136798","REGISTRO DE BIENES DEL PATRIMONIO CULTURAL","04","AREQUIPA","5","RECURSOS DETERMINADOS","08","IMPUESTOS MUNICIPALES","0","NORMAL","5","GASTO CORRIENTE","2","3","BIENES Y SERVICIOS","2","CONTRATACION DE SERVICIOS","7","SERVICIOS PROFESIONALES Y TECNICOS","11","OTROS SERVICIOS","99","SERVICIOS DIVERSOS","0","0","0","157.20","157.20","0","0","0","0","0","107.20","0","0","0","0","0","0","107.20"
"2020","M","GOBIERNOS LOCALES"," "," "," "," ","300331","040101","MUNICIPALIDAD PROVINCIAL DE AREQUIPA","04","AREQUIPA","01","AREQUIPA","01","AREQUIPA","39","0132","PUESTA EN VALOR Y USO SOCIAL DEL PATRIMONIO CULTURAL","3","ACTIVIDAD","3000708","PATRIMONIO CULTURAL SALVAGUARDADO Y PROTEGIDO","5005206","REGISTRO DE BIENES DEL PATRIMONIO CULTURAL","21","CULTURA Y DEPORTE","045","CULTURA","0099","PATRIMONIO HISTORICO Y CULTURAL","00001","0136798","REGISTRO DE BIENES DEL PATRIMONIO CULTURAL","04","AREQUIPA","5","RECURSOS DETERMINADOS","08","IMPUESTOS MUNICIPALES","7","SUB CUENTA - IMPUESTOS MUNICIPALES","5","GASTO CORRIENTE","2","3","BIENES Y SERVICIOS","1","COMPRA DE BIENES","5","MATERIALES Y  UTILES","1","DE OFICINA","2","PAPELERIA EN GENERAL, UTILES Y MATERIALES DE OFICINA","0","0","0","0","0","0","0","0","0","0","0","0","0","0","0","200","0","200"
"2020","M","GOBIERNOS LOCALES"," "," "," "," ","300331","040101","MUNICIPALIDAD PROVINCIAL DE AREQUIPA","04","AREQUIPA","01","AREQUIPA","01","AREQUIPA","39","0132","PUESTA EN VALOR Y USO SOCIAL DEL PATRIMONIO CULTURAL","3","ACTIVIDAD","3000708","PATRIMONIO CULTURAL SALVAGUARDADO Y PROTEGIDO","5005206","REGISTRO DE BIENES DEL PATRIMONIO CULTURAL","21","CULTURA Y DEPORTE","045","CULTURA","0099","PATRIMONIO HISTORICO Y CULTURAL","00001","0136798","REGISTRO DE BIENES DEL PATRIMONIO CULTURAL","04","AREQUIPA","5","RECURSOS DETERMINADOS","08","IMPUESTOS MUNICIPALES","7","SUB CUENTA - IMPUESTOS MUNICIPALES","5","GASTO CORRIENTE","2","3","BIENES Y SERVICIOS","1","COMPRA DE BIENES","5","MATERIALES Y  UTILES","3","ASEO, LIMPIEZA Y COCINA","1","ASEO, LIMPIEZA Y TOCADOR","0","0","0","0","0","0","0","0","0","0","0","0","0","0","0","100","0","100"
"2020","M","GOBIERNOS LOCALES"," "," "," "," ","300331","040101","MUNICIPALIDAD PROVINCIAL DE AREQUIPA","04","AREQUIPA","01","AREQUIPA","01","AREQUIPA","39","0132","PUESTA EN VALOR Y USO SOCIAL DEL PATRIMONIO CULTURAL","3","ACTIVIDAD","3000708","PATRIMONIO CULTURAL SALVAGUARDADO Y PROTEGIDO","5005206","REGISTRO DE BIENES DEL PATRIMONIO CULTURAL","21","CULTURA Y DEPORTE","045","CULTURA","0099","PATRIMONIO HISTORICO Y CULTURAL","00001","0136798","REGISTRO DE BIENES DEL PATRIMONIO CULTURAL","04","AREQUIPA","5","RECURSOS DETERMINADOS","08","IMPUESTOS MUNICIPALES","7","SUB CUENTA - IMPUESTOS MUNICIPALES","5","GASTO CORRIENTE","2","3","BIENES Y SERVICIOS","1","COMPRA DE BIENES","99","COMPRA DE OTROS BIENES","1","COMPRA DE OTROS BIENES","99","OTROS BIENES","0","0","0","0","0","0","0","0","0","0","0","0","0","0","0","150","0","150"
"2020","M","GOBIERNOS LOCALES"," "," "," "," ","300331","040101","MUNICIPALIDAD PROVINCIAL DE AREQUIPA","04","AREQUIPA","01","AREQUIPA","01","AREQUIPA","39","0132","PUESTA EN VALOR Y USO SOCIAL DEL PATRIMONIO CULTURAL","3","ACTIVIDAD","3000708","PATRIMONIO CULTURAL SALVAGUARDADO Y PROTEGIDO","5005206","REGISTRO DE BIENES DEL PATRIMONIO CULTURAL","21","CULTURA Y DEPORTE","045","CULTURA","0099","PATRIMONIO HISTORICO Y CULTURAL","00001","0136798","REGISTRO DE BIENES DEL PATRIMONIO CULTURAL","04","AREQUIPA","5","RECURSOS DETERMINADOS","08","IMPUESTOS MUNICIPALES","7","SUB CUENTA - IMPUESTOS MUNICIPALES","5","GASTO CORRIENTE","2","3","BIENES Y SERVICIOS","2","CONTRATACION DE SERVICIOS","7","SERVICIOS PROFESIONALES Y TECNICOS","11","OTROS SERVICIOS","99","SERVICIOS DIVERSOS","0","0","0","0","0","0","0","0","0","0","0","0","0","0","0","50","0","50"
"2020","M","GOBIERNOS LOCALES"," "," "," "," ","300331","040101","MUNICIPALIDAD PROVINCIAL DE AREQUIPA","04","AREQUIPA","01","AREQUIPA","01","AREQUIPA","40","0132","PUESTA EN VALOR Y USO SOCIAL DEL PATRIMONIO CULTURAL","3","ACTIVIDAD","3000708","PATRIMONIO CULTURAL SALVAGUARDADO Y PROTEGIDO","5005209","CONSERVACION Y TRANSMISION DEL PATRIMONIO CULTURAL","21","CULTURA Y DEPORTE","045","CULTURA","0099","PATRIMONIO HISTORICO Y CULTURAL","00001","0136801","CONSERVACION Y TRANSMISION DEL PATRIMONIO CULTURAL","04","AREQUIPA","2","RECURSOS DIRECTAMENTE RECAUDADOS","09","RECURSOS DIRECTAMENTE RECAUDADOS","0","NORMAL","5","GASTO CORRIENTE","2","3","BIENES Y SERVICIOS","1","COMPRA DE BIENES","2","VESTUARIOS Y TEXTILES","1","VESTUARIO, ZAPATERIA Y ACCESORIOS, TALABARTERIA Y MATERIALES TEXTILES","1","VESTUARIO, ACCESORIOS Y PRENDAS DIVERSAS","0","0","900","0","0","0","0","0","0","0","0","0","0","0","0","0","0","0"
"2020","M","GOBIERNOS LOCALES"," "," "," "," ","300331","040101","MUNICIPALIDAD PROVINCIAL DE AREQUIPA","04","AREQUIPA","01","AREQUIPA","01","AREQUIPA","40","0132","PUESTA EN VALOR Y USO SOCIAL DEL PATRIMONIO CULTURAL","3","ACTIVIDAD","3000708","PATRIMONIO CULTURAL SALVAGUARDADO Y PROTEGIDO","5005209","CONSERVACION Y TRANSMISION DEL PATRIMONIO CULTURAL","21","CULTURA Y DEPORTE","045","CULTURA","0099","PATRIMONIO HISTORICO Y CULTURAL","00001","0136801","CONSERVACION Y TRANSMISION DEL PATRIMONIO CULTURAL","04","AREQUIPA","2","RECURSOS DIRECTAMENTE RECAUDADOS","09","RECURSOS DIRECTAMENTE RECAUDADOS","0","NORMAL","5","GASTO CORRIENTE","2","3","BIENES Y SERVICIOS","1","COMPRA DE BIENES","2","VESTUARIOS Y TEXTILES","1","VESTUARIO, ZAPATERIA Y ACCESORIOS, TALABARTERIA Y MATERIALES TEXTILES","1","VESTUARIO, ACCESORIOS Y PRENDAS DIVERSAS","0","0","0","900","900","0","0","0","0","0","0","0","0","0","0","0","0","0"
"2020","M","GOBIERNOS LOCALES"," "," "," "," ","300331","040101","MUNICIPALIDAD PROVINCIAL DE AREQUIPA","04","AREQUIPA","01","AREQUIPA","01","AREQUIPA","40","0132","PUESTA EN VALOR Y USO SOCIAL DEL PATRIMONIO CULTURAL","3","ACTIVIDAD","3000708","PATRIMONIO CULTURAL SALVAGUARDADO Y PROTEGIDO","5005209","CONSERVACION Y TRANSMISION DEL PATRIMONIO CULTURAL","21","CULTURA Y DEPORTE","045","CULTURA","0099","PATRIMONIO HISTORICO Y CULTURAL","00001","0136801","CONSERVACION Y TRANSMISION DEL PATRIMONIO CULTURAL","04","AREQUIPA","2","RECURSOS DIRECTAMENTE RECAUDADOS","09","RECURSOS DIRECTAMENTE RECAUDADOS","0","NORMAL","5","GASTO CORRIENTE","2","3","BIENES Y SERVICIOS","1","COMPRA DE BIENES","5","MATERIALES Y  UTILES","1","DE OFICINA","2","PAPELERIA EN GENERAL, UTILES Y MATERIALES DE OFICINA","968","8483","9451","0","0","0","0","0","0","0","0","0","0","0","0","0","0","0"
"2020","M","GOBIERNOS LOCALES"," "," "," "," ","300331","040101","MUNICIPALIDAD PROVINCIAL DE AREQUIPA","04","AREQUIPA","01","AREQUIPA","01","AREQUIPA","40","0132","PUESTA EN VALOR Y USO SOCIAL DEL PATRIMONIO CULTURAL","3","ACTIVIDAD","3000708","PATRIMONIO CULTURAL SALVAGUARDADO Y PROTEGIDO","5005209","CONSERVACION Y TRANSMISION DEL PATRIMONIO CULTURAL","21","CULTURA Y DEPORTE","045","CULTURA","0099","PATRIMONIO HISTORICO Y CULTURAL","00001","0136801","CONSERVACION Y TRANSMISION DEL PATRIMONIO CULTURAL","04","AREQUIPA","2","RECURSOS DIRECTAMENTE RECAUDADOS","09","RECURSOS DIRECTAMENTE RECAUDADOS","0","NORMAL","5","GASTO CORRIENTE","2","3","BIENES Y SERVICIOS","1","COMPRA DE BIENES","5","MATERIALES Y  UTILES","1","DE OFICINA","2","PAPELERIA EN GENERAL, UTILES Y MATERIALES DE OFICINA","0","0","0","0","0","0","0","0","0","0","0","0","0","0","0","0","0","0"
"2020","M","GOBIERNOS LOCALES"," "," "," "," ","300331","040101","MUNICIPALIDAD PROVINCIAL DE AREQUIPA","04","AREQUIPA","01","AREQUIPA","01","AREQUIPA","40","0132","PUESTA EN VALOR Y USO SOCIAL DEL PATRIMONIO CULTURAL","3","ACTIVIDAD","3000708","PATRIMONIO CULTURAL SALVAGUARDADO Y PROTEGIDO","5005209","CONSERVACION Y TRANSMISION DEL PATRIMONIO CULTURAL","21","CULTURA Y DEPORTE","045","CULTURA","0099","PATRIMONIO HISTORICO Y CULTURAL","00001","0136801","CONSERVACION Y TRANSMISION DEL PATRIMONIO CULTURAL","04","AREQUIPA","2","RECURSOS DIRECTAMENTE RECAUDADOS","09","RECURSOS DIRECTAMENTE RECAUDADOS","0","NORMAL","5","GASTO CORRIENTE","2","3","BIENES Y SERVICIOS","1","COMPRA DE BIENES","5","MATERIALES Y  UTILES","3","ASEO, LIMPIEZA Y COCINA","1","ASEO, LIMPIEZA Y TOCADOR","0","0","2200","0","0","0","0","0","0","0","0","0","0","0","0","0","0","0"
"2020","M","GOBIERNOS LOCALES"," "," "," "," ","300331","040101","MUNICIPALIDAD PROVINCIAL DE AREQUIPA","04","AREQUIPA","01","AREQUIPA","01","AREQUIPA","40","0132","PUESTA EN VALOR Y USO SOCIAL DEL PATRIMONIO CULTURAL","3","ACTIVIDAD","3000708","PATRIMONIO CULTURAL SALVAGUARDADO Y PROTEGIDO","5005209","CONSERVACION Y TRANSMISION DEL PATRIMONIO CULTURAL","21","CULTURA Y DEPORTE","045","CULTURA","0099","PATRIMONIO HISTORICO Y CULTURAL","00001","0136801","CONSERVACION Y TRANSMISION DEL PATRIMONIO CULTURAL","04","AREQUIPA","2","RECURSOS DIRECTAMENTE RECAUDADOS","09","RECURSOS DIRECTAMENTE RECAUDADOS","0","NORMAL","5","GASTO CORRIENTE","2","3","BIENES Y SERVICIOS","1","COMPRA DE BIENES","5","MATERIALES Y  UTILES","3","ASEO, LIMPIEZA Y COCINA","1","ASEO, LIMPIEZA Y TOCADOR","0","0","0","2200","715","0","0","0","0","0","0","0","0","0","0","0","0","0"
"2020","M","GOBIERNOS LOCALES"," "," "," "," ","300331","040101","MUNICIPALIDAD PROVINCIAL DE AREQUIPA","04","AREQUIPA","01","AREQUIPA","01","AREQUIPA","40","0132","PUESTA EN VALOR Y USO SOCIAL DEL PATRIMONIO CULTURAL","3","ACTIVIDAD","3000708","PATRIMONIO CULTURAL SALVAGUARDADO Y PROTEGIDO","5005209","CONSERVACION Y TRANSMISION DEL PATRIMONIO CULTURAL","21","CULTURA Y DEPORTE","045","CULTURA","0099","PATRIMONIO HISTORICO Y CULTURAL","00001","0136801","CONSERVACION Y TRANSMISION DEL PATRIMONIO CULTURAL","04","AREQUIPA","2","RECURSOS DIRECTAMENTE RECAUDADOS","09","RECURSOS DIRECTAMENTE RECAUDADOS","0","NORMAL","5","GASTO CORRIENTE","2","3","BIENES Y SERVICIOS","1","COMPRA DE BIENES","6","REPUESTOS Y ACCESORIOS","1","REPUESTOS Y ACCESORIOS","1","DE VEHICULOS","0","0","280","0","0","0","0","0","0","0","0","0","0","0","0","0","0","0"
"2020","M","GOBIERNOS LOCALES"," "," "," "," ","300331","040101","MUNICIPALIDAD PROVINCIAL DE AREQUIPA","04","AREQUIPA","01","AREQUIPA","01","AREQUIPA","40","0132","PUESTA EN VALOR Y USO SOCIAL DEL PATRIMONIO CULTURAL","3","ACTIVIDAD","3000708","PATRIMONIO CULTURAL SALVAGUARDADO Y PROTEGIDO","5005209","CONSERVACION Y TRANSMISION DEL PATRIMONIO CULTURAL","21","CULTURA Y DEPORTE","045","CULTURA","0099","PATRIMONIO HISTORICO Y CULTURAL","00001","0136801","CONSERVACION Y TRANSMISION DEL PATRIMONIO CULTURAL","04","AREQUIPA","2","RECURSOS DIRECTAMENTE RECAUDADOS","09","RECURSOS DIRECTAMENTE RECAUDADOS","0","NORMAL","5","GASTO CORRIENTE","2","3","BIENES Y SERVICIOS","1","COMPRA DE BIENES","6","REPUESTOS Y ACCESORIOS","1","REPUESTOS Y ACCESORIOS","1","DE VEHICULOS","0","0","0","280","280","0","0","0","0","0","0","0","0","0","0","0","0","0"
"2020","M","GOBIERNOS LOCALES"," "," "," "," ","300331","040101","MUNICIPALIDAD PROVINCIAL DE AREQUIPA","04","AREQUIPA","01","AREQUIPA","01","AREQUIPA","40","0132","PUESTA EN VALOR Y USO SOCIAL DEL PATRIMONIO CULTURAL","3","ACTIVIDAD","3000708","PATRIMONIO CULTURAL SALVAGUARDADO Y PROTEGIDO","5005209","CONSERVACION Y TRANSMISION DEL PATRIMONIO CULTURAL","21","CULTURA Y DEPORTE","045","CULTURA","0099","PATRIMONIO HISTORICO Y CULTURAL","00001","0136801","CONSERVACION Y TRANSMISION DEL PATRIMONIO CULTURAL","04","AREQUIPA","2","RECURSOS DIRECTAMENTE RECAUDADOS","09","RECURSOS DIRECTAMENTE RECAUDADOS","0","NORMAL","5","GASTO CORRIENTE","2","3","BIENES Y SERVICIOS","1","COMPRA DE BIENES","6","REPUESTOS Y ACCESORIOS","1","REPUESTOS Y ACCESORIOS","3","DE CONSTRUCCION Y MAQUINAS","0","0","4495","0","0","0","0","0","0","0","0","0","0","0","0","0","0","0"
"2020","M","GOBIERNOS LOCALES"," "," "," "," ","300331","040101","MUNICIPALIDAD PROVINCIAL DE AREQUIPA","04","AREQUIPA","01","AREQUIPA","01","AREQUIPA","40","0132","PUESTA EN VALOR Y USO SOCIAL DEL PATRIMONIO CULTURAL","3","ACTIVIDAD","3000708","PATRIMONIO CULTURAL SALVAGUARDADO Y PROTEGIDO","5005209","CONSERVACION Y TRANSMISION DEL PATRIMONIO CULTURAL","21","CULTURA Y DEPORTE","045","CULTURA","0099","PATRIMONIO HISTORICO Y CULTURAL","00001","0136801","CONSERVACION Y TRANSMISION DEL PATRIMONIO CULTURAL","04","AREQUIPA","2","RECURSOS DIRECTAMENTE RECAUDADOS","09","RECURSOS DIRECTAMENTE RECAUDADOS","0","NORMAL","5","GASTO CORRIENTE","2","3","BIENES Y SERVICIOS","1","COMPRA DE BIENES","6","REPUESTOS Y ACCESORIOS","1","REPUESTOS Y ACCESORIOS","3","DE CONSTRUCCION Y MAQUINAS","0","0","0","4495","2990","0","0","0","0","0","0","0","0","0","0","0","0","0"
"2020","M","GOBIERNOS LOCALES"," "," "," "," ","300331","040101","MUNICIPALIDAD PROVINCIAL DE AREQUIPA","04","AREQUIPA","01","AREQUIPA","01","AREQUIPA","40","0132","PUESTA EN VALOR Y USO SOCIAL DEL PATRIMONIO CULTURAL","3","ACTIVIDAD","3000708","PATRIMONIO CULTURAL SALVAGUARDADO Y PROTEGIDO","5005209","CONSERVACION Y TRANSMISION DEL PATRIMONIO CULTURAL","21","CULTURA Y DEPORTE","045","CULTURA","0099","PATRIMONIO HISTORICO Y CULTURAL","00001","0136801","CONSERVACION Y TRANSMISION DEL PATRIMONIO CULTURAL","04","AREQUIPA","2","RECURSOS DIRECTAMENTE RECAUDADOS","09","RECURSOS DIRECTAMENTE RECAUDADOS","0","NORMAL","5","GASTO CORRIENTE","2","3","BIENES Y SERVICIOS","1","COMPRA DE BIENES","6","REPUESTOS Y ACCESORIOS","1","REPUESTOS Y ACCESORIOS","4","DE SEGURIDAD","0","0","1600","0","0","0","0","0","0","0","0","0","0","0","0","0","0","0"
"2020","M","GOBIERNOS LOCALES"," "," "," "," ","300331","040101","MUNICIPALIDAD PROVINCIAL DE AREQUIPA","04","AREQUIPA","01","AREQUIPA","01","AREQUIPA","40","0132","PUESTA EN VALOR Y USO SOCIAL DEL PATRIMONIO CULTURAL","3","ACTIVIDAD","3000708","PATRIMONIO CULTURAL SALVAGUARDADO Y PROTEGIDO","5005209","CONSERVACION Y TRANSMISION DEL PATRIMONIO CULTURAL","21","CULTURA Y DEPORTE","045","CULTURA","0099","PATRIMONIO HISTORICO Y CULTURAL","00001","0136801","CONSERVACION Y TRANSMISION DEL PATRIMONIO CULTURAL","04","AREQUIPA","2","RECURSOS DIRECTAMENTE RECAUDADOS","09","RECURSOS DIRECTAMENTE RECAUDADOS","0","NORMAL","5","GASTO CORRIENTE","2","3","BIENES Y SERVICIOS","1","COMPRA DE BIENES","6","REPUESTOS Y ACCESORIOS","1","REPUESTOS Y ACCESORIOS","4","DE SEGURIDAD","0","0","0","1600","1600","0","0","0","0","0","0","0","0","0","0","0","0","0"
"2020","M","GOBIERNOS LOCALES"," "," "," "," ","300331","040101","MUNICIPALIDAD PROVINCIAL DE AREQUIPA","04","AREQUIPA","01","AREQUIPA","01","AREQUIPA","40","0132","PUESTA EN VALOR Y USO SOCIAL DEL PATRIMONIO CULTURAL","3","ACTIVIDAD","3000708","PATRIMONIO CULTURAL SALVAGUARDADO Y PROTEGIDO","5005209","CONSERVACION Y TRANSMISION DEL PATRIMONIO CULTURAL","21","CULTURA Y DEPORTE","045","CULTURA","0099","PATRIMONIO HISTORICO Y CULTURAL","00001","0136801","CONSERVACION Y TRANSMISION DEL PATRIMONIO CULTURAL","04","AREQUIPA","2","RECURSOS DIRECTAMENTE RECAUDADOS","09","RECURSOS DIRECTAMENTE RECAUDADOS","0","NORMAL","5","GASTO CORRIENTE","2","3","BIENES Y SERVICIOS","1","COMPRA DE BIENES","6","REPUESTOS Y ACCESORIOS","1","REPUESTOS Y ACCESORIOS","99","OTROS ACCESORIOS Y REPUESTOS","0","0","600","0","0","0","0","0","0","0","0","0","0","0","0","0","0","0"
"2020","M","GOBIERNOS LOCALES"," "," "," "," ","300331","040101","MUNICIPALIDAD PROVINCIAL DE AREQUIPA","04","AREQUIPA","01","AREQUIPA","01","AREQUIPA","40","0132","PUESTA EN VALOR Y USO SOCIAL DEL PATRIMONIO CULTURAL","3","ACTIVIDAD","3000708","PATRIMONIO CULTURAL SALVAGUARDADO Y PROTEGIDO","5005209","CONSERVACION Y TRANSMISION DEL PATRIMONIO CULTURAL","21","CULTURA Y DEPORTE","045","CULTURA","0099","PATRIMONIO HISTORICO Y CULTURAL","00001","0136801","CONSERVACION Y TRANSMISION DEL PATRIMONIO CULTURAL","04","AREQUIPA","2","RECURSOS DIRECTAMENTE RECAUDADOS","09","RECURSOS DIRECTAMENTE RECAUDADOS","0","NORMAL","5","GASTO CORRIENTE","2","3","BIENES Y SERVICIOS","1","COMPRA DE BIENES","6","REPUESTOS Y ACCESORIOS","1","REPUESTOS Y ACCESORIOS","99","OTROS ACCESORIOS Y REPUESTOS","0","0","0","600","600","0","0","0","0","0","0","0","0","0","0","0","0","0"
"2020","M","GOBIERNOS LOCALES"," "," "," "," ","300331","040101","MUNICIPALIDAD PROVINCIAL DE AREQUIPA","04","AREQUIPA","01","AREQUIPA","01","AREQUIPA","40","0132","PUESTA EN VALOR Y USO SOCIAL DEL PATRIMONIO CULTURAL","3","ACTIVIDAD","3000708","PATRIMONIO CULTURAL SALVAGUARDADO Y PROTEGIDO","5005209","CONSERVACION Y TRANSMISION DEL PATRIMONIO CULTURAL","21","CULTURA Y DEPORTE","045","CULTURA","0099","PATRIMONIO HISTORICO Y CULTURAL","00001","0136801","CONSERVACION Y TRANSMISION DEL PATRIMONIO CULTURAL","04","AREQUIPA","2","RECURSOS DIRECTAMENTE RECAUDADOS","09","RECURSOS DIRECTAMENTE RECAUDADOS","0","NORMAL","5","GASTO CORRIENTE","2","3","BIENES Y SERVICIOS","1","COMPRA DE BIENES","8","SUMINISTROS MEDICOS","2","MATERIAL,INSUMOS,INSTRUMENTAL Y ACCESORIOS MEDICOS,QUIRURGICOS, ODONTOLOGICOS Y DE LABORATORIO","1","MATERIAL, INSUMOS, INSTRUMENTAL Y ACCESORIOS  MEDICOS, QUIRURGICOS, ODONTOLOGICOS Y DE LABORATORIO","0","0","400","0","0","0","0","0","0","0","0","0","0","0","0","0","0","0"
"2020","M","GOBIERNOS LOCALES"," "," "," "," ","300331","040101","MUNICIPALIDAD PROVINCIAL DE AREQUIPA","04","AREQUIPA","01","AREQUIPA","01","AREQUIPA","40","0132","PUESTA EN VALOR Y USO SOCIAL DEL PATRIMONIO CULTURAL","3","ACTIVIDAD","3000708","PATRIMONIO CULTURAL SALVAGUARDADO Y PROTEGIDO","5005209","CONSERVACION Y TRANSMISION DEL PATRIMONIO CULTURAL","21","CULTURA Y DEPORTE","045","CULTURA","0099","PATRIMONIO HISTORICO Y CULTURAL","00001","0136801","CONSERVACION Y TRANSMISION DEL PATRIMONIO CULTURAL","04","AREQUIPA","2","RECURSOS DIRECTAMENTE RECAUDADOS","09","RECURSOS DIRECTAMENTE RECAUDADOS","0","NORMAL","5","GASTO CORRIENTE","2","3","BIENES Y SERVICIOS","1","COMPRA DE BIENES","8","SUMINISTROS MEDICOS","2","MATERIAL,INSUMOS,INSTRUMENTAL Y ACCESORIOS MEDICOS,QUIRURGICOS, ODONTOLOGICOS Y DE LABORATORIO","1","MATERIAL, INSUMOS, INSTRUMENTAL Y ACCESORIOS  MEDICOS, QUIRURGICOS, ODONTOLOGICOS Y DE LABORATORIO","0","0","0","400","205","0","0","0","0","0","0","0","0","0","0","0","0","0"
"2020","M","GOBIERNOS LOCALES"," "," "," "," ","300331","040101","MUNICIPALIDAD PROVINCIAL DE AREQUIPA","04","AREQUIPA","01","AREQUIPA","01","AREQUIPA","40","0132","PUESTA EN VALOR Y USO SOCIAL DEL PATRIMONIO CULTURAL","3","ACTIVIDAD","3000708","PATRIMONIO CULTURAL SALVAGUARDADO Y PROTEGIDO","5005209","CONSERVACION Y TRANSMISION DEL PATRIMONIO CULTURAL","21","CULTURA Y DEPORTE","045","CULTURA","0099","PATRIMONIO HISTORICO Y CULTURAL","00001","0136801","CONSERVACION Y TRANSMISION DEL PATRIMONIO CULTURAL","04","AREQUIPA","2","RECURSOS DIRECTAMENTE RECAUDADOS","09","RECURSOS DIRECTAMENTE RECAUDADOS","0","NORMAL","5","GASTO CORRIENTE","2","3","BIENES Y SERVICIOS","1","COMPRA DE BIENES","11","SUMINISTROS PARA MANTENIMIENTO Y REPARACION","1","SUMINISTROS PARA MANTENIMIENTO Y REPARACION","5","OTROS MATERIALES DE MANTENIMIENTO","0","0","4353","0","0","0","0","0","0","0","0","0","0","0","0","0","0","0"
"2020","M","GOBIERNOS LOCALES"," "," "," "," ","300331","040101","MUNICIPALIDAD PROVINCIAL DE AREQUIPA","04","AREQUIPA","01","AREQUIPA","01","AREQUIPA","40","0132","PUESTA EN VALOR Y USO SOCIAL DEL PATRIMONIO CULTURAL","3","ACTIVIDAD","3000708","PATRIMONIO CULTURAL SALVAGUARDADO Y PROTEGIDO","5005209","CONSERVACION Y TRANSMISION DEL PATRIMONIO CULTURAL","21","CULTURA Y DEPORTE","045","CULTURA","0099","PATRIMONIO HISTORICO Y CULTURAL","00001","0136801","CONSERVACION Y TRANSMISION DEL PATRIMONIO CULTURAL","04","AREQUIPA","2","RECURSOS DIRECTAMENTE RECAUDADOS","09","RECURSOS DIRECTAMENTE RECAUDADOS","0","NORMAL","5","GASTO CORRIENTE","2","3","BIENES Y SERVICIOS","1","COMPRA DE BIENES","11","SUMINISTROS PARA MANTENIMIENTO Y REPARACION","1","SUMINISTROS PARA MANTENIMIENTO Y REPARACION","5","OTROS MATERIALES DE MANTENIMIENTO","0","0","0","4353","4353","0","0","0","0","0","0","0","0","0","0","0","0","0"
"2020","M","GOBIERNOS LOCALES"," "," "," "," ","300331","040101","MUNICIPALIDAD PROVINCIAL DE AREQUIPA","04","AREQUIPA","01","AREQUIPA","01","AREQUIPA","40","0132","PUESTA EN VALOR Y USO SOCIAL DEL PATRIMONIO CULTURAL","3","ACTIVIDAD","3000708","PATRIMONIO CULTURAL SALVAGUARDADO Y PROTEGIDO","5005209","CONSERVACION Y TRANSMISION DEL PATRIMONIO CULTURAL","21","CULTURA Y DEPORTE","045","CULTURA","0099","PATRIMONIO HISTORICO Y CULTURAL","00001","0136801","CONSERVACION Y TRANSMISION DEL PATRIMONIO CULTURAL","04","AREQUIPA","2","RECURSOS DIRECTAMENTE RECAUDADOS","09","RECURSOS DIRECTAMENTE RECAUDADOS","0","NORMAL","5","GASTO CORRIENTE","2","3","BIENES Y SERVICIOS","1","COMPRA DE BIENES","99","COMPRA DE OTROS BIENES","1","COMPRA DE OTROS BIENES","1","HERRAMIENTAS","0","0","588","0","0","0","0","0","0","0","0","0","0","0","0","0","0","0"
"2020","M","GOBIERNOS LOCALES"," "," "," "," ","300331","040101","MUNICIPALIDAD PROVINCIAL DE AREQUIPA","04","AREQUIPA","01","AREQUIPA","01","AREQUIPA","40","0132","PUESTA EN VALOR Y USO SOCIAL DEL PATRIMONIO CULTURAL","3","ACTIVIDAD","3000708","PATRIMONIO CULTURAL SALVAGUARDADO Y PROTEGIDO","5005209","CONSERVACION Y TRANSMISION DEL PATRIMONIO CULTURAL","21","CULTURA Y DEPORTE","045","CULTURA","0099","PATRIMONIO HISTORICO Y CULTURAL","00001","0136801","CONSERVACION Y TRANSMISION DEL PATRIMONIO CULTURAL","04","AREQUIPA","2","RECURSOS DIRECTAMENTE RECAUDADOS","09","RECURSOS DIRECTAMENTE RECAUDADOS","0","NORMAL","5","GASTO CORRIENTE","2","3","BIENES Y SERVICIOS","1","COMPRA DE BIENES","99","COMPRA DE OTROS BIENES","1","COMPRA DE OTROS BIENES","1","HERRAMIENTAS","0","0","0","587.50","62.50","0","0","0","0","0","0","0","0","0","0","0","0","0"
"2020","M","GOBIERNOS LOCALES"," "," "," "," ","300331","040101","MUNICIPALIDAD PROVINCIAL DE AREQUIPA","04","AREQUIPA","01","AREQUIPA","01","AREQUIPA","40","0132","PUESTA EN VALOR Y USO SOCIAL DEL PATRIMONIO CULTURAL","3","ACTIVIDAD","3000708","PATRIMONIO CULTURAL SALVAGUARDADO Y PROTEGIDO","5005209","CONSERVACION Y TRANSMISION DEL PATRIMONIO CULTURAL","21","CULTURA Y DEPORTE","045","CULTURA","0099","PATRIMONIO HISTORICO Y CULTURAL","00001","0136801","CONSERVACION Y TRANSMISION DEL PATRIMONIO CULTURAL","04","AREQUIPA","2","RECURSOS DIRECTAMENTE RECAUDADOS","09","RECURSOS DIRECTAMENTE RECAUDADOS","0","NORMAL","5","GASTO CORRIENTE","2","3","BIENES Y SERVICIOS","1","COMPRA DE BIENES","99","COMPRA DE OTROS BIENES","1","COMPRA DE OTROS BIENES","99","OTROS BIENES","0","0","5275","0","0","0","0","0","0","0","0","0","0","0","0","0","0","0"
"2020","M","GOBIERNOS LOCALES"," "," "," "," ","300331","040101","MUNICIPALIDAD PROVINCIAL DE AREQUIPA","04","AREQUIPA","01","AREQUIPA","01","AREQUIPA","40","0132","PUESTA EN VALOR Y USO SOCIAL DEL PATRIMONIO CULTURAL","3","ACTIVIDAD","3000708","PATRIMONIO CULTURAL SALVAGUARDADO Y PROTEGIDO","5005209","CONSERVACION Y TRANSMISION DEL PATRIMONIO CULTURAL","21","CULTURA Y DEPORTE","045","CULTURA","0099","PATRIMONIO HISTORICO Y CULTURAL","00001","0136801","CONSERVACION Y TRANSMISION DEL PATRIMONIO CULTURAL","04","AREQUIPA","2","RECURSOS DIRECTAMENTE RECAUDADOS","09","RECURSOS DIRECTAMENTE RECAUDADOS","0","NORMAL","5","GASTO CORRIENTE","2","3","BIENES Y SERVICIOS","1","COMPRA DE BIENES","99","COMPRA DE OTROS BIENES","1","COMPRA DE OTROS BIENES","99","OTROS BIENES","0","0","0","5275","4685","0","0","0","0","0","0","0","0","0","0","0","0","0"
"2020","M","GOBIERNOS LOCALES"," "," "," "," ","300331","040101","MUNICIPALIDAD PROVINCIAL DE AREQUIPA","04","AREQUIPA","01","AREQUIPA","01","AREQUIPA","40","0132","PUESTA EN VALOR Y USO SOCIAL DEL PATRIMONIO CULTURAL","3","ACTIVIDAD","3000708","PATRIMONIO CULTURAL SALVAGUARDADO Y PROTEGIDO","5005209","CONSERVACION Y TRANSMISION DEL PATRIMONIO CULTURAL","21","CULTURA Y DEPORTE","045","CULTURA","0099","PATRIMONIO HISTORICO Y CULTURAL","00001","0136801","CONSERVACION Y TRANSMISION DEL PATRIMONIO CULTURAL","04","AREQUIPA","2","RECURSOS DIRECTAMENTE RECAUDADOS","09","RECURSOS DIRECTAMENTE RECAUDADOS","0","NORMAL","5","GASTO CORRIENTE","2","3","BIENES Y SERVICIOS","2","CONTRATACION DE SERVICIOS","7","SERVICIOS PROFESIONALES Y TECNICOS","2","SERVICIOS DE CONSULTORIAS Y SIMILARES DESARROLLADOS POR PERSONAS NATURALES","1","CONSULTORIAS","15000","-15000","0","0","0","0","0","0","0","0","0","0","0","0","0","0","0","0"
"2020","M","GOBIERNOS LOCALES"," "," "," "," ","300331","040101","MUNICIPALIDAD PROVINCIAL DE AREQUIPA","04","AREQUIPA","01","AREQUIPA","01","AREQUIPA","40","0132","PUESTA EN VALOR Y USO SOCIAL DEL PATRIMONIO CULTURAL","3","ACTIVIDAD","3000708","PATRIMONIO CULTURAL SALVAGUARDADO Y PROTEGIDO","5005209","CONSERVACION Y TRANSMISION DEL PATRIMONIO CULTURAL","21","CULTURA Y DEPORTE","045","CULTURA","0099","PATRIMONIO HISTORICO Y CULTURAL","00001","0136801","CONSERVACION Y TRANSMISION DEL PATRIMONIO CULTURAL","04","AREQUIPA","2","RECURSOS DIRECTAMENTE RECAUDADOS","09","RECURSOS DIRECTAMENTE RECAUDADOS","0","NORMAL","5","GASTO CORRIENTE","2","3","BIENES Y SERVICIOS","2","CONTRATACION DE SERVICIOS","7","SERVICIOS PROFESIONALES Y TECNICOS","11","OTROS SERVICIOS","99","SERVICIOS DIVERSOS","28574","-14174","14400","0","0","0","0","0","0","0","0","0","0","0","0","0","0","0"
"2020","M","GOBIERNOS LOCALES"," "," "," "," ","300331","040101","MUNICIPALIDAD PROVINCIAL DE AREQUIPA","04","AREQUIPA","01","AREQUIPA","01","AREQUIPA","40","0132","PUESTA EN VALOR Y USO SOCIAL DEL PATRIMONIO CULTURAL","3","ACTIVIDAD","3000708","PATRIMONIO CULTURAL SALVAGUARDADO Y PROTEGIDO","5005209","CONSERVACION Y TRANSMISION DEL PATRIMONIO CULTURAL","21","CULTURA Y DEPORTE","045","CULTURA","0099","PATRIMONIO HISTORICO Y CULTURAL","00001","0136801","CONSERVACION Y TRANSMISION DEL PATRIMONIO CULTURAL","04","AREQUIPA","2","RECURSOS DIRECTAMENTE RECAUDADOS","09","RECURSOS DIRECTAMENTE RECAUDADOS","0","NORMAL","5","GASTO CORRIENTE","2","3","BIENES Y SERVICIOS","2","CONTRATACION DE SERVICIOS","7","SERVICIOS PROFESIONALES Y TECNICOS","11","OTROS SERVICIOS","99","SERVICIOS DIVERSOS","0","0","0","14400","8000","0","0","0","0","0","0","0","0","0","0","0","0","0"
"2020","M","GOBIERNOS LOCALES"," "," "," "," ","300331","040101","MUNICIPALIDAD PROVINCIAL DE AREQUIPA","04","AREQUIPA","01","AREQUIPA","01","AREQUIPA","40","0132","PUESTA EN VALOR Y USO SOCIAL DEL PATRIMONIO CULTURAL","3","ACTIVIDAD","3000708","PATRIMONIO CULTURAL SALVAGUARDADO Y PROTEGIDO","5005209","CONSERVACION Y TRANSMISION DEL PATRIMONIO CULTURAL","21","CULTURA Y DEPORTE","045","CULTURA","0099","PATRIMONIO HISTORICO Y CULTURAL","00001","0136801","CONSERVACION Y TRANSMISION DEL PATRIMONIO CULTURAL","04","AREQUIPA","2","RECURSOS DIRECTAMENTE RECAUDADOS","09","RECURSOS DIRECTAMENTE RECAUDADOS","7","SUB CUENTA - RECURSOS DIRECTAMENTE RECAUDADOS","5","GASTO CORRIENTE","2","3","BIENES Y SERVICIOS","1","COMPRA DE BIENES","2","VESTUARIOS Y TEXTILES","1","VESTUARIO, ZAPATERIA Y ACCESORIOS, TALABARTERIA Y MATERIALES TEXTILES","1","VESTUARIO, ACCESORIOS Y PRENDAS DIVERSAS","0","0","0","0","0","0","0","0","0","0","0","0","0","0","0","0","900","900"
"2020","M","GOBIERNOS LOCALES"," "," "," "," ","300331","040101","MUNICIPALIDAD PROVINCIAL DE AREQUIPA","04","AREQUIPA","01","AREQUIPA","01","AREQUIPA","40","0132","PUESTA EN VALOR Y USO SOCIAL DEL PATRIMONIO CULTURAL","3","ACTIVIDAD","3000708","PATRIMONIO CULTURAL SALVAGUARDADO Y PROTEGIDO","5005209","CONSERVACION Y TRANSMISION DEL PATRIMONIO CULTURAL","21","CULTURA Y DEPORTE","045","CULTURA","0099","PATRIMONIO HISTORICO Y CULTURAL","00001","0136801","CONSERVACION Y TRANSMISION DEL PATRIMONIO CULTURAL","04","AREQUIPA","2","RECURSOS DIRECTAMENTE RECAUDADOS","09","RECURSOS DIRECTAMENTE RECAUDADOS","7","SUB CUENTA - RECURSOS DIRECTAMENTE RECAUDADOS","5","GASTO CORRIENTE","2","3","BIENES Y SERVICIOS","1","COMPRA DE BIENES","5","MATERIALES Y  UTILES","3","ASEO, LIMPIEZA Y COCINA","1","ASEO, LIMPIEZA Y TOCADOR","0","0","0","0","0","0","0","0","0","0","0","0","0","0","0","0","715","715"
"2020","M","GOBIERNOS LOCALES"," "," "," "," ","300331","040101","MUNICIPALIDAD PROVINCIAL DE AREQUIPA","04","AREQUIPA","01","AREQUIPA","01","AREQUIPA","40","0132","PUESTA EN VALOR Y USO SOCIAL DEL PATRIMONIO CULTURAL","3","ACTIVIDAD","3000708","PATRIMONIO CULTURAL SALVAGUARDADO Y PROTEGIDO","5005209","CONSERVACION Y TRANSMISION DEL PATRIMONIO CULTURAL","21","CULTURA Y DEPORTE","045","CULTURA","0099","PATRIMONIO HISTORICO Y CULTURAL","00001","0136801","CONSERVACION Y TRANSMISION DEL PATRIMONIO CULTURAL","04","AREQUIPA","2","RECURSOS DIRECTAMENTE RECAUDADOS","09","RECURSOS DIRECTAMENTE RECAUDADOS","7","SUB CUENTA - RECURSOS DIRECTAMENTE RECAUDADOS","5","GASTO CORRIENTE","2","3","BIENES Y SERVICIOS","1","COMPRA DE BIENES","6","REPUESTOS Y ACCESORIOS","1","REPUESTOS Y ACCESORIOS","1","DE VEHICULOS","0","0","0","0","0","0","0","0","0","0","0","0","0","0","0","0","280","280"
"2020","M","GOBIERNOS LOCALES"," "," "," "," ","300331","040101","MUNICIPALIDAD PROVINCIAL DE AREQUIPA","04","AREQUIPA","01","AREQUIPA","01","AREQUIPA","40","0132","PUESTA EN VALOR Y USO SOCIAL DEL PATRIMONIO CULTURAL","3","ACTIVIDAD","3000708","PATRIMONIO CULTURAL SALVAGUARDADO Y PROTEGIDO","5005209","CONSERVACION Y TRANSMISION DEL PATRIMONIO CULTURAL","21","CULTURA Y DEPORTE","045","CULTURA","0099","PATRIMONIO HISTORICO Y CULTURAL","00001","0136801","CONSERVACION Y TRANSMISION DEL PATRIMONIO CULTURAL","04","AREQUIPA","2","RECURSOS DIRECTAMENTE RECAUDADOS","09","RECURSOS DIRECTAMENTE RECAUDADOS","7","SUB CUENTA - RECURSOS DIRECTAMENTE RECAUDADOS","5","GASTO CORRIENTE","2","3","BIENES Y SERVICIOS","1","COMPRA DE BIENES","6","REPUESTOS Y ACCESORIOS","1","REPUESTOS Y ACCESORIOS","3","DE CONSTRUCCION Y MAQUINAS","0","0","0","0","0","0","0","0","0","0","0","0","0","0","0","0","2990","2990"
"2020","M","GOBIERNOS LOCALES"," "," "," "," ","300331","040101","MUNICIPALIDAD PROVINCIAL DE AREQUIPA","04","AREQUIPA","01","AREQUIPA","01","AREQUIPA","40","0132","PUESTA EN VALOR Y USO SOCIAL DEL PATRIMONIO CULTURAL","3","ACTIVIDAD","3000708","PATRIMONIO CULTURAL SALVAGUARDADO Y PROTEGIDO","5005209","CONSERVACION Y TRANSMISION DEL PATRIMONIO CULTURAL","21","CULTURA Y DEPORTE","045","CULTURA","0099","PATRIMONIO HISTORICO Y CULTURAL","00001","0136801","CONSERVACION Y TRANSMISION DEL PATRIMONIO CULTURAL","04","AREQUIPA","2","RECURSOS DIRECTAMENTE RECAUDADOS","09","RECURSOS DIRECTAMENTE RECAUDADOS","7","SUB CUENTA - RECURSOS DIRECTAMENTE RECAUDADOS","5","GASTO CORRIENTE","2","3","BIENES Y SERVICIOS","1","COMPRA DE BIENES","6","REPUESTOS Y ACCESORIOS","1","REPUESTOS Y ACCESORIOS","4","DE SEGURIDAD","0","0","0","0","0","0","0","0","0","0","0","0","0","0","0","0","1600","1600"
"2020","M","GOBIERNOS LOCALES"," "," "," "," ","300331","040101","MUNICIPALIDAD PROVINCIAL DE AREQUIPA","04","AREQUIPA","01","AREQUIPA","01","AREQUIPA","40","0132","PUESTA EN VALOR Y USO SOCIAL DEL PATRIMONIO CULTURAL","3","ACTIVIDAD","3000708","PATRIMONIO CULTURAL SALVAGUARDADO Y PROTEGIDO","5005209","CONSERVACION Y TRANSMISION DEL PATRIMONIO CULTURAL","21","CULTURA Y DEPORTE","045","CULTURA","0099","PATRIMONIO HISTORICO Y CULTURAL","00001","0136801","CONSERVACION Y TRANSMISION DEL PATRIMONIO CULTURAL","04","AREQUIPA","2","RECURSOS DIRECTAMENTE RECAUDADOS","09","RECURSOS DIRECTAMENTE RECAUDADOS","7","SUB CUENTA - RECURSOS DIRECTAMENTE RECAUDADOS","5","GASTO CORRIENTE","2","3","BIENES Y SERVICIOS","1","COMPRA DE BIENES","6","REPUESTOS Y ACCESORIOS","1","REPUESTOS Y ACCESORIOS","99","OTROS ACCESORIOS Y REPUESTOS","0","0","0","0","0","0","0","0","0","0","0","0","0","0","0","0","600","600"
"2020","M","GOBIERNOS LOCALES"," "," "," "," ","300331","040101","MUNICIPALIDAD PROVINCIAL DE AREQUIPA","04","AREQUIPA","01","AREQUIPA","01","AREQUIPA","40","0132","PUESTA EN VALOR Y USO SOCIAL DEL PATRIMONIO CULTURAL","3","ACTIVIDAD","3000708","PATRIMONIO CULTURAL SALVAGUARDADO Y PROTEGIDO","5005209","CONSERVACION Y TRANSMISION DEL PATRIMONIO CULTURAL","21","CULTURA Y DEPORTE","045","CULTURA","0099","PATRIMONIO HISTORICO Y CULTURAL","00001","0136801","CONSERVACION Y TRANSMISION DEL PATRIMONIO CULTURAL","04","AREQUIPA","2","RECURSOS DIRECTAMENTE RECAUDADOS","09","RECURSOS DIRECTAMENTE RECAUDADOS","7","SUB CUENTA - RECURSOS DIRECTAMENTE RECAUDADOS","5","GASTO CORRIENTE","2","3","BIENES Y SERVICIOS","1","COMPRA DE BIENES","8","SUMINISTROS MEDICOS","2","MATERIAL,INSUMOS,INSTRUMENTAL Y ACCESORIOS MEDICOS,QUIRURGICOS, ODONTOLOGICOS Y DE LABORATORIO","1","MATERIAL, INSUMOS, INSTRUMENTAL Y ACCESORIOS  MEDICOS, QUIRURGICOS, ODONTOLOGICOS Y DE LABORATORIO","0","0","0","0","0","0","0","0","0","0","0","0","0","0","0","0","205","205"
"2020","M","GOBIERNOS LOCALES"," "," "," "," ","300331","040101","MUNICIPALIDAD PROVINCIAL DE AREQUIPA","04","AREQUIPA","01","AREQUIPA","01","AREQUIPA","40","0132","PUESTA EN VALOR Y USO SOCIAL DEL PATRIMONIO CULTURAL","3","ACTIVIDAD","3000708","PATRIMONIO CULTURAL SALVAGUARDADO Y PROTEGIDO","5005209","CONSERVACION Y TRANSMISION DEL PATRIMONIO CULTURAL","21","CULTURA Y DEPORTE","045","CULTURA","0099","PATRIMONIO HISTORICO Y CULTURAL","00001","0136801","CONSERVACION Y TRANSMISION DEL PATRIMONIO CULTURAL","04","AREQUIPA","2","RECURSOS DIRECTAMENTE RECAUDADOS","09","RECURSOS DIRECTAMENTE RECAUDADOS","7","SUB CUENTA - RECURSOS DIRECTAMENTE RECAUDADOS","5","GASTO CORRIENTE","2","3","BIENES Y SERVICIOS","1","COMPRA DE BIENES","11","SUMINISTROS PARA MANTENIMIENTO Y REPARACION","1","SUMINISTROS PARA MANTENIMIENTO Y REPARACION","5","OTROS MATERIALES DE MANTENIMIENTO","0","0","0","0","0","0","0","0","0","0","0","0","0","0","0","0","4184.50","4184.50"
"2020","M","GOBIERNOS LOCALES"," "," "," "," ","300331","040101","MUNICIPALIDAD PROVINCIAL DE AREQUIPA","04","AREQUIPA","01","AREQUIPA","01","AREQUIPA","40","0132","PUESTA EN VALOR Y USO SOCIAL DEL PATRIMONIO CULTURAL","3","ACTIVIDAD","3000708","PATRIMONIO CULTURAL SALVAGUARDADO Y PROTEGIDO","5005209","CONSERVACION Y TRANSMISION DEL PATRIMONIO CULTURAL","21","CULTURA Y DEPORTE","045","CULTURA","0099","PATRIMONIO HISTORICO Y CULTURAL","00001","0136801","CONSERVACION Y TRANSMISION DEL PATRIMONIO CULTURAL","04","AREQUIPA","2","RECURSOS DIRECTAMENTE RECAUDADOS","09","RECURSOS DIRECTAMENTE RECAUDADOS","7","SUB CUENTA - RECURSOS DIRECTAMENTE RECAUDADOS","5","GASTO CORRIENTE","2","3","BIENES Y SERVICIOS","1","COMPRA DE BIENES","99","COMPRA DE OTROS BIENES","1","COMPRA DE OTROS BIENES","1","HERRAMIENTAS","0","0","0","0","0","0","0","0","0","0","0","0","0","0","0","0","62.50","62.50"
"2020","M","GOBIERNOS LOCALES"," "," "," "," ","300331","040101","MUNICIPALIDAD PROVINCIAL DE AREQUIPA","04","AREQUIPA","01","AREQUIPA","01","AREQUIPA","40","0132","PUESTA EN VALOR Y USO SOCIAL DEL PATRIMONIO CULTURAL","3","ACTIVIDAD","3000708","PATRIMONIO CULTURAL SALVAGUARDADO Y PROTEGIDO","5005209","CONSERVACION Y TRANSMISION DEL PATRIMONIO CULTURAL","21","CULTURA Y DEPORTE","045","CULTURA","0099","PATRIMONIO HISTORICO Y CULTURAL","00001","0136801","CONSERVACION Y TRANSMISION DEL PATRIMONIO CULTURAL","04","AREQUIPA","2","RECURSOS DIRECTAMENTE RECAUDADOS","09","RECURSOS DIRECTAMENTE RECAUDADOS","7","SUB CUENTA - RECURSOS DIRECTAMENTE RECAUDADOS","5","GASTO CORRIENTE","2","3","BIENES Y SERVICIOS","1","COMPRA DE BIENES","99","COMPRA DE OTROS BIENES","1","COMPRA DE OTROS BIENES","99","OTROS BIENES","0","0","0","0","0","0","0","0","0","0","0","0","0","0","0","0","4685","4685"
"2020","M","GOBIERNOS LOCALES"," "," "," "," ","300331","040101","MUNICIPALIDAD PROVINCIAL DE AREQUIPA","04","AREQUIPA","01","AREQUIPA","01","AREQUIPA","40","0132","PUESTA EN VALOR Y USO SOCIAL DEL PATRIMONIO CULTURAL","3","ACTIVIDAD","3000708","PATRIMONIO CULTURAL SALVAGUARDADO Y PROTEGIDO","5005209","CONSERVACION Y TRANSMISION DEL PATRIMONIO CULTURAL","21","CULTURA Y DEPORTE","045","CULTURA","0099","PATRIMONIO HISTORICO Y CULTURAL","00001","0136801","CONSERVACION Y TRANSMISION DEL PATRIMONIO CULTURAL","04","AREQUIPA","2","RECURSOS DIRECTAMENTE RECAUDADOS","09","RECURSOS DIRECTAMENTE RECAUDADOS","7","SUB CUENTA - RECURSOS DIRECTAMENTE RECAUDADOS","5","GASTO CORRIENTE","2","3","BIENES Y SERVICIOS","2","CONTRATACION DE SERVICIOS","7","SERVICIOS PROFESIONALES Y TECNICOS","11","OTROS SERVICIOS","99","SERVICIOS DIVERSOS","0","0","0","0","0","0","0","0","0","0","0","0","0","0","0","1800","6200","8000"
"2020","M","GOBIERNOS LOCALES"," "," "," "," ","300331","040101","MUNICIPALIDAD PROVINCIAL DE AREQUIPA","04","AREQUIPA","01","AREQUIPA","01","AREQUIPA","41","0132","PUESTA EN VALOR Y USO SOCIAL DEL PATRIMONIO CULTURAL","3","ACTIVIDAD","3000708","PATRIMONIO CULTURAL SALVAGUARDADO Y PROTEGIDO","5005601","DEFENSA POR ATENTADOS CONTRA EL PATRIMONIO CULTURAL ","21","CULTURA Y DEPORTE","045","CULTURA","0099","PATRIMONIO HISTORICO Y CULTURAL","00001","0160815","DEFENSA POR ATENTADOS CONTRA EL PATRIMONIO CULTURAL","04","AREQUIPA","2","RECURSOS DIRECTAMENTE RECAUDADOS","09","RECURSOS DIRECTAMENTE RECAUDADOS","0","NORMAL","5","GASTO CORRIENTE","2","1","PERSONAL Y OBLIGACIONES SOCIALES","1","RETRIBUCIONES Y COMPLEMENTOS EN EFECTIVO","1","PERSONAL ADMINISTRATIVO","1","PERSONAL ADMINISTRATIVO","2","PERSONAL ADMINISTRATIVO NOMBRADO (REGIMEN PUBLICO)","18835","11237","30072","0","0","0","0","0","0","0","0","0","0","0","0","0","0","0"
"2020","M","GOBIERNOS LOCALES"," "," "," "," ","300331","040101","MUNICIPALIDAD PROVINCIAL DE AREQUIPA","04","AREQUIPA","01","AREQUIPA","01","AREQUIPA","41","0132","PUESTA EN VALOR Y USO SOCIAL DEL PATRIMONIO CULTURAL","3","ACTIVIDAD","3000708","PATRIMONIO CULTURAL SALVAGUARDADO Y PROTEGIDO","5005601","DEFENSA POR ATENTADOS CONTRA EL PATRIMONIO CULTURAL ","21","CULTURA Y DEPORTE","045","CULTURA","0099","PATRIMONIO HISTORICO Y CULTURAL","00001","0160815","DEFENSA POR ATENTADOS CONTRA EL PATRIMONIO CULTURAL","04","AREQUIPA","2","RECURSOS DIRECTAMENTE RECAUDADOS","09","RECURSOS DIRECTAMENTE RECAUDADOS","0","NORMAL","5","GASTO CORRIENTE","2","1","PERSONAL Y OBLIGACIONES SOCIALES","1","RETRIBUCIONES Y COMPLEMENTOS EN EFECTIVO","1","PERSONAL ADMINISTRATIVO","1","PERSONAL ADMINISTRATIVO","2","PERSONAL ADMINISTRATIVO NOMBRADO (REGIMEN PUBLICO)","0","0","0","30070.80","30070.80","0","0","0","0","0","0","0","0","0","0","0","0","0"
"2020","M","GOBIERNOS LOCALES"," "," "," "," ","300331","040101","MUNICIPALIDAD PROVINCIAL DE AREQUIPA","04","AREQUIPA","01","AREQUIPA","01","AREQUIPA","41","0132","PUESTA EN VALOR Y USO SOCIAL DEL PATRIMONIO CULTURAL","3","ACTIVIDAD","3000708","PATRIMONIO CULTURAL SALVAGUARDADO Y PROTEGIDO","5005601","DEFENSA POR ATENTADOS CONTRA EL PATRIMONIO CULTURAL ","21","CULTURA Y DEPORTE","045","CULTURA","0099","PATRIMONIO HISTORICO Y CULTURAL","00001","0160815","DEFENSA POR ATENTADOS CONTRA EL PATRIMONIO CULTURAL","04","AREQUIPA","2","RECURSOS DIRECTAMENTE RECAUDADOS","09","RECURSOS DIRECTAMENTE RECAUDADOS","0","NORMAL","5","GASTO CORRIENTE","2","1","PERSONAL Y OBLIGACIONES SOCIALES","1","RETRIBUCIONES Y COMPLEMENTOS EN EFECTIVO","1","PERSONAL ADMINISTRATIVO","1","PERSONAL ADMINISTRATIVO","9","PERSONAL DE CONFIANZA (RÉGIMEN LABORAL PÚBLICO)","5000","-5000","0","0","0","0","0","0","0","0","0","0","0","0","0","0","0","0"
"2020","M","GOBIERNOS LOCALES"," "," "," "," ","300331","040101","MUNICIPALIDAD PROVINCIAL DE AREQUIPA","04","AREQUIPA","01","AREQUIPA","01","AREQUIPA","41","0132","PUESTA EN VALOR Y USO SOCIAL DEL PATRIMONIO CULTURAL","3","ACTIVIDAD","3000708","PATRIMONIO CULTURAL SALVAGUARDADO Y PROTEGIDO","5005601","DEFENSA POR ATENTADOS CONTRA EL PATRIMONIO CULTURAL ","21","CULTURA Y DEPORTE","045","CULTURA","0099","PATRIMONIO HISTORICO Y CULTURAL","00001","0160815","DEFENSA POR ATENTADOS CONTRA EL PATRIMONIO CULTURAL","04","AREQUIPA","2","RECURSOS DIRECTAMENTE RECAUDADOS","09","RECURSOS DIRECTAMENTE RECAUDADOS","0","NORMAL","5","GASTO CORRIENTE","2","1","PERSONAL Y OBLIGACIONES SOCIALES","1","RETRIBUCIONES Y COMPLEMENTOS EN EFECTIVO","1","PERSONAL ADMINISTRATIVO","2","OTRAS RETRIBUCIONES Y COMPLEMENTOS","99","OTRAS RETRIBUCIONES Y COMPLEMENTOS","9686","2239","11925","0","0","0","0","0","0","0","0","0","0","0","0","0","0","0"
"2020","M","GOBIERNOS LOCALES"," "," "," "," ","300331","040101","MUNICIPALIDAD PROVINCIAL DE AREQUIPA","04","AREQUIPA","01","AREQUIPA","01","AREQUIPA","41","0132","PUESTA EN VALOR Y USO SOCIAL DEL PATRIMONIO CULTURAL","3","ACTIVIDAD","3000708","PATRIMONIO CULTURAL SALVAGUARDADO Y PROTEGIDO","5005601","DEFENSA POR ATENTADOS CONTRA EL PATRIMONIO CULTURAL ","21","CULTURA Y DEPORTE","045","CULTURA","0099","PATRIMONIO HISTORICO Y CULTURAL","00001","0160815","DEFENSA POR ATENTADOS CONTRA EL PATRIMONIO CULTURAL","04","AREQUIPA","2","RECURSOS DIRECTAMENTE RECAUDADOS","09","RECURSOS DIRECTAMENTE RECAUDADOS","0","NORMAL","5","GASTO CORRIENTE","2","1","PERSONAL Y OBLIGACIONES SOCIALES","1","RETRIBUCIONES Y COMPLEMENTOS EN EFECTIVO","1","PERSONAL ADMINISTRATIVO","2","OTRAS RETRIBUCIONES Y COMPLEMENTOS","99","OTRAS RETRIBUCIONES Y COMPLEMENTOS","0","0","0","11925","10575","0","0","0","0","0","0","0","0","0","0","0","0","0"
"2020","M","GOBIERNOS LOCALES"," "," "," "," ","300331","040101","MUNICIPALIDAD PROVINCIAL DE AREQUIPA","04","AREQUIPA","01","AREQUIPA","01","AREQUIPA","41","0132","PUESTA EN VALOR Y USO SOCIAL DEL PATRIMONIO CULTURAL","3","ACTIVIDAD","3000708","PATRIMONIO CULTURAL SALVAGUARDADO Y PROTEGIDO","5005601","DEFENSA POR ATENTADOS CONTRA EL PATRIMONIO CULTURAL ","21","CULTURA Y DEPORTE","045","CULTURA","0099","PATRIMONIO HISTORICO Y CULTURAL","00001","0160815","DEFENSA POR ATENTADOS CONTRA EL PATRIMONIO CULTURAL","04","AREQUIPA","2","RECURSOS DIRECTAMENTE RECAUDADOS","09","RECURSOS DIRECTAMENTE RECAUDADOS","0","NORMAL","5","GASTO CORRIENTE","2","1","PERSONAL Y OBLIGACIONES SOCIALES","1","RETRIBUCIONES Y COMPLEMENTOS EN EFECTIVO","8","PERSONAL OBRERO","2","PERSONAL OBRERO EVENTUAL","1","OBREROS CON CONTRATO A PLAZO FIJO","0","0","8022","0","0","0","0","0","0","0","0","0","0","0","0","0","0","0"
"2020","M","GOBIERNOS LOCALES"," "," "," "," ","300331","040101","MUNICIPALIDAD PROVINCIAL DE AREQUIPA","04","AREQUIPA","01","AREQUIPA","01","AREQUIPA","41","0132","PUESTA EN VALOR Y USO SOCIAL DEL PATRIMONIO CULTURAL","3","ACTIVIDAD","3000708","PATRIMONIO CULTURAL SALVAGUARDADO Y PROTEGIDO","5005601","DEFENSA POR ATENTADOS CONTRA EL PATRIMONIO CULTURAL ","21","CULTURA Y DEPORTE","045","CULTURA","0099","PATRIMONIO HISTORICO Y CULTURAL","00001","0160815","DEFENSA POR ATENTADOS CONTRA EL PATRIMONIO CULTURAL","04","AREQUIPA","2","RECURSOS DIRECTAMENTE RECAUDADOS","09","RECURSOS DIRECTAMENTE RECAUDADOS","0","NORMAL","5","GASTO CORRIENTE","2","1","PERSONAL Y OBLIGACIONES SOCIALES","1","RETRIBUCIONES Y COMPLEMENTOS EN EFECTIVO","8","PERSONAL OBRERO","2","PERSONAL OBRERO EVENTUAL","1","OBREROS CON CONTRATO A PLAZO FIJO","0","0","0","8017","8016.40","0","0","0","0","0","0","0","0","0","0","0","0","0"
"2020","M","GOBIERNOS LOCALES"," "," "," "," ","300331","040101","MUNICIPALIDAD PROVINCIAL DE AREQUIPA","04","AREQUIPA","01","AREQUIPA","01","AREQUIPA","41","0132","PUESTA EN VALOR Y USO SOCIAL DEL PATRIMONIO CULTURAL","3","ACTIVIDAD","3000708","PATRIMONIO CULTURAL SALVAGUARDADO Y PROTEGIDO","5005601","DEFENSA POR ATENTADOS CONTRA EL PATRIMONIO CULTURAL ","21","CULTURA Y DEPORTE","045","CULTURA","0099","PATRIMONIO HISTORICO Y CULTURAL","00001","0160815","DEFENSA POR ATENTADOS CONTRA EL PATRIMONIO CULTURAL","04","AREQUIPA","2","RECURSOS DIRECTAMENTE RECAUDADOS","09","RECURSOS DIRECTAMENTE RECAUDADOS","0","NORMAL","5","GASTO CORRIENTE","2","1","PERSONAL Y OBLIGACIONES SOCIALES","1","RETRIBUCIONES Y COMPLEMENTOS EN EFECTIVO","9","GASTOS VARIABLES Y OCASIONALES","1","ESCOLARIDAD, AGUINALDOS Y GRATIFICACIONES","1","GRATIFICACIONES","0","0","1916","0","0","0","0","0","0","0","0","0","0","0","0","0","0","0"
"2020","M","GOBIERNOS LOCALES"," "," "," "," ","300331","040101","MUNICIPALIDAD PROVINCIAL DE AREQUIPA","04","AREQUIPA","01","AREQUIPA","01","AREQUIPA","41","0132","PUESTA EN VALOR Y USO SOCIAL DEL PATRIMONIO CULTURAL","3","ACTIVIDAD","3000708","PATRIMONIO CULTURAL SALVAGUARDADO Y PROTEGIDO","5005601","DEFENSA POR ATENTADOS CONTRA EL PATRIMONIO CULTURAL ","21","CULTURA Y DEPORTE","045","CULTURA","0099","PATRIMONIO HISTORICO Y CULTURAL","00001","0160815","DEFENSA POR ATENTADOS CONTRA EL PATRIMONIO CULTURAL","04","AREQUIPA","2","RECURSOS DIRECTAMENTE RECAUDADOS","09","RECURSOS DIRECTAMENTE RECAUDADOS","0","NORMAL","5","GASTO CORRIENTE","2","1","PERSONAL Y OBLIGACIONES SOCIALES","1","RETRIBUCIONES Y COMPLEMENTOS EN EFECTIVO","9","GASTOS VARIABLES Y OCASIONALES","1","ESCOLARIDAD, AGUINALDOS Y GRATIFICACIONES","1","GRATIFICACIONES","0","0","0","1915.80","1915.80","0","0","0","0","0","0","0","0","0","0","0","0","0"
"2020","M","GOBIERNOS LOCALES"," "," "," "," ","300331","040101","MUNICIPALIDAD PROVINCIAL DE AREQUIPA","04","AREQUIPA","01","AREQUIPA","01","AREQUIPA","41","0132","PUESTA EN VALOR Y USO SOCIAL DEL PATRIMONIO CULTURAL","3","ACTIVIDAD","3000708","PATRIMONIO CULTURAL SALVAGUARDADO Y PROTEGIDO","5005601","DEFENSA POR ATENTADOS CONTRA EL PATRIMONIO CULTURAL ","21","CULTURA Y DEPORTE","045","CULTURA","0099","PATRIMONIO HISTORICO Y CULTURAL","00001","0160815","DEFENSA POR ATENTADOS CONTRA EL PATRIMONIO CULTURAL","04","AREQUIPA","2","RECURSOS DIRECTAMENTE RECAUDADOS","09","RECURSOS DIRECTAMENTE RECAUDADOS","0","NORMAL","5","GASTO CORRIENTE","2","1","PERSONAL Y OBLIGACIONES SOCIALES","1","RETRIBUCIONES Y COMPLEMENTOS EN EFECTIVO","9","GASTOS VARIABLES Y OCASIONALES","1","ESCOLARIDAD, AGUINALDOS Y GRATIFICACIONES","3","BONIFICACION POR ESCOLARIDAD","6000","-6000","0","0","0","0","0","0","0","0","0","0","0","0","0","0","0","0"
"2020","M","GOBIERNOS LOCALES"," "," "," "," ","300331","040101","MUNICIPALIDAD PROVINCIAL DE AREQUIPA","04","AREQUIPA","01","AREQUIPA","01","AREQUIPA","41","0132","PUESTA EN VALOR Y USO SOCIAL DEL PATRIMONIO CULTURAL","3","ACTIVIDAD","3000708","PATRIMONIO CULTURAL SALVAGUARDADO Y PROTEGIDO","5005601","DEFENSA POR ATENTADOS CONTRA EL PATRIMONIO CULTURAL ","21","CULTURA Y DEPORTE","045","CULTURA","0099","PATRIMONIO HISTORICO Y CULTURAL","00001","0160815","DEFENSA POR ATENTADOS CONTRA EL PATRIMONIO CULTURAL","04","AREQUIPA","2","RECURSOS DIRECTAMENTE RECAUDADOS","09","RECURSOS DIRECTAMENTE RECAUDADOS","0","NORMAL","5","GASTO CORRIENTE","2","1","PERSONAL Y OBLIGACIONES SOCIALES","1","RETRIBUCIONES Y COMPLEMENTOS EN EFECTIVO","9","GASTOS VARIABLES Y OCASIONALES","3","OTROS GASTOS VARIABLES Y OCASIONALES","99","OTRAS OCASIONALES","0","0","173","0","0","0","0","0","0","0","0","0","0","0","0","0","0","0"
"2020","M","GOBIERNOS LOCALES"," "," "," "," ","300331","040101","MUNICIPALIDAD PROVINCIAL DE AREQUIPA","04","AREQUIPA","01","AREQUIPA","01","AREQUIPA","41","0132","PUESTA EN VALOR Y USO SOCIAL DEL PATRIMONIO CULTURAL","3","ACTIVIDAD","3000708","PATRIMONIO CULTURAL SALVAGUARDADO Y PROTEGIDO","5005601","DEFENSA POR ATENTADOS CONTRA EL PATRIMONIO CULTURAL ","21","CULTURA Y DEPORTE","045","CULTURA","0099","PATRIMONIO HISTORICO Y CULTURAL","00001","0160815","DEFENSA POR ATENTADOS CONTRA EL PATRIMONIO CULTURAL","04","AREQUIPA","2","RECURSOS DIRECTAMENTE RECAUDADOS","09","RECURSOS DIRECTAMENTE RECAUDADOS","0","NORMAL","5","GASTO CORRIENTE","2","1","PERSONAL Y OBLIGACIONES SOCIALES","1","RETRIBUCIONES Y COMPLEMENTOS EN EFECTIVO","9","GASTOS VARIABLES Y OCASIONALES","3","OTROS GASTOS VARIABLES Y OCASIONALES","99","OTRAS OCASIONALES","0","0","0","172.42","172.42","0","0","0","0","0","0","0","0","0","0","0","0","0"
"2020","M","GOBIERNOS LOCALES"," "," "," "," ","300331","040101","MUNICIPALIDAD PROVINCIAL DE AREQUIPA","04","AREQUIPA","01","AREQUIPA","01","AREQUIPA","41","0132","PUESTA EN VALOR Y USO SOCIAL DEL PATRIMONIO CULTURAL","3","ACTIVIDAD","3000708","PATRIMONIO CULTURAL SALVAGUARDADO Y PROTEGIDO","5005601","DEFENSA POR ATENTADOS CONTRA EL PATRIMONIO CULTURAL ","21","CULTURA Y DEPORTE","045","CULTURA","0099","PATRIMONIO HISTORICO Y CULTURAL","00001","0160815","DEFENSA POR ATENTADOS CONTRA EL PATRIMONIO CULTURAL","04","AREQUIPA","2","RECURSOS DIRECTAMENTE RECAUDADOS","09","RECURSOS DIRECTAMENTE RECAUDADOS","0","NORMAL","5","GASTO CORRIENTE","2","1","PERSONAL Y OBLIGACIONES SOCIALES","3","CONTRIBUCIONES A LA SEGURIDAD SOCIAL","1","OBLIGACIONES DEL EMPLEADOR","1","OBLIGACIONES DEL EMPLEADOR","5","CONTRIBUCIONES A ESSALUD","5591","0","5591","0","0","0","0","0","0","0","0","0","0","0","0","0","0","0"
"2020","M","GOBIERNOS LOCALES"," "," "," "," ","300331","040101","MUNICIPALIDAD PROVINCIAL DE AREQUIPA","04","AREQUIPA","01","AREQUIPA","01","AREQUIPA","41","0132","PUESTA EN VALOR Y USO SOCIAL DEL PATRIMONIO CULTURAL","3","ACTIVIDAD","3000708","PATRIMONIO CULTURAL SALVAGUARDADO Y PROTEGIDO","5005601","DEFENSA POR ATENTADOS CONTRA EL PATRIMONIO CULTURAL ","21","CULTURA Y DEPORTE","045","CULTURA","0099","PATRIMONIO HISTORICO Y CULTURAL","00001","0160815","DEFENSA POR ATENTADOS CONTRA EL PATRIMONIO CULTURAL","04","AREQUIPA","2","RECURSOS DIRECTAMENTE RECAUDADOS","09","RECURSOS DIRECTAMENTE RECAUDADOS","0","NORMAL","5","GASTO CORRIENTE","2","1","PERSONAL Y OBLIGACIONES SOCIALES","3","CONTRIBUCIONES A LA SEGURIDAD SOCIAL","1","OBLIGACIONES DEL EMPLEADOR","1","OBLIGACIONES DEL EMPLEADOR","5","CONTRIBUCIONES A ESSALUD","0","0","0","5083.04","5083.04","0","0","0","0","0","0","0","0","0","0","0","0","0"
"2020","M","GOBIERNOS LOCALES"," "," "," "," ","300331","040101","MUNICIPALIDAD PROVINCIAL DE AREQUIPA","04","AREQUIPA","01","AREQUIPA","01","AREQUIPA","41","0132","PUESTA EN VALOR Y USO SOCIAL DEL PATRIMONIO CULTURAL","3","ACTIVIDAD","3000708","PATRIMONIO CULTURAL SALVAGUARDADO Y PROTEGIDO","5005601","DEFENSA POR ATENTADOS CONTRA EL PATRIMONIO CULTURAL ","21","CULTURA Y DEPORTE","045","CULTURA","0099","PATRIMONIO HISTORICO Y CULTURAL","00001","0160815","DEFENSA POR ATENTADOS CONTRA EL PATRIMONIO CULTURAL","04","AREQUIPA","2","RECURSOS DIRECTAMENTE RECAUDADOS","09","RECURSOS DIRECTAMENTE RECAUDADOS","0","NORMAL","5","GASTO CORRIENTE","2","3","BIENES Y SERVICIOS","1","COMPRA DE BIENES","1","ALIMENTOS Y BEBIDAS","1","ALIMENTOS Y BEBIDAS","1","ALIMENTOS Y BEBIDAS PARA CONSUMO HUMANO","117","-117","0","0","0","0","0","0","0","0","0","0","0","0","0","0","0","0"
"2020","M","GOBIERNOS LOCALES"," "," "," "," ","300331","040101","MUNICIPALIDAD PROVINCIAL DE AREQUIPA","04","AREQUIPA","01","AREQUIPA","01","AREQUIPA","41","0132","PUESTA EN VALOR Y USO SOCIAL DEL PATRIMONIO CULTURAL","3","ACTIVIDAD","3000708","PATRIMONIO CULTURAL SALVAGUARDADO Y PROTEGIDO","5005601","DEFENSA POR ATENTADOS CONTRA EL PATRIMONIO CULTURAL ","21","CULTURA Y DEPORTE","045","CULTURA","0099","PATRIMONIO HISTORICO Y CULTURAL","00001","0160815","DEFENSA POR ATENTADOS CONTRA EL PATRIMONIO CULTURAL","04","AREQUIPA","2","RECURSOS DIRECTAMENTE RECAUDADOS","09","RECURSOS DIRECTAMENTE RECAUDADOS","0","NORMAL","5","GASTO CORRIENTE","2","3","BIENES Y SERVICIOS","1","COMPRA DE BIENES","5","MATERIALES Y  UTILES","1","DE OFICINA","1","REPUESTOS Y ACCESORIOS","31","-31","0","0","0","0","0","0","0","0","0","0","0","0","0","0","0","0"
"2020","M","GOBIERNOS LOCALES"," "," "," "," ","300331","040101","MUNICIPALIDAD PROVINCIAL DE AREQUIPA","04","AREQUIPA","01","AREQUIPA","01","AREQUIPA","41","0132","PUESTA EN VALOR Y USO SOCIAL DEL PATRIMONIO CULTURAL","3","ACTIVIDAD","3000708","PATRIMONIO CULTURAL SALVAGUARDADO Y PROTEGIDO","5005601","DEFENSA POR ATENTADOS CONTRA EL PATRIMONIO CULTURAL ","21","CULTURA Y DEPORTE","045","CULTURA","0099","PATRIMONIO HISTORICO Y CULTURAL","00001","0160815","DEFENSA POR ATENTADOS CONTRA EL PATRIMONIO CULTURAL","04","AREQUIPA","2","RECURSOS DIRECTAMENTE RECAUDADOS","09","RECURSOS DIRECTAMENTE RECAUDADOS","0","NORMAL","5","GASTO CORRIENTE","2","3","BIENES Y SERVICIOS","1","COMPRA DE BIENES","5","MATERIALES Y  UTILES","1","DE OFICINA","2","PAPELERIA EN GENERAL, UTILES Y MATERIALES DE OFICINA","533","-533","0","0","0","0","0","0","0","0","0","0","0","0","0","0","0","0"
"2020","M","GOBIERNOS LOCALES"," "," "," "," ","300331","040101","MUNICIPALIDAD PROVINCIAL DE AREQUIPA","04","AREQUIPA","01","AREQUIPA","01","AREQUIPA","41","0132","PUESTA EN VALOR Y USO SOCIAL DEL PATRIMONIO CULTURAL","3","ACTIVIDAD","3000708","PATRIMONIO CULTURAL SALVAGUARDADO Y PROTEGIDO","5005601","DEFENSA POR ATENTADOS CONTRA EL PATRIMONIO CULTURAL ","21","CULTURA Y DEPORTE","045","CULTURA","0099","PATRIMONIO HISTORICO Y CULTURAL","00001","0160815","DEFENSA POR ATENTADOS CONTRA EL PATRIMONIO CULTURAL","04","AREQUIPA","2","RECURSOS DIRECTAMENTE RECAUDADOS","09","RECURSOS DIRECTAMENTE RECAUDADOS","0","NORMAL","5","GASTO CORRIENTE","2","3","BIENES Y SERVICIOS","1","COMPRA DE BIENES","5","MATERIALES Y  UTILES","3","ASEO, LIMPIEZA Y COCINA","1","ASEO, LIMPIEZA Y TOCADOR","940","-940","0","0","0","0","0","0","0","0","0","0","0","0","0","0","0","0"
"2020","M","GOBIERNOS LOCALES"," "," "," "," ","300331","040101","MUNICIPALIDAD PROVINCIAL DE AREQUIPA","04","AREQUIPA","01","AREQUIPA","01","AREQUIPA","41","0132","PUESTA EN VALOR Y USO SOCIAL DEL PATRIMONIO CULTURAL","3","ACTIVIDAD","3000708","PATRIMONIO CULTURAL SALVAGUARDADO Y PROTEGIDO","5005601","DEFENSA POR ATENTADOS CONTRA EL PATRIMONIO CULTURAL ","21","CULTURA Y DEPORTE","045","CULTURA","0099","PATRIMONIO HISTORICO Y CULTURAL","00001","0160815","DEFENSA POR ATENTADOS CONTRA EL PATRIMONIO CULTURAL","04","AREQUIPA","2","RECURSOS DIRECTAMENTE RECAUDADOS","09","RECURSOS DIRECTAMENTE RECAUDADOS","0","NORMAL","5","GASTO CORRIENTE","2","3","BIENES Y SERVICIOS","1","COMPRA DE BIENES","6","REPUESTOS Y ACCESORIOS","1","REPUESTOS Y ACCESORIOS","1","DE VEHICULOS","870","0","870","0","0","0","0","0","0","0","0","0","0","0","0","0","0","0"
"2020","M","GOBIERNOS LOCALES"," "," "," "," ","300331","040101","MUNICIPALIDAD PROVINCIAL DE AREQUIPA","04","AREQUIPA","01","AREQUIPA","01","AREQUIPA","41","0132","PUESTA EN VALOR Y USO SOCIAL DEL PATRIMONIO CULTURAL","3","ACTIVIDAD","3000708","PATRIMONIO CULTURAL SALVAGUARDADO Y PROTEGIDO","5005601","DEFENSA POR ATENTADOS CONTRA EL PATRIMONIO CULTURAL ","21","CULTURA Y DEPORTE","045","CULTURA","0099","PATRIMONIO HISTORICO Y CULTURAL","00001","0160815","DEFENSA POR ATENTADOS CONTRA EL PATRIMONIO CULTURAL","04","AREQUIPA","2","RECURSOS DIRECTAMENTE RECAUDADOS","09","RECURSOS DIRECTAMENTE RECAUDADOS","0","NORMAL","5","GASTO CORRIENTE","2","3","BIENES Y SERVICIOS","1","COMPRA DE BIENES","6","REPUESTOS Y ACCESORIOS","1","REPUESTOS Y ACCESORIOS","3","DE CONSTRUCCION Y MAQUINAS","5640","0","5640","0","0","0","0","0","0","0","0","0","0","0","0","0","0","0"
"2020","M","GOBIERNOS LOCALES"," "," "," "," ","300331","040101","MUNICIPALIDAD PROVINCIAL DE AREQUIPA","04","AREQUIPA","01","AREQUIPA","01","AREQUIPA","41","0132","PUESTA EN VALOR Y USO SOCIAL DEL PATRIMONIO CULTURAL","3","ACTIVIDAD","3000708","PATRIMONIO CULTURAL SALVAGUARDADO Y PROTEGIDO","5005601","DEFENSA POR ATENTADOS CONTRA EL PATRIMONIO CULTURAL ","21","CULTURA Y DEPORTE","045","CULTURA","0099","PATRIMONIO HISTORICO Y CULTURAL","00001","0160815","DEFENSA POR ATENTADOS CONTRA EL PATRIMONIO CULTURAL","04","AREQUIPA","2","RECURSOS DIRECTAMENTE RECAUDADOS","09","RECURSOS DIRECTAMENTE RECAUDADOS","0","NORMAL","5","GASTO CORRIENTE","2","3","BIENES Y SERVICIOS","1","COMPRA DE BIENES","8","SUMINISTROS MEDICOS","2","MATERIAL,INSUMOS,INSTRUMENTAL Y ACCESORIOS MEDICOS,QUIRURGICOS, ODONTOLOGICOS Y DE LABORATORIO","1","MATERIAL, INSUMOS, INSTRUMENTAL Y ACCESORIOS  MEDICOS, QUIRURGICOS, ODONTOLOGICOS Y DE LABORATORIO","800","-800","0","0","0","0","0","0","0","0","0","0","0","0","0","0","0","0"
"2020","M","GOBIERNOS LOCALES"," "," "," "," ","300331","040101","MUNICIPALIDAD PROVINCIAL DE AREQUIPA","04","AREQUIPA","01","AREQUIPA","01","AREQUIPA","41","0132","PUESTA EN VALOR Y USO SOCIAL DEL PATRIMONIO CULTURAL","3","ACTIVIDAD","3000708","PATRIMONIO CULTURAL SALVAGUARDADO Y PROTEGIDO","5005601","DEFENSA POR ATENTADOS CONTRA EL PATRIMONIO CULTURAL ","21","CULTURA Y DEPORTE","045","CULTURA","0099","PATRIMONIO HISTORICO Y CULTURAL","00001","0160815","DEFENSA POR ATENTADOS CONTRA EL PATRIMONIO CULTURAL","04","AREQUIPA","2","RECURSOS DIRECTAMENTE RECAUDADOS","09","RECURSOS DIRECTAMENTE RECAUDADOS","0","NORMAL","5","GASTO CORRIENTE","2","3","BIENES Y SERVICIOS","1","COMPRA DE BIENES","11","SUMINISTROS PARA MANTENIMIENTO Y REPARACION","1","SUMINISTROS PARA MANTENIMIENTO Y REPARACION","5","OTROS MATERIALES DE MANTENIMIENTO","7550","0","7550","0","0","0","0","0","0","0","0","0","0","0","0","0","0","0"
"2020","M","GOBIERNOS LOCALES"," "," "," "," ","300331","040101","MUNICIPALIDAD PROVINCIAL DE AREQUIPA","04","AREQUIPA","01","AREQUIPA","01","AREQUIPA","41","0132","PUESTA EN VALOR Y USO SOCIAL DEL PATRIMONIO CULTURAL","3","ACTIVIDAD","3000708","PATRIMONIO CULTURAL SALVAGUARDADO Y PROTEGIDO","5005601","DEFENSA POR ATENTADOS CONTRA EL PATRIMONIO CULTURAL ","21","CULTURA Y DEPORTE","045","CULTURA","0099","PATRIMONIO HISTORICO Y CULTURAL","00001","0160815","DEFENSA POR ATENTADOS CONTRA EL PATRIMONIO CULTURAL","04","AREQUIPA","2","RECURSOS DIRECTAMENTE RECAUDADOS","09","RECURSOS DIRECTAMENTE RECAUDADOS","0","NORMAL","5","GASTO CORRIENTE","2","3","BIENES Y SERVICIOS","1","COMPRA DE BIENES","99","COMPRA DE OTROS BIENES","1","COMPRA DE OTROS BIENES","1","HERRAMIENTAS","8180","-8180","0","0","0","0","0","0","0","0","0","0","0","0","0","0","0","0"
"2020","M","GOBIERNOS LOCALES"," "," "," "," ","300331","040101","MUNICIPALIDAD PROVINCIAL DE AREQUIPA","04","AREQUIPA","01","AREQUIPA","01","AREQUIPA","41","0132","PUESTA EN VALOR Y USO SOCIAL DEL PATRIMONIO CULTURAL","3","ACTIVIDAD","3000708","PATRIMONIO CULTURAL SALVAGUARDADO Y PROTEGIDO","5005601","DEFENSA POR ATENTADOS CONTRA EL PATRIMONIO CULTURAL ","21","CULTURA Y DEPORTE","045","CULTURA","0099","PATRIMONIO HISTORICO Y CULTURAL","00001","0160815","DEFENSA POR ATENTADOS CONTRA EL PATRIMONIO CULTURAL","04","AREQUIPA","2","RECURSOS DIRECTAMENTE RECAUDADOS","09","RECURSOS DIRECTAMENTE RECAUDADOS","0","NORMAL","5","GASTO CORRIENTE","2","3","BIENES Y SERVICIOS","1","COMPRA DE BIENES","99","COMPRA DE OTROS BIENES","1","COMPRA DE OTROS BIENES","99","OTROS BIENES","4558","-4558","0","0","0","0","0","0","0","0","0","0","0","0","0","0","0","0"
"2020","M","GOBIERNOS LOCALES"," "," "," "," ","300331","040101","MUNICIPALIDAD PROVINCIAL DE AREQUIPA","04","AREQUIPA","01","AREQUIPA","01","AREQUIPA","41","0132","PUESTA EN VALOR Y USO SOCIAL DEL PATRIMONIO CULTURAL","3","ACTIVIDAD","3000708","PATRIMONIO CULTURAL SALVAGUARDADO Y PROTEGIDO","5005601","DEFENSA POR ATENTADOS CONTRA EL PATRIMONIO CULTURAL ","21","CULTURA Y DEPORTE","045","CULTURA","0099","PATRIMONIO HISTORICO Y CULTURAL","00001","0160815","DEFENSA POR ATENTADOS CONTRA EL PATRIMONIO CULTURAL","04","AREQUIPA","2","RECURSOS DIRECTAMENTE RECAUDADOS","09","RECURSOS DIRECTAMENTE RECAUDADOS","0","NORMAL","5","GASTO CORRIENTE","2","3","BIENES Y SERVICIOS","2","CONTRATACION DE SERVICIOS","1","VIAJES","2","VIAJES DOMESTICOS","99","OTROS GASTOS","45","-45","0","0","0","0","0","0","0","0","0","0","0","0","0","0","0","0"
"2020","M","GOBIERNOS LOCALES"," "," "," "," ","300331","040101","MUNICIPALIDAD PROVINCIAL DE AREQUIPA","04","AREQUIPA","01","AREQUIPA","01","AREQUIPA","41","0132","PUESTA EN VALOR Y USO SOCIAL DEL PATRIMONIO CULTURAL","3","ACTIVIDAD","3000708","PATRIMONIO CULTURAL SALVAGUARDADO Y PROTEGIDO","5005601","DEFENSA POR ATENTADOS CONTRA EL PATRIMONIO CULTURAL ","21","CULTURA Y DEPORTE","045","CULTURA","0099","PATRIMONIO HISTORICO Y CULTURAL","00001","0160815","DEFENSA POR ATENTADOS CONTRA EL PATRIMONIO CULTURAL","04","AREQUIPA","2","RECURSOS DIRECTAMENTE RECAUDADOS","09","RECURSOS DIRECTAMENTE RECAUDADOS","0","NORMAL","5","GASTO CORRIENTE","2","3","BIENES Y SERVICIOS","2","CONTRATACION DE SERVICIOS","7","SERVICIOS PROFESIONALES Y TECNICOS","7","SERVICIOS RELACIONADOS CON EL MEDIO AMBIENTE","2","SERVICIO DE REMEDIACION AMBIENTAL","0","0","15550","0","0","0","0","0","0","0","0","0","0","0","0","0","0","0"
"2020","M","GOBIERNOS LOCALES"," "," "," "," ","300331","040101","MUNICIPALIDAD PROVINCIAL DE AREQUIPA","04","AREQUIPA","01","AREQUIPA","01","AREQUIPA","41","0132","PUESTA EN VALOR Y USO SOCIAL DEL PATRIMONIO CULTURAL","3","ACTIVIDAD","3000708","PATRIMONIO CULTURAL SALVAGUARDADO Y PROTEGIDO","5005601","DEFENSA POR ATENTADOS CONTRA EL PATRIMONIO CULTURAL ","21","CULTURA Y DEPORTE","045","CULTURA","0099","PATRIMONIO HISTORICO Y CULTURAL","00001","0160815","DEFENSA POR ATENTADOS CONTRA EL PATRIMONIO CULTURAL","04","AREQUIPA","2","RECURSOS DIRECTAMENTE RECAUDADOS","09","RECURSOS DIRECTAMENTE RECAUDADOS","0","NORMAL","5","GASTO CORRIENTE","2","3","BIENES Y SERVICIOS","2","CONTRATACION DE SERVICIOS","7","SERVICIOS PROFESIONALES Y TECNICOS","11","OTROS SERVICIOS","6","SERVICIO DE IMPRESIONES, ENCUADERNACION Y EMPASTADO","26","-26","0","0","0","0","0","0","0","0","0","0","0","0","0","0","0","0"
"2020","M","GOBIERNOS LOCALES"," "," "," "," ","300331","040101","MUNICIPALIDAD PROVINCIAL DE AREQUIPA","04","AREQUIPA","01","AREQUIPA","01","AREQUIPA","41","0132","PUESTA EN VALOR Y USO SOCIAL DEL PATRIMONIO CULTURAL","3","ACTIVIDAD","3000708","PATRIMONIO CULTURAL SALVAGUARDADO Y PROTEGIDO","5005601","DEFENSA POR ATENTADOS CONTRA EL PATRIMONIO CULTURAL ","21","CULTURA Y DEPORTE","045","CULTURA","0099","PATRIMONIO HISTORICO Y CULTURAL","00001","0160815","DEFENSA POR ATENTADOS CONTRA EL PATRIMONIO CULTURAL","04","AREQUIPA","2","RECURSOS DIRECTAMENTE RECAUDADOS","09","RECURSOS DIRECTAMENTE RECAUDADOS","0","NORMAL","5","GASTO CORRIENTE","2","3","BIENES Y SERVICIOS","2","CONTRATACION DE SERVICIOS","7","SERVICIOS PROFESIONALES Y TECNICOS","11","OTROS SERVICIOS","99","SERVICIOS DIVERSOS","320","-320","0","0","0","0","0","0","0","0","0","0","0","0","0","0","0","0"
"2020","M","GOBIERNOS LOCALES"," "," "," "," ","300331","040101","MUNICIPALIDAD PROVINCIAL DE AREQUIPA","04","AREQUIPA","01","AREQUIPA","01","AREQUIPA","41","0132","PUESTA EN VALOR Y USO SOCIAL DEL PATRIMONIO CULTURAL","3","ACTIVIDAD","3000708","PATRIMONIO CULTURAL SALVAGUARDADO Y PROTEGIDO","5005601","DEFENSA POR ATENTADOS CONTRA EL PATRIMONIO CULTURAL ","21","CULTURA Y DEPORTE","045","CULTURA","0099","PATRIMONIO HISTORICO Y CULTURAL","00001","0160815","DEFENSA POR ATENTADOS CONTRA EL PATRIMONIO CULTURAL","04","AREQUIPA","2","RECURSOS DIRECTAMENTE RECAUDADOS","09","RECURSOS DIRECTAMENTE RECAUDADOS","0","NORMAL","5","GASTO CORRIENTE","2","3","BIENES Y SERVICIOS","2","CONTRATACION DE SERVICIOS","8","CONTRATO ADMINISTRATIVO DE SERVICIOS","1","CONTRATO ADMINISTRATIVO DE SERVICIOS","2","CONTRIBUCIONES A ESSALUD DE C.A.S.","0","0","1291","0","0","0","0","0","0","0","0","0","0","0","0","0","0","0"
"2020","M","GOBIERNOS LOCALES"," "," "," "," ","300331","040101","MUNICIPALIDAD PROVINCIAL DE AREQUIPA","04","AREQUIPA","01","AREQUIPA","01","AREQUIPA","41","0132","PUESTA EN VALOR Y USO SOCIAL DEL PATRIMONIO CULTURAL","3","ACTIVIDAD","3000708","PATRIMONIO CULTURAL SALVAGUARDADO Y PROTEGIDO","5005601","DEFENSA POR ATENTADOS CONTRA EL PATRIMONIO CULTURAL ","21","CULTURA Y DEPORTE","045","CULTURA","0099","PATRIMONIO HISTORICO Y CULTURAL","00001","0160815","DEFENSA POR ATENTADOS CONTRA EL PATRIMONIO CULTURAL","04","AREQUIPA","2","RECURSOS DIRECTAMENTE RECAUDADOS","09","RECURSOS DIRECTAMENTE RECAUDADOS","0","NORMAL","5","GASTO CORRIENTE","2","3","BIENES Y SERVICIOS","2","CONTRATACION DE SERVICIOS","8","CONTRATO ADMINISTRATIVO DE SERVICIOS","1","CONTRATO ADMINISTRATIVO DE SERVICIOS","2","CONTRIBUCIONES A ESSALUD DE C.A.S.","0","0","0","1290.60","1290.60","0","0","0","0","0","0","0","0","0","0","0","0","0"
"2020","M","GOBIERNOS LOCALES"," "," "," "," ","300331","040101","MUNICIPALIDAD PROVINCIAL DE AREQUIPA","04","AREQUIPA","01","AREQUIPA","01","AREQUIPA","41","0132","PUESTA EN VALOR Y USO SOCIAL DEL PATRIMONIO CULTURAL","3","ACTIVIDAD","3000708","PATRIMONIO CULTURAL SALVAGUARDADO Y PROTEGIDO","5005601","DEFENSA POR ATENTADOS CONTRA EL PATRIMONIO CULTURAL ","21","CULTURA Y DEPORTE","045","CULTURA","0099","PATRIMONIO HISTORICO Y CULTURAL","00001","0160815","DEFENSA POR ATENTADOS CONTRA EL PATRIMONIO CULTURAL","04","AREQUIPA","2","RECURSOS DIRECTAMENTE RECAUDADOS","09","RECURSOS DIRECTAMENTE RECAUDADOS","1","UNIVERSIDADES / GOB. LOCALES","5","GASTO CORRIENTE","2","1","PERSONAL Y OBLIGACIONES SOCIALES","1","RETRIBUCIONES Y COMPLEMENTOS EN EFECTIVO","1","PERSONAL ADMINISTRATIVO","2","OTRAS RETRIBUCIONES Y COMPLEMENTOS","99","OTRAS RETRIBUCIONES Y COMPLEMENTOS","0","0","0","0","0","0","0","1350","1342.50","0","0","0","1132.50","0","0","0","0","3825"
"2020","M","GOBIERNOS LOCALES"," "," "," "," ","300331","040101","MUNICIPALIDAD PROVINCIAL DE AREQUIPA","04","AREQUIPA","01","AREQUIPA","01","AREQUIPA","41","0132","PUESTA EN VALOR Y USO SOCIAL DEL PATRIMONIO CULTURAL","3","ACTIVIDAD","3000708","PATRIMONIO CULTURAL SALVAGUARDADO Y PROTEGIDO","5005601","DEFENSA POR ATENTADOS CONTRA EL PATRIMONIO CULTURAL ","21","CULTURA Y DEPORTE","045","CULTURA","0099","PATRIMONIO HISTORICO Y CULTURAL","00001","0160815","DEFENSA POR ATENTADOS CONTRA EL PATRIMONIO CULTURAL","04","AREQUIPA","2","RECURSOS DIRECTAMENTE RECAUDADOS","09","RECURSOS DIRECTAMENTE RECAUDADOS","1","UNIVERSIDADES / GOB. LOCALES","5","GASTO CORRIENTE","2","1","PERSONAL Y OBLIGACIONES SOCIALES","3","CONTRIBUCIONES A LA SEGURIDAD SOCIAL","1","OBLIGACIONES DEL EMPLEADOR","1","OBLIGACIONES DEL EMPLEADOR","5","CONTRIBUCIONES A ESSALUD","0","0","0","0","0","0","0","0","0","0","167.40","0","0","0","0","0","0","167.40"
"2020","M","GOBIERNOS LOCALES"," "," "," "," ","300331","040101","MUNICIPALIDAD PROVINCIAL DE AREQUIPA","04","AREQUIPA","01","AREQUIPA","01","AREQUIPA","41","0132","PUESTA EN VALOR Y USO SOCIAL DEL PATRIMONIO CULTURAL","3","ACTIVIDAD","3000708","PATRIMONIO CULTURAL SALVAGUARDADO Y PROTEGIDO","5005601","DEFENSA POR ATENTADOS CONTRA EL PATRIMONIO CULTURAL ","21","CULTURA Y DEPORTE","045","CULTURA","0099","PATRIMONIO HISTORICO Y CULTURAL","00001","0160815","DEFENSA POR ATENTADOS CONTRA EL PATRIMONIO CULTURAL","04","AREQUIPA","2","RECURSOS DIRECTAMENTE RECAUDADOS","09","RECURSOS DIRECTAMENTE RECAUDADOS","7","SUB CUENTA - RECURSOS DIRECTAMENTE RECAUDADOS","5","GASTO CORRIENTE","2","1","PERSONAL Y OBLIGACIONES SOCIALES","1","RETRIBUCIONES Y COMPLEMENTOS EN EFECTIVO","1","PERSONAL ADMINISTRATIVO","1","PERSONAL ADMINISTRATIVO","2","PERSONAL ADMINISTRATIVO NOMBRADO (REGIMEN PUBLICO)","0","0","0","0","0","0","0","0","0","0","0","0","0","15460.40","0","14610.40","0","30070.80"
"2020","M","GOBIERNOS LOCALES"," "," "," "," ","300331","040101","MUNICIPALIDAD PROVINCIAL DE AREQUIPA","04","AREQUIPA","01","AREQUIPA","01","AREQUIPA","41","0132","PUESTA EN VALOR Y USO SOCIAL DEL PATRIMONIO CULTURAL","3","ACTIVIDAD","3000708","PATRIMONIO CULTURAL SALVAGUARDADO Y PROTEGIDO","5005601","DEFENSA POR ATENTADOS CONTRA EL PATRIMONIO CULTURAL ","21","CULTURA Y DEPORTE","045","CULTURA","0099","PATRIMONIO HISTORICO Y CULTURAL","00001","0160815","DEFENSA POR ATENTADOS CONTRA EL PATRIMONIO CULTURAL","04","AREQUIPA","2","RECURSOS DIRECTAMENTE RECAUDADOS","09","RECURSOS DIRECTAMENTE RECAUDADOS","7","SUB CUENTA - RECURSOS DIRECTAMENTE RECAUDADOS","5","GASTO CORRIENTE","2","1","PERSONAL Y OBLIGACIONES SOCIALES","1","RETRIBUCIONES Y COMPLEMENTOS EN EFECTIVO","1","PERSONAL ADMINISTRATIVO","2","OTRAS RETRIBUCIONES Y COMPLEMENTOS","99","OTRAS RETRIBUCIONES Y COMPLEMENTOS","0","0","0","0","0","0","0","0","0","0","0","0","0","2250","1125","1125","2250","6750"
"2020","M","GOBIERNOS LOCALES"," "," "," "," ","300331","040101","MUNICIPALIDAD PROVINCIAL DE AREQUIPA","04","AREQUIPA","01","AREQUIPA","01","AREQUIPA","41","0132","PUESTA EN VALOR Y USO SOCIAL DEL PATRIMONIO CULTURAL","3","ACTIVIDAD","3000708","PATRIMONIO CULTURAL SALVAGUARDADO Y PROTEGIDO","5005601","DEFENSA POR ATENTADOS CONTRA EL PATRIMONIO CULTURAL ","21","CULTURA Y DEPORTE","045","CULTURA","0099","PATRIMONIO HISTORICO Y CULTURAL","00001","0160815","DEFENSA POR ATENTADOS CONTRA EL PATRIMONIO CULTURAL","04","AREQUIPA","2","RECURSOS DIRECTAMENTE RECAUDADOS","09","RECURSOS DIRECTAMENTE RECAUDADOS","7","SUB CUENTA - RECURSOS DIRECTAMENTE RECAUDADOS","5","GASTO CORRIENTE","2","1","PERSONAL Y OBLIGACIONES SOCIALES","1","RETRIBUCIONES Y COMPLEMENTOS EN EFECTIVO","8","PERSONAL OBRERO","2","PERSONAL OBRERO EVENTUAL","1","OBREROS CON CONTRATO A PLAZO FIJO","0","0","0","0","0","0","0","0","0","0","0","0","2306.40","1878.40","1915.80","0","1915.80","8016.40"
"2020","M","GOBIERNOS LOCALES"," "," "," "," ","300331","040101","MUNICIPALIDAD PROVINCIAL DE AREQUIPA","04","AREQUIPA","01","AREQUIPA","01","AREQUIPA","41","0132","PUESTA EN VALOR Y USO SOCIAL DEL PATRIMONIO CULTURAL","3","ACTIVIDAD","3000708","PATRIMONIO CULTURAL SALVAGUARDADO Y PROTEGIDO","5005601","DEFENSA POR ATENTADOS CONTRA EL PATRIMONIO CULTURAL ","21","CULTURA Y DEPORTE","045","CULTURA","0099","PATRIMONIO HISTORICO Y CULTURAL","00001","0160815","DEFENSA POR ATENTADOS CONTRA EL PATRIMONIO CULTURAL","04","AREQUIPA","2","RECURSOS DIRECTAMENTE RECAUDADOS","09","RECURSOS DIRECTAMENTE RECAUDADOS","7","SUB CUENTA - RECURSOS DIRECTAMENTE RECAUDADOS","5","GASTO CORRIENTE","2","1","PERSONAL Y OBLIGACIONES SOCIALES","1","RETRIBUCIONES Y COMPLEMENTOS EN EFECTIVO","9","GASTOS VARIABLES Y OCASIONALES","1","ESCOLARIDAD, AGUINALDOS Y GRATIFICACIONES","1","GRATIFICACIONES","0","0","0","0","0","0","0","0","0","0","0","0","0","0","0","0","1915.80","1915.80"
"2020","M","GOBIERNOS LOCALES"," "," "," "," ","300331","040101","MUNICIPALIDAD PROVINCIAL DE AREQUIPA","04","AREQUIPA","01","AREQUIPA","01","AREQUIPA","41","0132","PUESTA EN VALOR Y USO SOCIAL DEL PATRIMONIO CULTURAL","3","ACTIVIDAD","3000708","PATRIMONIO CULTURAL SALVAGUARDADO Y PROTEGIDO","5005601","DEFENSA POR ATENTADOS CONTRA EL PATRIMONIO CULTURAL ","21","CULTURA Y DEPORTE","045","CULTURA","0099","PATRIMONIO HISTORICO Y CULTURAL","00001","0160815","DEFENSA POR ATENTADOS CONTRA EL PATRIMONIO CULTURAL","04","AREQUIPA","2","RECURSOS DIRECTAMENTE RECAUDADOS","09","RECURSOS DIRECTAMENTE RECAUDADOS","7","SUB CUENTA - RECURSOS DIRECTAMENTE RECAUDADOS","5","GASTO CORRIENTE","2","1","PERSONAL Y OBLIGACIONES SOCIALES","1","RETRIBUCIONES Y COMPLEMENTOS EN EFECTIVO","9","GASTOS VARIABLES Y OCASIONALES","3","OTROS GASTOS VARIABLES Y OCASIONALES","99","OTRAS OCASIONALES","0","0","0","0","0","0","0","0","0","0","0","0","0","0","0","0","172.42","172.42"
"2020","M","GOBIERNOS LOCALES"," "," "," "," ","300331","040101","MUNICIPALIDAD PROVINCIAL DE AREQUIPA","04","AREQUIPA","01","AREQUIPA","01","AREQUIPA","41","0132","PUESTA EN VALOR Y USO SOCIAL DEL PATRIMONIO CULTURAL","3","ACTIVIDAD","3000708","PATRIMONIO CULTURAL SALVAGUARDADO Y PROTEGIDO","5005601","DEFENSA POR ATENTADOS CONTRA EL PATRIMONIO CULTURAL ","21","CULTURA Y DEPORTE","045","CULTURA","0099","PATRIMONIO HISTORICO Y CULTURAL","00001","0160815","DEFENSA POR ATENTADOS CONTRA EL PATRIMONIO CULTURAL","04","AREQUIPA","2","RECURSOS DIRECTAMENTE RECAUDADOS","09","RECURSOS DIRECTAMENTE RECAUDADOS","7","SUB CUENTA - RECURSOS DIRECTAMENTE RECAUDADOS","5","GASTO CORRIENTE","2","1","PERSONAL Y OBLIGACIONES SOCIALES","3","CONTRIBUCIONES A LA SEGURIDAD SOCIAL","1","OBLIGACIONES DEL EMPLEADOR","1","OBLIGACIONES DEL EMPLEADOR","5","CONTRIBUCIONES A ESSALUD","0","0","0","0","0","0","0","0","0","0","0","0","207.58","1560.50","172.42","1487.36","1487.36","4915.22"
"2020","M","GOBIERNOS LOCALES"," "," "," "," ","300331","040101","MUNICIPALIDAD PROVINCIAL DE AREQUIPA","04","AREQUIPA","01","AREQUIPA","01","AREQUIPA","41","0132","PUESTA EN VALOR Y USO SOCIAL DEL PATRIMONIO CULTURAL","3","ACTIVIDAD","3000708","PATRIMONIO CULTURAL SALVAGUARDADO Y PROTEGIDO","5005601","DEFENSA POR ATENTADOS CONTRA EL PATRIMONIO CULTURAL ","21","CULTURA Y DEPORTE","045","CULTURA","0099","PATRIMONIO HISTORICO Y CULTURAL","00001","0160815","DEFENSA POR ATENTADOS CONTRA EL PATRIMONIO CULTURAL","04","AREQUIPA","2","RECURSOS DIRECTAMENTE RECAUDADOS","09","RECURSOS DIRECTAMENTE RECAUDADOS","7","SUB CUENTA - RECURSOS DIRECTAMENTE RECAUDADOS","5","GASTO CORRIENTE","2","3","BIENES Y SERVICIOS","2","CONTRATACION DE SERVICIOS","8","CONTRATO ADMINISTRATIVO DE SERVICIOS","1","CONTRATO ADMINISTRATIVO DE SERVICIOS","2","CONTRIBUCIONES A ESSALUD DE C.A.S.","0","0","0","0","0","0","0","0","0","0","0","0","0","0","1290.60","0","0","1290.60"
"2020","M","GOBIERNOS LOCALES"," "," "," "," ","300331","040101","MUNICIPALIDAD PROVINCIAL DE AREQUIPA","04","AREQUIPA","01","AREQUIPA","01","AREQUIPA","41","0132","PUESTA EN VALOR Y USO SOCIAL DEL PATRIMONIO CULTURAL","3","ACTIVIDAD","3000708","PATRIMONIO CULTURAL SALVAGUARDADO Y PROTEGIDO","5005601","DEFENSA POR ATENTADOS CONTRA EL PATRIMONIO CULTURAL ","21","CULTURA Y DEPORTE","045","CULTURA","0099","PATRIMONIO HISTORICO Y CULTURAL","00001","0160815","DEFENSA POR ATENTADOS CONTRA EL PATRIMONIO CULTURAL","04","AREQUIPA","5","RECURSOS DETERMINADOS","07","FONDO DE COMPENSACION MUNICIPAL","0","NORMAL","5","GASTO CORRIENTE","2","1","PERSONAL Y OBLIGACIONES SOCIALES","1","RETRIBUCIONES Y COMPLEMENTOS EN EFECTIVO","1","PERSONAL ADMINISTRATIVO","1","PERSONAL ADMINISTRATIVO","2","PERSONAL ADMINISTRATIVO NOMBRADO (REGIMEN PUBLICO)","0","0","50055","0","0","0","0","0","0","0","0","0","0","0","0","0","0","0"
"2020","M","GOBIERNOS LOCALES"," "," "," "," ","300331","040101","MUNICIPALIDAD PROVINCIAL DE AREQUIPA","04","AREQUIPA","01","AREQUIPA","01","AREQUIPA","41","0132","PUESTA EN VALOR Y USO SOCIAL DEL PATRIMONIO CULTURAL","3","ACTIVIDAD","3000708","PATRIMONIO CULTURAL SALVAGUARDADO Y PROTEGIDO","5005601","DEFENSA POR ATENTADOS CONTRA EL PATRIMONIO CULTURAL ","21","CULTURA Y DEPORTE","045","CULTURA","0099","PATRIMONIO HISTORICO Y CULTURAL","00001","0160815","DEFENSA POR ATENTADOS CONTRA EL PATRIMONIO CULTURAL","04","AREQUIPA","5","RECURSOS DETERMINADOS","07","FONDO DE COMPENSACION MUNICIPAL","0","NORMAL","5","GASTO CORRIENTE","2","1","PERSONAL Y OBLIGACIONES SOCIALES","1","RETRIBUCIONES Y COMPLEMENTOS EN EFECTIVO","1","PERSONAL ADMINISTRATIVO","1","PERSONAL ADMINISTRATIVO","2","PERSONAL ADMINISTRATIVO NOMBRADO (REGIMEN PUBLICO)","0","0","0","50054.29","50053.88","0","0","0","0","0","0","0","0","0","0","0","0","0"
"2020","M","GOBIERNOS LOCALES"," "," "," "," ","300331","040101","MUNICIPALIDAD PROVINCIAL DE AREQUIPA","04","AREQUIPA","01","AREQUIPA","01","AREQUIPA","41","0132","PUESTA EN VALOR Y USO SOCIAL DEL PATRIMONIO CULTURAL","3","ACTIVIDAD","3000708","PATRIMONIO CULTURAL SALVAGUARDADO Y PROTEGIDO","5005601","DEFENSA POR ATENTADOS CONTRA EL PATRIMONIO CULTURAL ","21","CULTURA Y DEPORTE","045","CULTURA","0099","PATRIMONIO HISTORICO Y CULTURAL","00001","0160815","DEFENSA POR ATENTADOS CONTRA EL PATRIMONIO CULTURAL","04","AREQUIPA","5","RECURSOS DETERMINADOS","07","FONDO DE COMPENSACION MUNICIPAL","0","NORMAL","5","GASTO CORRIENTE","2","1","PERSONAL Y OBLIGACIONES SOCIALES","1","RETRIBUCIONES Y COMPLEMENTOS EN EFECTIVO","1","PERSONAL ADMINISTRATIVO","2","OTRAS RETRIBUCIONES Y COMPLEMENTOS","99","OTRAS RETRIBUCIONES Y COMPLEMENTOS","0","0","2700","0","0","0","0","0","0","0","0","0","0","0","0","0","0","0"
"2020","M","GOBIERNOS LOCALES"," "," "," "," ","300331","040101","MUNICIPALIDAD PROVINCIAL DE AREQUIPA","04","AREQUIPA","01","AREQUIPA","01","AREQUIPA","41","0132","PUESTA EN VALOR Y USO SOCIAL DEL PATRIMONIO CULTURAL","3","ACTIVIDAD","3000708","PATRIMONIO CULTURAL SALVAGUARDADO Y PROTEGIDO","5005601","DEFENSA POR ATENTADOS CONTRA EL PATRIMONIO CULTURAL ","21","CULTURA Y DEPORTE","045","CULTURA","0099","PATRIMONIO HISTORICO Y CULTURAL","00001","0160815","DEFENSA POR ATENTADOS CONTRA EL PATRIMONIO CULTURAL","04","AREQUIPA","5","RECURSOS DETERMINADOS","07","FONDO DE COMPENSACION MUNICIPAL","0","NORMAL","5","GASTO CORRIENTE","2","1","PERSONAL Y OBLIGACIONES SOCIALES","1","RETRIBUCIONES Y COMPLEMENTOS EN EFECTIVO","1","PERSONAL ADMINISTRATIVO","2","OTRAS RETRIBUCIONES Y COMPLEMENTOS","99","OTRAS RETRIBUCIONES Y COMPLEMENTOS","0","0","0","2700","2700","0","0","0","0","0","0","0","0","0","0","0","0","0"
"2020","M","GOBIERNOS LOCALES"," "," "," "," ","300331","040101","MUNICIPALIDAD PROVINCIAL DE AREQUIPA","04","AREQUIPA","01","AREQUIPA","01","AREQUIPA","41","0132","PUESTA EN VALOR Y USO SOCIAL DEL PATRIMONIO CULTURAL","3","ACTIVIDAD","3000708","PATRIMONIO CULTURAL SALVAGUARDADO Y PROTEGIDO","5005601","DEFENSA POR ATENTADOS CONTRA EL PATRIMONIO CULTURAL ","21","CULTURA Y DEPORTE","045","CULTURA","0099","PATRIMONIO HISTORICO Y CULTURAL","00001","0160815","DEFENSA POR ATENTADOS CONTRA EL PATRIMONIO CULTURAL","04","AREQUIPA","5","RECURSOS DETERMINADOS","07","FONDO DE COMPENSACION MUNICIPAL","0","NORMAL","5","GASTO CORRIENTE","2","1","PERSONAL Y OBLIGACIONES SOCIALES","1","RETRIBUCIONES Y COMPLEMENTOS EN EFECTIVO","8","PERSONAL OBRERO","2","PERSONAL OBRERO EVENTUAL","1","OBREROS CON CONTRATO A PLAZO FIJO","0","0","5580","0","0","0","0","0","0","0","0","0","0","0","0","0","0","0"
"2020","M","GOBIERNOS LOCALES"," "," "," "," ","300331","040101","MUNICIPALIDAD PROVINCIAL DE AREQUIPA","04","AREQUIPA","01","AREQUIPA","01","AREQUIPA","41","0132","PUESTA EN VALOR Y USO SOCIAL DEL PATRIMONIO CULTURAL","3","ACTIVIDAD","3000708","PATRIMONIO CULTURAL SALVAGUARDADO Y PROTEGIDO","5005601","DEFENSA POR ATENTADOS CONTRA EL PATRIMONIO CULTURAL ","21","CULTURA Y DEPORTE","045","CULTURA","0099","PATRIMONIO HISTORICO Y CULTURAL","00001","0160815","DEFENSA POR ATENTADOS CONTRA EL PATRIMONIO CULTURAL","04","AREQUIPA","5","RECURSOS DETERMINADOS","07","FONDO DE COMPENSACION MUNICIPAL","0","NORMAL","5","GASTO CORRIENTE","2","1","PERSONAL Y OBLIGACIONES SOCIALES","1","RETRIBUCIONES Y COMPLEMENTOS EN EFECTIVO","8","PERSONAL OBRERO","2","PERSONAL OBRERO EVENTUAL","1","OBREROS CON CONTRATO A PLAZO FIJO","0","0","0","5580","5580","0","0","0","0","0","0","0","0","0","0","0","0","0"
"2020","M","GOBIERNOS LOCALES"," "," "," "," ","300331","040101","MUNICIPALIDAD PROVINCIAL DE AREQUIPA","04","AREQUIPA","01","AREQUIPA","01","AREQUIPA","41","0132","PUESTA EN VALOR Y USO SOCIAL DEL PATRIMONIO CULTURAL","3","ACTIVIDAD","3000708","PATRIMONIO CULTURAL SALVAGUARDADO Y PROTEGIDO","5005601","DEFENSA POR ATENTADOS CONTRA EL PATRIMONIO CULTURAL ","21","CULTURA Y DEPORTE","045","CULTURA","0099","PATRIMONIO HISTORICO Y CULTURAL","00001","0160815","DEFENSA POR ATENTADOS CONTRA EL PATRIMONIO CULTURAL","04","AREQUIPA","5","RECURSOS DETERMINADOS","07","FONDO DE COMPENSACION MUNICIPAL","0","NORMAL","5","GASTO CORRIENTE","2","1","PERSONAL Y OBLIGACIONES SOCIALES","1","RETRIBUCIONES Y COMPLEMENTOS EN EFECTIVO","9","GASTOS VARIABLES Y OCASIONALES","1","ESCOLARIDAD, AGUINALDOS Y GRATIFICACIONES","1","GRATIFICACIONES","0","0","1860","0","0","0","0","0","0","0","0","0","0","0","0","0","0","0"
"2020","M","GOBIERNOS LOCALES"," "," "," "," ","300331","040101","MUNICIPALIDAD PROVINCIAL DE AREQUIPA","04","AREQUIPA","01","AREQUIPA","01","AREQUIPA","41","0132","PUESTA EN VALOR Y USO SOCIAL DEL PATRIMONIO CULTURAL","3","ACTIVIDAD","3000708","PATRIMONIO CULTURAL SALVAGUARDADO Y PROTEGIDO","5005601","DEFENSA POR ATENTADOS CONTRA EL PATRIMONIO CULTURAL ","21","CULTURA Y DEPORTE","045","CULTURA","0099","PATRIMONIO HISTORICO Y CULTURAL","00001","0160815","DEFENSA POR ATENTADOS CONTRA EL PATRIMONIO CULTURAL","04","AREQUIPA","5","RECURSOS DETERMINADOS","07","FONDO DE COMPENSACION MUNICIPAL","0","NORMAL","5","GASTO CORRIENTE","2","1","PERSONAL Y OBLIGACIONES SOCIALES","1","RETRIBUCIONES Y COMPLEMENTOS EN EFECTIVO","9","GASTOS VARIABLES Y OCASIONALES","1","ESCOLARIDAD, AGUINALDOS Y GRATIFICACIONES","1","GRATIFICACIONES","0","0","0","1860","1860","0","0","0","0","0","0","0","0","0","0","0","0","0"
"2020","M","GOBIERNOS LOCALES"," "," "," "," ","300331","040101","MUNICIPALIDAD PROVINCIAL DE AREQUIPA","04","AREQUIPA","01","AREQUIPA","01","AREQUIPA","41","0132","PUESTA EN VALOR Y USO SOCIAL DEL PATRIMONIO CULTURAL","3","ACTIVIDAD","3000708","PATRIMONIO CULTURAL SALVAGUARDADO Y PROTEGIDO","5005601","DEFENSA POR ATENTADOS CONTRA EL PATRIMONIO CULTURAL ","21","CULTURA Y DEPORTE","045","CULTURA","0099","PATRIMONIO HISTORICO Y CULTURAL","00001","0160815","DEFENSA POR ATENTADOS CONTRA EL PATRIMONIO CULTURAL","04","AREQUIPA","5","RECURSOS DETERMINADOS","07","FONDO DE COMPENSACION MUNICIPAL","0","NORMAL","5","GASTO CORRIENTE","2","1","PERSONAL Y OBLIGACIONES SOCIALES","1","RETRIBUCIONES Y COMPLEMENTOS EN EFECTIVO","9","GASTOS VARIABLES Y OCASIONALES","1","ESCOLARIDAD, AGUINALDOS Y GRATIFICACIONES","2","AGUINALDOS","0","0","16781","0","0","0","0","0","0","0","0","0","0","0","0","0","0","0"
"2020","M","GOBIERNOS LOCALES"," "," "," "," ","300331","040101","MUNICIPALIDAD PROVINCIAL DE AREQUIPA","04","AREQUIPA","01","AREQUIPA","01","AREQUIPA","41","0132","PUESTA EN VALOR Y USO SOCIAL DEL PATRIMONIO CULTURAL","3","ACTIVIDAD","3000708","PATRIMONIO CULTURAL SALVAGUARDADO Y PROTEGIDO","5005601","DEFENSA POR ATENTADOS CONTRA EL PATRIMONIO CULTURAL ","21","CULTURA Y DEPORTE","045","CULTURA","0099","PATRIMONIO HISTORICO Y CULTURAL","00001","0160815","DEFENSA POR ATENTADOS CONTRA EL PATRIMONIO CULTURAL","04","AREQUIPA","5","RECURSOS DETERMINADOS","07","FONDO DE COMPENSACION MUNICIPAL","0","NORMAL","5","GASTO CORRIENTE","2","1","PERSONAL Y OBLIGACIONES SOCIALES","1","RETRIBUCIONES Y COMPLEMENTOS EN EFECTIVO","9","GASTOS VARIABLES Y OCASIONALES","1","ESCOLARIDAD, AGUINALDOS Y GRATIFICACIONES","2","AGUINALDOS","0","0","0","16780.40","16780.40","0","0","0","0","0","0","0","0","0","0","0","0","0"
"2020","M","GOBIERNOS LOCALES"," "," "," "," ","300331","040101","MUNICIPALIDAD PROVINCIAL DE AREQUIPA","04","AREQUIPA","01","AREQUIPA","01","AREQUIPA","41","0132","PUESTA EN VALOR Y USO SOCIAL DEL PATRIMONIO CULTURAL","3","ACTIVIDAD","3000708","PATRIMONIO CULTURAL SALVAGUARDADO Y PROTEGIDO","5005601","DEFENSA POR ATENTADOS CONTRA EL PATRIMONIO CULTURAL ","21","CULTURA Y DEPORTE","045","CULTURA","0099","PATRIMONIO HISTORICO Y CULTURAL","00001","0160815","DEFENSA POR ATENTADOS CONTRA EL PATRIMONIO CULTURAL","04","AREQUIPA","5","RECURSOS DETERMINADOS","07","FONDO DE COMPENSACION MUNICIPAL","0","NORMAL","5","GASTO CORRIENTE","2","1","PERSONAL Y OBLIGACIONES SOCIALES","1","RETRIBUCIONES Y COMPLEMENTOS EN EFECTIVO","9","GASTOS VARIABLES Y OCASIONALES","3","OTROS GASTOS VARIABLES Y OCASIONALES","2","BONIFICACION ADICIONAL POR VACACIONES","0","0","900","0","0","0","0","0","0","0","0","0","0","0","0","0","0","0"
"2020","M","GOBIERNOS LOCALES"," "," "," "," ","300331","040101","MUNICIPALIDAD PROVINCIAL DE AREQUIPA","04","AREQUIPA","01","AREQUIPA","01","AREQUIPA","41","0132","PUESTA EN VALOR Y USO SOCIAL DEL PATRIMONIO CULTURAL","3","ACTIVIDAD","3000708","PATRIMONIO CULTURAL SALVAGUARDADO Y PROTEGIDO","5005601","DEFENSA POR ATENTADOS CONTRA EL PATRIMONIO CULTURAL ","21","CULTURA Y DEPORTE","045","CULTURA","0099","PATRIMONIO HISTORICO Y CULTURAL","00001","0160815","DEFENSA POR ATENTADOS CONTRA EL PATRIMONIO CULTURAL","04","AREQUIPA","5","RECURSOS DETERMINADOS","07","FONDO DE COMPENSACION MUNICIPAL","0","NORMAL","5","GASTO CORRIENTE","2","1","PERSONAL Y OBLIGACIONES SOCIALES","1","RETRIBUCIONES Y COMPLEMENTOS EN EFECTIVO","9","GASTOS VARIABLES Y OCASIONALES","3","OTROS GASTOS VARIABLES Y OCASIONALES","2","BONIFICACION ADICIONAL POR VACACIONES","0","0","0","900","900","0","0","0","0","0","0","0","0","0","0","0","0","0"
"2020","M","GOBIERNOS LOCALES"," "," "," "," ","300331","040101","MUNICIPALIDAD PROVINCIAL DE AREQUIPA","04","AREQUIPA","01","AREQUIPA","01","AREQUIPA","41","0132","PUESTA EN VALOR Y USO SOCIAL DEL PATRIMONIO CULTURAL","3","ACTIVIDAD","3000708","PATRIMONIO CULTURAL SALVAGUARDADO Y PROTEGIDO","5005601","DEFENSA POR ATENTADOS CONTRA EL PATRIMONIO CULTURAL ","21","CULTURA Y DEPORTE","045","CULTURA","0099","PATRIMONIO HISTORICO Y CULTURAL","00001","0160815","DEFENSA POR ATENTADOS CONTRA EL PATRIMONIO CULTURAL","04","AREQUIPA","5","RECURSOS DETERMINADOS","07","FONDO DE COMPENSACION MUNICIPAL","0","NORMAL","5","GASTO CORRIENTE","2","1","PERSONAL Y OBLIGACIONES SOCIALES","1","RETRIBUCIONES Y COMPLEMENTOS EN EFECTIVO","9","GASTOS VARIABLES Y OCASIONALES","3","OTROS GASTOS VARIABLES Y OCASIONALES","99","OTRAS OCASIONALES","0","0","168","0","0","0","0","0","0","0","0","0","0","0","0","0","0","0"
"2020","M","GOBIERNOS LOCALES"," "," "," "," ","300331","040101","MUNICIPALIDAD PROVINCIAL DE AREQUIPA","04","AREQUIPA","01","AREQUIPA","01","AREQUIPA","41","0132","PUESTA EN VALOR Y USO SOCIAL DEL PATRIMONIO CULTURAL","3","ACTIVIDAD","3000708","PATRIMONIO CULTURAL SALVAGUARDADO Y PROTEGIDO","5005601","DEFENSA POR ATENTADOS CONTRA EL PATRIMONIO CULTURAL ","21","CULTURA Y DEPORTE","045","CULTURA","0099","PATRIMONIO HISTORICO Y CULTURAL","00001","0160815","DEFENSA POR ATENTADOS CONTRA EL PATRIMONIO CULTURAL","04","AREQUIPA","5","RECURSOS DETERMINADOS","07","FONDO DE COMPENSACION MUNICIPAL","0","NORMAL","5","GASTO CORRIENTE","2","1","PERSONAL Y OBLIGACIONES SOCIALES","1","RETRIBUCIONES Y COMPLEMENTOS EN EFECTIVO","9","GASTOS VARIABLES Y OCASIONALES","3","OTROS GASTOS VARIABLES Y OCASIONALES","99","OTRAS OCASIONALES","0","0","0","167.40","167.40","0","0","0","0","0","0","0","0","0","0","0","0","0"
"2020","M","GOBIERNOS LOCALES"," "," "," "," ","300331","040101","MUNICIPALIDAD PROVINCIAL DE AREQUIPA","04","AREQUIPA","01","AREQUIPA","01","AREQUIPA","41","0132","PUESTA EN VALOR Y USO SOCIAL DEL PATRIMONIO CULTURAL","3","ACTIVIDAD","3000708","PATRIMONIO CULTURAL SALVAGUARDADO Y PROTEGIDO","5005601","DEFENSA POR ATENTADOS CONTRA EL PATRIMONIO CULTURAL ","21","CULTURA Y DEPORTE","045","CULTURA","0099","PATRIMONIO HISTORICO Y CULTURAL","00001","0160815","DEFENSA POR ATENTADOS CONTRA EL PATRIMONIO CULTURAL","04","AREQUIPA","5","RECURSOS DETERMINADOS","07","FONDO DE COMPENSACION MUNICIPAL","0","NORMAL","5","GASTO CORRIENTE","2","1","PERSONAL Y OBLIGACIONES SOCIALES","3","CONTRIBUCIONES A LA SEGURIDAD SOCIAL","1","OBLIGACIONES DEL EMPLEADOR","1","OBLIGACIONES DEL EMPLEADOR","5","CONTRIBUCIONES A ESSALUD","2126","1419","3545","0","0","0","0","0","0","0","0","0","0","0","0","0","0","0"
"2020","M","GOBIERNOS LOCALES"," "," "," "," ","300331","040101","MUNICIPALIDAD PROVINCIAL DE AREQUIPA","04","AREQUIPA","01","AREQUIPA","01","AREQUIPA","41","0132","PUESTA EN VALOR Y USO SOCIAL DEL PATRIMONIO CULTURAL","3","ACTIVIDAD","3000708","PATRIMONIO CULTURAL SALVAGUARDADO Y PROTEGIDO","5005601","DEFENSA POR ATENTADOS CONTRA EL PATRIMONIO CULTURAL ","21","CULTURA Y DEPORTE","045","CULTURA","0099","PATRIMONIO HISTORICO Y CULTURAL","00001","0160815","DEFENSA POR ATENTADOS CONTRA EL PATRIMONIO CULTURAL","04","AREQUIPA","5","RECURSOS DETERMINADOS","07","FONDO DE COMPENSACION MUNICIPAL","0","NORMAL","5","GASTO CORRIENTE","2","1","PERSONAL Y OBLIGACIONES SOCIALES","3","CONTRIBUCIONES A LA SEGURIDAD SOCIAL","1","OBLIGACIONES DEL EMPLEADOR","1","OBLIGACIONES DEL EMPLEADOR","5","CONTRIBUCIONES A ESSALUD","0","0","0","3465.84","3464.56","0","0","0","0","0","0","0","0","0","0","0","0","0"
"2020","M","GOBIERNOS LOCALES"," "," "," "," ","300331","040101","MUNICIPALIDAD PROVINCIAL DE AREQUIPA","04","AREQUIPA","01","AREQUIPA","01","AREQUIPA","41","0132","PUESTA EN VALOR Y USO SOCIAL DEL PATRIMONIO CULTURAL","3","ACTIVIDAD","3000708","PATRIMONIO CULTURAL SALVAGUARDADO Y PROTEGIDO","5005601","DEFENSA POR ATENTADOS CONTRA EL PATRIMONIO CULTURAL ","21","CULTURA Y DEPORTE","045","CULTURA","0099","PATRIMONIO HISTORICO Y CULTURAL","00001","0160815","DEFENSA POR ATENTADOS CONTRA EL PATRIMONIO CULTURAL","04","AREQUIPA","5","RECURSOS DETERMINADOS","07","FONDO DE COMPENSACION MUNICIPAL","0","NORMAL","5","GASTO CORRIENTE","2","3","BIENES Y SERVICIOS","2","CONTRATACION DE SERVICIOS","8","CONTRATO ADMINISTRATIVO DE SERVICIOS","1","CONTRATO ADMINISTRATIVO DE SERVICIOS","1","CONTRATO ADMINISTRATIVO DE SERVICIOS","2900","93100","96000","0","0","0","0","0","0","0","0","0","0","0","0","0","0","0"
"2020","M","GOBIERNOS LOCALES"," "," "," "," ","300331","040101","MUNICIPALIDAD PROVINCIAL DE AREQUIPA","04","AREQUIPA","01","AREQUIPA","01","AREQUIPA","41","0132","PUESTA EN VALOR Y USO SOCIAL DEL PATRIMONIO CULTURAL","3","ACTIVIDAD","3000708","PATRIMONIO CULTURAL SALVAGUARDADO Y PROTEGIDO","5005601","DEFENSA POR ATENTADOS CONTRA EL PATRIMONIO CULTURAL ","21","CULTURA Y DEPORTE","045","CULTURA","0099","PATRIMONIO HISTORICO Y CULTURAL","00001","0160815","DEFENSA POR ATENTADOS CONTRA EL PATRIMONIO CULTURAL","04","AREQUIPA","5","RECURSOS DETERMINADOS","07","FONDO DE COMPENSACION MUNICIPAL","0","NORMAL","5","GASTO CORRIENTE","2","3","BIENES Y SERVICIOS","2","CONTRATACION DE SERVICIOS","8","CONTRATO ADMINISTRATIVO DE SERVICIOS","1","CONTRATO ADMINISTRATIVO DE SERVICIOS","1","CONTRATO ADMINISTRATIVO DE SERVICIOS","0","0","0","96000","96000","0","0","0","0","0","0","0","0","0","0","0","0","0"
"2020","M","GOBIERNOS LOCALES"," "," "," "," ","300331","040101","MUNICIPALIDAD PROVINCIAL DE AREQUIPA","04","AREQUIPA","01","AREQUIPA","01","AREQUIPA","41","0132","PUESTA EN VALOR Y USO SOCIAL DEL PATRIMONIO CULTURAL","3","ACTIVIDAD","3000708","PATRIMONIO CULTURAL SALVAGUARDADO Y PROTEGIDO","5005601","DEFENSA POR ATENTADOS CONTRA EL PATRIMONIO CULTURAL ","21","CULTURA Y DEPORTE","045","CULTURA","0099","PATRIMONIO HISTORICO Y CULTURAL","00001","0160815","DEFENSA POR ATENTADOS CONTRA EL PATRIMONIO CULTURAL","04","AREQUIPA","5","RECURSOS DETERMINADOS","07","FONDO DE COMPENSACION MUNICIPAL","0","NORMAL","5","GASTO CORRIENTE","2","3","BIENES Y SERVICIOS","2","CONTRATACION DE SERVICIOS","8","CONTRATO ADMINISTRATIVO DE SERVICIOS","1","CONTRATO ADMINISTRATIVO DE SERVICIOS","2","CONTRIBUCIONES A ESSALUD DE C.A.S.","457","4707","5164","0","0","0","0","0","0","0","0","0","0","0","0","0","0","0"
"2020","M","GOBIERNOS LOCALES"," "," "," "," ","300331","040101","MUNICIPALIDAD PROVINCIAL DE AREQUIPA","04","AREQUIPA","01","AREQUIPA","01","AREQUIPA","41","0132","PUESTA EN VALOR Y USO SOCIAL DEL PATRIMONIO CULTURAL","3","ACTIVIDAD","3000708","PATRIMONIO CULTURAL SALVAGUARDADO Y PROTEGIDO","5005601","DEFENSA POR ATENTADOS CONTRA EL PATRIMONIO CULTURAL ","21","CULTURA Y DEPORTE","045","CULTURA","0099","PATRIMONIO HISTORICO Y CULTURAL","00001","0160815","DEFENSA POR ATENTADOS CONTRA EL PATRIMONIO CULTURAL","04","AREQUIPA","5","RECURSOS DETERMINADOS","07","FONDO DE COMPENSACION MUNICIPAL","0","NORMAL","5","GASTO CORRIENTE","2","3","BIENES Y SERVICIOS","2","CONTRATACION DE SERVICIOS","8","CONTRATO ADMINISTRATIVO DE SERVICIOS","1","CONTRATO ADMINISTRATIVO DE SERVICIOS","2","CONTRIBUCIONES A ESSALUD DE C.A.S.","0","0","0","5162.80","5162.80","0","0","0","0","0","0","0","0","0","0","0","0","0"
"2020","M","GOBIERNOS LOCALES"," "," "," "," ","300331","040101","MUNICIPALIDAD PROVINCIAL DE AREQUIPA","04","AREQUIPA","01","AREQUIPA","01","AREQUIPA","41","0132","PUESTA EN VALOR Y USO SOCIAL DEL PATRIMONIO CULTURAL","3","ACTIVIDAD","3000708","PATRIMONIO CULTURAL SALVAGUARDADO Y PROTEGIDO","5005601","DEFENSA POR ATENTADOS CONTRA EL PATRIMONIO CULTURAL ","21","CULTURA Y DEPORTE","045","CULTURA","0099","PATRIMONIO HISTORICO Y CULTURAL","00001","0160815","DEFENSA POR ATENTADOS CONTRA EL PATRIMONIO CULTURAL","04","AREQUIPA","5","RECURSOS DETERMINADOS","07","FONDO DE COMPENSACION MUNICIPAL","0","NORMAL","5","GASTO CORRIENTE","2","3","BIENES Y SERVICIOS","2","CONTRATACION DE SERVICIOS","8","CONTRATO ADMINISTRATIVO DE SERVICIOS","1","CONTRATO ADMINISTRATIVO DE SERVICIOS","4","AGUINALDOS DE C.A.S.","0","0","4794","0","0","0","0","0","0","0","0","0","0","0","0","0","0","0"
"2020","M","GOBIERNOS LOCALES"," "," "," "," ","300331","040101","MUNICIPALIDAD PROVINCIAL DE AREQUIPA","04","AREQUIPA","01","AREQUIPA","01","AREQUIPA","41","0132","PUESTA EN VALOR Y USO SOCIAL DEL PATRIMONIO CULTURAL","3","ACTIVIDAD","3000708","PATRIMONIO CULTURAL SALVAGUARDADO Y PROTEGIDO","5005601","DEFENSA POR ATENTADOS CONTRA EL PATRIMONIO CULTURAL ","21","CULTURA Y DEPORTE","045","CULTURA","0099","PATRIMONIO HISTORICO Y CULTURAL","00001","0160815","DEFENSA POR ATENTADOS CONTRA EL PATRIMONIO CULTURAL","04","AREQUIPA","5","RECURSOS DETERMINADOS","07","FONDO DE COMPENSACION MUNICIPAL","0","NORMAL","5","GASTO CORRIENTE","2","3","BIENES Y SERVICIOS","2","CONTRATACION DE SERVICIOS","8","CONTRATO ADMINISTRATIVO DE SERVICIOS","1","CONTRATO ADMINISTRATIVO DE SERVICIOS","4","AGUINALDOS DE C.A.S.","0","0","0","4793.33","4793.33","0","0","0","0","0","0","0","0","0","0","0","0","0"
"2020","M","GOBIERNOS LOCALES"," "," "," "," ","300331","040101","MUNICIPALIDAD PROVINCIAL DE AREQUIPA","04","AREQUIPA","01","AREQUIPA","01","AREQUIPA","41","0132","PUESTA EN VALOR Y USO SOCIAL DEL PATRIMONIO CULTURAL","3","ACTIVIDAD","3000708","PATRIMONIO CULTURAL SALVAGUARDADO Y PROTEGIDO","5005601","DEFENSA POR ATENTADOS CONTRA EL PATRIMONIO CULTURAL ","21","CULTURA Y DEPORTE","045","CULTURA","0099","PATRIMONIO HISTORICO Y CULTURAL","00001","0160815","DEFENSA POR ATENTADOS CONTRA EL PATRIMONIO CULTURAL","04","AREQUIPA","5","RECURSOS DETERMINADOS","07","FONDO DE COMPENSACION MUNICIPAL","A","SUB CUENTA - FONCOMUN","5","GASTO CORRIENTE","2","1","PERSONAL Y OBLIGACIONES SOCIALES","1","RETRIBUCIONES Y COMPLEMENTOS EN EFECTIVO","1","PERSONAL ADMINISTRATIVO","1","PERSONAL ADMINISTRATIVO","2","PERSONAL ADMINISTRATIVO NOMBRADO (REGIMEN PUBLICO)","0","0","0","0","0","0","0","0","0","19014.59","15578.89","15460.40","0","0","0","0","0","50053.88"
"2020","M","GOBIERNOS LOCALES"," "," "," "," ","300331","040101","MUNICIPALIDAD PROVINCIAL DE AREQUIPA","04","AREQUIPA","01","AREQUIPA","01","AREQUIPA","41","0132","PUESTA EN VALOR Y USO SOCIAL DEL PATRIMONIO CULTURAL","3","ACTIVIDAD","3000708","PATRIMONIO CULTURAL SALVAGUARDADO Y PROTEGIDO","5005601","DEFENSA POR ATENTADOS CONTRA EL PATRIMONIO CULTURAL ","21","CULTURA Y DEPORTE","045","CULTURA","0099","PATRIMONIO HISTORICO Y CULTURAL","00001","0160815","DEFENSA POR ATENTADOS CONTRA EL PATRIMONIO CULTURAL","04","AREQUIPA","5","RECURSOS DETERMINADOS","07","FONDO DE COMPENSACION MUNICIPAL","A","SUB CUENTA - FONCOMUN","5","GASTO CORRIENTE","2","1","PERSONAL Y OBLIGACIONES SOCIALES","1","RETRIBUCIONES Y COMPLEMENTOS EN EFECTIVO","1","PERSONAL ADMINISTRATIVO","2","OTRAS RETRIBUCIONES Y COMPLEMENTOS","99","OTRAS RETRIBUCIONES Y COMPLEMENTOS","0","0","0","0","0","0","0","0","0","1350","1350","0","0","0","0","0","0","2700"
"2020","M","GOBIERNOS LOCALES"," "," "," "," ","300331","040101","MUNICIPALIDAD PROVINCIAL DE AREQUIPA","04","AREQUIPA","01","AREQUIPA","01","AREQUIPA","41","0132","PUESTA EN VALOR Y USO SOCIAL DEL PATRIMONIO CULTURAL","3","ACTIVIDAD","3000708","PATRIMONIO CULTURAL SALVAGUARDADO Y PROTEGIDO","5005601","DEFENSA POR ATENTADOS CONTRA EL PATRIMONIO CULTURAL ","21","CULTURA Y DEPORTE","045","CULTURA","0099","PATRIMONIO HISTORICO Y CULTURAL","00001","0160815","DEFENSA POR ATENTADOS CONTRA EL PATRIMONIO CULTURAL","04","AREQUIPA","5","RECURSOS DETERMINADOS","07","FONDO DE COMPENSACION MUNICIPAL","A","SUB CUENTA - FONCOMUN","5","GASTO CORRIENTE","2","1","PERSONAL Y OBLIGACIONES SOCIALES","1","RETRIBUCIONES Y COMPLEMENTOS EN EFECTIVO","8","PERSONAL OBRERO","2","PERSONAL OBRERO EVENTUAL","1","OBREROS CON CONTRATO A PLAZO FIJO","0","0","0","0","0","0","0","0","0","1860","1860","1860","0","0","0","0","0","5580"
"2020","M","GOBIERNOS LOCALES"," "," "," "," ","300331","040101","MUNICIPALIDAD PROVINCIAL DE AREQUIPA","04","AREQUIPA","01","AREQUIPA","01","AREQUIPA","41","0132","PUESTA EN VALOR Y USO SOCIAL DEL PATRIMONIO CULTURAL","3","ACTIVIDAD","3000708","PATRIMONIO CULTURAL SALVAGUARDADO Y PROTEGIDO","5005601","DEFENSA POR ATENTADOS CONTRA EL PATRIMONIO CULTURAL ","21","CULTURA Y DEPORTE","045","CULTURA","0099","PATRIMONIO HISTORICO Y CULTURAL","00001","0160815","DEFENSA POR ATENTADOS CONTRA EL PATRIMONIO CULTURAL","04","AREQUIPA","5","RECURSOS DETERMINADOS","07","FONDO DE COMPENSACION MUNICIPAL","A","SUB CUENTA - FONCOMUN","5","GASTO CORRIENTE","2","1","PERSONAL Y OBLIGACIONES SOCIALES","1","RETRIBUCIONES Y COMPLEMENTOS EN EFECTIVO","9","GASTOS VARIABLES Y OCASIONALES","1","ESCOLARIDAD, AGUINALDOS Y GRATIFICACIONES","1","GRATIFICACIONES","0","0","0","0","0","0","0","0","0","0","0","1860","0","0","0","0","0","1860"
"2020","M","GOBIERNOS LOCALES"," "," "," "," ","300331","040101","MUNICIPALIDAD PROVINCIAL DE AREQUIPA","04","AREQUIPA","01","AREQUIPA","01","AREQUIPA","41","0132","PUESTA EN VALOR Y USO SOCIAL DEL PATRIMONIO CULTURAL","3","ACTIVIDAD","3000708","PATRIMONIO CULTURAL SALVAGUARDADO Y PROTEGIDO","5005601","DEFENSA POR ATENTADOS CONTRA EL PATRIMONIO CULTURAL ","21","CULTURA Y DEPORTE","045","CULTURA","0099","PATRIMONIO HISTORICO Y CULTURAL","00001","0160815","DEFENSA POR ATENTADOS CONTRA EL PATRIMONIO CULTURAL","04","AREQUIPA","5","RECURSOS DETERMINADOS","07","FONDO DE COMPENSACION MUNICIPAL","A","SUB CUENTA - FONCOMUN","5","GASTO CORRIENTE","2","1","PERSONAL Y OBLIGACIONES SOCIALES","1","RETRIBUCIONES Y COMPLEMENTOS EN EFECTIVO","9","GASTOS VARIABLES Y OCASIONALES","1","ESCOLARIDAD, AGUINALDOS Y GRATIFICACIONES","2","AGUINALDOS","0","0","0","0","0","0","0","0","0","0","0","16780.40","0","0","0","0","0","16780.40"
"2020","M","GOBIERNOS LOCALES"," "," "," "," ","300331","040101","MUNICIPALIDAD PROVINCIAL DE AREQUIPA","04","AREQUIPA","01","AREQUIPA","01","AREQUIPA","41","0132","PUESTA EN VALOR Y USO SOCIAL DEL PATRIMONIO CULTURAL","3","ACTIVIDAD","3000708","PATRIMONIO CULTURAL SALVAGUARDADO Y PROTEGIDO","5005601","DEFENSA POR ATENTADOS CONTRA EL PATRIMONIO CULTURAL ","21","CULTURA Y DEPORTE","045","CULTURA","0099","PATRIMONIO HISTORICO Y CULTURAL","00001","0160815","DEFENSA POR ATENTADOS CONTRA EL PATRIMONIO CULTURAL","04","AREQUIPA","5","RECURSOS DETERMINADOS","07","FONDO DE COMPENSACION MUNICIPAL","A","SUB CUENTA - FONCOMUN","5","GASTO CORRIENTE","2","1","PERSONAL Y OBLIGACIONES SOCIALES","1","RETRIBUCIONES Y COMPLEMENTOS EN EFECTIVO","9","GASTOS VARIABLES Y OCASIONALES","3","OTROS GASTOS VARIABLES Y OCASIONALES","2","BONIFICACION ADICIONAL POR VACACIONES","0","0","0","0","0","0","0","0","0","0","600","300","0","0","0","0","0","900"
"2020","M","GOBIERNOS LOCALES"," "," "," "," ","300331","040101","MUNICIPALIDAD PROVINCIAL DE AREQUIPA","04","AREQUIPA","01","AREQUIPA","01","AREQUIPA","41","0132","PUESTA EN VALOR Y USO SOCIAL DEL PATRIMONIO CULTURAL","3","ACTIVIDAD","3000708","PATRIMONIO CULTURAL SALVAGUARDADO Y PROTEGIDO","5005601","DEFENSA POR ATENTADOS CONTRA EL PATRIMONIO CULTURAL ","21","CULTURA Y DEPORTE","045","CULTURA","0099","PATRIMONIO HISTORICO Y CULTURAL","00001","0160815","DEFENSA POR ATENTADOS CONTRA EL PATRIMONIO CULTURAL","04","AREQUIPA","5","RECURSOS DETERMINADOS","07","FONDO DE COMPENSACION MUNICIPAL","A","SUB CUENTA - FONCOMUN","5","GASTO CORRIENTE","2","1","PERSONAL Y OBLIGACIONES SOCIALES","1","RETRIBUCIONES Y COMPLEMENTOS EN EFECTIVO","9","GASTOS VARIABLES Y OCASIONALES","3","OTROS GASTOS VARIABLES Y OCASIONALES","99","OTRAS OCASIONALES","0","0","0","0","0","0","0","0","0","0","0","167.40","0","0","0","0","0","167.40"
"2020","M","GOBIERNOS LOCALES"," "," "," "," ","300331","040101","MUNICIPALIDAD PROVINCIAL DE AREQUIPA","04","AREQUIPA","01","AREQUIPA","01","AREQUIPA","41","0132","PUESTA EN VALOR Y USO SOCIAL DEL PATRIMONIO CULTURAL","3","ACTIVIDAD","3000708","PATRIMONIO CULTURAL SALVAGUARDADO Y PROTEGIDO","5005601","DEFENSA POR ATENTADOS CONTRA EL PATRIMONIO CULTURAL ","21","CULTURA Y DEPORTE","045","CULTURA","0099","PATRIMONIO HISTORICO Y CULTURAL","00001","0160815","DEFENSA POR ATENTADOS CONTRA EL PATRIMONIO CULTURAL","04","AREQUIPA","5","RECURSOS DETERMINADOS","07","FONDO DE COMPENSACION MUNICIPAL","A","SUB CUENTA - FONCOMUN","5","GASTO CORRIENTE","2","1","PERSONAL Y OBLIGACIONES SOCIALES","3","CONTRIBUCIONES A LA SEGURIDAD SOCIAL","1","OBLIGACIONES DEL EMPLEADOR","1","OBLIGACIONES DEL EMPLEADOR","5","CONTRIBUCIONES A ESSALUD","0","0","0","0","0","0","0","0","0","1878.72","0","1585.84","0","0","0","0","0","3464.56"
"2020","M","GOBIERNOS LOCALES"," "," "," "," ","300331","040101","MUNICIPALIDAD PROVINCIAL DE AREQUIPA","04","AREQUIPA","01","AREQUIPA","01","AREQUIPA","41","0132","PUESTA EN VALOR Y USO SOCIAL DEL PATRIMONIO CULTURAL","3","ACTIVIDAD","3000708","PATRIMONIO CULTURAL SALVAGUARDADO Y PROTEGIDO","5005601","DEFENSA POR ATENTADOS CONTRA EL PATRIMONIO CULTURAL ","21","CULTURA Y DEPORTE","045","CULTURA","0099","PATRIMONIO HISTORICO Y CULTURAL","00001","0160815","DEFENSA POR ATENTADOS CONTRA EL PATRIMONIO CULTURAL","04","AREQUIPA","5","RECURSOS DETERMINADOS","07","FONDO DE COMPENSACION MUNICIPAL","A","SUB CUENTA - FONCOMUN","5","GASTO CORRIENTE","2","3","BIENES Y SERVICIOS","2","CONTRATACION DE SERVICIOS","8","CONTRATO ADMINISTRATIVO DE SERVICIOS","1","CONTRATO ADMINISTRATIVO DE SERVICIOS","1","CONTRATO ADMINISTRATIVO DE SERVICIOS","0","0","0","0","0","0","0","0","0","18989.24","18910.76","19200","0","0","19200","0","19155.93","95455.93"
"2020","M","GOBIERNOS LOCALES"," "," "," "," ","300331","040101","MUNICIPALIDAD PROVINCIAL DE AREQUIPA","04","AREQUIPA","01","AREQUIPA","01","AREQUIPA","41","0132","PUESTA EN VALOR Y USO SOCIAL DEL PATRIMONIO CULTURAL","3","ACTIVIDAD","3000708","PATRIMONIO CULTURAL SALVAGUARDADO Y PROTEGIDO","5005601","DEFENSA POR ATENTADOS CONTRA EL PATRIMONIO CULTURAL ","21","CULTURA Y DEPORTE","045","CULTURA","0099","PATRIMONIO HISTORICO Y CULTURAL","00001","0160815","DEFENSA POR ATENTADOS CONTRA EL PATRIMONIO CULTURAL","04","AREQUIPA","5","RECURSOS DETERMINADOS","07","FONDO DE COMPENSACION MUNICIPAL","A","SUB CUENTA - FONCOMUN","5","GASTO CORRIENTE","2","3","BIENES Y SERVICIOS","2","CONTRATACION DE SERVICIOS","8","CONTRATO ADMINISTRATIVO DE SERVICIOS","1","CONTRATO ADMINISTRATIVO DE SERVICIOS","2","CONTRIBUCIONES A ESSALUD DE C.A.S.","0","0","0","0","0","0","0","0","0","1290.60","1290.60","1290.60","0","0","0","0","1290.60","5162.40"
"2020","M","GOBIERNOS LOCALES"," "," "," "," ","300331","040101","MUNICIPALIDAD PROVINCIAL DE AREQUIPA","04","AREQUIPA","01","AREQUIPA","01","AREQUIPA","41","0132","PUESTA EN VALOR Y USO SOCIAL DEL PATRIMONIO CULTURAL","3","ACTIVIDAD","3000708","PATRIMONIO CULTURAL SALVAGUARDADO Y PROTEGIDO","5005601","DEFENSA POR ATENTADOS CONTRA EL PATRIMONIO CULTURAL ","21","CULTURA Y DEPORTE","045","CULTURA","0099","PATRIMONIO HISTORICO Y CULTURAL","00001","0160815","DEFENSA POR ATENTADOS CONTRA EL PATRIMONIO CULTURAL","04","AREQUIPA","5","RECURSOS DETERMINADOS","07","FONDO DE COMPENSACION MUNICIPAL","A","SUB CUENTA - FONCOMUN","5","GASTO CORRIENTE","2","3","BIENES Y SERVICIOS","2","CONTRATACION DE SERVICIOS","8","CONTRATO ADMINISTRATIVO DE SERVICIOS","1","CONTRATO ADMINISTRATIVO DE SERVICIOS","4","AGUINALDOS DE C.A.S.","0","0","0","0","0","0","0","0","0","0","0","2393.33","0","0","0","0","2400","4793.33"
"2020","M","GOBIERNOS LOCALES"," "," "," "," ","300331","040101","MUNICIPALIDAD PROVINCIAL DE AREQUIPA","04","AREQUIPA","01","AREQUIPA","01","AREQUIPA","41","0132","PUESTA EN VALOR Y USO SOCIAL DEL PATRIMONIO CULTURAL","3","ACTIVIDAD","3000708","PATRIMONIO CULTURAL SALVAGUARDADO Y PROTEGIDO","5005601","DEFENSA POR ATENTADOS CONTRA EL PATRIMONIO CULTURAL ","21","CULTURA Y DEPORTE","045","CULTURA","0099","PATRIMONIO HISTORICO Y CULTURAL","00001","0160815","DEFENSA POR ATENTADOS CONTRA EL PATRIMONIO CULTURAL","04","AREQUIPA","5","RECURSOS DETERMINADOS","08","IMPUESTOS MUNICIPALES","0","NORMAL","5","GASTO CORRIENTE","2","1","PERSONAL Y OBLIGACIONES SOCIALES","1","RETRIBUCIONES Y COMPLEMENTOS EN EFECTIVO","1","PERSONAL ADMINISTRATIVO","1","PERSONAL ADMINISTRATIVO","2","PERSONAL ADMINISTRATIVO NOMBRADO (REGIMEN PUBLICO)","67858","52858","120716","0","0","0","0","0","0","0","0","0","0","0","0","0","0","0"
"2020","M","GOBIERNOS LOCALES"," "," "," "," ","300331","040101","MUNICIPALIDAD PROVINCIAL DE AREQUIPA","04","AREQUIPA","01","AREQUIPA","01","AREQUIPA","41","0132","PUESTA EN VALOR Y USO SOCIAL DEL PATRIMONIO CULTURAL","3","ACTIVIDAD","3000708","PATRIMONIO CULTURAL SALVAGUARDADO Y PROTEGIDO","5005601","DEFENSA POR ATENTADOS CONTRA EL PATRIMONIO CULTURAL ","21","CULTURA Y DEPORTE","045","CULTURA","0099","PATRIMONIO HISTORICO Y CULTURAL","00001","0160815","DEFENSA POR ATENTADOS CONTRA EL PATRIMONIO CULTURAL","04","AREQUIPA","5","RECURSOS DETERMINADOS","08","IMPUESTOS MUNICIPALES","0","NORMAL","5","GASTO CORRIENTE","2","1","PERSONAL Y OBLIGACIONES SOCIALES","1","RETRIBUCIONES Y COMPLEMENTOS EN EFECTIVO","1","PERSONAL ADMINISTRATIVO","1","PERSONAL ADMINISTRATIVO","2","PERSONAL ADMINISTRATIVO NOMBRADO (REGIMEN PUBLICO)","0","0","0","120714.20","120714.20","18994.79","19014.59","19014.59","19007.99","0","0","0","0","0","0","0","0","76031.96"
"2020","M","GOBIERNOS LOCALES"," "," "," "," ","300331","040101","MUNICIPALIDAD PROVINCIAL DE AREQUIPA","04","AREQUIPA","01","AREQUIPA","01","AREQUIPA","41","0132","PUESTA EN VALOR Y USO SOCIAL DEL PATRIMONIO CULTURAL","3","ACTIVIDAD","3000708","PATRIMONIO CULTURAL SALVAGUARDADO Y PROTEGIDO","5005601","DEFENSA POR ATENTADOS CONTRA EL PATRIMONIO CULTURAL ","21","CULTURA Y DEPORTE","045","CULTURA","0099","PATRIMONIO HISTORICO Y CULTURAL","00001","0160815","DEFENSA POR ATENTADOS CONTRA EL PATRIMONIO CULTURAL","04","AREQUIPA","5","RECURSOS DETERMINADOS","08","IMPUESTOS MUNICIPALES","0","NORMAL","5","GASTO CORRIENTE","2","1","PERSONAL Y OBLIGACIONES SOCIALES","1","RETRIBUCIONES Y COMPLEMENTOS EN EFECTIVO","1","PERSONAL ADMINISTRATIVO","1","PERSONAL ADMINISTRATIVO","9","PERSONAL DE CONFIANZA (RÉGIMEN LABORAL PÚBLICO)","17899","-17899","0","0","0","0","0","0","0","0","0","0","0","0","0","0","0","0"
"2020","M","GOBIERNOS LOCALES"," "," "," "," ","300331","040101","MUNICIPALIDAD PROVINCIAL DE AREQUIPA","04","AREQUIPA","01","AREQUIPA","01","AREQUIPA","41","0132","PUESTA EN VALOR Y USO SOCIAL DEL PATRIMONIO CULTURAL","3","ACTIVIDAD","3000708","PATRIMONIO CULTURAL SALVAGUARDADO Y PROTEGIDO","5005601","DEFENSA POR ATENTADOS CONTRA EL PATRIMONIO CULTURAL ","21","CULTURA Y DEPORTE","045","CULTURA","0099","PATRIMONIO HISTORICO Y CULTURAL","00001","0160815","DEFENSA POR ATENTADOS CONTRA EL PATRIMONIO CULTURAL","04","AREQUIPA","5","RECURSOS DETERMINADOS","08","IMPUESTOS MUNICIPALES","0","NORMAL","5","GASTO CORRIENTE","2","1","PERSONAL Y OBLIGACIONES SOCIALES","1","RETRIBUCIONES Y COMPLEMENTOS EN EFECTIVO","1","PERSONAL ADMINISTRATIVO","2","OTRAS RETRIBUCIONES Y COMPLEMENTOS","99","OTRAS RETRIBUCIONES Y COMPLEMENTOS","0","0","1320","0","0","0","0","0","0","0","0","0","0","0","0","0","0","0"
"2020","M","GOBIERNOS LOCALES"," "," "," "," ","300331","040101","MUNICIPALIDAD PROVINCIAL DE AREQUIPA","04","AREQUIPA","01","AREQUIPA","01","AREQUIPA","41","0132","PUESTA EN VALOR Y USO SOCIAL DEL PATRIMONIO CULTURAL","3","ACTIVIDAD","3000708","PATRIMONIO CULTURAL SALVAGUARDADO Y PROTEGIDO","5005601","DEFENSA POR ATENTADOS CONTRA EL PATRIMONIO CULTURAL ","21","CULTURA Y DEPORTE","045","CULTURA","0099","PATRIMONIO HISTORICO Y CULTURAL","00001","0160815","DEFENSA POR ATENTADOS CONTRA EL PATRIMONIO CULTURAL","04","AREQUIPA","5","RECURSOS DETERMINADOS","08","IMPUESTOS MUNICIPALES","0","NORMAL","5","GASTO CORRIENTE","2","1","PERSONAL Y OBLIGACIONES SOCIALES","1","RETRIBUCIONES Y COMPLEMENTOS EN EFECTIVO","1","PERSONAL ADMINISTRATIVO","2","OTRAS RETRIBUCIONES Y COMPLEMENTOS","99","OTRAS RETRIBUCIONES Y COMPLEMENTOS","0","0","0","1320","1320","0","1320","0","0","0","0","0","0","0","0","0","0","1320"
"2020","M","GOBIERNOS LOCALES"," "," "," "," ","300331","040101","MUNICIPALIDAD PROVINCIAL DE AREQUIPA","04","AREQUIPA","01","AREQUIPA","01","AREQUIPA","41","0132","PUESTA EN VALOR Y USO SOCIAL DEL PATRIMONIO CULTURAL","3","ACTIVIDAD","3000708","PATRIMONIO CULTURAL SALVAGUARDADO Y PROTEGIDO","5005601","DEFENSA POR ATENTADOS CONTRA EL PATRIMONIO CULTURAL ","21","CULTURA Y DEPORTE","045","CULTURA","0099","PATRIMONIO HISTORICO Y CULTURAL","00001","0160815","DEFENSA POR ATENTADOS CONTRA EL PATRIMONIO CULTURAL","04","AREQUIPA","5","RECURSOS DETERMINADOS","08","IMPUESTOS MUNICIPALES","0","NORMAL","5","GASTO CORRIENTE","2","1","PERSONAL Y OBLIGACIONES SOCIALES","1","RETRIBUCIONES Y COMPLEMENTOS EN EFECTIVO","8","PERSONAL OBRERO","2","PERSONAL OBRERO EVENTUAL","1","OBREROS CON CONTRATO A PLAZO FIJO","2232","7124","9356","0","0","0","0","0","0","0","0","0","0","0","0","0","0","0"
"2020","M","GOBIERNOS LOCALES"," "," "," "," ","300331","040101","MUNICIPALIDAD PROVINCIAL DE AREQUIPA","04","AREQUIPA","01","AREQUIPA","01","AREQUIPA","41","0132","PUESTA EN VALOR Y USO SOCIAL DEL PATRIMONIO CULTURAL","3","ACTIVIDAD","3000708","PATRIMONIO CULTURAL SALVAGUARDADO Y PROTEGIDO","5005601","DEFENSA POR ATENTADOS CONTRA EL PATRIMONIO CULTURAL ","21","CULTURA Y DEPORTE","045","CULTURA","0099","PATRIMONIO HISTORICO Y CULTURAL","00001","0160815","DEFENSA POR ATENTADOS CONTRA EL PATRIMONIO CULTURAL","04","AREQUIPA","5","RECURSOS DETERMINADOS","08","IMPUESTOS MUNICIPALES","0","NORMAL","5","GASTO CORRIENTE","2","1","PERSONAL Y OBLIGACIONES SOCIALES","1","RETRIBUCIONES Y COMPLEMENTOS EN EFECTIVO","8","PERSONAL OBRERO","2","PERSONAL OBRERO EVENTUAL","1","OBREROS CON CONTRATO A PLAZO FIJO","0","0","0","9355.80","9355.80","1762.88","1860","1860","1860","0","0","0","0","0","0","0","0","7342.88"
"2020","M","GOBIERNOS LOCALES"," "," "," "," ","300331","040101","MUNICIPALIDAD PROVINCIAL DE AREQUIPA","04","AREQUIPA","01","AREQUIPA","01","AREQUIPA","41","0132","PUESTA EN VALOR Y USO SOCIAL DEL PATRIMONIO CULTURAL","3","ACTIVIDAD","3000708","PATRIMONIO CULTURAL SALVAGUARDADO Y PROTEGIDO","5005601","DEFENSA POR ATENTADOS CONTRA EL PATRIMONIO CULTURAL ","21","CULTURA Y DEPORTE","045","CULTURA","0099","PATRIMONIO HISTORICO Y CULTURAL","00001","0160815","DEFENSA POR ATENTADOS CONTRA EL PATRIMONIO CULTURAL","04","AREQUIPA","5","RECURSOS DETERMINADOS","08","IMPUESTOS MUNICIPALES","0","NORMAL","5","GASTO CORRIENTE","2","1","PERSONAL Y OBLIGACIONES SOCIALES","1","RETRIBUCIONES Y COMPLEMENTOS EN EFECTIVO","9","GASTOS VARIABLES Y OCASIONALES","1","ESCOLARIDAD, AGUINALDOS Y GRATIFICACIONES","2","AGUINALDOS","0","0","15931","0","0","0","0","0","0","0","0","0","0","0","0","0","0","0"
"2020","M","GOBIERNOS LOCALES"," "," "," "," ","300331","040101","MUNICIPALIDAD PROVINCIAL DE AREQUIPA","04","AREQUIPA","01","AREQUIPA","01","AREQUIPA","41","0132","PUESTA EN VALOR Y USO SOCIAL DEL PATRIMONIO CULTURAL","3","ACTIVIDAD","3000708","PATRIMONIO CULTURAL SALVAGUARDADO Y PROTEGIDO","5005601","DEFENSA POR ATENTADOS CONTRA EL PATRIMONIO CULTURAL ","21","CULTURA Y DEPORTE","045","CULTURA","0099","PATRIMONIO HISTORICO Y CULTURAL","00001","0160815","DEFENSA POR ATENTADOS CONTRA EL PATRIMONIO CULTURAL","04","AREQUIPA","5","RECURSOS DETERMINADOS","08","IMPUESTOS MUNICIPALES","0","NORMAL","5","GASTO CORRIENTE","2","1","PERSONAL Y OBLIGACIONES SOCIALES","1","RETRIBUCIONES Y COMPLEMENTOS EN EFECTIVO","9","GASTOS VARIABLES Y OCASIONALES","1","ESCOLARIDAD, AGUINALDOS Y GRATIFICACIONES","2","AGUINALDOS","0","0","0","15930.40","15930.40","0","0","0","0","0","0","0","0","0","0","0","0","0"
"2020","M","GOBIERNOS LOCALES"," "," "," "," ","300331","040101","MUNICIPALIDAD PROVINCIAL DE AREQUIPA","04","AREQUIPA","01","AREQUIPA","01","AREQUIPA","41","0132","PUESTA EN VALOR Y USO SOCIAL DEL PATRIMONIO CULTURAL","3","ACTIVIDAD","3000708","PATRIMONIO CULTURAL SALVAGUARDADO Y PROTEGIDO","5005601","DEFENSA POR ATENTADOS CONTRA EL PATRIMONIO CULTURAL ","21","CULTURA Y DEPORTE","045","CULTURA","0099","PATRIMONIO HISTORICO Y CULTURAL","00001","0160815","DEFENSA POR ATENTADOS CONTRA EL PATRIMONIO CULTURAL","04","AREQUIPA","5","RECURSOS DETERMINADOS","08","IMPUESTOS MUNICIPALES","0","NORMAL","5","GASTO CORRIENTE","2","1","PERSONAL Y OBLIGACIONES SOCIALES","1","RETRIBUCIONES Y COMPLEMENTOS EN EFECTIVO","9","GASTOS VARIABLES Y OCASIONALES","1","ESCOLARIDAD, AGUINALDOS Y GRATIFICACIONES","3","BONIFICACION POR ESCOLARIDAD","0","0","7949","0","0","0","0","0","0","0","0","0","0","0","0","0","0","0"
"2020","M","GOBIERNOS LOCALES"," "," "," "," ","300331","040101","MUNICIPALIDAD PROVINCIAL DE AREQUIPA","04","AREQUIPA","01","AREQUIPA","01","AREQUIPA","41","0132","PUESTA EN VALOR Y USO SOCIAL DEL PATRIMONIO CULTURAL","3","ACTIVIDAD","3000708","PATRIMONIO CULTURAL SALVAGUARDADO Y PROTEGIDO","5005601","DEFENSA POR ATENTADOS CONTRA EL PATRIMONIO CULTURAL ","21","CULTURA Y DEPORTE","045","CULTURA","0099","PATRIMONIO HISTORICO Y CULTURAL","00001","0160815","DEFENSA POR ATENTADOS CONTRA EL PATRIMONIO CULTURAL","04","AREQUIPA","5","RECURSOS DETERMINADOS","08","IMPUESTOS MUNICIPALES","0","NORMAL","5","GASTO CORRIENTE","2","1","PERSONAL Y OBLIGACIONES SOCIALES","1","RETRIBUCIONES Y COMPLEMENTOS EN EFECTIVO","9","GASTOS VARIABLES Y OCASIONALES","1","ESCOLARIDAD, AGUINALDOS Y GRATIFICACIONES","3","BONIFICACION POR ESCOLARIDAD","0","0","0","7947","7947","7946.67","0","0","0","0","0","0","0","0","0","0","0","7946.67"
"2020","M","GOBIERNOS LOCALES"," "," "," "," ","300331","040101","MUNICIPALIDAD PROVINCIAL DE AREQUIPA","04","AREQUIPA","01","AREQUIPA","01","AREQUIPA","41","0132","PUESTA EN VALOR Y USO SOCIAL DEL PATRIMONIO CULTURAL","3","ACTIVIDAD","3000708","PATRIMONIO CULTURAL SALVAGUARDADO Y PROTEGIDO","5005601","DEFENSA POR ATENTADOS CONTRA EL PATRIMONIO CULTURAL ","21","CULTURA Y DEPORTE","045","CULTURA","0099","PATRIMONIO HISTORICO Y CULTURAL","00001","0160815","DEFENSA POR ATENTADOS CONTRA EL PATRIMONIO CULTURAL","04","AREQUIPA","5","RECURSOS DETERMINADOS","08","IMPUESTOS MUNICIPALES","0","NORMAL","5","GASTO CORRIENTE","2","1","PERSONAL Y OBLIGACIONES SOCIALES","1","RETRIBUCIONES Y COMPLEMENTOS EN EFECTIVO","9","GASTOS VARIABLES Y OCASIONALES","3","OTROS GASTOS VARIABLES Y OCASIONALES","1","ASIGNACION POR CUMPLIR 25 O 30 AÑOS","2430","-2138","292","0","0","0","0","0","0","0","0","0","0","0","0","0","0","0"
"2020","M","GOBIERNOS LOCALES"," "," "," "," ","300331","040101","MUNICIPALIDAD PROVINCIAL DE AREQUIPA","04","AREQUIPA","01","AREQUIPA","01","AREQUIPA","41","0132","PUESTA EN VALOR Y USO SOCIAL DEL PATRIMONIO CULTURAL","3","ACTIVIDAD","3000708","PATRIMONIO CULTURAL SALVAGUARDADO Y PROTEGIDO","5005601","DEFENSA POR ATENTADOS CONTRA EL PATRIMONIO CULTURAL ","21","CULTURA Y DEPORTE","045","CULTURA","0099","PATRIMONIO HISTORICO Y CULTURAL","00001","0160815","DEFENSA POR ATENTADOS CONTRA EL PATRIMONIO CULTURAL","04","AREQUIPA","5","RECURSOS DETERMINADOS","08","IMPUESTOS MUNICIPALES","0","NORMAL","5","GASTO CORRIENTE","2","1","PERSONAL Y OBLIGACIONES SOCIALES","1","RETRIBUCIONES Y COMPLEMENTOS EN EFECTIVO","9","GASTOS VARIABLES Y OCASIONALES","3","OTROS GASTOS VARIABLES Y OCASIONALES","2","BONIFICACION ADICIONAL POR VACACIONES","1200","0","1200","0","0","0","0","0","0","0","0","0","0","0","0","0","0","0"
"2020","M","GOBIERNOS LOCALES"," "," "," "," ","300331","040101","MUNICIPALIDAD PROVINCIAL DE AREQUIPA","04","AREQUIPA","01","AREQUIPA","01","AREQUIPA","41","0132","PUESTA EN VALOR Y USO SOCIAL DEL PATRIMONIO CULTURAL","3","ACTIVIDAD","3000708","PATRIMONIO CULTURAL SALVAGUARDADO Y PROTEGIDO","5005601","DEFENSA POR ATENTADOS CONTRA EL PATRIMONIO CULTURAL ","21","CULTURA Y DEPORTE","045","CULTURA","0099","PATRIMONIO HISTORICO Y CULTURAL","00001","0160815","DEFENSA POR ATENTADOS CONTRA EL PATRIMONIO CULTURAL","04","AREQUIPA","5","RECURSOS DETERMINADOS","08","IMPUESTOS MUNICIPALES","0","NORMAL","5","GASTO CORRIENTE","2","1","PERSONAL Y OBLIGACIONES SOCIALES","1","RETRIBUCIONES Y COMPLEMENTOS EN EFECTIVO","9","GASTOS VARIABLES Y OCASIONALES","3","OTROS GASTOS VARIABLES Y OCASIONALES","2","BONIFICACION ADICIONAL POR VACACIONES","0","0","0","900","900","600","0","300","0","0","0","0","0","0","0","0","0","900"
"2020","M","GOBIERNOS LOCALES"," "," "," "," ","300331","040101","MUNICIPALIDAD PROVINCIAL DE AREQUIPA","04","AREQUIPA","01","AREQUIPA","01","AREQUIPA","41","0132","PUESTA EN VALOR Y USO SOCIAL DEL PATRIMONIO CULTURAL","3","ACTIVIDAD","3000708","PATRIMONIO CULTURAL SALVAGUARDADO Y PROTEGIDO","5005601","DEFENSA POR ATENTADOS CONTRA EL PATRIMONIO CULTURAL ","21","CULTURA Y DEPORTE","045","CULTURA","0099","PATRIMONIO HISTORICO Y CULTURAL","00001","0160815","DEFENSA POR ATENTADOS CONTRA EL PATRIMONIO CULTURAL","04","AREQUIPA","5","RECURSOS DETERMINADOS","08","IMPUESTOS MUNICIPALES","0","NORMAL","5","GASTO CORRIENTE","2","1","PERSONAL Y OBLIGACIONES SOCIALES","3","CONTRIBUCIONES A LA SEGURIDAD SOCIAL","1","OBLIGACIONES DEL EMPLEADOR","1","OBLIGACIONES DEL EMPLEADOR","5","CONTRIBUCIONES A ESSALUD","2630","9146","11776","0","0","0","0","0","0","0","0","0","0","0","0","0","0","0"
"2020","M","GOBIERNOS LOCALES"," "," "," "," ","300331","040101","MUNICIPALIDAD PROVINCIAL DE AREQUIPA","04","AREQUIPA","01","AREQUIPA","01","AREQUIPA","41","0132","PUESTA EN VALOR Y USO SOCIAL DEL PATRIMONIO CULTURAL","3","ACTIVIDAD","3000708","PATRIMONIO CULTURAL SALVAGUARDADO Y PROTEGIDO","5005601","DEFENSA POR ATENTADOS CONTRA EL PATRIMONIO CULTURAL ","21","CULTURA Y DEPORTE","045","CULTURA","0099","PATRIMONIO HISTORICO Y CULTURAL","00001","0160815","DEFENSA POR ATENTADOS CONTRA EL PATRIMONIO CULTURAL","04","AREQUIPA","5","RECURSOS DETERMINADOS","08","IMPUESTOS MUNICIPALES","0","NORMAL","5","GASTO CORRIENTE","2","1","PERSONAL Y OBLIGACIONES SOCIALES","3","CONTRIBUCIONES A LA SEGURIDAD SOCIAL","1","OBLIGACIONES DEL EMPLEADOR","1","OBLIGACIONES DEL EMPLEADOR","5","CONTRIBUCIONES A ESSALUD","0","0","0","11774.98","11774.38","1886.79","1878.72","1892.46","1878.13","0","1529.14","0","0","0","0","0","0","9065.24"
"2020","M","GOBIERNOS LOCALES"," "," "," "," ","300331","040101","MUNICIPALIDAD PROVINCIAL DE AREQUIPA","04","AREQUIPA","01","AREQUIPA","01","AREQUIPA","41","0132","PUESTA EN VALOR Y USO SOCIAL DEL PATRIMONIO CULTURAL","3","ACTIVIDAD","3000708","PATRIMONIO CULTURAL SALVAGUARDADO Y PROTEGIDO","5005601","DEFENSA POR ATENTADOS CONTRA EL PATRIMONIO CULTURAL ","21","CULTURA Y DEPORTE","045","CULTURA","0099","PATRIMONIO HISTORICO Y CULTURAL","00001","0160815","DEFENSA POR ATENTADOS CONTRA EL PATRIMONIO CULTURAL","04","AREQUIPA","5","RECURSOS DETERMINADOS","08","IMPUESTOS MUNICIPALES","0","NORMAL","5","GASTO CORRIENTE","2","3","BIENES Y SERVICIOS","1","COMPRA DE BIENES","2","VESTUARIOS Y TEXTILES","1","VESTUARIO, ZAPATERIA Y ACCESORIOS, TALABARTERIA Y MATERIALES TEXTILES","1","VESTUARIO, ACCESORIOS Y PRENDAS DIVERSAS","0","0","78","0","0","0","0","0","0","0","0","0","0","0","0","0","0","0"
"2020","M","GOBIERNOS LOCALES"," "," "," "," ","300331","040101","MUNICIPALIDAD PROVINCIAL DE AREQUIPA","04","AREQUIPA","01","AREQUIPA","01","AREQUIPA","41","0132","PUESTA EN VALOR Y USO SOCIAL DEL PATRIMONIO CULTURAL","3","ACTIVIDAD","3000708","PATRIMONIO CULTURAL SALVAGUARDADO Y PROTEGIDO","5005601","DEFENSA POR ATENTADOS CONTRA EL PATRIMONIO CULTURAL ","21","CULTURA Y DEPORTE","045","CULTURA","0099","PATRIMONIO HISTORICO Y CULTURAL","00001","0160815","DEFENSA POR ATENTADOS CONTRA EL PATRIMONIO CULTURAL","04","AREQUIPA","5","RECURSOS DETERMINADOS","08","IMPUESTOS MUNICIPALES","0","NORMAL","5","GASTO CORRIENTE","2","3","BIENES Y SERVICIOS","1","COMPRA DE BIENES","2","VESTUARIOS Y TEXTILES","1","VESTUARIO, ZAPATERIA Y ACCESORIOS, TALABARTERIA Y MATERIALES TEXTILES","1","VESTUARIO, ACCESORIOS Y PRENDAS DIVERSAS","0","0","0","78","42.50","0","0","0","0","0","0","0","0","0","0","0","0","0"
"2020","M","GOBIERNOS LOCALES"," "," "," "," ","300331","040101","MUNICIPALIDAD PROVINCIAL DE AREQUIPA","04","AREQUIPA","01","AREQUIPA","01","AREQUIPA","41","0132","PUESTA EN VALOR Y USO SOCIAL DEL PATRIMONIO CULTURAL","3","ACTIVIDAD","3000708","PATRIMONIO CULTURAL SALVAGUARDADO Y PROTEGIDO","5005601","DEFENSA POR ATENTADOS CONTRA EL PATRIMONIO CULTURAL ","21","CULTURA Y DEPORTE","045","CULTURA","0099","PATRIMONIO HISTORICO Y CULTURAL","00001","0160815","DEFENSA POR ATENTADOS CONTRA EL PATRIMONIO CULTURAL","04","AREQUIPA","5","RECURSOS DETERMINADOS","08","IMPUESTOS MUNICIPALES","0","NORMAL","5","GASTO CORRIENTE","2","3","BIENES Y SERVICIOS","1","COMPRA DE BIENES","3","COMBUSTIBLES, CARBURANTES, LUBRICANTES Y AFINES","1","COMBUSTIBLES, CARBURANTES, LUBRICANTES Y AFINES","1","COMBUSTIBLES Y CARBURANTES","0","0","3795","0","0","0","0","0","0","0","0","0","0","0","0","0","0","0"
"2020","M","GOBIERNOS LOCALES"," "," "," "," ","300331","040101","MUNICIPALIDAD PROVINCIAL DE AREQUIPA","04","AREQUIPA","01","AREQUIPA","01","AREQUIPA","41","0132","PUESTA EN VALOR Y USO SOCIAL DEL PATRIMONIO CULTURAL","3","ACTIVIDAD","3000708","PATRIMONIO CULTURAL SALVAGUARDADO Y PROTEGIDO","5005601","DEFENSA POR ATENTADOS CONTRA EL PATRIMONIO CULTURAL ","21","CULTURA Y DEPORTE","045","CULTURA","0099","PATRIMONIO HISTORICO Y CULTURAL","00001","0160815","DEFENSA POR ATENTADOS CONTRA EL PATRIMONIO CULTURAL","04","AREQUIPA","5","RECURSOS DETERMINADOS","08","IMPUESTOS MUNICIPALES","0","NORMAL","5","GASTO CORRIENTE","2","3","BIENES Y SERVICIOS","1","COMPRA DE BIENES","3","COMBUSTIBLES, CARBURANTES, LUBRICANTES Y AFINES","1","COMBUSTIBLES, CARBURANTES, LUBRICANTES Y AFINES","1","COMBUSTIBLES Y CARBURANTES","0","0","0","3795","980.66","0","0","354.19","0","0","0","0","0","0","0","0","0","354.19"
"2020","M","GOBIERNOS LOCALES"," "," "," "," ","300331","040101","MUNICIPALIDAD PROVINCIAL DE AREQUIPA","04","AREQUIPA","01","AREQUIPA","01","AREQUIPA","41","0132","PUESTA EN VALOR Y USO SOCIAL DEL PATRIMONIO CULTURAL","3","ACTIVIDAD","3000708","PATRIMONIO CULTURAL SALVAGUARDADO Y PROTEGIDO","5005601","DEFENSA POR ATENTADOS CONTRA EL PATRIMONIO CULTURAL ","21","CULTURA Y DEPORTE","045","CULTURA","0099","PATRIMONIO HISTORICO Y CULTURAL","00001","0160815","DEFENSA POR ATENTADOS CONTRA EL PATRIMONIO CULTURAL","04","AREQUIPA","5","RECURSOS DETERMINADOS","08","IMPUESTOS MUNICIPALES","0","NORMAL","5","GASTO CORRIENTE","2","3","BIENES Y SERVICIOS","1","COMPRA DE BIENES","5","MATERIALES Y  UTILES","1","DE OFICINA","2","PAPELERIA EN GENERAL, UTILES Y MATERIALES DE OFICINA","0","0","146","0","0","0","0","0","0","0","0","0","0","0","0","0","0","0"
"2020","M","GOBIERNOS LOCALES"," "," "," "," ","300331","040101","MUNICIPALIDAD PROVINCIAL DE AREQUIPA","04","AREQUIPA","01","AREQUIPA","01","AREQUIPA","41","0132","PUESTA EN VALOR Y USO SOCIAL DEL PATRIMONIO CULTURAL","3","ACTIVIDAD","3000708","PATRIMONIO CULTURAL SALVAGUARDADO Y PROTEGIDO","5005601","DEFENSA POR ATENTADOS CONTRA EL PATRIMONIO CULTURAL ","21","CULTURA Y DEPORTE","045","CULTURA","0099","PATRIMONIO HISTORICO Y CULTURAL","00001","0160815","DEFENSA POR ATENTADOS CONTRA EL PATRIMONIO CULTURAL","04","AREQUIPA","5","RECURSOS DETERMINADOS","08","IMPUESTOS MUNICIPALES","0","NORMAL","5","GASTO CORRIENTE","2","3","BIENES Y SERVICIOS","1","COMPRA DE BIENES","5","MATERIALES Y  UTILES","1","DE OFICINA","2","PAPELERIA EN GENERAL, UTILES Y MATERIALES DE OFICINA","0","0","0","0","0","0","0","0","0","0","0","0","0","0","0","0","0","0"
"2020","M","GOBIERNOS LOCALES"," "," "," "," ","300331","040101","MUNICIPALIDAD PROVINCIAL DE AREQUIPA","04","AREQUIPA","01","AREQUIPA","01","AREQUIPA","41","0132","PUESTA EN VALOR Y USO SOCIAL DEL PATRIMONIO CULTURAL","3","ACTIVIDAD","3000708","PATRIMONIO CULTURAL SALVAGUARDADO Y PROTEGIDO","5005601","DEFENSA POR ATENTADOS CONTRA EL PATRIMONIO CULTURAL ","21","CULTURA Y DEPORTE","045","CULTURA","0099","PATRIMONIO HISTORICO Y CULTURAL","00001","0160815","DEFENSA POR ATENTADOS CONTRA EL PATRIMONIO CULTURAL","04","AREQUIPA","5","RECURSOS DETERMINADOS","08","IMPUESTOS MUNICIPALES","0","NORMAL","5","GASTO CORRIENTE","2","3","BIENES Y SERVICIOS","1","COMPRA DE BIENES","5","MATERIALES Y  UTILES","3","ASEO, LIMPIEZA Y COCINA","1","ASEO, LIMPIEZA Y TOCADOR","0","0","116","0","0","0","0","0","0","0","0","0","0","0","0","0","0","0"
"2020","M","GOBIERNOS LOCALES"," "," "," "," ","300331","040101","MUNICIPALIDAD PROVINCIAL DE AREQUIPA","04","AREQUIPA","01","AREQUIPA","01","AREQUIPA","41","0132","PUESTA EN VALOR Y USO SOCIAL DEL PATRIMONIO CULTURAL","3","ACTIVIDAD","3000708","PATRIMONIO CULTURAL SALVAGUARDADO Y PROTEGIDO","5005601","DEFENSA POR ATENTADOS CONTRA EL PATRIMONIO CULTURAL ","21","CULTURA Y DEPORTE","045","CULTURA","0099","PATRIMONIO HISTORICO Y CULTURAL","00001","0160815","DEFENSA POR ATENTADOS CONTRA EL PATRIMONIO CULTURAL","04","AREQUIPA","5","RECURSOS DETERMINADOS","08","IMPUESTOS MUNICIPALES","0","NORMAL","5","GASTO CORRIENTE","2","3","BIENES Y SERVICIOS","1","COMPRA DE BIENES","5","MATERIALES Y  UTILES","3","ASEO, LIMPIEZA Y COCINA","1","ASEO, LIMPIEZA Y TOCADOR","0","0","0","116","48.75","0","0","0","0","0","0","0","0","0","0","0","0","0"
"2020","M","GOBIERNOS LOCALES"," "," "," "," ","300331","040101","MUNICIPALIDAD PROVINCIAL DE AREQUIPA","04","AREQUIPA","01","AREQUIPA","01","AREQUIPA","41","0132","PUESTA EN VALOR Y USO SOCIAL DEL PATRIMONIO CULTURAL","3","ACTIVIDAD","3000708","PATRIMONIO CULTURAL SALVAGUARDADO Y PROTEGIDO","5005601","DEFENSA POR ATENTADOS CONTRA EL PATRIMONIO CULTURAL ","21","CULTURA Y DEPORTE","045","CULTURA","0099","PATRIMONIO HISTORICO Y CULTURAL","00001","0160815","DEFENSA POR ATENTADOS CONTRA EL PATRIMONIO CULTURAL","04","AREQUIPA","5","RECURSOS DETERMINADOS","08","IMPUESTOS MUNICIPALES","0","NORMAL","5","GASTO CORRIENTE","2","3","BIENES Y SERVICIOS","1","COMPRA DE BIENES","6","REPUESTOS Y ACCESORIOS","1","REPUESTOS Y ACCESORIOS","4","DE SEGURIDAD","0","0","80","0","0","0","0","0","0","0","0","0","0","0","0","0","0","0"
"2020","M","GOBIERNOS LOCALES"," "," "," "," ","300331","040101","MUNICIPALIDAD PROVINCIAL DE AREQUIPA","04","AREQUIPA","01","AREQUIPA","01","AREQUIPA","41","0132","PUESTA EN VALOR Y USO SOCIAL DEL PATRIMONIO CULTURAL","3","ACTIVIDAD","3000708","PATRIMONIO CULTURAL SALVAGUARDADO Y PROTEGIDO","5005601","DEFENSA POR ATENTADOS CONTRA EL PATRIMONIO CULTURAL ","21","CULTURA Y DEPORTE","045","CULTURA","0099","PATRIMONIO HISTORICO Y CULTURAL","00001","0160815","DEFENSA POR ATENTADOS CONTRA EL PATRIMONIO CULTURAL","04","AREQUIPA","5","RECURSOS DETERMINADOS","08","IMPUESTOS MUNICIPALES","0","NORMAL","5","GASTO CORRIENTE","2","3","BIENES Y SERVICIOS","1","COMPRA DE BIENES","6","REPUESTOS Y ACCESORIOS","1","REPUESTOS Y ACCESORIOS","4","DE SEGURIDAD","0","0","0","80","54","0","0","0","0","0","0","0","0","0","0","0","0","0"
"2020","M","GOBIERNOS LOCALES"," "," "," "," ","300331","040101","MUNICIPALIDAD PROVINCIAL DE AREQUIPA","04","AREQUIPA","01","AREQUIPA","01","AREQUIPA","41","0132","PUESTA EN VALOR Y USO SOCIAL DEL PATRIMONIO CULTURAL","3","ACTIVIDAD","3000708","PATRIMONIO CULTURAL SALVAGUARDADO Y PROTEGIDO","5005601","DEFENSA POR ATENTADOS CONTRA EL PATRIMONIO CULTURAL ","21","CULTURA Y DEPORTE","045","CULTURA","0099","PATRIMONIO HISTORICO Y CULTURAL","00001","0160815","DEFENSA POR ATENTADOS CONTRA EL PATRIMONIO CULTURAL","04","AREQUIPA","5","RECURSOS DETERMINADOS","08","IMPUESTOS MUNICIPALES","0","NORMAL","5","GASTO CORRIENTE","2","3","BIENES Y SERVICIOS","1","COMPRA DE BIENES","8","SUMINISTROS MEDICOS","2","MATERIAL,INSUMOS,INSTRUMENTAL Y ACCESORIOS MEDICOS,QUIRURGICOS, ODONTOLOGICOS Y DE LABORATORIO","1","MATERIAL, INSUMOS, INSTRUMENTAL Y ACCESORIOS  MEDICOS, QUIRURGICOS, ODONTOLOGICOS Y DE LABORATORIO","0","0","80","0","0","0","0","0","0","0","0","0","0","0","0","0","0","0"
"2020","M","GOBIERNOS LOCALES"," "," "," "," ","300331","040101","MUNICIPALIDAD PROVINCIAL DE AREQUIPA","04","AREQUIPA","01","AREQUIPA","01","AREQUIPA","41","0132","PUESTA EN VALOR Y USO SOCIAL DEL PATRIMONIO CULTURAL","3","ACTIVIDAD","3000708","PATRIMONIO CULTURAL SALVAGUARDADO Y PROTEGIDO","5005601","DEFENSA POR ATENTADOS CONTRA EL PATRIMONIO CULTURAL ","21","CULTURA Y DEPORTE","045","CULTURA","0099","PATRIMONIO HISTORICO Y CULTURAL","00001","0160815","DEFENSA POR ATENTADOS CONTRA EL PATRIMONIO CULTURAL","04","AREQUIPA","5","RECURSOS DETERMINADOS","08","IMPUESTOS MUNICIPALES","0","NORMAL","5","GASTO CORRIENTE","2","3","BIENES Y SERVICIOS","1","COMPRA DE BIENES","8","SUMINISTROS MEDICOS","2","MATERIAL,INSUMOS,INSTRUMENTAL Y ACCESORIOS MEDICOS,QUIRURGICOS, ODONTOLOGICOS Y DE LABORATORIO","1","MATERIAL, INSUMOS, INSTRUMENTAL Y ACCESORIOS  MEDICOS, QUIRURGICOS, ODONTOLOGICOS Y DE LABORATORIO","0","0","0","80","70","0","0","0","0","0","0","0","0","0","0","0","0","0"
"2020","M","GOBIERNOS LOCALES"," "," "," "," ","300331","040101","MUNICIPALIDAD PROVINCIAL DE AREQUIPA","04","AREQUIPA","01","AREQUIPA","01","AREQUIPA","41","0132","PUESTA EN VALOR Y USO SOCIAL DEL PATRIMONIO CULTURAL","3","ACTIVIDAD","3000708","PATRIMONIO CULTURAL SALVAGUARDADO Y PROTEGIDO","5005601","DEFENSA POR ATENTADOS CONTRA EL PATRIMONIO CULTURAL ","21","CULTURA Y DEPORTE","045","CULTURA","0099","PATRIMONIO HISTORICO Y CULTURAL","00001","0160815","DEFENSA POR ATENTADOS CONTRA EL PATRIMONIO CULTURAL","04","AREQUIPA","5","RECURSOS DETERMINADOS","08","IMPUESTOS MUNICIPALES","0","NORMAL","5","GASTO CORRIENTE","2","3","BIENES Y SERVICIOS","1","COMPRA DE BIENES","99","COMPRA DE OTROS BIENES","1","COMPRA DE OTROS BIENES","1","HERRAMIENTAS","0","0","489","0","0","0","0","0","0","0","0","0","0","0","0","0","0","0"
"2020","M","GOBIERNOS LOCALES"," "," "," "," ","300331","040101","MUNICIPALIDAD PROVINCIAL DE AREQUIPA","04","AREQUIPA","01","AREQUIPA","01","AREQUIPA","41","0132","PUESTA EN VALOR Y USO SOCIAL DEL PATRIMONIO CULTURAL","3","ACTIVIDAD","3000708","PATRIMONIO CULTURAL SALVAGUARDADO Y PROTEGIDO","5005601","DEFENSA POR ATENTADOS CONTRA EL PATRIMONIO CULTURAL ","21","CULTURA Y DEPORTE","045","CULTURA","0099","PATRIMONIO HISTORICO Y CULTURAL","00001","0160815","DEFENSA POR ATENTADOS CONTRA EL PATRIMONIO CULTURAL","04","AREQUIPA","5","RECURSOS DETERMINADOS","08","IMPUESTOS MUNICIPALES","0","NORMAL","5","GASTO CORRIENTE","2","3","BIENES Y SERVICIOS","1","COMPRA DE BIENES","99","COMPRA DE OTROS BIENES","1","COMPRA DE OTROS BIENES","1","HERRAMIENTAS","0","0","0","488.80","28.50","0","0","0","0","0","0","0","0","0","0","0","0","0"
"2020","M","GOBIERNOS LOCALES"," "," "," "," ","300331","040101","MUNICIPALIDAD PROVINCIAL DE AREQUIPA","04","AREQUIPA","01","AREQUIPA","01","AREQUIPA","41","0132","PUESTA EN VALOR Y USO SOCIAL DEL PATRIMONIO CULTURAL","3","ACTIVIDAD","3000708","PATRIMONIO CULTURAL SALVAGUARDADO Y PROTEGIDO","5005601","DEFENSA POR ATENTADOS CONTRA EL PATRIMONIO CULTURAL ","21","CULTURA Y DEPORTE","045","CULTURA","0099","PATRIMONIO HISTORICO Y CULTURAL","00001","0160815","DEFENSA POR ATENTADOS CONTRA EL PATRIMONIO CULTURAL","04","AREQUIPA","5","RECURSOS DETERMINADOS","08","IMPUESTOS MUNICIPALES","0","NORMAL","5","GASTO CORRIENTE","2","3","BIENES Y SERVICIOS","1","COMPRA DE BIENES","99","COMPRA DE OTROS BIENES","1","COMPRA DE OTROS BIENES","99","OTROS BIENES","300","-190","110","0","0","0","0","0","0","0","0","0","0","0","0","0","0","0"
"2020","M","GOBIERNOS LOCALES"," "," "," "," ","300331","040101","MUNICIPALIDAD PROVINCIAL DE AREQUIPA","04","AREQUIPA","01","AREQUIPA","01","AREQUIPA","41","0132","PUESTA EN VALOR Y USO SOCIAL DEL PATRIMONIO CULTURAL","3","ACTIVIDAD","3000708","PATRIMONIO CULTURAL SALVAGUARDADO Y PROTEGIDO","5005601","DEFENSA POR ATENTADOS CONTRA EL PATRIMONIO CULTURAL ","21","CULTURA Y DEPORTE","045","CULTURA","0099","PATRIMONIO HISTORICO Y CULTURAL","00001","0160815","DEFENSA POR ATENTADOS CONTRA EL PATRIMONIO CULTURAL","04","AREQUIPA","5","RECURSOS DETERMINADOS","08","IMPUESTOS MUNICIPALES","0","NORMAL","5","GASTO CORRIENTE","2","3","BIENES Y SERVICIOS","1","COMPRA DE BIENES","99","COMPRA DE OTROS BIENES","1","COMPRA DE OTROS BIENES","99","OTROS BIENES","0","0","0","110","0","0","0","0","0","0","0","0","0","0","0","0","0","0"
"2020","M","GOBIERNOS LOCALES"," "," "," "," ","300331","040101","MUNICIPALIDAD PROVINCIAL DE AREQUIPA","04","AREQUIPA","01","AREQUIPA","01","AREQUIPA","41","0132","PUESTA EN VALOR Y USO SOCIAL DEL PATRIMONIO CULTURAL","3","ACTIVIDAD","3000708","PATRIMONIO CULTURAL SALVAGUARDADO Y PROTEGIDO","5005601","DEFENSA POR ATENTADOS CONTRA EL PATRIMONIO CULTURAL ","21","CULTURA Y DEPORTE","045","CULTURA","0099","PATRIMONIO HISTORICO Y CULTURAL","00001","0160815","DEFENSA POR ATENTADOS CONTRA EL PATRIMONIO CULTURAL","04","AREQUIPA","5","RECURSOS DETERMINADOS","08","IMPUESTOS MUNICIPALES","0","NORMAL","5","GASTO CORRIENTE","2","3","BIENES Y SERVICIOS","2","CONTRATACION DE SERVICIOS","7","SERVICIOS PROFESIONALES Y TECNICOS","7","SERVICIOS RELACIONADOS CON EL MEDIO AMBIENTE","2","SERVICIO DE REMEDIACION AMBIENTAL","0","0","57206","0","0","0","0","0","0","0","0","0","0","0","0","0","0","0"
"2020","M","GOBIERNOS LOCALES"," "," "," "," ","300331","040101","MUNICIPALIDAD PROVINCIAL DE AREQUIPA","04","AREQUIPA","01","AREQUIPA","01","AREQUIPA","41","0132","PUESTA EN VALOR Y USO SOCIAL DEL PATRIMONIO CULTURAL","3","ACTIVIDAD","3000708","PATRIMONIO CULTURAL SALVAGUARDADO Y PROTEGIDO","5005601","DEFENSA POR ATENTADOS CONTRA EL PATRIMONIO CULTURAL ","21","CULTURA Y DEPORTE","045","CULTURA","0099","PATRIMONIO HISTORICO Y CULTURAL","00001","0160815","DEFENSA POR ATENTADOS CONTRA EL PATRIMONIO CULTURAL","04","AREQUIPA","5","RECURSOS DETERMINADOS","08","IMPUESTOS MUNICIPALES","0","NORMAL","5","GASTO CORRIENTE","2","3","BIENES Y SERVICIOS","2","CONTRATACION DE SERVICIOS","7","SERVICIOS PROFESIONALES Y TECNICOS","11","OTROS SERVICIOS","99","SERVICIOS DIVERSOS","61800","-61800","0","0","0","0","0","0","0","0","0","0","0","0","0","0","0","0"
"2020","M","GOBIERNOS LOCALES"," "," "," "," ","300331","040101","MUNICIPALIDAD PROVINCIAL DE AREQUIPA","04","AREQUIPA","01","AREQUIPA","01","AREQUIPA","41","0132","PUESTA EN VALOR Y USO SOCIAL DEL PATRIMONIO CULTURAL","3","ACTIVIDAD","3000708","PATRIMONIO CULTURAL SALVAGUARDADO Y PROTEGIDO","5005601","DEFENSA POR ATENTADOS CONTRA EL PATRIMONIO CULTURAL ","21","CULTURA Y DEPORTE","045","CULTURA","0099","PATRIMONIO HISTORICO Y CULTURAL","00001","0160815","DEFENSA POR ATENTADOS CONTRA EL PATRIMONIO CULTURAL","04","AREQUIPA","5","RECURSOS DETERMINADOS","08","IMPUESTOS MUNICIPALES","0","NORMAL","5","GASTO CORRIENTE","2","3","BIENES Y SERVICIOS","2","CONTRATACION DE SERVICIOS","8","CONTRATO ADMINISTRATIVO DE SERVICIOS","1","CONTRATO ADMINISTRATIVO DE SERVICIOS","1","CONTRATO ADMINISTRATIVO DE SERVICIOS","11507","122683","134190","0","0","0","0","0","0","0","0","0","0","0","0","0","0","0"
"2020","M","GOBIERNOS LOCALES"," "," "," "," ","300331","040101","MUNICIPALIDAD PROVINCIAL DE AREQUIPA","04","AREQUIPA","01","AREQUIPA","01","AREQUIPA","41","0132","PUESTA EN VALOR Y USO SOCIAL DEL PATRIMONIO CULTURAL","3","ACTIVIDAD","3000708","PATRIMONIO CULTURAL SALVAGUARDADO Y PROTEGIDO","5005601","DEFENSA POR ATENTADOS CONTRA EL PATRIMONIO CULTURAL ","21","CULTURA Y DEPORTE","045","CULTURA","0099","PATRIMONIO HISTORICO Y CULTURAL","00001","0160815","DEFENSA POR ATENTADOS CONTRA EL PATRIMONIO CULTURAL","04","AREQUIPA","5","RECURSOS DETERMINADOS","08","IMPUESTOS MUNICIPALES","0","NORMAL","5","GASTO CORRIENTE","2","3","BIENES Y SERVICIOS","2","CONTRATACION DE SERVICIOS","8","CONTRATO ADMINISTRATIVO DE SERVICIOS","1","CONTRATO ADMINISTRATIVO DE SERVICIOS","1","CONTRATO ADMINISTRATIVO DE SERVICIOS","0","0","0","134190","134190","19140","19200","19150","19100","0","0","0","0","0","0","0","0","76590"
"2020","M","GOBIERNOS LOCALES"," "," "," "," ","300331","040101","MUNICIPALIDAD PROVINCIAL DE AREQUIPA","04","AREQUIPA","01","AREQUIPA","01","AREQUIPA","41","0132","PUESTA EN VALOR Y USO SOCIAL DEL PATRIMONIO CULTURAL","3","ACTIVIDAD","3000708","PATRIMONIO CULTURAL SALVAGUARDADO Y PROTEGIDO","5005601","DEFENSA POR ATENTADOS CONTRA EL PATRIMONIO CULTURAL ","21","CULTURA Y DEPORTE","045","CULTURA","0099","PATRIMONIO HISTORICO Y CULTURAL","00001","0160815","DEFENSA POR ATENTADOS CONTRA EL PATRIMONIO CULTURAL","04","AREQUIPA","5","RECURSOS DETERMINADOS","08","IMPUESTOS MUNICIPALES","0","NORMAL","5","GASTO CORRIENTE","2","3","BIENES Y SERVICIOS","2","CONTRATACION DE SERVICIOS","8","CONTRATO ADMINISTRATIVO DE SERVICIOS","1","CONTRATO ADMINISTRATIVO DE SERVICIOS","2","CONTRIBUCIONES A ESSALUD DE C.A.S.","729","8291","9020","0","0","0","0","0","0","0","0","0","0","0","0","0","0","0"
"2020","M","GOBIERNOS LOCALES"," "," "," "," ","300331","040101","MUNICIPALIDAD PROVINCIAL DE AREQUIPA","04","AREQUIPA","01","AREQUIPA","01","AREQUIPA","41","0132","PUESTA EN VALOR Y USO SOCIAL DEL PATRIMONIO CULTURAL","3","ACTIVIDAD","3000708","PATRIMONIO CULTURAL SALVAGUARDADO Y PROTEGIDO","5005601","DEFENSA POR ATENTADOS CONTRA EL PATRIMONIO CULTURAL ","21","CULTURA Y DEPORTE","045","CULTURA","0099","PATRIMONIO HISTORICO Y CULTURAL","00001","0160815","DEFENSA POR ATENTADOS CONTRA EL PATRIMONIO CULTURAL","04","AREQUIPA","5","RECURSOS DETERMINADOS","08","IMPUESTOS MUNICIPALES","0","NORMAL","5","GASTO CORRIENTE","2","3","BIENES Y SERVICIOS","2","CONTRATACION DE SERVICIOS","8","CONTRATO ADMINISTRATIVO DE SERVICIOS","1","CONTRATO ADMINISTRATIVO DE SERVICIOS","2","CONTRIBUCIONES A ESSALUD DE C.A.S.","0","0","0","9018.80","9018.80","1285.20","1290.60","1286.10","1281.60","0","0","0","0","0","0","0","0","5143.50"
"2020","M","GOBIERNOS LOCALES"," "," "," "," ","300331","040101","MUNICIPALIDAD PROVINCIAL DE AREQUIPA","04","AREQUIPA","01","AREQUIPA","01","AREQUIPA","41","0132","PUESTA EN VALOR Y USO SOCIAL DEL PATRIMONIO CULTURAL","3","ACTIVIDAD","3000708","PATRIMONIO CULTURAL SALVAGUARDADO Y PROTEGIDO","5005601","DEFENSA POR ATENTADOS CONTRA EL PATRIMONIO CULTURAL ","21","CULTURA Y DEPORTE","045","CULTURA","0099","PATRIMONIO HISTORICO Y CULTURAL","00001","0160815","DEFENSA POR ATENTADOS CONTRA EL PATRIMONIO CULTURAL","04","AREQUIPA","5","RECURSOS DETERMINADOS","08","IMPUESTOS MUNICIPALES","7","SUB CUENTA - IMPUESTOS MUNICIPALES","5","GASTO CORRIENTE","2","1","PERSONAL Y OBLIGACIONES SOCIALES","1","RETRIBUCIONES Y COMPLEMENTOS EN EFECTIVO","1","PERSONAL ADMINISTRATIVO","1","PERSONAL ADMINISTRATIVO","2","PERSONAL ADMINISTRATIVO NOMBRADO (REGIMEN PUBLICO)","0","0","0","0","0","0","0","0","0","0","0","0","15460.40","0","14610.40","0","14610.40","44681.20"
"2020","M","GOBIERNOS LOCALES"," "," "," "," ","300331","040101","MUNICIPALIDAD PROVINCIAL DE AREQUIPA","04","AREQUIPA","01","AREQUIPA","01","AREQUIPA","41","0132","PUESTA EN VALOR Y USO SOCIAL DEL PATRIMONIO CULTURAL","3","ACTIVIDAD","3000708","PATRIMONIO CULTURAL SALVAGUARDADO Y PROTEGIDO","5005601","DEFENSA POR ATENTADOS CONTRA EL PATRIMONIO CULTURAL ","21","CULTURA Y DEPORTE","045","CULTURA","0099","PATRIMONIO HISTORICO Y CULTURAL","00001","0160815","DEFENSA POR ATENTADOS CONTRA EL PATRIMONIO CULTURAL","04","AREQUIPA","5","RECURSOS DETERMINADOS","08","IMPUESTOS MUNICIPALES","7","SUB CUENTA - IMPUESTOS MUNICIPALES","5","GASTO CORRIENTE","2","1","PERSONAL Y OBLIGACIONES SOCIALES","1","RETRIBUCIONES Y COMPLEMENTOS EN EFECTIVO","8","PERSONAL OBRERO","2","PERSONAL OBRERO EVENTUAL","1","OBREROS CON CONTRATO A PLAZO FIJO","0","0","0","0","0","0","97.12","0","0","0","0","0","0","0","0","1915.80","0","2012.92"
"2020","M","GOBIERNOS LOCALES"," "," "," "," ","300331","040101","MUNICIPALIDAD PROVINCIAL DE AREQUIPA","04","AREQUIPA","01","AREQUIPA","01","AREQUIPA","41","0132","PUESTA EN VALOR Y USO SOCIAL DEL PATRIMONIO CULTURAL","3","ACTIVIDAD","3000708","PATRIMONIO CULTURAL SALVAGUARDADO Y PROTEGIDO","5005601","DEFENSA POR ATENTADOS CONTRA EL PATRIMONIO CULTURAL ","21","CULTURA Y DEPORTE","045","CULTURA","0099","PATRIMONIO HISTORICO Y CULTURAL","00001","0160815","DEFENSA POR ATENTADOS CONTRA EL PATRIMONIO CULTURAL","04","AREQUIPA","5","RECURSOS DETERMINADOS","08","IMPUESTOS MUNICIPALES","7","SUB CUENTA - IMPUESTOS MUNICIPALES","5","GASTO CORRIENTE","2","1","PERSONAL Y OBLIGACIONES SOCIALES","1","RETRIBUCIONES Y COMPLEMENTOS EN EFECTIVO","9","GASTOS VARIABLES Y OCASIONALES","1","ESCOLARIDAD, AGUINALDOS Y GRATIFICACIONES","2","AGUINALDOS","0","0","0","0","0","0","0","0","0","0","0","0","0","0","0","0","15930.40","15930.40"
"2020","M","GOBIERNOS LOCALES"," "," "," "," ","300331","040101","MUNICIPALIDAD PROVINCIAL DE AREQUIPA","04","AREQUIPA","01","AREQUIPA","01","AREQUIPA","41","0132","PUESTA EN VALOR Y USO SOCIAL DEL PATRIMONIO CULTURAL","3","ACTIVIDAD","3000708","PATRIMONIO CULTURAL SALVAGUARDADO Y PROTEGIDO","5005601","DEFENSA POR ATENTADOS CONTRA EL PATRIMONIO CULTURAL ","21","CULTURA Y DEPORTE","045","CULTURA","0099","PATRIMONIO HISTORICO Y CULTURAL","00001","0160815","DEFENSA POR ATENTADOS CONTRA EL PATRIMONIO CULTURAL","04","AREQUIPA","5","RECURSOS DETERMINADOS","08","IMPUESTOS MUNICIPALES","7","SUB CUENTA - IMPUESTOS MUNICIPALES","5","GASTO CORRIENTE","2","1","PERSONAL Y OBLIGACIONES SOCIALES","3","CONTRIBUCIONES A LA SEGURIDAD SOCIAL","1","OBLIGACIONES DEL EMPLEADOR","1","OBLIGACIONES DEL EMPLEADOR","5","CONTRIBUCIONES A ESSALUD","0","0","0","0","0","0","0","0","0","0","0","0","1391.44","0","1314.94","0","0","2706.38"
"2020","M","GOBIERNOS LOCALES"," "," "," "," ","300331","040101","MUNICIPALIDAD PROVINCIAL DE AREQUIPA","04","AREQUIPA","01","AREQUIPA","01","AREQUIPA","41","0132","PUESTA EN VALOR Y USO SOCIAL DEL PATRIMONIO CULTURAL","3","ACTIVIDAD","3000708","PATRIMONIO CULTURAL SALVAGUARDADO Y PROTEGIDO","5005601","DEFENSA POR ATENTADOS CONTRA EL PATRIMONIO CULTURAL ","21","CULTURA Y DEPORTE","045","CULTURA","0099","PATRIMONIO HISTORICO Y CULTURAL","00001","0160815","DEFENSA POR ATENTADOS CONTRA EL PATRIMONIO CULTURAL","04","AREQUIPA","5","RECURSOS DETERMINADOS","08","IMPUESTOS MUNICIPALES","7","SUB CUENTA - IMPUESTOS MUNICIPALES","5","GASTO CORRIENTE","2","3","BIENES Y SERVICIOS","1","COMPRA DE BIENES","2","VESTUARIOS Y TEXTILES","1","VESTUARIO, ZAPATERIA Y ACCESORIOS, TALABARTERIA Y MATERIALES TEXTILES","1","VESTUARIO, ACCESORIOS Y PRENDAS DIVERSAS","0","0","0","0","0","0","0","0","0","0","0","0","0","0","0","0","42.50","42.50"
"2020","M","GOBIERNOS LOCALES"," "," "," "," ","300331","040101","MUNICIPALIDAD PROVINCIAL DE AREQUIPA","04","AREQUIPA","01","AREQUIPA","01","AREQUIPA","41","0132","PUESTA EN VALOR Y USO SOCIAL DEL PATRIMONIO CULTURAL","3","ACTIVIDAD","3000708","PATRIMONIO CULTURAL SALVAGUARDADO Y PROTEGIDO","5005601","DEFENSA POR ATENTADOS CONTRA EL PATRIMONIO CULTURAL ","21","CULTURA Y DEPORTE","045","CULTURA","0099","PATRIMONIO HISTORICO Y CULTURAL","00001","0160815","DEFENSA POR ATENTADOS CONTRA EL PATRIMONIO CULTURAL","04","AREQUIPA","5","RECURSOS DETERMINADOS","08","IMPUESTOS MUNICIPALES","7","SUB CUENTA - IMPUESTOS MUNICIPALES","5","GASTO CORRIENTE","2","3","BIENES Y SERVICIOS","1","COMPRA DE BIENES","3","COMBUSTIBLES, CARBURANTES, LUBRICANTES Y AFINES","1","COMBUSTIBLES, CARBURANTES, LUBRICANTES Y AFINES","1","COMBUSTIBLES Y CARBURANTES","0","0","0","0","0","0","0","0","0","0","0","0","0","0","0","0","366.01","366.01"
"2020","M","GOBIERNOS LOCALES"," "," "," "," ","300331","040101","MUNICIPALIDAD PROVINCIAL DE AREQUIPA","04","AREQUIPA","01","AREQUIPA","01","AREQUIPA","41","0132","PUESTA EN VALOR Y USO SOCIAL DEL PATRIMONIO CULTURAL","3","ACTIVIDAD","3000708","PATRIMONIO CULTURAL SALVAGUARDADO Y PROTEGIDO","5005601","DEFENSA POR ATENTADOS CONTRA EL PATRIMONIO CULTURAL ","21","CULTURA Y DEPORTE","045","CULTURA","0099","PATRIMONIO HISTORICO Y CULTURAL","00001","0160815","DEFENSA POR ATENTADOS CONTRA EL PATRIMONIO CULTURAL","04","AREQUIPA","5","RECURSOS DETERMINADOS","08","IMPUESTOS MUNICIPALES","7","SUB CUENTA - IMPUESTOS MUNICIPALES","5","GASTO CORRIENTE","2","3","BIENES Y SERVICIOS","1","COMPRA DE BIENES","5","MATERIALES Y  UTILES","3","ASEO, LIMPIEZA Y COCINA","1","ASEO, LIMPIEZA Y TOCADOR","0","0","0","0","0","0","0","0","0","0","0","0","0","0","0","0","48.75","48.75"
"2020","M","GOBIERNOS LOCALES"," "," "," "," ","300331","040101","MUNICIPALIDAD PROVINCIAL DE AREQUIPA","04","AREQUIPA","01","AREQUIPA","01","AREQUIPA","41","0132","PUESTA EN VALOR Y USO SOCIAL DEL PATRIMONIO CULTURAL","3","ACTIVIDAD","3000708","PATRIMONIO CULTURAL SALVAGUARDADO Y PROTEGIDO","5005601","DEFENSA POR ATENTADOS CONTRA EL PATRIMONIO CULTURAL ","21","CULTURA Y DEPORTE","045","CULTURA","0099","PATRIMONIO HISTORICO Y CULTURAL","00001","0160815","DEFENSA POR ATENTADOS CONTRA EL PATRIMONIO CULTURAL","04","AREQUIPA","5","RECURSOS DETERMINADOS","08","IMPUESTOS MUNICIPALES","7","SUB CUENTA - IMPUESTOS MUNICIPALES","5","GASTO CORRIENTE","2","3","BIENES Y SERVICIOS","1","COMPRA DE BIENES","6","REPUESTOS Y ACCESORIOS","1","REPUESTOS Y ACCESORIOS","4","DE SEGURIDAD","0","0","0","0","0","0","0","0","0","0","0","0","0","0","0","0","54","54"
"2020","M","GOBIERNOS LOCALES"," "," "," "," ","300331","040101","MUNICIPALIDAD PROVINCIAL DE AREQUIPA","04","AREQUIPA","01","AREQUIPA","01","AREQUIPA","41","0132","PUESTA EN VALOR Y USO SOCIAL DEL PATRIMONIO CULTURAL","3","ACTIVIDAD","3000708","PATRIMONIO CULTURAL SALVAGUARDADO Y PROTEGIDO","5005601","DEFENSA POR ATENTADOS CONTRA EL PATRIMONIO CULTURAL ","21","CULTURA Y DEPORTE","045","CULTURA","0099","PATRIMONIO HISTORICO Y CULTURAL","00001","0160815","DEFENSA POR ATENTADOS CONTRA EL PATRIMONIO CULTURAL","04","AREQUIPA","5","RECURSOS DETERMINADOS","08","IMPUESTOS MUNICIPALES","7","SUB CUENTA - IMPUESTOS MUNICIPALES","5","GASTO CORRIENTE","2","3","BIENES Y SERVICIOS","1","COMPRA DE BIENES","8","SUMINISTROS MEDICOS","2","MATERIAL,INSUMOS,INSTRUMENTAL Y ACCESORIOS MEDICOS,QUIRURGICOS, ODONTOLOGICOS Y DE LABORATORIO","1","MATERIAL, INSUMOS, INSTRUMENTAL Y ACCESORIOS  MEDICOS, QUIRURGICOS, ODONTOLOGICOS Y DE LABORATORIO","0","0","0","0","0","0","0","0","0","0","0","0","0","0","0","0","70","70"
"2020","M","GOBIERNOS LOCALES"," "," "," "," ","300331","040101","MUNICIPALIDAD PROVINCIAL DE AREQUIPA","04","AREQUIPA","01","AREQUIPA","01","AREQUIPA","41","0132","PUESTA EN VALOR Y USO SOCIAL DEL PATRIMONIO CULTURAL","3","ACTIVIDAD","3000708","PATRIMONIO CULTURAL SALVAGUARDADO Y PROTEGIDO","5005601","DEFENSA POR ATENTADOS CONTRA EL PATRIMONIO CULTURAL ","21","CULTURA Y DEPORTE","045","CULTURA","0099","PATRIMONIO HISTORICO Y CULTURAL","00001","0160815","DEFENSA POR ATENTADOS CONTRA EL PATRIMONIO CULTURAL","04","AREQUIPA","5","RECURSOS DETERMINADOS","08","IMPUESTOS MUNICIPALES","7","SUB CUENTA - IMPUESTOS MUNICIPALES","5","GASTO CORRIENTE","2","3","BIENES Y SERVICIOS","1","COMPRA DE BIENES","99","COMPRA DE OTROS BIENES","1","COMPRA DE OTROS BIENES","1","HERRAMIENTAS","0","0","0","0","0","0","0","0","0","0","0","0","0","0","0","0","28.50","28.50"
"2020","M","GOBIERNOS LOCALES"," "," "," "," ","300331","040101","MUNICIPALIDAD PROVINCIAL DE AREQUIPA","04","AREQUIPA","01","AREQUIPA","01","AREQUIPA","41","0132","PUESTA EN VALOR Y USO SOCIAL DEL PATRIMONIO CULTURAL","3","ACTIVIDAD","3000708","PATRIMONIO CULTURAL SALVAGUARDADO Y PROTEGIDO","5005601","DEFENSA POR ATENTADOS CONTRA EL PATRIMONIO CULTURAL ","21","CULTURA Y DEPORTE","045","CULTURA","0099","PATRIMONIO HISTORICO Y CULTURAL","00001","0160815","DEFENSA POR ATENTADOS CONTRA EL PATRIMONIO CULTURAL","04","AREQUIPA","5","RECURSOS DETERMINADOS","08","IMPUESTOS MUNICIPALES","7","SUB CUENTA - IMPUESTOS MUNICIPALES","5","GASTO CORRIENTE","2","3","BIENES Y SERVICIOS","2","CONTRATACION DE SERVICIOS","8","CONTRATO ADMINISTRATIVO DE SERVICIOS","1","CONTRATO ADMINISTRATIVO DE SERVICIOS","1","CONTRATO ADMINISTRATIVO DE SERVICIOS","0","0","0","0","0","0","0","0","0","0","0","0","19200","19200","0","19200","0","57600"
"2020","M","GOBIERNOS LOCALES"," "," "," "," ","300331","040101","MUNICIPALIDAD PROVINCIAL DE AREQUIPA","04","AREQUIPA","01","AREQUIPA","01","AREQUIPA","41","0132","PUESTA EN VALOR Y USO SOCIAL DEL PATRIMONIO CULTURAL","3","ACTIVIDAD","3000708","PATRIMONIO CULTURAL SALVAGUARDADO Y PROTEGIDO","5005601","DEFENSA POR ATENTADOS CONTRA EL PATRIMONIO CULTURAL ","21","CULTURA Y DEPORTE","045","CULTURA","0099","PATRIMONIO HISTORICO Y CULTURAL","00001","0160815","DEFENSA POR ATENTADOS CONTRA EL PATRIMONIO CULTURAL","04","AREQUIPA","5","RECURSOS DETERMINADOS","08","IMPUESTOS MUNICIPALES","7","SUB CUENTA - IMPUESTOS MUNICIPALES","5","GASTO CORRIENTE","2","3","BIENES Y SERVICIOS","2","CONTRATACION DE SERVICIOS","8","CONTRATO ADMINISTRATIVO DE SERVICIOS","1","CONTRATO ADMINISTRATIVO DE SERVICIOS","2","CONTRIBUCIONES A ESSALUD DE C.A.S.","0","0","0","0","0","0","0","0","0","0","0","0","1290.60","1290.60","0","1290.60","0","3871.80"
"2020","M","GOBIERNOS LOCALES"," "," "," "," ","300331","040101","MUNICIPALIDAD PROVINCIAL DE AREQUIPA","04","AREQUIPA","01","AREQUIPA","01","AREQUIPA","42","0132","PUESTA EN VALOR Y USO SOCIAL DEL PATRIMONIO CULTURAL","3","ACTIVIDAD","3000709","POBLACION INFORMADA Y CONCIENTIZADA EN LA IMPORTANCIA DEL PATRIMONIO CULTURAL","5005210","PROMOCION DE EMPRENDIMIENTOS ASOCIADOS A LA GESTION DEL PATRIMONIO CULTURAL","21","CULTURA Y DEPORTE","045","CULTURA","0099","PATRIMONIO HISTORICO Y CULTURAL","00001","0136802","PROMOCION DE EMPRENDIMIENTOS ASOCIADOS A LA GESTION DEL PATRIMONIO CULTURAL","04","AREQUIPA","2","RECURSOS DIRECTAMENTE RECAUDADOS","09","RECURSOS DIRECTAMENTE RECAUDADOS","0","NORMAL","5","GASTO CORRIENTE","2","3","BIENES Y SERVICIOS","1","COMPRA DE BIENES","2","VESTUARIOS Y TEXTILES","1","VESTUARIO, ZAPATERIA Y ACCESORIOS, TALABARTERIA Y MATERIALES TEXTILES","1","VESTUARIO, ACCESORIOS Y PRENDAS DIVERSAS","120","930","1050","0","0","0","0","0","0","0","0","0","0","0","0","0","0","0"
"2020","M","GOBIERNOS LOCALES"," "," "," "," ","300331","040101","MUNICIPALIDAD PROVINCIAL DE AREQUIPA","04","AREQUIPA","01","AREQUIPA","01","AREQUIPA","42","0132","PUESTA EN VALOR Y USO SOCIAL DEL PATRIMONIO CULTURAL","3","ACTIVIDAD","3000709","POBLACION INFORMADA Y CONCIENTIZADA EN LA IMPORTANCIA DEL PATRIMONIO CULTURAL","5005210","PROMOCION DE EMPRENDIMIENTOS ASOCIADOS A LA GESTION DEL PATRIMONIO CULTURAL","21","CULTURA Y DEPORTE","045","CULTURA","0099","PATRIMONIO HISTORICO Y CULTURAL","00001","0136802","PROMOCION DE EMPRENDIMIENTOS ASOCIADOS A LA GESTION DEL PATRIMONIO CULTURAL","04","AREQUIPA","2","RECURSOS DIRECTAMENTE RECAUDADOS","09","RECURSOS DIRECTAMENTE RECAUDADOS","0","NORMAL","5","GASTO CORRIENTE","2","3","BIENES Y SERVICIOS","1","COMPRA DE BIENES","2","VESTUARIOS Y TEXTILES","1","VESTUARIO, ZAPATERIA Y ACCESORIOS, TALABARTERIA Y MATERIALES TEXTILES","1","VESTUARIO, ACCESORIOS Y PRENDAS DIVERSAS","0","0","0","1050","0","0","0","0","0","0","0","0","0","0","0","0","0","0"
"2020","M","GOBIERNOS LOCALES"," "," "," "," ","300331","040101","MUNICIPALIDAD PROVINCIAL DE AREQUIPA","04","AREQUIPA","01","AREQUIPA","01","AREQUIPA","42","0132","PUESTA EN VALOR Y USO SOCIAL DEL PATRIMONIO CULTURAL","3","ACTIVIDAD","3000709","POBLACION INFORMADA Y CONCIENTIZADA EN LA IMPORTANCIA DEL PATRIMONIO CULTURAL","5005210","PROMOCION DE EMPRENDIMIENTOS ASOCIADOS A LA GESTION DEL PATRIMONIO CULTURAL","21","CULTURA Y DEPORTE","045","CULTURA","0099","PATRIMONIO HISTORICO Y CULTURAL","00001","0136802","PROMOCION DE EMPRENDIMIENTOS ASOCIADOS A LA GESTION DEL PATRIMONIO CULTURAL","04","AREQUIPA","2","RECURSOS DIRECTAMENTE RECAUDADOS","09","RECURSOS DIRECTAMENTE RECAUDADOS","0","NORMAL","5","GASTO CORRIENTE","2","3","BIENES Y SERVICIOS","1","COMPRA DE BIENES","3","COMBUSTIBLES, CARBURANTES, LUBRICANTES Y AFINES","1","COMBUSTIBLES, CARBURANTES, LUBRICANTES Y AFINES","1","COMBUSTIBLES Y CARBURANTES","5520","0","5520","0","0","0","0","0","0","0","0","0","0","0","0","0","0","0"
"2020","M","GOBIERNOS LOCALES"," "," "," "," ","300331","040101","MUNICIPALIDAD PROVINCIAL DE AREQUIPA","04","AREQUIPA","01","AREQUIPA","01","AREQUIPA","42","0132","PUESTA EN VALOR Y USO SOCIAL DEL PATRIMONIO CULTURAL","3","ACTIVIDAD","3000709","POBLACION INFORMADA Y CONCIENTIZADA EN LA IMPORTANCIA DEL PATRIMONIO CULTURAL","5005210","PROMOCION DE EMPRENDIMIENTOS ASOCIADOS A LA GESTION DEL PATRIMONIO CULTURAL","21","CULTURA Y DEPORTE","045","CULTURA","0099","PATRIMONIO HISTORICO Y CULTURAL","00001","0136802","PROMOCION DE EMPRENDIMIENTOS ASOCIADOS A LA GESTION DEL PATRIMONIO CULTURAL","04","AREQUIPA","2","RECURSOS DIRECTAMENTE RECAUDADOS","09","RECURSOS DIRECTAMENTE RECAUDADOS","0","NORMAL","5","GASTO CORRIENTE","2","3","BIENES Y SERVICIOS","1","COMPRA DE BIENES","3","COMBUSTIBLES, CARBURANTES, LUBRICANTES Y AFINES","1","COMBUSTIBLES, CARBURANTES, LUBRICANTES Y AFINES","1","COMBUSTIBLES Y CARBURANTES","0","0","0","5520","815.65","0","0","0","0","0","0","0","0","0","0","0","0","0"
"2020","M","GOBIERNOS LOCALES"," "," "," "," ","300331","040101","MUNICIPALIDAD PROVINCIAL DE AREQUIPA","04","AREQUIPA","01","AREQUIPA","01","AREQUIPA","42","0132","PUESTA EN VALOR Y USO SOCIAL DEL PATRIMONIO CULTURAL","3","ACTIVIDAD","3000709","POBLACION INFORMADA Y CONCIENTIZADA EN LA IMPORTANCIA DEL PATRIMONIO CULTURAL","5005210","PROMOCION DE EMPRENDIMIENTOS ASOCIADOS A LA GESTION DEL PATRIMONIO CULTURAL","21","CULTURA Y DEPORTE","045","CULTURA","0099","PATRIMONIO HISTORICO Y CULTURAL","00001","0136802","PROMOCION DE EMPRENDIMIENTOS ASOCIADOS A LA GESTION DEL PATRIMONIO CULTURAL","04","AREQUIPA","2","RECURSOS DIRECTAMENTE RECAUDADOS","09","RECURSOS DIRECTAMENTE RECAUDADOS","0","NORMAL","5","GASTO CORRIENTE","2","3","BIENES Y SERVICIOS","1","COMPRA DE BIENES","5","MATERIALES Y  UTILES","1","DE OFICINA","2","PAPELERIA EN GENERAL, UTILES Y MATERIALES DE OFICINA","0","0","2011","0","0","0","0","0","0","0","0","0","0","0","0","0","0","0"
"2020","M","GOBIERNOS LOCALES"," "," "," "," ","300331","040101","MUNICIPALIDAD PROVINCIAL DE AREQUIPA","04","AREQUIPA","01","AREQUIPA","01","AREQUIPA","42","0132","PUESTA EN VALOR Y USO SOCIAL DEL PATRIMONIO CULTURAL","3","ACTIVIDAD","3000709","POBLACION INFORMADA Y CONCIENTIZADA EN LA IMPORTANCIA DEL PATRIMONIO CULTURAL","5005210","PROMOCION DE EMPRENDIMIENTOS ASOCIADOS A LA GESTION DEL PATRIMONIO CULTURAL","21","CULTURA Y DEPORTE","045","CULTURA","0099","PATRIMONIO HISTORICO Y CULTURAL","00001","0136802","PROMOCION DE EMPRENDIMIENTOS ASOCIADOS A LA GESTION DEL PATRIMONIO CULTURAL","04","AREQUIPA","2","RECURSOS DIRECTAMENTE RECAUDADOS","09","RECURSOS DIRECTAMENTE RECAUDADOS","0","NORMAL","5","GASTO CORRIENTE","2","3","BIENES Y SERVICIOS","1","COMPRA DE BIENES","5","MATERIALES Y  UTILES","1","DE OFICINA","2","PAPELERIA EN GENERAL, UTILES Y MATERIALES DE OFICINA","0","0","0","1506","0","0","0","0","0","0","0","0","0","0","0","0","0","0"
"2020","M","GOBIERNOS LOCALES"," "," "," "," ","300331","040101","MUNICIPALIDAD PROVINCIAL DE AREQUIPA","04","AREQUIPA","01","AREQUIPA","01","AREQUIPA","42","0132","PUESTA EN VALOR Y USO SOCIAL DEL PATRIMONIO CULTURAL","3","ACTIVIDAD","3000709","POBLACION INFORMADA Y CONCIENTIZADA EN LA IMPORTANCIA DEL PATRIMONIO CULTURAL","5005210","PROMOCION DE EMPRENDIMIENTOS ASOCIADOS A LA GESTION DEL PATRIMONIO CULTURAL","21","CULTURA Y DEPORTE","045","CULTURA","0099","PATRIMONIO HISTORICO Y CULTURAL","00001","0136802","PROMOCION DE EMPRENDIMIENTOS ASOCIADOS A LA GESTION DEL PATRIMONIO CULTURAL","04","AREQUIPA","2","RECURSOS DIRECTAMENTE RECAUDADOS","09","RECURSOS DIRECTAMENTE RECAUDADOS","0","NORMAL","5","GASTO CORRIENTE","2","3","BIENES Y SERVICIOS","1","COMPRA DE BIENES","5","MATERIALES Y  UTILES","2","AGROPECUARIO, GANADERO Y DE JARDINERIA","1","AGROPECUARIO, GANADERO Y DE JARDINERIA","0","0","3825","0","0","0","0","0","0","0","0","0","0","0","0","0","0","0"
"2020","M","GOBIERNOS LOCALES"," "," "," "," ","300331","040101","MUNICIPALIDAD PROVINCIAL DE AREQUIPA","04","AREQUIPA","01","AREQUIPA","01","AREQUIPA","42","0132","PUESTA EN VALOR Y USO SOCIAL DEL PATRIMONIO CULTURAL","3","ACTIVIDAD","3000709","POBLACION INFORMADA Y CONCIENTIZADA EN LA IMPORTANCIA DEL PATRIMONIO CULTURAL","5005210","PROMOCION DE EMPRENDIMIENTOS ASOCIADOS A LA GESTION DEL PATRIMONIO CULTURAL","21","CULTURA Y DEPORTE","045","CULTURA","0099","PATRIMONIO HISTORICO Y CULTURAL","00001","0136802","PROMOCION DE EMPRENDIMIENTOS ASOCIADOS A LA GESTION DEL PATRIMONIO CULTURAL","04","AREQUIPA","2","RECURSOS DIRECTAMENTE RECAUDADOS","09","RECURSOS DIRECTAMENTE RECAUDADOS","0","NORMAL","5","GASTO CORRIENTE","2","3","BIENES Y SERVICIOS","1","COMPRA DE BIENES","5","MATERIALES Y  UTILES","2","AGROPECUARIO, GANADERO Y DE JARDINERIA","1","AGROPECUARIO, GANADERO Y DE JARDINERIA","0","0","0","3825","0","0","0","0","0","0","0","0","0","0","0","0","0","0"
"2020","M","GOBIERNOS LOCALES"," "," "," "," ","300331","040101","MUNICIPALIDAD PROVINCIAL DE AREQUIPA","04","AREQUIPA","01","AREQUIPA","01","AREQUIPA","42","0132","PUESTA EN VALOR Y USO SOCIAL DEL PATRIMONIO CULTURAL","3","ACTIVIDAD","3000709","POBLACION INFORMADA Y CONCIENTIZADA EN LA IMPORTANCIA DEL PATRIMONIO CULTURAL","5005210","PROMOCION DE EMPRENDIMIENTOS ASOCIADOS A LA GESTION DEL PATRIMONIO CULTURAL","21","CULTURA Y DEPORTE","045","CULTURA","0099","PATRIMONIO HISTORICO Y CULTURAL","00001","0136802","PROMOCION DE EMPRENDIMIENTOS ASOCIADOS A LA GESTION DEL PATRIMONIO CULTURAL","04","AREQUIPA","2","RECURSOS DIRECTAMENTE RECAUDADOS","09","RECURSOS DIRECTAMENTE RECAUDADOS","0","NORMAL","5","GASTO CORRIENTE","2","3","BIENES Y SERVICIOS","1","COMPRA DE BIENES","5","MATERIALES Y  UTILES","4","ELECTRICIDAD, ILUMINACION Y ELECTRONICA","1","ELECTRICIDAD, ILUMINACION Y ELECTRONICA","0","0","1410","0","0","0","0","0","0","0","0","0","0","0","0","0","0","0"
"2020","M","GOBIERNOS LOCALES"," "," "," "," ","300331","040101","MUNICIPALIDAD PROVINCIAL DE AREQUIPA","04","AREQUIPA","01","AREQUIPA","01","AREQUIPA","42","0132","PUESTA EN VALOR Y USO SOCIAL DEL PATRIMONIO CULTURAL","3","ACTIVIDAD","3000709","POBLACION INFORMADA Y CONCIENTIZADA EN LA IMPORTANCIA DEL PATRIMONIO CULTURAL","5005210","PROMOCION DE EMPRENDIMIENTOS ASOCIADOS A LA GESTION DEL PATRIMONIO CULTURAL","21","CULTURA Y DEPORTE","045","CULTURA","0099","PATRIMONIO HISTORICO Y CULTURAL","00001","0136802","PROMOCION DE EMPRENDIMIENTOS ASOCIADOS A LA GESTION DEL PATRIMONIO CULTURAL","04","AREQUIPA","2","RECURSOS DIRECTAMENTE RECAUDADOS","09","RECURSOS DIRECTAMENTE RECAUDADOS","0","NORMAL","5","GASTO CORRIENTE","2","3","BIENES Y SERVICIOS","1","COMPRA DE BIENES","5","MATERIALES Y  UTILES","4","ELECTRICIDAD, ILUMINACION Y ELECTRONICA","1","ELECTRICIDAD, ILUMINACION Y ELECTRONICA","0","0","0","1409.50","0","0","0","0","0","0","0","0","0","0","0","0","0","0"
"2020","M","GOBIERNOS LOCALES"," "," "," "," ","300331","040101","MUNICIPALIDAD PROVINCIAL DE AREQUIPA","04","AREQUIPA","01","AREQUIPA","01","AREQUIPA","42","0132","PUESTA EN VALOR Y USO SOCIAL DEL PATRIMONIO CULTURAL","3","ACTIVIDAD","3000709","POBLACION INFORMADA Y CONCIENTIZADA EN LA IMPORTANCIA DEL PATRIMONIO CULTURAL","5005210","PROMOCION DE EMPRENDIMIENTOS ASOCIADOS A LA GESTION DEL PATRIMONIO CULTURAL","21","CULTURA Y DEPORTE","045","CULTURA","0099","PATRIMONIO HISTORICO Y CULTURAL","00001","0136802","PROMOCION DE EMPRENDIMIENTOS ASOCIADOS A LA GESTION DEL PATRIMONIO CULTURAL","04","AREQUIPA","2","RECURSOS DIRECTAMENTE RECAUDADOS","09","RECURSOS DIRECTAMENTE RECAUDADOS","0","NORMAL","5","GASTO CORRIENTE","2","3","BIENES Y SERVICIOS","1","COMPRA DE BIENES","6","REPUESTOS Y ACCESORIOS","1","REPUESTOS Y ACCESORIOS","1","DE VEHICULOS","0","0","280","0","0","0","0","0","0","0","0","0","0","0","0","0","0","0"
"2020","M","GOBIERNOS LOCALES"," "," "," "," ","300331","040101","MUNICIPALIDAD PROVINCIAL DE AREQUIPA","04","AREQUIPA","01","AREQUIPA","01","AREQUIPA","42","0132","PUESTA EN VALOR Y USO SOCIAL DEL PATRIMONIO CULTURAL","3","ACTIVIDAD","3000709","POBLACION INFORMADA Y CONCIENTIZADA EN LA IMPORTANCIA DEL PATRIMONIO CULTURAL","5005210","PROMOCION DE EMPRENDIMIENTOS ASOCIADOS A LA GESTION DEL PATRIMONIO CULTURAL","21","CULTURA Y DEPORTE","045","CULTURA","0099","PATRIMONIO HISTORICO Y CULTURAL","00001","0136802","PROMOCION DE EMPRENDIMIENTOS ASOCIADOS A LA GESTION DEL PATRIMONIO CULTURAL","04","AREQUIPA","2","RECURSOS DIRECTAMENTE RECAUDADOS","09","RECURSOS DIRECTAMENTE RECAUDADOS","0","NORMAL","5","GASTO CORRIENTE","2","3","BIENES Y SERVICIOS","1","COMPRA DE BIENES","6","REPUESTOS Y ACCESORIOS","1","REPUESTOS Y ACCESORIOS","1","DE VEHICULOS","0","0","0","280","0","0","0","0","0","0","0","0","0","0","0","0","0","0"
"2020","M","GOBIERNOS LOCALES"," "," "," "," ","300331","040101","MUNICIPALIDAD PROVINCIAL DE AREQUIPA","04","AREQUIPA","01","AREQUIPA","01","AREQUIPA","42","0132","PUESTA EN VALOR Y USO SOCIAL DEL PATRIMONIO CULTURAL","3","ACTIVIDAD","3000709","POBLACION INFORMADA Y CONCIENTIZADA EN LA IMPORTANCIA DEL PATRIMONIO CULTURAL","5005210","PROMOCION DE EMPRENDIMIENTOS ASOCIADOS A LA GESTION DEL PATRIMONIO CULTURAL","21","CULTURA Y DEPORTE","045","CULTURA","0099","PATRIMONIO HISTORICO Y CULTURAL","00001","0136802","PROMOCION DE EMPRENDIMIENTOS ASOCIADOS A LA GESTION DEL PATRIMONIO CULTURAL","04","AREQUIPA","2","RECURSOS DIRECTAMENTE RECAUDADOS","09","RECURSOS DIRECTAMENTE RECAUDADOS","0","NORMAL","5","GASTO CORRIENTE","2","3","BIENES Y SERVICIOS","1","COMPRA DE BIENES","6","REPUESTOS Y ACCESORIOS","1","REPUESTOS Y ACCESORIOS","3","DE CONSTRUCCION Y MAQUINAS","510","4727","5237","0","0","0","0","0","0","0","0","0","0","0","0","0","0","0"
"2020","M","GOBIERNOS LOCALES"," "," "," "," ","300331","040101","MUNICIPALIDAD PROVINCIAL DE AREQUIPA","04","AREQUIPA","01","AREQUIPA","01","AREQUIPA","42","0132","PUESTA EN VALOR Y USO SOCIAL DEL PATRIMONIO CULTURAL","3","ACTIVIDAD","3000709","POBLACION INFORMADA Y CONCIENTIZADA EN LA IMPORTANCIA DEL PATRIMONIO CULTURAL","5005210","PROMOCION DE EMPRENDIMIENTOS ASOCIADOS A LA GESTION DEL PATRIMONIO CULTURAL","21","CULTURA Y DEPORTE","045","CULTURA","0099","PATRIMONIO HISTORICO Y CULTURAL","00001","0136802","PROMOCION DE EMPRENDIMIENTOS ASOCIADOS A LA GESTION DEL PATRIMONIO CULTURAL","04","AREQUIPA","2","RECURSOS DIRECTAMENTE RECAUDADOS","09","RECURSOS DIRECTAMENTE RECAUDADOS","0","NORMAL","5","GASTO CORRIENTE","2","3","BIENES Y SERVICIOS","1","COMPRA DE BIENES","6","REPUESTOS Y ACCESORIOS","1","REPUESTOS Y ACCESORIOS","3","DE CONSTRUCCION Y MAQUINAS","0","0","0","5236.40","0","0","0","0","0","0","0","0","0","0","0","0","0","0"
"2020","M","GOBIERNOS LOCALES"," "," "," "," ","300331","040101","MUNICIPALIDAD PROVINCIAL DE AREQUIPA","04","AREQUIPA","01","AREQUIPA","01","AREQUIPA","42","0132","PUESTA EN VALOR Y USO SOCIAL DEL PATRIMONIO CULTURAL","3","ACTIVIDAD","3000709","POBLACION INFORMADA Y CONCIENTIZADA EN LA IMPORTANCIA DEL PATRIMONIO CULTURAL","5005210","PROMOCION DE EMPRENDIMIENTOS ASOCIADOS A LA GESTION DEL PATRIMONIO CULTURAL","21","CULTURA Y DEPORTE","045","CULTURA","0099","PATRIMONIO HISTORICO Y CULTURAL","00001","0136802","PROMOCION DE EMPRENDIMIENTOS ASOCIADOS A LA GESTION DEL PATRIMONIO CULTURAL","04","AREQUIPA","2","RECURSOS DIRECTAMENTE RECAUDADOS","09","RECURSOS DIRECTAMENTE RECAUDADOS","0","NORMAL","5","GASTO CORRIENTE","2","3","BIENES Y SERVICIOS","1","COMPRA DE BIENES","7","ENSERES","1","ENSERES","1","ENSERES","0","0","1410","0","0","0","0","0","0","0","0","0","0","0","0","0","0","0"
"2020","M","GOBIERNOS LOCALES"," "," "," "," ","300331","040101","MUNICIPALIDAD PROVINCIAL DE AREQUIPA","04","AREQUIPA","01","AREQUIPA","01","AREQUIPA","42","0132","PUESTA EN VALOR Y USO SOCIAL DEL PATRIMONIO CULTURAL","3","ACTIVIDAD","3000709","POBLACION INFORMADA Y CONCIENTIZADA EN LA IMPORTANCIA DEL PATRIMONIO CULTURAL","5005210","PROMOCION DE EMPRENDIMIENTOS ASOCIADOS A LA GESTION DEL PATRIMONIO CULTURAL","21","CULTURA Y DEPORTE","045","CULTURA","0099","PATRIMONIO HISTORICO Y CULTURAL","00001","0136802","PROMOCION DE EMPRENDIMIENTOS ASOCIADOS A LA GESTION DEL PATRIMONIO CULTURAL","04","AREQUIPA","2","RECURSOS DIRECTAMENTE RECAUDADOS","09","RECURSOS DIRECTAMENTE RECAUDADOS","0","NORMAL","5","GASTO CORRIENTE","2","3","BIENES Y SERVICIOS","1","COMPRA DE BIENES","7","ENSERES","1","ENSERES","1","ENSERES","0","0","0","1410","0","0","0","0","0","0","0","0","0","0","0","0","0","0"
"2020","M","GOBIERNOS LOCALES"," "," "," "," ","300331","040101","MUNICIPALIDAD PROVINCIAL DE AREQUIPA","04","AREQUIPA","01","AREQUIPA","01","AREQUIPA","42","0132","PUESTA EN VALOR Y USO SOCIAL DEL PATRIMONIO CULTURAL","3","ACTIVIDAD","3000709","POBLACION INFORMADA Y CONCIENTIZADA EN LA IMPORTANCIA DEL PATRIMONIO CULTURAL","5005210","PROMOCION DE EMPRENDIMIENTOS ASOCIADOS A LA GESTION DEL PATRIMONIO CULTURAL","21","CULTURA Y DEPORTE","045","CULTURA","0099","PATRIMONIO HISTORICO Y CULTURAL","00001","0136802","PROMOCION DE EMPRENDIMIENTOS ASOCIADOS A LA GESTION DEL PATRIMONIO CULTURAL","04","AREQUIPA","2","RECURSOS DIRECTAMENTE RECAUDADOS","09","RECURSOS DIRECTAMENTE RECAUDADOS","0","NORMAL","5","GASTO CORRIENTE","2","3","BIENES Y SERVICIOS","1","COMPRA DE BIENES","9","MATERIALES Y UTILES DE ENSEÑANZA","1","MATERIALES Y UTILES DE ENSEÑANZA","1","LIBROS, TEXTOS Y OTROS MATERIALES IMPRESOS","0","0","11000","0","0","0","0","0","0","0","0","0","0","0","0","0","0","0"
"2020","M","GOBIERNOS LOCALES"," "," "," "," ","300331","040101","MUNICIPALIDAD PROVINCIAL DE AREQUIPA","04","AREQUIPA","01","AREQUIPA","01","AREQUIPA","42","0132","PUESTA EN VALOR Y USO SOCIAL DEL PATRIMONIO CULTURAL","3","ACTIVIDAD","3000709","POBLACION INFORMADA Y CONCIENTIZADA EN LA IMPORTANCIA DEL PATRIMONIO CULTURAL","5005210","PROMOCION DE EMPRENDIMIENTOS ASOCIADOS A LA GESTION DEL PATRIMONIO CULTURAL","21","CULTURA Y DEPORTE","045","CULTURA","0099","PATRIMONIO HISTORICO Y CULTURAL","00001","0136802","PROMOCION DE EMPRENDIMIENTOS ASOCIADOS A LA GESTION DEL PATRIMONIO CULTURAL","04","AREQUIPA","2","RECURSOS DIRECTAMENTE RECAUDADOS","09","RECURSOS DIRECTAMENTE RECAUDADOS","0","NORMAL","5","GASTO CORRIENTE","2","3","BIENES Y SERVICIOS","1","COMPRA DE BIENES","9","MATERIALES Y UTILES DE ENSEÑANZA","1","MATERIALES Y UTILES DE ENSEÑANZA","1","LIBROS, TEXTOS Y OTROS MATERIALES IMPRESOS","0","0","0","11000","0","0","0","0","0","0","0","0","0","0","0","0","0","0"
"2020","M","GOBIERNOS LOCALES"," "," "," "," ","300331","040101","MUNICIPALIDAD PROVINCIAL DE AREQUIPA","04","AREQUIPA","01","AREQUIPA","01","AREQUIPA","42","0132","PUESTA EN VALOR Y USO SOCIAL DEL PATRIMONIO CULTURAL","3","ACTIVIDAD","3000709","POBLACION INFORMADA Y CONCIENTIZADA EN LA IMPORTANCIA DEL PATRIMONIO CULTURAL","5005210","PROMOCION DE EMPRENDIMIENTOS ASOCIADOS A LA GESTION DEL PATRIMONIO CULTURAL","21","CULTURA Y DEPORTE","045","CULTURA","0099","PATRIMONIO HISTORICO Y CULTURAL","00001","0136802","PROMOCION DE EMPRENDIMIENTOS ASOCIADOS A LA GESTION DEL PATRIMONIO CULTURAL","04","AREQUIPA","2","RECURSOS DIRECTAMENTE RECAUDADOS","09","RECURSOS DIRECTAMENTE RECAUDADOS","0","NORMAL","5","GASTO CORRIENTE","2","3","BIENES Y SERVICIOS","1","COMPRA DE BIENES","10","SUMINISTROS PARA USO AGROPECUARIO, FORESTAL Y VETERINARIO","1","SUMINISTROS PARA USO AGROPECUARIO, FORESTAL Y VETERINARIO","4","FERTILIZANTES, INSECTICIDAS, FUNGICIDAS Y SIMILARES","0","0","160","0","0","0","0","0","0","0","0","0","0","0","0","0","0","0"
"2020","M","GOBIERNOS LOCALES"," "," "," "," ","300331","040101","MUNICIPALIDAD PROVINCIAL DE AREQUIPA","04","AREQUIPA","01","AREQUIPA","01","AREQUIPA","42","0132","PUESTA EN VALOR Y USO SOCIAL DEL PATRIMONIO CULTURAL","3","ACTIVIDAD","3000709","POBLACION INFORMADA Y CONCIENTIZADA EN LA IMPORTANCIA DEL PATRIMONIO CULTURAL","5005210","PROMOCION DE EMPRENDIMIENTOS ASOCIADOS A LA GESTION DEL PATRIMONIO CULTURAL","21","CULTURA Y DEPORTE","045","CULTURA","0099","PATRIMONIO HISTORICO Y CULTURAL","00001","0136802","PROMOCION DE EMPRENDIMIENTOS ASOCIADOS A LA GESTION DEL PATRIMONIO CULTURAL","04","AREQUIPA","2","RECURSOS DIRECTAMENTE RECAUDADOS","09","RECURSOS DIRECTAMENTE RECAUDADOS","0","NORMAL","5","GASTO CORRIENTE","2","3","BIENES Y SERVICIOS","1","COMPRA DE BIENES","10","SUMINISTROS PARA USO AGROPECUARIO, FORESTAL Y VETERINARIO","1","SUMINISTROS PARA USO AGROPECUARIO, FORESTAL Y VETERINARIO","4","FERTILIZANTES, INSECTICIDAS, FUNGICIDAS Y SIMILARES","0","0","0","160","0","0","0","0","0","0","0","0","0","0","0","0","0","0"
"2020","M","GOBIERNOS LOCALES"," "," "," "," ","300331","040101","MUNICIPALIDAD PROVINCIAL DE AREQUIPA","04","AREQUIPA","01","AREQUIPA","01","AREQUIPA","42","0132","PUESTA EN VALOR Y USO SOCIAL DEL PATRIMONIO CULTURAL","3","ACTIVIDAD","3000709","POBLACION INFORMADA Y CONCIENTIZADA EN LA IMPORTANCIA DEL PATRIMONIO CULTURAL","5005210","PROMOCION DE EMPRENDIMIENTOS ASOCIADOS A LA GESTION DEL PATRIMONIO CULTURAL","21","CULTURA Y DEPORTE","045","CULTURA","0099","PATRIMONIO HISTORICO Y CULTURAL","00001","0136802","PROMOCION DE EMPRENDIMIENTOS ASOCIADOS A LA GESTION DEL PATRIMONIO CULTURAL","04","AREQUIPA","2","RECURSOS DIRECTAMENTE RECAUDADOS","09","RECURSOS DIRECTAMENTE RECAUDADOS","0","NORMAL","5","GASTO CORRIENTE","2","3","BIENES Y SERVICIOS","1","COMPRA DE BIENES","11","SUMINISTROS PARA MANTENIMIENTO Y REPARACION","1","SUMINISTROS PARA MANTENIMIENTO Y REPARACION","5","OTROS MATERIALES DE MANTENIMIENTO","3223","-491","2732","0","0","0","0","0","0","0","0","0","0","0","0","0","0","0"
"2020","M","GOBIERNOS LOCALES"," "," "," "," ","300331","040101","MUNICIPALIDAD PROVINCIAL DE AREQUIPA","04","AREQUIPA","01","AREQUIPA","01","AREQUIPA","42","0132","PUESTA EN VALOR Y USO SOCIAL DEL PATRIMONIO CULTURAL","3","ACTIVIDAD","3000709","POBLACION INFORMADA Y CONCIENTIZADA EN LA IMPORTANCIA DEL PATRIMONIO CULTURAL","5005210","PROMOCION DE EMPRENDIMIENTOS ASOCIADOS A LA GESTION DEL PATRIMONIO CULTURAL","21","CULTURA Y DEPORTE","045","CULTURA","0099","PATRIMONIO HISTORICO Y CULTURAL","00001","0136802","PROMOCION DE EMPRENDIMIENTOS ASOCIADOS A LA GESTION DEL PATRIMONIO CULTURAL","04","AREQUIPA","2","RECURSOS DIRECTAMENTE RECAUDADOS","09","RECURSOS DIRECTAMENTE RECAUDADOS","0","NORMAL","5","GASTO CORRIENTE","2","3","BIENES Y SERVICIOS","1","COMPRA DE BIENES","11","SUMINISTROS PARA MANTENIMIENTO Y REPARACION","1","SUMINISTROS PARA MANTENIMIENTO Y REPARACION","5","OTROS MATERIALES DE MANTENIMIENTO","0","0","0","2731.45","0","0","0","0","0","0","0","0","0","0","0","0","0","0"
"2020","M","GOBIERNOS LOCALES"," "," "," "," ","300331","040101","MUNICIPALIDAD PROVINCIAL DE AREQUIPA","04","AREQUIPA","01","AREQUIPA","01","AREQUIPA","42","0132","PUESTA EN VALOR Y USO SOCIAL DEL PATRIMONIO CULTURAL","3","ACTIVIDAD","3000709","POBLACION INFORMADA Y CONCIENTIZADA EN LA IMPORTANCIA DEL PATRIMONIO CULTURAL","5005210","PROMOCION DE EMPRENDIMIENTOS ASOCIADOS A LA GESTION DEL PATRIMONIO CULTURAL","21","CULTURA Y DEPORTE","045","CULTURA","0099","PATRIMONIO HISTORICO Y CULTURAL","00001","0136802","PROMOCION DE EMPRENDIMIENTOS ASOCIADOS A LA GESTION DEL PATRIMONIO CULTURAL","04","AREQUIPA","2","RECURSOS DIRECTAMENTE RECAUDADOS","09","RECURSOS DIRECTAMENTE RECAUDADOS","0","NORMAL","5","GASTO CORRIENTE","2","3","BIENES Y SERVICIOS","1","COMPRA DE BIENES","99","COMPRA DE OTROS BIENES","1","COMPRA DE OTROS BIENES","1","HERRAMIENTAS","0","0","2062","0","0","0","0","0","0","0","0","0","0","0","0","0","0","0"
"2020","M","GOBIERNOS LOCALES"," "," "," "," ","300331","040101","MUNICIPALIDAD PROVINCIAL DE AREQUIPA","04","AREQUIPA","01","AREQUIPA","01","AREQUIPA","42","0132","PUESTA EN VALOR Y USO SOCIAL DEL PATRIMONIO CULTURAL","3","ACTIVIDAD","3000709","POBLACION INFORMADA Y CONCIENTIZADA EN LA IMPORTANCIA DEL PATRIMONIO CULTURAL","5005210","PROMOCION DE EMPRENDIMIENTOS ASOCIADOS A LA GESTION DEL PATRIMONIO CULTURAL","21","CULTURA Y DEPORTE","045","CULTURA","0099","PATRIMONIO HISTORICO Y CULTURAL","00001","0136802","PROMOCION DE EMPRENDIMIENTOS ASOCIADOS A LA GESTION DEL PATRIMONIO CULTURAL","04","AREQUIPA","2","RECURSOS DIRECTAMENTE RECAUDADOS","09","RECURSOS DIRECTAMENTE RECAUDADOS","0","NORMAL","5","GASTO CORRIENTE","2","3","BIENES Y SERVICIOS","1","COMPRA DE BIENES","99","COMPRA DE OTROS BIENES","1","COMPRA DE OTROS BIENES","1","HERRAMIENTAS","0","0","0","2062","0","0","0","0","0","0","0","0","0","0","0","0","0","0"
"2020","M","GOBIERNOS LOCALES"," "," "," "," ","300331","040101","MUNICIPALIDAD PROVINCIAL DE AREQUIPA","04","AREQUIPA","01","AREQUIPA","01","AREQUIPA","42","0132","PUESTA EN VALOR Y USO SOCIAL DEL PATRIMONIO CULTURAL","3","ACTIVIDAD","3000709","POBLACION INFORMADA Y CONCIENTIZADA EN LA IMPORTANCIA DEL PATRIMONIO CULTURAL","5005210","PROMOCION DE EMPRENDIMIENTOS ASOCIADOS A LA GESTION DEL PATRIMONIO CULTURAL","21","CULTURA Y DEPORTE","045","CULTURA","0099","PATRIMONIO HISTORICO Y CULTURAL","00001","0136802","PROMOCION DE EMPRENDIMIENTOS ASOCIADOS A LA GESTION DEL PATRIMONIO CULTURAL","04","AREQUIPA","2","RECURSOS DIRECTAMENTE RECAUDADOS","09","RECURSOS DIRECTAMENTE RECAUDADOS","0","NORMAL","5","GASTO CORRIENTE","2","3","BIENES Y SERVICIOS","1","COMPRA DE BIENES","99","COMPRA DE OTROS BIENES","1","COMPRA DE OTROS BIENES","3","LIBROS, DIARIOS, REVISTAS Y OTROS BIENES IMPRESOS NO VINCULADOS A ENSEÑANZA","0","0","1960","0","0","0","0","0","0","0","0","0","0","0","0","0","0","0"
"2020","M","GOBIERNOS LOCALES"," "," "," "," ","300331","040101","MUNICIPALIDAD PROVINCIAL DE AREQUIPA","04","AREQUIPA","01","AREQUIPA","01","AREQUIPA","42","0132","PUESTA EN VALOR Y USO SOCIAL DEL PATRIMONIO CULTURAL","3","ACTIVIDAD","3000709","POBLACION INFORMADA Y CONCIENTIZADA EN LA IMPORTANCIA DEL PATRIMONIO CULTURAL","5005210","PROMOCION DE EMPRENDIMIENTOS ASOCIADOS A LA GESTION DEL PATRIMONIO CULTURAL","21","CULTURA Y DEPORTE","045","CULTURA","0099","PATRIMONIO HISTORICO Y CULTURAL","00001","0136802","PROMOCION DE EMPRENDIMIENTOS ASOCIADOS A LA GESTION DEL PATRIMONIO CULTURAL","04","AREQUIPA","2","RECURSOS DIRECTAMENTE RECAUDADOS","09","RECURSOS DIRECTAMENTE RECAUDADOS","0","NORMAL","5","GASTO CORRIENTE","2","3","BIENES Y SERVICIOS","1","COMPRA DE BIENES","99","COMPRA DE OTROS BIENES","1","COMPRA DE OTROS BIENES","3","LIBROS, DIARIOS, REVISTAS Y OTROS BIENES IMPRESOS NO VINCULADOS A ENSEÑANZA","0","0","0","1960","0","0","0","0","0","0","0","0","0","0","0","0","0","0"
"2020","M","GOBIERNOS LOCALES"," "," "," "," ","300331","040101","MUNICIPALIDAD PROVINCIAL DE AREQUIPA","04","AREQUIPA","01","AREQUIPA","01","AREQUIPA","42","0132","PUESTA EN VALOR Y USO SOCIAL DEL PATRIMONIO CULTURAL","3","ACTIVIDAD","3000709","POBLACION INFORMADA Y CONCIENTIZADA EN LA IMPORTANCIA DEL PATRIMONIO CULTURAL","5005210","PROMOCION DE EMPRENDIMIENTOS ASOCIADOS A LA GESTION DEL PATRIMONIO CULTURAL","21","CULTURA Y DEPORTE","045","CULTURA","0099","PATRIMONIO HISTORICO Y CULTURAL","00001","0136802","PROMOCION DE EMPRENDIMIENTOS ASOCIADOS A LA GESTION DEL PATRIMONIO CULTURAL","04","AREQUIPA","2","RECURSOS DIRECTAMENTE RECAUDADOS","09","RECURSOS DIRECTAMENTE RECAUDADOS","0","NORMAL","5","GASTO CORRIENTE","2","3","BIENES Y SERVICIOS","1","COMPRA DE BIENES","99","COMPRA DE OTROS BIENES","1","COMPRA DE OTROS BIENES","99","OTROS BIENES","14656","17249","31905","0","0","0","0","0","0","0","0","0","0","0","0","0","0","0"
"2020","M","GOBIERNOS LOCALES"," "," "," "," ","300331","040101","MUNICIPALIDAD PROVINCIAL DE AREQUIPA","04","AREQUIPA","01","AREQUIPA","01","AREQUIPA","42","0132","PUESTA EN VALOR Y USO SOCIAL DEL PATRIMONIO CULTURAL","3","ACTIVIDAD","3000709","POBLACION INFORMADA Y CONCIENTIZADA EN LA IMPORTANCIA DEL PATRIMONIO CULTURAL","5005210","PROMOCION DE EMPRENDIMIENTOS ASOCIADOS A LA GESTION DEL PATRIMONIO CULTURAL","21","CULTURA Y DEPORTE","045","CULTURA","0099","PATRIMONIO HISTORICO Y CULTURAL","00001","0136802","PROMOCION DE EMPRENDIMIENTOS ASOCIADOS A LA GESTION DEL PATRIMONIO CULTURAL","04","AREQUIPA","2","RECURSOS DIRECTAMENTE RECAUDADOS","09","RECURSOS DIRECTAMENTE RECAUDADOS","0","NORMAL","5","GASTO CORRIENTE","2","3","BIENES Y SERVICIOS","1","COMPRA DE BIENES","99","COMPRA DE OTROS BIENES","1","COMPRA DE OTROS BIENES","99","OTROS BIENES","0","0","0","31905","0","0","0","0","0","0","0","0","0","0","0","0","0","0"
"2020","M","GOBIERNOS LOCALES"," "," "," "," ","300331","040101","MUNICIPALIDAD PROVINCIAL DE AREQUIPA","04","AREQUIPA","01","AREQUIPA","01","AREQUIPA","42","0132","PUESTA EN VALOR Y USO SOCIAL DEL PATRIMONIO CULTURAL","3","ACTIVIDAD","3000709","POBLACION INFORMADA Y CONCIENTIZADA EN LA IMPORTANCIA DEL PATRIMONIO CULTURAL","5005210","PROMOCION DE EMPRENDIMIENTOS ASOCIADOS A LA GESTION DEL PATRIMONIO CULTURAL","21","CULTURA Y DEPORTE","045","CULTURA","0099","PATRIMONIO HISTORICO Y CULTURAL","00001","0136802","PROMOCION DE EMPRENDIMIENTOS ASOCIADOS A LA GESTION DEL PATRIMONIO CULTURAL","04","AREQUIPA","2","RECURSOS DIRECTAMENTE RECAUDADOS","09","RECURSOS DIRECTAMENTE RECAUDADOS","0","NORMAL","5","GASTO CORRIENTE","2","3","BIENES Y SERVICIOS","2","CONTRATACION DE SERVICIOS","6","SERVICIOS ADMINISTRATIVOS, FINANCIEROS Y DE SEGUROS","3","SEGUROS","4","OTROS SEGUROS PERSONALES","7020","0","7020","0","0","0","0","0","0","0","0","0","0","0","0","0","0","0"
"2020","M","GOBIERNOS LOCALES"," "," "," "," ","300331","040101","MUNICIPALIDAD PROVINCIAL DE AREQUIPA","04","AREQUIPA","01","AREQUIPA","01","AREQUIPA","42","0132","PUESTA EN VALOR Y USO SOCIAL DEL PATRIMONIO CULTURAL","3","ACTIVIDAD","3000709","POBLACION INFORMADA Y CONCIENTIZADA EN LA IMPORTANCIA DEL PATRIMONIO CULTURAL","5005210","PROMOCION DE EMPRENDIMIENTOS ASOCIADOS A LA GESTION DEL PATRIMONIO CULTURAL","21","CULTURA Y DEPORTE","045","CULTURA","0099","PATRIMONIO HISTORICO Y CULTURAL","00001","0136802","PROMOCION DE EMPRENDIMIENTOS ASOCIADOS A LA GESTION DEL PATRIMONIO CULTURAL","04","AREQUIPA","2","RECURSOS DIRECTAMENTE RECAUDADOS","09","RECURSOS DIRECTAMENTE RECAUDADOS","0","NORMAL","5","GASTO CORRIENTE","2","3","BIENES Y SERVICIOS","2","CONTRATACION DE SERVICIOS","6","SERVICIOS ADMINISTRATIVOS, FINANCIEROS Y DE SEGUROS","3","SEGUROS","4","OTROS SEGUROS PERSONALES","0","0","0","7020","0","0","0","0","0","0","0","0","0","0","0","0","0","0"
"2020","M","GOBIERNOS LOCALES"," "," "," "," ","300331","040101","MUNICIPALIDAD PROVINCIAL DE AREQUIPA","04","AREQUIPA","01","AREQUIPA","01","AREQUIPA","42","0132","PUESTA EN VALOR Y USO SOCIAL DEL PATRIMONIO CULTURAL","3","ACTIVIDAD","3000709","POBLACION INFORMADA Y CONCIENTIZADA EN LA IMPORTANCIA DEL PATRIMONIO CULTURAL","5005210","PROMOCION DE EMPRENDIMIENTOS ASOCIADOS A LA GESTION DEL PATRIMONIO CULTURAL","21","CULTURA Y DEPORTE","045","CULTURA","0099","PATRIMONIO HISTORICO Y CULTURAL","00001","0136802","PROMOCION DE EMPRENDIMIENTOS ASOCIADOS A LA GESTION DEL PATRIMONIO CULTURAL","04","AREQUIPA","2","RECURSOS DIRECTAMENTE RECAUDADOS","09","RECURSOS DIRECTAMENTE RECAUDADOS","0","NORMAL","5","GASTO CORRIENTE","2","3","BIENES Y SERVICIOS","2","CONTRATACION DE SERVICIOS","7","SERVICIOS PROFESIONALES Y TECNICOS","2","SERVICIOS DE CONSULTORIAS Y SIMILARES DESARROLLADOS POR PERSONAS NATURALES","1","CONSULTORIAS","3000","-3000","0","0","0","0","0","0","0","0","0","0","0","0","0","0","0","0"
"2020","M","GOBIERNOS LOCALES"," "," "," "," ","300331","040101","MUNICIPALIDAD PROVINCIAL DE AREQUIPA","04","AREQUIPA","01","AREQUIPA","01","AREQUIPA","42","0132","PUESTA EN VALOR Y USO SOCIAL DEL PATRIMONIO CULTURAL","3","ACTIVIDAD","3000709","POBLACION INFORMADA Y CONCIENTIZADA EN LA IMPORTANCIA DEL PATRIMONIO CULTURAL","5005210","PROMOCION DE EMPRENDIMIENTOS ASOCIADOS A LA GESTION DEL PATRIMONIO CULTURAL","21","CULTURA Y DEPORTE","045","CULTURA","0099","PATRIMONIO HISTORICO Y CULTURAL","00001","0136802","PROMOCION DE EMPRENDIMIENTOS ASOCIADOS A LA GESTION DEL PATRIMONIO CULTURAL","04","AREQUIPA","2","RECURSOS DIRECTAMENTE RECAUDADOS","09","RECURSOS DIRECTAMENTE RECAUDADOS","0","NORMAL","5","GASTO CORRIENTE","2","3","BIENES Y SERVICIOS","2","CONTRATACION DE SERVICIOS","7","SERVICIOS PROFESIONALES Y TECNICOS","11","OTROS SERVICIOS","99","SERVICIOS DIVERSOS","116248","-43533","72715","0","0","0","0","0","0","0","0","0","0","0","0","0","0","0"
"2020","M","GOBIERNOS LOCALES"," "," "," "," ","300331","040101","MUNICIPALIDAD PROVINCIAL DE AREQUIPA","04","AREQUIPA","01","AREQUIPA","01","AREQUIPA","42","0132","PUESTA EN VALOR Y USO SOCIAL DEL PATRIMONIO CULTURAL","3","ACTIVIDAD","3000709","POBLACION INFORMADA Y CONCIENTIZADA EN LA IMPORTANCIA DEL PATRIMONIO CULTURAL","5005210","PROMOCION DE EMPRENDIMIENTOS ASOCIADOS A LA GESTION DEL PATRIMONIO CULTURAL","21","CULTURA Y DEPORTE","045","CULTURA","0099","PATRIMONIO HISTORICO Y CULTURAL","00001","0136802","PROMOCION DE EMPRENDIMIENTOS ASOCIADOS A LA GESTION DEL PATRIMONIO CULTURAL","04","AREQUIPA","2","RECURSOS DIRECTAMENTE RECAUDADOS","09","RECURSOS DIRECTAMENTE RECAUDADOS","0","NORMAL","5","GASTO CORRIENTE","2","3","BIENES Y SERVICIOS","2","CONTRATACION DE SERVICIOS","7","SERVICIOS PROFESIONALES Y TECNICOS","11","OTROS SERVICIOS","99","SERVICIOS DIVERSOS","0","0","0","47496","4680","0","0","0","0","0","0","0","0","0","0","0","0","0"
"2020","M","GOBIERNOS LOCALES"," "," "," "," ","300331","040101","MUNICIPALIDAD PROVINCIAL DE AREQUIPA","04","AREQUIPA","01","AREQUIPA","01","AREQUIPA","42","0132","PUESTA EN VALOR Y USO SOCIAL DEL PATRIMONIO CULTURAL","3","ACTIVIDAD","3000709","POBLACION INFORMADA Y CONCIENTIZADA EN LA IMPORTANCIA DEL PATRIMONIO CULTURAL","5005210","PROMOCION DE EMPRENDIMIENTOS ASOCIADOS A LA GESTION DEL PATRIMONIO CULTURAL","21","CULTURA Y DEPORTE","045","CULTURA","0099","PATRIMONIO HISTORICO Y CULTURAL","00001","0136802","PROMOCION DE EMPRENDIMIENTOS ASOCIADOS A LA GESTION DEL PATRIMONIO CULTURAL","04","AREQUIPA","2","RECURSOS DIRECTAMENTE RECAUDADOS","09","RECURSOS DIRECTAMENTE RECAUDADOS","1","UNIVERSIDADES / GOB. LOCALES","5","GASTO CORRIENTE","2","3","BIENES Y SERVICIOS","1","COMPRA DE BIENES","3","COMBUSTIBLES, CARBURANTES, LUBRICANTES Y AFINES","1","COMBUSTIBLES, CARBURANTES, LUBRICANTES Y AFINES","1","COMBUSTIBLES Y CARBURANTES","0","0","0","0","0","0","255.07","188.89","0","0","0","0","0","0","0","0","0","443.96"
"2020","M","GOBIERNOS LOCALES"," "," "," "," ","300331","040101","MUNICIPALIDAD PROVINCIAL DE AREQUIPA","04","AREQUIPA","01","AREQUIPA","01","AREQUIPA","42","0132","PUESTA EN VALOR Y USO SOCIAL DEL PATRIMONIO CULTURAL","3","ACTIVIDAD","3000709","POBLACION INFORMADA Y CONCIENTIZADA EN LA IMPORTANCIA DEL PATRIMONIO CULTURAL","5005210","PROMOCION DE EMPRENDIMIENTOS ASOCIADOS A LA GESTION DEL PATRIMONIO CULTURAL","21","CULTURA Y DEPORTE","045","CULTURA","0099","PATRIMONIO HISTORICO Y CULTURAL","00001","0136802","PROMOCION DE EMPRENDIMIENTOS ASOCIADOS A LA GESTION DEL PATRIMONIO CULTURAL","04","AREQUIPA","2","RECURSOS DIRECTAMENTE RECAUDADOS","09","RECURSOS DIRECTAMENTE RECAUDADOS","1","UNIVERSIDADES / GOB. LOCALES","5","GASTO CORRIENTE","2","3","BIENES Y SERVICIOS","2","CONTRATACION DE SERVICIOS","7","SERVICIOS PROFESIONALES Y TECNICOS","11","OTROS SERVICIOS","99","SERVICIOS DIVERSOS","0","0","0","0","0","0","0","0","0","0","0","0","2568","0","-2568","0","0","0"
"2020","M","GOBIERNOS LOCALES"," "," "," "," ","300331","040101","MUNICIPALIDAD PROVINCIAL DE AREQUIPA","04","AREQUIPA","01","AREQUIPA","01","AREQUIPA","42","0132","PUESTA EN VALOR Y USO SOCIAL DEL PATRIMONIO CULTURAL","3","ACTIVIDAD","3000709","POBLACION INFORMADA Y CONCIENTIZADA EN LA IMPORTANCIA DEL PATRIMONIO CULTURAL","5005210","PROMOCION DE EMPRENDIMIENTOS ASOCIADOS A LA GESTION DEL PATRIMONIO CULTURAL","21","CULTURA Y DEPORTE","045","CULTURA","0099","PATRIMONIO HISTORICO Y CULTURAL","00001","0136802","PROMOCION DE EMPRENDIMIENTOS ASOCIADOS A LA GESTION DEL PATRIMONIO CULTURAL","04","AREQUIPA","2","RECURSOS DIRECTAMENTE RECAUDADOS","09","RECURSOS DIRECTAMENTE RECAUDADOS","7","SUB CUENTA - RECURSOS DIRECTAMENTE RECAUDADOS","5","GASTO CORRIENTE","2","3","BIENES Y SERVICIOS","1","COMPRA DE BIENES","3","COMBUSTIBLES, CARBURANTES, LUBRICANTES Y AFINES","1","COMBUSTIBLES, CARBURANTES, LUBRICANTES Y AFINES","1","COMBUSTIBLES Y CARBURANTES","0","0","0","0","0","0","0","0","0","0","0","0","0","0","214.39","157.29","0","371.68"
"2020","M","GOBIERNOS LOCALES"," "," "," "," ","300331","040101","MUNICIPALIDAD PROVINCIAL DE AREQUIPA","04","AREQUIPA","01","AREQUIPA","01","AREQUIPA","42","0132","PUESTA EN VALOR Y USO SOCIAL DEL PATRIMONIO CULTURAL","3","ACTIVIDAD","3000709","POBLACION INFORMADA Y CONCIENTIZADA EN LA IMPORTANCIA DEL PATRIMONIO CULTURAL","5005210","PROMOCION DE EMPRENDIMIENTOS ASOCIADOS A LA GESTION DEL PATRIMONIO CULTURAL","21","CULTURA Y DEPORTE","045","CULTURA","0099","PATRIMONIO HISTORICO Y CULTURAL","00001","0136802","PROMOCION DE EMPRENDIMIENTOS ASOCIADOS A LA GESTION DEL PATRIMONIO CULTURAL","04","AREQUIPA","2","RECURSOS DIRECTAMENTE RECAUDADOS","09","RECURSOS DIRECTAMENTE RECAUDADOS","7","SUB CUENTA - RECURSOS DIRECTAMENTE RECAUDADOS","5","GASTO CORRIENTE","2","3","BIENES Y SERVICIOS","2","CONTRATACION DE SERVICIOS","7","SERVICIOS PROFESIONALES Y TECNICOS","11","OTROS SERVICIOS","99","SERVICIOS DIVERSOS","0","0","0","0","0","0","0","0","0","0","0","0","0","0","4680","0","0","4680"
"2020","M","GOBIERNOS LOCALES"," "," "," "," ","300331","040101","MUNICIPALIDAD PROVINCIAL DE AREQUIPA","04","AREQUIPA","01","AREQUIPA","01","AREQUIPA","42","0132","PUESTA EN VALOR Y USO SOCIAL DEL PATRIMONIO CULTURAL","3","ACTIVIDAD","3000709","POBLACION INFORMADA Y CONCIENTIZADA EN LA IMPORTANCIA DEL PATRIMONIO CULTURAL","5005210","PROMOCION DE EMPRENDIMIENTOS ASOCIADOS A LA GESTION DEL PATRIMONIO CULTURAL","21","CULTURA Y DEPORTE","045","CULTURA","0099","PATRIMONIO HISTORICO Y CULTURAL","00001","0136802","PROMOCION DE EMPRENDIMIENTOS ASOCIADOS A LA GESTION DEL PATRIMONIO CULTURAL","04","AREQUIPA","4","DONACIONES Y TRANSFERENCIAS","13","DONACIONES Y TRANSFERENCIAS","0","NORMAL","5","GASTO CORRIENTE","2","3","BIENES Y SERVICIOS","2","CONTRATACION DE SERVICIOS","7","SERVICIOS PROFESIONALES Y TECNICOS","11","OTROS SERVICIOS","99","SERVICIOS DIVERSOS","0","0","116164","0","0","0","0","0","0","0","0","0","0","0","0","0","0","0"
"2020","M","GOBIERNOS LOCALES"," "," "," "," ","300331","040101","MUNICIPALIDAD PROVINCIAL DE AREQUIPA","04","AREQUIPA","01","AREQUIPA","01","AREQUIPA","42","0132","PUESTA EN VALOR Y USO SOCIAL DEL PATRIMONIO CULTURAL","3","ACTIVIDAD","3000709","POBLACION INFORMADA Y CONCIENTIZADA EN LA IMPORTANCIA DEL PATRIMONIO CULTURAL","5005210","PROMOCION DE EMPRENDIMIENTOS ASOCIADOS A LA GESTION DEL PATRIMONIO CULTURAL","21","CULTURA Y DEPORTE","045","CULTURA","0099","PATRIMONIO HISTORICO Y CULTURAL","00001","0136802","PROMOCION DE EMPRENDIMIENTOS ASOCIADOS A LA GESTION DEL PATRIMONIO CULTURAL","04","AREQUIPA","4","DONACIONES Y TRANSFERENCIAS","13","DONACIONES Y TRANSFERENCIAS","0","NORMAL","5","GASTO CORRIENTE","2","3","BIENES Y SERVICIOS","2","CONTRATACION DE SERVICIOS","7","SERVICIOS PROFESIONALES Y TECNICOS","11","OTROS SERVICIOS","99","SERVICIOS DIVERSOS","0","0","0","50820","45828","0","0","0","0","0","0","0","0","0","8392","-8392","0","0"
"2020","M","GOBIERNOS LOCALES"," "," "," "," ","300331","040101","MUNICIPALIDAD PROVINCIAL DE AREQUIPA","04","AREQUIPA","01","AREQUIPA","01","AREQUIPA","42","0132","PUESTA EN VALOR Y USO SOCIAL DEL PATRIMONIO CULTURAL","3","ACTIVIDAD","3000709","POBLACION INFORMADA Y CONCIENTIZADA EN LA IMPORTANCIA DEL PATRIMONIO CULTURAL","5005210","PROMOCION DE EMPRENDIMIENTOS ASOCIADOS A LA GESTION DEL PATRIMONIO CULTURAL","21","CULTURA Y DEPORTE","045","CULTURA","0099","PATRIMONIO HISTORICO Y CULTURAL","00001","0136802","PROMOCION DE EMPRENDIMIENTOS ASOCIADOS A LA GESTION DEL PATRIMONIO CULTURAL","04","AREQUIPA","4","DONACIONES Y TRANSFERENCIAS","13","DONACIONES Y TRANSFERENCIAS","15","SUBCUENTA - DONACIONES - DE PERSONAS Y EMPRESAS NACIONALES","5","GASTO CORRIENTE","2","3","BIENES Y SERVICIOS","2","CONTRATACION DE SERVICIOS","7","SERVICIOS PROFESIONALES Y TECNICOS","11","OTROS SERVICIOS","99","SERVICIOS DIVERSOS","0","0","0","0","0","0","0","0","0","0","0","0","0","0","0","21778","22332","44110"
"2020","M","GOBIERNOS LOCALES"," "," "," "," ","300331","040101","MUNICIPALIDAD PROVINCIAL DE AREQUIPA","04","AREQUIPA","01","AREQUIPA","01","AREQUIPA","42","0132","PUESTA EN VALOR Y USO SOCIAL DEL PATRIMONIO CULTURAL","3","ACTIVIDAD","3000709","POBLACION INFORMADA Y CONCIENTIZADA EN LA IMPORTANCIA DEL PATRIMONIO CULTURAL","5005210","PROMOCION DE EMPRENDIMIENTOS ASOCIADOS A LA GESTION DEL PATRIMONIO CULTURAL","21","CULTURA Y DEPORTE","045","CULTURA","0099","PATRIMONIO HISTORICO Y CULTURAL","00001","0136802","PROMOCION DE EMPRENDIMIENTOS ASOCIADOS A LA GESTION DEL PATRIMONIO CULTURAL","04","AREQUIPA","5","RECURSOS DETERMINADOS","08","IMPUESTOS MUNICIPALES","0","NORMAL","5","GASTO CORRIENTE","2","3","BIENES Y SERVICIOS","2","CONTRATACION DE SERVICIOS","7","SERVICIOS PROFESIONALES Y TECNICOS","11","OTROS SERVICIOS","99","SERVICIOS DIVERSOS","6700","7872","14572","0","0","0","0","0","0","0","0","0","0","0","0","0","0","0"
"2020","M","GOBIERNOS LOCALES"," "," "," "," ","300331","040101","MUNICIPALIDAD PROVINCIAL DE AREQUIPA","04","AREQUIPA","01","AREQUIPA","01","AREQUIPA","42","0132","PUESTA EN VALOR Y USO SOCIAL DEL PATRIMONIO CULTURAL","3","ACTIVIDAD","3000709","POBLACION INFORMADA Y CONCIENTIZADA EN LA IMPORTANCIA DEL PATRIMONIO CULTURAL","5005210","PROMOCION DE EMPRENDIMIENTOS ASOCIADOS A LA GESTION DEL PATRIMONIO CULTURAL","21","CULTURA Y DEPORTE","045","CULTURA","0099","PATRIMONIO HISTORICO Y CULTURAL","00001","0136802","PROMOCION DE EMPRENDIMIENTOS ASOCIADOS A LA GESTION DEL PATRIMONIO CULTURAL","04","AREQUIPA","5","RECURSOS DETERMINADOS","08","IMPUESTOS MUNICIPALES","0","NORMAL","5","GASTO CORRIENTE","2","3","BIENES Y SERVICIOS","2","CONTRATACION DE SERVICIOS","7","SERVICIOS PROFESIONALES Y TECNICOS","11","OTROS SERVICIOS","99","SERVICIOS DIVERSOS","0","0","0","14572","7932","0","0","0","0","0","0","0","324","0","-324","0","0","0"
"2020","M","GOBIERNOS LOCALES"," "," "," "," ","300331","040101","MUNICIPALIDAD PROVINCIAL DE AREQUIPA","04","AREQUIPA","01","AREQUIPA","01","AREQUIPA","42","0132","PUESTA EN VALOR Y USO SOCIAL DEL PATRIMONIO CULTURAL","3","ACTIVIDAD","3000709","POBLACION INFORMADA Y CONCIENTIZADA EN LA IMPORTANCIA DEL PATRIMONIO CULTURAL","5005210","PROMOCION DE EMPRENDIMIENTOS ASOCIADOS A LA GESTION DEL PATRIMONIO CULTURAL","21","CULTURA Y DEPORTE","045","CULTURA","0099","PATRIMONIO HISTORICO Y CULTURAL","00001","0136802","PROMOCION DE EMPRENDIMIENTOS ASOCIADOS A LA GESTION DEL PATRIMONIO CULTURAL","04","AREQUIPA","5","RECURSOS DETERMINADOS","08","IMPUESTOS MUNICIPALES","7","SUB CUENTA - IMPUESTOS MUNICIPALES","5","GASTO CORRIENTE","2","3","BIENES Y SERVICIOS","2","CONTRATACION DE SERVICIOS","7","SERVICIOS PROFESIONALES Y TECNICOS","11","OTROS SERVICIOS","99","SERVICIOS DIVERSOS","0","0","0","0","0","0","0","0","0","0","0","0","0","768","324","1638","5202","7932"
"2020","M","GOBIERNOS LOCALES"," "," "," "," ","300331","040101","MUNICIPALIDAD PROVINCIAL DE AREQUIPA","04","AREQUIPA","01","AREQUIPA","01","AREQUIPA","43","0132","PUESTA EN VALOR Y USO SOCIAL DEL PATRIMONIO CULTURAL","3","ACTIVIDAD","3000709","POBLACION INFORMADA Y CONCIENTIZADA EN LA IMPORTANCIA DEL PATRIMONIO CULTURAL","5005211","SENSIBILIZACION Y CAPACITACION PARA RECONOCER EL PATRIMONIO CULTURAL","21","CULTURA Y DEPORTE","045","CULTURA","0099","PATRIMONIO HISTORICO Y CULTURAL","00001","0136803","SENSIBILIZACION Y CAPACITACION PARA RECONOCER EL PATRIMONIO CULTURAL","04","AREQUIPA","2","RECURSOS DIRECTAMENTE RECAUDADOS","09","RECURSOS DIRECTAMENTE RECAUDADOS","0","NORMAL","5","GASTO CORRIENTE","2","3","BIENES Y SERVICIOS","1","COMPRA DE BIENES","3","COMBUSTIBLES, CARBURANTES, LUBRICANTES Y AFINES","1","COMBUSTIBLES, CARBURANTES, LUBRICANTES Y AFINES","1","COMBUSTIBLES Y CARBURANTES","5520","-5520","0","0","0","0","0","0","0","0","0","0","0","0","0","0","0","0"
"2020","M","GOBIERNOS LOCALES"," "," "," "," ","300331","040101","MUNICIPALIDAD PROVINCIAL DE AREQUIPA","04","AREQUIPA","01","AREQUIPA","01","AREQUIPA","43","0132","PUESTA EN VALOR Y USO SOCIAL DEL PATRIMONIO CULTURAL","3","ACTIVIDAD","3000709","POBLACION INFORMADA Y CONCIENTIZADA EN LA IMPORTANCIA DEL PATRIMONIO CULTURAL","5005211","SENSIBILIZACION Y CAPACITACION PARA RECONOCER EL PATRIMONIO CULTURAL","21","CULTURA Y DEPORTE","045","CULTURA","0099","PATRIMONIO HISTORICO Y CULTURAL","00001","0136803","SENSIBILIZACION Y CAPACITACION PARA RECONOCER EL PATRIMONIO CULTURAL","04","AREQUIPA","2","RECURSOS DIRECTAMENTE RECAUDADOS","09","RECURSOS DIRECTAMENTE RECAUDADOS","0","NORMAL","5","GASTO CORRIENTE","2","3","BIENES Y SERVICIOS","1","COMPRA DE BIENES","5","MATERIALES Y  UTILES","1","DE OFICINA","2","PAPELERIA EN GENERAL, UTILES Y MATERIALES DE OFICINA","423","-423","0","0","0","0","0","0","0","0","0","0","0","0","0","0","0","0"
"2020","M","GOBIERNOS LOCALES"," "," "," "," ","300331","040101","MUNICIPALIDAD PROVINCIAL DE AREQUIPA","04","AREQUIPA","01","AREQUIPA","01","AREQUIPA","43","0132","PUESTA EN VALOR Y USO SOCIAL DEL PATRIMONIO CULTURAL","3","ACTIVIDAD","3000709","POBLACION INFORMADA Y CONCIENTIZADA EN LA IMPORTANCIA DEL PATRIMONIO CULTURAL","5005211","SENSIBILIZACION Y CAPACITACION PARA RECONOCER EL PATRIMONIO CULTURAL","21","CULTURA Y DEPORTE","045","CULTURA","0099","PATRIMONIO HISTORICO Y CULTURAL","00001","0136803","SENSIBILIZACION Y CAPACITACION PARA RECONOCER EL PATRIMONIO CULTURAL","04","AREQUIPA","2","RECURSOS DIRECTAMENTE RECAUDADOS","09","RECURSOS DIRECTAMENTE RECAUDADOS","0","NORMAL","5","GASTO CORRIENTE","2","3","BIENES Y SERVICIOS","1","COMPRA DE BIENES","99","COMPRA DE OTROS BIENES","1","COMPRA DE OTROS BIENES","3","LIBROS, DIARIOS, REVISTAS Y OTROS BIENES IMPRESOS NO VINCULADOS A ENSEÑANZA","4675","423","5098","0","0","0","0","0","0","0","0","0","0","0","0","0","0","0"
"2020","M","GOBIERNOS LOCALES"," "," "," "," ","300331","040101","MUNICIPALIDAD PROVINCIAL DE AREQUIPA","04","AREQUIPA","01","AREQUIPA","01","AREQUIPA","43","0132","PUESTA EN VALOR Y USO SOCIAL DEL PATRIMONIO CULTURAL","3","ACTIVIDAD","3000709","POBLACION INFORMADA Y CONCIENTIZADA EN LA IMPORTANCIA DEL PATRIMONIO CULTURAL","5005211","SENSIBILIZACION Y CAPACITACION PARA RECONOCER EL PATRIMONIO CULTURAL","21","CULTURA Y DEPORTE","045","CULTURA","0099","PATRIMONIO HISTORICO Y CULTURAL","00001","0136803","SENSIBILIZACION Y CAPACITACION PARA RECONOCER EL PATRIMONIO CULTURAL","04","AREQUIPA","2","RECURSOS DIRECTAMENTE RECAUDADOS","09","RECURSOS DIRECTAMENTE RECAUDADOS","0","NORMAL","5","GASTO CORRIENTE","2","3","BIENES Y SERVICIOS","1","COMPRA DE BIENES","99","COMPRA DE OTROS BIENES","1","COMPRA DE OTROS BIENES","3","LIBROS, DIARIOS, REVISTAS Y OTROS BIENES IMPRESOS NO VINCULADOS A ENSEÑANZA","0","0","0","5098","4500","0","0","0","0","0","0","0","0","0","0","0","0","0"
"2020","M","GOBIERNOS LOCALES"," "," "," "," ","300331","040101","MUNICIPALIDAD PROVINCIAL DE AREQUIPA","04","AREQUIPA","01","AREQUIPA","01","AREQUIPA","43","0132","PUESTA EN VALOR Y USO SOCIAL DEL PATRIMONIO CULTURAL","3","ACTIVIDAD","3000709","POBLACION INFORMADA Y CONCIENTIZADA EN LA IMPORTANCIA DEL PATRIMONIO CULTURAL","5005211","SENSIBILIZACION Y CAPACITACION PARA RECONOCER EL PATRIMONIO CULTURAL","21","CULTURA Y DEPORTE","045","CULTURA","0099","PATRIMONIO HISTORICO Y CULTURAL","00001","0136803","SENSIBILIZACION Y CAPACITACION PARA RECONOCER EL PATRIMONIO CULTURAL","04","AREQUIPA","2","RECURSOS DIRECTAMENTE RECAUDADOS","09","RECURSOS DIRECTAMENTE RECAUDADOS","0","NORMAL","5","GASTO CORRIENTE","2","3","BIENES Y SERVICIOS","2","CONTRATACION DE SERVICIOS","7","SERVICIOS PROFESIONALES Y TECNICOS","7","SERVICIOS RELACIONADOS CON EL MEDIO AMBIENTE","2","SERVICIO DE REMEDIACION AMBIENTAL","0","0","77","0","0","0","0","0","0","0","0","0","0","0","0","0","0","0"
"2020","M","GOBIERNOS LOCALES"," "," "," "," ","300331","040101","MUNICIPALIDAD PROVINCIAL DE AREQUIPA","04","AREQUIPA","01","AREQUIPA","01","AREQUIPA","43","0132","PUESTA EN VALOR Y USO SOCIAL DEL PATRIMONIO CULTURAL","3","ACTIVIDAD","3000709","POBLACION INFORMADA Y CONCIENTIZADA EN LA IMPORTANCIA DEL PATRIMONIO CULTURAL","5005211","SENSIBILIZACION Y CAPACITACION PARA RECONOCER EL PATRIMONIO CULTURAL","21","CULTURA Y DEPORTE","045","CULTURA","0099","PATRIMONIO HISTORICO Y CULTURAL","00001","0136803","SENSIBILIZACION Y CAPACITACION PARA RECONOCER EL PATRIMONIO CULTURAL","04","AREQUIPA","2","RECURSOS DIRECTAMENTE RECAUDADOS","09","RECURSOS DIRECTAMENTE RECAUDADOS","0","NORMAL","5","GASTO CORRIENTE","2","3","BIENES Y SERVICIOS","2","CONTRATACION DE SERVICIOS","7","SERVICIOS PROFESIONALES Y TECNICOS","11","OTROS SERVICIOS","99","SERVICIOS DIVERSOS","2000","5443","7443","0","0","0","0","0","0","0","0","0","0","0","0","0","0","0"
"2020","M","GOBIERNOS LOCALES"," "," "," "," ","300331","040101","MUNICIPALIDAD PROVINCIAL DE AREQUIPA","04","AREQUIPA","01","AREQUIPA","01","AREQUIPA","43","0132","PUESTA EN VALOR Y USO SOCIAL DEL PATRIMONIO CULTURAL","3","ACTIVIDAD","3000709","POBLACION INFORMADA Y CONCIENTIZADA EN LA IMPORTANCIA DEL PATRIMONIO CULTURAL","5005211","SENSIBILIZACION Y CAPACITACION PARA RECONOCER EL PATRIMONIO CULTURAL","21","CULTURA Y DEPORTE","045","CULTURA","0099","PATRIMONIO HISTORICO Y CULTURAL","00001","0136803","SENSIBILIZACION Y CAPACITACION PARA RECONOCER EL PATRIMONIO CULTURAL","04","AREQUIPA","2","RECURSOS DIRECTAMENTE RECAUDADOS","09","RECURSOS DIRECTAMENTE RECAUDADOS","0","NORMAL","5","GASTO CORRIENTE","2","3","BIENES Y SERVICIOS","2","CONTRATACION DE SERVICIOS","7","SERVICIOS PROFESIONALES Y TECNICOS","11","OTROS SERVICIOS","99","SERVICIOS DIVERSOS","0","0","0","7443","7000","0","0","0","0","0","0","0","0","0","0","0","0","0"
"2020","M","GOBIERNOS LOCALES"," "," "," "," ","300331","040101","MUNICIPALIDAD PROVINCIAL DE AREQUIPA","04","AREQUIPA","01","AREQUIPA","01","AREQUIPA","43","0132","PUESTA EN VALOR Y USO SOCIAL DEL PATRIMONIO CULTURAL","3","ACTIVIDAD","3000709","POBLACION INFORMADA Y CONCIENTIZADA EN LA IMPORTANCIA DEL PATRIMONIO CULTURAL","5005211","SENSIBILIZACION Y CAPACITACION PARA RECONOCER EL PATRIMONIO CULTURAL","21","CULTURA Y DEPORTE","045","CULTURA","0099","PATRIMONIO HISTORICO Y CULTURAL","00001","0136803","SENSIBILIZACION Y CAPACITACION PARA RECONOCER EL PATRIMONIO CULTURAL","04","AREQUIPA","2","RECURSOS DIRECTAMENTE RECAUDADOS","09","RECURSOS DIRECTAMENTE RECAUDADOS","7","SUB CUENTA - RECURSOS DIRECTAMENTE RECAUDADOS","5","GASTO CORRIENTE","2","3","BIENES Y SERVICIOS","1","COMPRA DE BIENES","99","COMPRA DE OTROS BIENES","1","COMPRA DE OTROS BIENES","3","LIBROS, DIARIOS, REVISTAS Y OTROS BIENES IMPRESOS NO VINCULADOS A ENSEÑANZA","0","0","0","0","0","0","0","0","0","0","0","0","0","0","0","0","4500","4500"
"2020","M","GOBIERNOS LOCALES"," "," "," "," ","300331","040101","MUNICIPALIDAD PROVINCIAL DE AREQUIPA","04","AREQUIPA","01","AREQUIPA","01","AREQUIPA","43","0132","PUESTA EN VALOR Y USO SOCIAL DEL PATRIMONIO CULTURAL","3","ACTIVIDAD","3000709","POBLACION INFORMADA Y CONCIENTIZADA EN LA IMPORTANCIA DEL PATRIMONIO CULTURAL","5005211","SENSIBILIZACION Y CAPACITACION PARA RECONOCER EL PATRIMONIO CULTURAL","21","CULTURA Y DEPORTE","045","CULTURA","0099","PATRIMONIO HISTORICO Y CULTURAL","00001","0136803","SENSIBILIZACION Y CAPACITACION PARA RECONOCER EL PATRIMONIO CULTURAL","04","AREQUIPA","2","RECURSOS DIRECTAMENTE RECAUDADOS","09","RECURSOS DIRECTAMENTE RECAUDADOS","7","SUB CUENTA - RECURSOS DIRECTAMENTE RECAUDADOS","5","GASTO CORRIENTE","2","3","BIENES Y SERVICIOS","2","CONTRATACION DE SERVICIOS","7","SERVICIOS PROFESIONALES Y TECNICOS","11","OTROS SERVICIOS","99","SERVICIOS DIVERSOS","0","0","0","0","0","0","0","0","0","0","0","0","0","0","0","0","7000","7000"
"2020","M","GOBIERNOS LOCALES"," "," "," "," ","300331","040101","MUNICIPALIDAD PROVINCIAL DE AREQUIPA","04","AREQUIPA","01","AREQUIPA","01","AREQUIPA","43","0132","PUESTA EN VALOR Y USO SOCIAL DEL PATRIMONIO CULTURAL","3","ACTIVIDAD","3000709","POBLACION INFORMADA Y CONCIENTIZADA EN LA IMPORTANCIA DEL PATRIMONIO CULTURAL","5005211","SENSIBILIZACION Y CAPACITACION PARA RECONOCER EL PATRIMONIO CULTURAL","21","CULTURA Y DEPORTE","045","CULTURA","0099","PATRIMONIO HISTORICO Y CULTURAL","00001","0136803","SENSIBILIZACION Y CAPACITACION PARA RECONOCER EL PATRIMONIO CULTURAL","04","AREQUIPA","5","RECURSOS DETERMINADOS","08","IMPUESTOS MUNICIPALES","0","NORMAL","5","GASTO CORRIENTE","2","3","BIENES Y SERVICIOS","1","COMPRA DE BIENES","5","MATERIALES Y  UTILES","1","DE OFICINA","2","PAPELERIA EN GENERAL, UTILES Y MATERIALES DE OFICINA","101","283","384","0","0","0","0","0","0","0","0","0","0","0","0","0","0","0"
"2020","M","GOBIERNOS LOCALES"," "," "," "," ","300331","040101","MUNICIPALIDAD PROVINCIAL DE AREQUIPA","04","AREQUIPA","01","AREQUIPA","01","AREQUIPA","43","0132","PUESTA EN VALOR Y USO SOCIAL DEL PATRIMONIO CULTURAL","3","ACTIVIDAD","3000709","POBLACION INFORMADA Y CONCIENTIZADA EN LA IMPORTANCIA DEL PATRIMONIO CULTURAL","5005211","SENSIBILIZACION Y CAPACITACION PARA RECONOCER EL PATRIMONIO CULTURAL","21","CULTURA Y DEPORTE","045","CULTURA","0099","PATRIMONIO HISTORICO Y CULTURAL","00001","0136803","SENSIBILIZACION Y CAPACITACION PARA RECONOCER EL PATRIMONIO CULTURAL","04","AREQUIPA","5","RECURSOS DETERMINADOS","08","IMPUESTOS MUNICIPALES","0","NORMAL","5","GASTO CORRIENTE","2","3","BIENES Y SERVICIOS","1","COMPRA DE BIENES","5","MATERIALES Y  UTILES","1","DE OFICINA","2","PAPELERIA EN GENERAL, UTILES Y MATERIALES DE OFICINA","0","0","0","0","0","0","0","0","0","0","0","0","0","0","0","0","0","0"
"2020","M","GOBIERNOS LOCALES"," "," "," "," ","300331","040101","MUNICIPALIDAD PROVINCIAL DE AREQUIPA","04","AREQUIPA","01","AREQUIPA","01","AREQUIPA","43","0132","PUESTA EN VALOR Y USO SOCIAL DEL PATRIMONIO CULTURAL","3","ACTIVIDAD","3000709","POBLACION INFORMADA Y CONCIENTIZADA EN LA IMPORTANCIA DEL PATRIMONIO CULTURAL","5005211","SENSIBILIZACION Y CAPACITACION PARA RECONOCER EL PATRIMONIO CULTURAL","21","CULTURA Y DEPORTE","045","CULTURA","0099","PATRIMONIO HISTORICO Y CULTURAL","00001","0136803","SENSIBILIZACION Y CAPACITACION PARA RECONOCER EL PATRIMONIO CULTURAL","04","AREQUIPA","5","RECURSOS DETERMINADOS","08","IMPUESTOS MUNICIPALES","0","NORMAL","5","GASTO CORRIENTE","2","3","BIENES Y SERVICIOS","1","COMPRA DE BIENES","99","COMPRA DE OTROS BIENES","1","COMPRA DE OTROS BIENES","3","LIBROS, DIARIOS, REVISTAS Y OTROS BIENES IMPRESOS NO VINCULADOS A ENSEÑANZA","0","0","67","0","0","0","0","0","0","0","0","0","0","0","0","0","0","0"
"2020","M","GOBIERNOS LOCALES"," "," "," "," ","300331","040101","MUNICIPALIDAD PROVINCIAL DE AREQUIPA","04","AREQUIPA","01","AREQUIPA","01","AREQUIPA","43","0132","PUESTA EN VALOR Y USO SOCIAL DEL PATRIMONIO CULTURAL","3","ACTIVIDAD","3000709","POBLACION INFORMADA Y CONCIENTIZADA EN LA IMPORTANCIA DEL PATRIMONIO CULTURAL","5005211","SENSIBILIZACION Y CAPACITACION PARA RECONOCER EL PATRIMONIO CULTURAL","21","CULTURA Y DEPORTE","045","CULTURA","0099","PATRIMONIO HISTORICO Y CULTURAL","00001","0136803","SENSIBILIZACION Y CAPACITACION PARA RECONOCER EL PATRIMONIO CULTURAL","04","AREQUIPA","5","RECURSOS DETERMINADOS","08","IMPUESTOS MUNICIPALES","0","NORMAL","5","GASTO CORRIENTE","2","3","BIENES Y SERVICIOS","1","COMPRA DE BIENES","99","COMPRA DE OTROS BIENES","1","COMPRA DE OTROS BIENES","3","LIBROS, DIARIOS, REVISTAS Y OTROS BIENES IMPRESOS NO VINCULADOS A ENSEÑANZA","0","0","0","67","0","0","0","0","0","0","0","0","0","0","0","0","0","0"
"2020","M","GOBIERNOS LOCALES"," "," "," "," ","300331","040101","MUNICIPALIDAD PROVINCIAL DE AREQUIPA","04","AREQUIPA","01","AREQUIPA","01","AREQUIPA","43","0132","PUESTA EN VALOR Y USO SOCIAL DEL PATRIMONIO CULTURAL","3","ACTIVIDAD","3000709","POBLACION INFORMADA Y CONCIENTIZADA EN LA IMPORTANCIA DEL PATRIMONIO CULTURAL","5005211","SENSIBILIZACION Y CAPACITACION PARA RECONOCER EL PATRIMONIO CULTURAL","21","CULTURA Y DEPORTE","045","CULTURA","0099","PATRIMONIO HISTORICO Y CULTURAL","00001","0136803","SENSIBILIZACION Y CAPACITACION PARA RECONOCER EL PATRIMONIO CULTURAL","04","AREQUIPA","5","RECURSOS DETERMINADOS","08","IMPUESTOS MUNICIPALES","0","NORMAL","5","GASTO CORRIENTE","2","3","BIENES Y SERVICIOS","2","CONTRATACION DE SERVICIOS","1","VIAJES","2","VIAJES DOMESTICOS","99","OTROS GASTOS","97","-97","0","0","0","0","0","0","0","0","0","0","0","0","0","0","0","0"
"2020","M","GOBIERNOS LOCALES"," "," "," "," ","300331","040101","MUNICIPALIDAD PROVINCIAL DE AREQUIPA","04","AREQUIPA","01","AREQUIPA","01","AREQUIPA","43","0132","PUESTA EN VALOR Y USO SOCIAL DEL PATRIMONIO CULTURAL","3","ACTIVIDAD","3000709","POBLACION INFORMADA Y CONCIENTIZADA EN LA IMPORTANCIA DEL PATRIMONIO CULTURAL","5005211","SENSIBILIZACION Y CAPACITACION PARA RECONOCER EL PATRIMONIO CULTURAL","21","CULTURA Y DEPORTE","045","CULTURA","0099","PATRIMONIO HISTORICO Y CULTURAL","00001","0136803","SENSIBILIZACION Y CAPACITACION PARA RECONOCER EL PATRIMONIO CULTURAL","04","AREQUIPA","5","RECURSOS DETERMINADOS","08","IMPUESTOS MUNICIPALES","0","NORMAL","5","GASTO CORRIENTE","2","3","BIENES Y SERVICIOS","2","CONTRATACION DE SERVICIOS","2","SERVICIOS BASICOS, COMUNICACIONES, PUBLICIDAD Y DIFUSION","3","SERVICIOS DE MENSAJERIA, TELECOMUNICACIONES Y OTROS AFINES","1","CORREOS Y SERVICIOS DE MENSAJERIA","25","-25","0","0","0","0","0","0","0","0","0","0","0","0","0","0","0","0"
"2020","M","GOBIERNOS LOCALES"," "," "," "," ","300331","040101","MUNICIPALIDAD PROVINCIAL DE AREQUIPA","04","AREQUIPA","01","AREQUIPA","01","AREQUIPA","43","0132","PUESTA EN VALOR Y USO SOCIAL DEL PATRIMONIO CULTURAL","3","ACTIVIDAD","3000709","POBLACION INFORMADA Y CONCIENTIZADA EN LA IMPORTANCIA DEL PATRIMONIO CULTURAL","5005211","SENSIBILIZACION Y CAPACITACION PARA RECONOCER EL PATRIMONIO CULTURAL","21","CULTURA Y DEPORTE","045","CULTURA","0099","PATRIMONIO HISTORICO Y CULTURAL","00001","0136803","SENSIBILIZACION Y CAPACITACION PARA RECONOCER EL PATRIMONIO CULTURAL","04","AREQUIPA","5","RECURSOS DETERMINADOS","08","IMPUESTOS MUNICIPALES","0","NORMAL","5","GASTO CORRIENTE","2","3","BIENES Y SERVICIOS","2","CONTRATACION DE SERVICIOS","7","SERVICIOS PROFESIONALES Y TECNICOS","11","OTROS SERVICIOS","6","SERVICIO DE IMPRESIONES, ENCUADERNACION Y EMPASTADO","228","-228","0","0","0","0","0","0","0","0","0","0","0","0","0","0","0","0"
"2020","M","GOBIERNOS LOCALES"," "," "," "," ","300331","040101","MUNICIPALIDAD PROVINCIAL DE AREQUIPA","04","AREQUIPA","01","AREQUIPA","01","AREQUIPA","101","9002","ASIGNACIONES PRESUPUESTARIAS QUE NO RESULTAN EN PRODUCTOS","3","ACTIVIDAD","3999999","SIN PRODUCTO","5001074","PROMOCION DE LA PROTECCION Y DIFUSION DEL PATRIMONIO HISTORICO Y CULTURAL","21","CULTURA Y DEPORTE","045","CULTURA","0099","PATRIMONIO HISTORICO Y CULTURAL","00001","0038926","MANTENIMIENTO Y PRESERVACION DEL PATRIMONIO HISTORICO Y CULTURAL","04","AREQUIPA","2","RECURSOS DIRECTAMENTE RECAUDADOS","09","RECURSOS DIRECTAMENTE RECAUDADOS","0","NORMAL","5","GASTO CORRIENTE","2","1","PERSONAL Y OBLIGACIONES SOCIALES","1","RETRIBUCIONES Y COMPLEMENTOS EN EFECTIVO","1","PERSONAL ADMINISTRATIVO","1","PERSONAL ADMINISTRATIVO","2","PERSONAL ADMINISTRATIVO NOMBRADO (REGIMEN PUBLICO)","42165","0","42165","0","0","0","0","0","0","0","0","0","0","0","0","0","0","0"
"2020","M","GOBIERNOS LOCALES"," "," "," "," ","300331","040101","MUNICIPALIDAD PROVINCIAL DE AREQUIPA","04","AREQUIPA","01","AREQUIPA","01","AREQUIPA","101","9002","ASIGNACIONES PRESUPUESTARIAS QUE NO RESULTAN EN PRODUCTOS","3","ACTIVIDAD","3999999","SIN PRODUCTO","5001074","PROMOCION DE LA PROTECCION Y DIFUSION DEL PATRIMONIO HISTORICO Y CULTURAL","21","CULTURA Y DEPORTE","045","CULTURA","0099","PATRIMONIO HISTORICO Y CULTURAL","00001","0038926","MANTENIMIENTO Y PRESERVACION DEL PATRIMONIO HISTORICO Y CULTURAL","04","AREQUIPA","2","RECURSOS DIRECTAMENTE RECAUDADOS","09","RECURSOS DIRECTAMENTE RECAUDADOS","0","NORMAL","5","GASTO CORRIENTE","2","1","PERSONAL Y OBLIGACIONES SOCIALES","1","RETRIBUCIONES Y COMPLEMENTOS EN EFECTIVO","1","PERSONAL ADMINISTRATIVO","2","OTRAS RETRIBUCIONES Y COMPLEMENTOS","99","OTRAS RETRIBUCIONES Y COMPLEMENTOS","22677","0","22677","0","0","0","0","0","0","0","0","0","0","0","0","0","0","0"
"2020","M","GOBIERNOS LOCALES"," "," "," "," ","300331","040101","MUNICIPALIDAD PROVINCIAL DE AREQUIPA","04","AREQUIPA","01","AREQUIPA","01","AREQUIPA","101","9002","ASIGNACIONES PRESUPUESTARIAS QUE NO RESULTAN EN PRODUCTOS","3","ACTIVIDAD","3999999","SIN PRODUCTO","5001074","PROMOCION DE LA PROTECCION Y DIFUSION DEL PATRIMONIO HISTORICO Y CULTURAL","21","CULTURA Y DEPORTE","045","CULTURA","0099","PATRIMONIO HISTORICO Y CULTURAL","00001","0038926","MANTENIMIENTO Y PRESERVACION DEL PATRIMONIO HISTORICO Y CULTURAL","04","AREQUIPA","2","RECURSOS DIRECTAMENTE RECAUDADOS","09","RECURSOS DIRECTAMENTE RECAUDADOS","0","NORMAL","5","GASTO CORRIENTE","2","1","PERSONAL Y OBLIGACIONES SOCIALES","1","RETRIBUCIONES Y COMPLEMENTOS EN EFECTIVO","9","GASTOS VARIABLES Y OCASIONALES","1","ESCOLARIDAD, AGUINALDOS Y GRATIFICACIONES","3","BONIFICACION POR ESCOLARIDAD","18590","0","18590","0","0","0","0","0","0","0","0","0","0","0","0","0","0","0"
"2020","M","GOBIERNOS LOCALES"," "," "," "," ","300331","040101","MUNICIPALIDAD PROVINCIAL DE AREQUIPA","04","AREQUIPA","01","AREQUIPA","01","AREQUIPA","101","9002","ASIGNACIONES PRESUPUESTARIAS QUE NO RESULTAN EN PRODUCTOS","3","ACTIVIDAD","3999999","SIN PRODUCTO","5001074","PROMOCION DE LA PROTECCION Y DIFUSION DEL PATRIMONIO HISTORICO Y CULTURAL","21","CULTURA Y DEPORTE","045","CULTURA","0099","PATRIMONIO HISTORICO Y CULTURAL","00001","0038926","MANTENIMIENTO Y PRESERVACION DEL PATRIMONIO HISTORICO Y CULTURAL","04","AREQUIPA","2","RECURSOS DIRECTAMENTE RECAUDADOS","09","RECURSOS DIRECTAMENTE RECAUDADOS","0","NORMAL","5","GASTO CORRIENTE","2","1","PERSONAL Y OBLIGACIONES SOCIALES","1","RETRIBUCIONES Y COMPLEMENTOS EN EFECTIVO","9","GASTOS VARIABLES Y OCASIONALES","3","OTROS GASTOS VARIABLES Y OCASIONALES","2","BONIFICACION ADICIONAL POR VACACIONES","665","0","665","0","0","0","0","0","0","0","0","0","0","0","0","0","0","0"
"2020","M","GOBIERNOS LOCALES"," "," "," "," ","300331","040101","MUNICIPALIDAD PROVINCIAL DE AREQUIPA","04","AREQUIPA","01","AREQUIPA","01","AREQUIPA","101","9002","ASIGNACIONES PRESUPUESTARIAS QUE NO RESULTAN EN PRODUCTOS","3","ACTIVIDAD","3999999","SIN PRODUCTO","5001074","PROMOCION DE LA PROTECCION Y DIFUSION DEL PATRIMONIO HISTORICO Y CULTURAL","21","CULTURA Y DEPORTE","045","CULTURA","0099","PATRIMONIO HISTORICO Y CULTURAL","00001","0038926","MANTENIMIENTO Y PRESERVACION DEL PATRIMONIO HISTORICO Y CULTURAL","04","AREQUIPA","2","RECURSOS DIRECTAMENTE RECAUDADOS","09","RECURSOS DIRECTAMENTE RECAUDADOS","0","NORMAL","5","GASTO CORRIENTE","2","1","PERSONAL Y OBLIGACIONES SOCIALES","3","CONTRIBUCIONES A LA SEGURIDAD SOCIAL","1","OBLIGACIONES DEL EMPLEADOR","1","OBLIGACIONES DEL EMPLEADOR","5","CONTRIBUCIONES A ESSALUD","14817","0","14817","0","0","0","0","0","0","0","0","0","0","0","0","0","0","0"
"2020","M","GOBIERNOS LOCALES"," "," "," "," ","300331","040101","MUNICIPALIDAD PROVINCIAL DE AREQUIPA","04","AREQUIPA","01","AREQUIPA","01","AREQUIPA","101","9002","ASIGNACIONES PRESUPUESTARIAS QUE NO RESULTAN EN PRODUCTOS","3","ACTIVIDAD","3999999","SIN PRODUCTO","5001074","PROMOCION DE LA PROTECCION Y DIFUSION DEL PATRIMONIO HISTORICO Y CULTURAL","21","CULTURA Y DEPORTE","045","CULTURA","0099","PATRIMONIO HISTORICO Y CULTURAL","00001","0038926","MANTENIMIENTO Y PRESERVACION DEL PATRIMONIO HISTORICO Y CULTURAL","04","AREQUIPA","5","RECURSOS DETERMINADOS","07","FONDO DE COMPENSACION MUNICIPAL","0","NORMAL","5","GASTO CORRIENTE","2","1","PERSONAL Y OBLIGACIONES SOCIALES","1","RETRIBUCIONES Y COMPLEMENTOS EN EFECTIVO","1","PERSONAL ADMINISTRATIVO","1","PERSONAL ADMINISTRATIVO","2","PERSONAL ADMINISTRATIVO NOMBRADO (REGIMEN PUBLICO)","41195","-7645","33550","0","0","0","0","0","0","0","0","0","0","0","0","0","0","0"
"2020","M","GOBIERNOS LOCALES"," "," "," "," ","300331","040101","MUNICIPALIDAD PROVINCIAL DE AREQUIPA","04","AREQUIPA","01","AREQUIPA","01","AREQUIPA","101","9002","ASIGNACIONES PRESUPUESTARIAS QUE NO RESULTAN EN PRODUCTOS","3","ACTIVIDAD","3999999","SIN PRODUCTO","5001074","PROMOCION DE LA PROTECCION Y DIFUSION DEL PATRIMONIO HISTORICO Y CULTURAL","21","CULTURA Y DEPORTE","045","CULTURA","0099","PATRIMONIO HISTORICO Y CULTURAL","00001","0038926","MANTENIMIENTO Y PRESERVACION DEL PATRIMONIO HISTORICO Y CULTURAL","04","AREQUIPA","5","RECURSOS DETERMINADOS","07","FONDO DE COMPENSACION MUNICIPAL","0","NORMAL","5","GASTO CORRIENTE","2","1","PERSONAL Y OBLIGACIONES SOCIALES","1","RETRIBUCIONES Y COMPLEMENTOS EN EFECTIVO","9","GASTOS VARIABLES Y OCASIONALES","3","OTROS GASTOS VARIABLES Y OCASIONALES","2","BONIFICACION ADICIONAL POR VACACIONES","665","-665","0","0","0","0","0","0","0","0","0","0","0","0","0","0","0","0"
"2020","M","GOBIERNOS LOCALES"," "," "," "," ","300331","040101","MUNICIPALIDAD PROVINCIAL DE AREQUIPA","04","AREQUIPA","01","AREQUIPA","01","AREQUIPA","101","9002","ASIGNACIONES PRESUPUESTARIAS QUE NO RESULTAN EN PRODUCTOS","3","ACTIVIDAD","3999999","SIN PRODUCTO","5001074","PROMOCION DE LA PROTECCION Y DIFUSION DEL PATRIMONIO HISTORICO Y CULTURAL","21","CULTURA Y DEPORTE","045","CULTURA","0099","PATRIMONIO HISTORICO Y CULTURAL","00001","0038926","MANTENIMIENTO Y PRESERVACION DEL PATRIMONIO HISTORICO Y CULTURAL","04","AREQUIPA","5","RECURSOS DETERMINADOS","07","FONDO DE COMPENSACION MUNICIPAL","0","NORMAL","5","GASTO CORRIENTE","2","1","PERSONAL Y OBLIGACIONES SOCIALES","3","CONTRIBUCIONES A LA SEGURIDAD SOCIAL","1","OBLIGACIONES DEL EMPLEADOR","1","OBLIGACIONES DEL EMPLEADOR","5","CONTRIBUCIONES A ESSALUD","6515","-6515","0","0","0","0","0","0","0","0","0","0","0","0","0","0","0","0"
"2020","M","GOBIERNOS LOCALES"," "," "," "," ","300331","040101","MUNICIPALIDAD PROVINCIAL DE AREQUIPA","04","AREQUIPA","01","AREQUIPA","01","AREQUIPA","101","9002","ASIGNACIONES PRESUPUESTARIAS QUE NO RESULTAN EN PRODUCTOS","3","ACTIVIDAD","3999999","SIN PRODUCTO","5001074","PROMOCION DE LA PROTECCION Y DIFUSION DEL PATRIMONIO HISTORICO Y CULTURAL","21","CULTURA Y DEPORTE","045","CULTURA","0099","PATRIMONIO HISTORICO Y CULTURAL","00001","0038926","MANTENIMIENTO Y PRESERVACION DEL PATRIMONIO HISTORICO Y CULTURAL","04","AREQUIPA","5","RECURSOS DETERMINADOS","08","IMPUESTOS MUNICIPALES","0","NORMAL","5","GASTO CORRIENTE","2","1","PERSONAL Y OBLIGACIONES SOCIALES","1","RETRIBUCIONES Y COMPLEMENTOS EN EFECTIVO","1","PERSONAL ADMINISTRATIVO","1","PERSONAL ADMINISTRATIVO","2","PERSONAL ADMINISTRATIVO NOMBRADO (REGIMEN PUBLICO)","156487","0","156487","0","0","0","0","0","0","0","0","0","0","0","0","0","0","0"
"2020","M","GOBIERNOS LOCALES"," "," "," "," ","300331","040101","MUNICIPALIDAD PROVINCIAL DE AREQUIPA","04","AREQUIPA","01","AREQUIPA","01","AREQUIPA","101","9002","ASIGNACIONES PRESUPUESTARIAS QUE NO RESULTAN EN PRODUCTOS","3","ACTIVIDAD","3999999","SIN PRODUCTO","5001074","PROMOCION DE LA PROTECCION Y DIFUSION DEL PATRIMONIO HISTORICO Y CULTURAL","21","CULTURA Y DEPORTE","045","CULTURA","0099","PATRIMONIO HISTORICO Y CULTURAL","00001","0038926","MANTENIMIENTO Y PRESERVACION DEL PATRIMONIO HISTORICO Y CULTURAL","04","AREQUIPA","5","RECURSOS DETERMINADOS","08","IMPUESTOS MUNICIPALES","0","NORMAL","5","GASTO CORRIENTE","2","1","PERSONAL Y OBLIGACIONES SOCIALES","1","RETRIBUCIONES Y COMPLEMENTOS EN EFECTIVO","9","GASTOS VARIABLES Y OCASIONALES","3","OTROS GASTOS VARIABLES Y OCASIONALES","2","BONIFICACION ADICIONAL POR VACACIONES","1330","0","1330","0","0","0","0","0","0","0","0","0","0","0","0","0","0","0"
"2020","M","GOBIERNOS LOCALES"," "," "," "," ","300331","040101","MUNICIPALIDAD PROVINCIAL DE AREQUIPA","04","AREQUIPA","01","AREQUIPA","01","AREQUIPA","101","9002","ASIGNACIONES PRESUPUESTARIAS QUE NO RESULTAN EN PRODUCTOS","3","ACTIVIDAD","3999999","SIN PRODUCTO","5001074","PROMOCION DE LA PROTECCION Y DIFUSION DEL PATRIMONIO HISTORICO Y CULTURAL","21","CULTURA Y DEPORTE","045","CULTURA","0099","PATRIMONIO HISTORICO Y CULTURAL","00001","0038926","MANTENIMIENTO Y PRESERVACION DEL PATRIMONIO HISTORICO Y CULTURAL","04","AREQUIPA","5","RECURSOS DETERMINADOS","08","IMPUESTOS MUNICIPALES","0","NORMAL","5","GASTO CORRIENTE","2","1","PERSONAL Y OBLIGACIONES SOCIALES","3","CONTRIBUCIONES A LA SEGURIDAD SOCIAL","1","OBLIGACIONES DEL EMPLEADOR","1","OBLIGACIONES DEL EMPLEADOR","5","CONTRIBUCIONES A ESSALUD","7884","0","7884","0","0","0","0","0","0","0","0","0","0","0","0","0","0","0"
"2020","M","GOBIERNOS LOCALES"," "," "," "," ","300331","040101","MUNICIPALIDAD PROVINCIAL DE AREQUIPA","04","AREQUIPA","01","AREQUIPA","01","AREQUIPA","101","9002","ASIGNACIONES PRESUPUESTARIAS QUE NO RESULTAN EN PRODUCTOS","3","ACTIVIDAD","3999999","SIN PRODUCTO","5001074","PROMOCION DE LA PROTECCION Y DIFUSION DEL PATRIMONIO HISTORICO Y CULTURAL","21","CULTURA Y DEPORTE","045","CULTURA","0099","PATRIMONIO HISTORICO Y CULTURAL","00001","0038926","MANTENIMIENTO Y PRESERVACION DEL PATRIMONIO HISTORICO Y CULTURAL","04","AREQUIPA","5","RECURSOS DETERMINADOS","08","IMPUESTOS MUNICIPALES","0","NORMAL","5","GASTO CORRIENTE","2","3","BIENES Y SERVICIOS","2","CONTRATACION DE SERVICIOS","7","SERVICIOS PROFESIONALES Y TECNICOS","11","OTROS SERVICIOS","99","SERVICIOS DIVERSOS","24","0","24","0","0","0","0","0","0","0","0","0","0","0","0","0","0","0"
"2020","M","GOBIERNOS LOCALES"," "," "," "," ","300331","040101","MUNICIPALIDAD PROVINCIAL DE AREQUIPA","04","AREQUIPA","01","AREQUIPA","01","AREQUIPA","312","0140","DESARROLLO Y PROMOCION DE LAS ARTES E INDUSTRIAS CULTURALES","2","PROYECTO","2488564","REMODELACION DE COBERTURA, AMBIENTE COMPLEMENTARIO Y SERVICIOS HIGIENICOS Y/O VESTIDORES; ADQUISICION DE EQUIPAMIENTO DE AMBIENTES COMPLEMENTARIOS; ADEMAS DE OTROS ACTIVOS EN EL(LA) COMPLEJO ATENEO DISTRITO DE AREQUIPA, PROVINCIA AREQUIPA, DEPARTAMENTO AREQUIPA","6000001","EXPEDIENTE TECNICO","21","CULTURA Y DEPORTE","045","CULTURA","0100","PROMOCION Y DESARROLLO CULTURAL","00001","0310479","REMODELACION DE COBERTURA, AMBIENTE COMPLEMENTARIO Y SERVICIOS HIGIENICOS Y/O VESTIDORES; ADQUISICION DE EQUIPAMIENTO DE AMBIENTES COMPLEMENTARIOS; ADEMAS DE OTROS ACTIVOS EN EL(LA) COMPLEJO ATENEO DISTRITO DE AREQUIPA - AREQUIPA - AREQUIPA","04","AREQUIPA","2","RECURSOS DIRECTAMENTE RECAUDADOS","09","RECURSOS DIRECTAMENTE RECAUDADOS","0","NORMAL","6","GASTO DE CAPITAL","2","6","ADQUISICION DE ACTIVOS NO FINANCIEROS","8","OTROS GASTOS DE ACTIVOS NO FINANCIEROS","1","OTROS GASTOS DE ACTIVOS NO FINANCIEROS","3","ELABORACION DE EXPEDIENTES TECNICOS","1","ELABORACION DE EXPEDIENTES TECNICOS","0","0","30929","0","0","0","0","0","0","0","0","0","0","0","0","0","0","0"
"2020","M","GOBIERNOS LOCALES"," "," "," "," ","300331","040101","MUNICIPALIDAD PROVINCIAL DE AREQUIPA","04","AREQUIPA","01","AREQUIPA","01","AREQUIPA","312","0140","DESARROLLO Y PROMOCION DE LAS ARTES E INDUSTRIAS CULTURALES","2","PROYECTO","2488564","REMODELACION DE COBERTURA, AMBIENTE COMPLEMENTARIO Y SERVICIOS HIGIENICOS Y/O VESTIDORES; ADQUISICION DE EQUIPAMIENTO DE AMBIENTES COMPLEMENTARIOS; ADEMAS DE OTROS ACTIVOS EN EL(LA) COMPLEJO ATENEO DISTRITO DE AREQUIPA, PROVINCIA AREQUIPA, DEPARTAMENTO AREQUIPA","6000001","EXPEDIENTE TECNICO","21","CULTURA Y DEPORTE","045","CULTURA","0100","PROMOCION Y DESARROLLO CULTURAL","00001","0310479","REMODELACION DE COBERTURA, AMBIENTE COMPLEMENTARIO Y SERVICIOS HIGIENICOS Y/O VESTIDORES; ADQUISICION DE EQUIPAMIENTO DE AMBIENTES COMPLEMENTARIOS; ADEMAS DE OTROS ACTIVOS EN EL(LA) COMPLEJO ATENEO DISTRITO DE AREQUIPA - AREQUIPA - AREQUIPA","04","AREQUIPA","2","RECURSOS DIRECTAMENTE RECAUDADOS","09","RECURSOS DIRECTAMENTE RECAUDADOS","0","NORMAL","6","GASTO DE CAPITAL","2","6","ADQUISICION DE ACTIVOS NO FINANCIEROS","8","OTROS GASTOS DE ACTIVOS NO FINANCIEROS","1","OTROS GASTOS DE ACTIVOS NO FINANCIEROS","3","ELABORACION DE EXPEDIENTES TECNICOS","1","ELABORACION DE EXPEDIENTES TECNICOS","0","0","0","30928.50","30928.50","0","0","0","0","0","0","0","0","0","0","0","0","0"
"2020","M","GOBIERNOS LOCALES"," "," "," "," ","300331","040101","MUNICIPALIDAD PROVINCIAL DE AREQUIPA","04","AREQUIPA","01","AREQUIPA","01","AREQUIPA","111","0140","DESARROLLO Y PROMOCION DE LAS ARTES E INDUSTRIAS CULTURALES","3","ACTIVIDAD","3000773","POBLACION SE BENEFICIA DE UNA OFERTA CULTURAL DIVERSA Y RECONOCIDA A NIVEL NACIONAL E INTERNACIONAL","5005769","IMPLEMENTACION DE ACCIONES PARA LA VALORACION Y EL RECONOCIMIENTO A LA ACTIVIDAD ARTISTICA Y CULTURAL","21","CULTURA Y DEPORTE","045","CULTURA","0100","PROMOCION Y DESARROLLO CULTURAL","00001","0167390","IMPLEMENTACION DE ACCIONES PARA LA VALORACION Y EL RECONOCIMIENTO A LA ACTIVIDAD ARTISTICA Y CULTURAL","04","AREQUIPA","2","RECURSOS DIRECTAMENTE RECAUDADOS","09","RECURSOS DIRECTAMENTE RECAUDADOS","0","NORMAL","5","GASTO CORRIENTE","2","3","BIENES Y SERVICIOS","2","CONTRATACION DE SERVICIOS","8","CONTRATO ADMINISTRATIVO DE SERVICIOS","1","CONTRATO ADMINISTRATIVO DE SERVICIOS","2","CONTRIBUCIONES A ESSALUD DE C.A.S.","0","0","985","0","0","0","0","0","0","0","0","0","0","0","0","0","0","0"
"2020","M","GOBIERNOS LOCALES"," "," "," "," ","300331","040101","MUNICIPALIDAD PROVINCIAL DE AREQUIPA","04","AREQUIPA","01","AREQUIPA","01","AREQUIPA","111","0140","DESARROLLO Y PROMOCION DE LAS ARTES E INDUSTRIAS CULTURALES","3","ACTIVIDAD","3000773","POBLACION SE BENEFICIA DE UNA OFERTA CULTURAL DIVERSA Y RECONOCIDA A NIVEL NACIONAL E INTERNACIONAL","5005769","IMPLEMENTACION DE ACCIONES PARA LA VALORACION Y EL RECONOCIMIENTO A LA ACTIVIDAD ARTISTICA Y CULTURAL","21","CULTURA Y DEPORTE","045","CULTURA","0100","PROMOCION Y DESARROLLO CULTURAL","00001","0167390","IMPLEMENTACION DE ACCIONES PARA LA VALORACION Y EL RECONOCIMIENTO A LA ACTIVIDAD ARTISTICA Y CULTURAL","04","AREQUIPA","2","RECURSOS DIRECTAMENTE RECAUDADOS","09","RECURSOS DIRECTAMENTE RECAUDADOS","0","NORMAL","5","GASTO CORRIENTE","2","3","BIENES Y SERVICIOS","2","CONTRATACION DE SERVICIOS","8","CONTRATO ADMINISTRATIVO DE SERVICIOS","1","CONTRATO ADMINISTRATIVO DE SERVICIOS","2","CONTRIBUCIONES A ESSALUD DE C.A.S.","0","0","0","984.15","984.15","0","0","0","0","0","0","0","0","0","0","0","0","0"
"2020","M","GOBIERNOS LOCALES"," "," "," "," ","300331","040101","MUNICIPALIDAD PROVINCIAL DE AREQUIPA","04","AREQUIPA","01","AREQUIPA","01","AREQUIPA","111","0140","DESARROLLO Y PROMOCION DE LAS ARTES E INDUSTRIAS CULTURALES","3","ACTIVIDAD","3000773","POBLACION SE BENEFICIA DE UNA OFERTA CULTURAL DIVERSA Y RECONOCIDA A NIVEL NACIONAL E INTERNACIONAL","5005769","IMPLEMENTACION DE ACCIONES PARA LA VALORACION Y EL RECONOCIMIENTO A LA ACTIVIDAD ARTISTICA Y CULTURAL","21","CULTURA Y DEPORTE","045","CULTURA","0100","PROMOCION Y DESARROLLO CULTURAL","00001","0167390","IMPLEMENTACION DE ACCIONES PARA LA VALORACION Y EL RECONOCIMIENTO A LA ACTIVIDAD ARTISTICA Y CULTURAL","04","AREQUIPA","2","RECURSOS DIRECTAMENTE RECAUDADOS","09","RECURSOS DIRECTAMENTE RECAUDADOS","7","SUB CUENTA - RECURSOS DIRECTAMENTE RECAUDADOS","5","GASTO CORRIENTE","2","3","BIENES Y SERVICIOS","2","CONTRATACION DE SERVICIOS","8","CONTRATO ADMINISTRATIVO DE SERVICIOS","1","CONTRATO ADMINISTRATIVO DE SERVICIOS","2","CONTRIBUCIONES A ESSALUD DE C.A.S.","0","0","0","0","0","0","0","0","0","0","0","0","0","0","984.15","0","0","984.15"
"2020","M","GOBIERNOS LOCALES"," "," "," "," ","300331","040101","MUNICIPALIDAD PROVINCIAL DE AREQUIPA","04","AREQUIPA","01","AREQUIPA","01","AREQUIPA","111","0140","DESARROLLO Y PROMOCION DE LAS ARTES E INDUSTRIAS CULTURALES","3","ACTIVIDAD","3000773","POBLACION SE BENEFICIA DE UNA OFERTA CULTURAL DIVERSA Y RECONOCIDA A NIVEL NACIONAL E INTERNACIONAL","5005769","IMPLEMENTACION DE ACCIONES PARA LA VALORACION Y EL RECONOCIMIENTO A LA ACTIVIDAD ARTISTICA Y CULTURAL","21","CULTURA Y DEPORTE","045","CULTURA","0100","PROMOCION Y DESARROLLO CULTURAL","00001","0167390","IMPLEMENTACION DE ACCIONES PARA LA VALORACION Y EL RECONOCIMIENTO A LA ACTIVIDAD ARTISTICA Y CULTURAL","04","AREQUIPA","5","RECURSOS DETERMINADOS","07","FONDO DE COMPENSACION MUNICIPAL","0","NORMAL","5","GASTO CORRIENTE","2","3","BIENES Y SERVICIOS","2","CONTRATACION DE SERVICIOS","8","CONTRATO ADMINISTRATIVO DE SERVICIOS","1","CONTRATO ADMINISTRATIVO DE SERVICIOS","1","CONTRATO ADMINISTRATIVO DE SERVICIOS","0","0","60000","0","0","0","0","0","0","0","0","0","0","0","0","0","0","0"
"2020","M","GOBIERNOS LOCALES"," "," "," "," ","300331","040101","MUNICIPALIDAD PROVINCIAL DE AREQUIPA","04","AREQUIPA","01","AREQUIPA","01","AREQUIPA","111","0140","DESARROLLO Y PROMOCION DE LAS ARTES E INDUSTRIAS CULTURALES","3","ACTIVIDAD","3000773","POBLACION SE BENEFICIA DE UNA OFERTA CULTURAL DIVERSA Y RECONOCIDA A NIVEL NACIONAL E INTERNACIONAL","5005769","IMPLEMENTACION DE ACCIONES PARA LA VALORACION Y EL RECONOCIMIENTO A LA ACTIVIDAD ARTISTICA Y CULTURAL","21","CULTURA Y DEPORTE","045","CULTURA","0100","PROMOCION Y DESARROLLO CULTURAL","00001","0167390","IMPLEMENTACION DE ACCIONES PARA LA VALORACION Y EL RECONOCIMIENTO A LA ACTIVIDAD ARTISTICA Y CULTURAL","04","AREQUIPA","5","RECURSOS DETERMINADOS","07","FONDO DE COMPENSACION MUNICIPAL","0","NORMAL","5","GASTO CORRIENTE","2","3","BIENES Y SERVICIOS","2","CONTRATACION DE SERVICIOS","8","CONTRATO ADMINISTRATIVO DE SERVICIOS","1","CONTRATO ADMINISTRATIVO DE SERVICIOS","1","CONTRATO ADMINISTRATIVO DE SERVICIOS","0","0","0","60000","60000","0","0","0","0","0","0","0","0","0","0","0","0","0"
"2020","M","GOBIERNOS LOCALES"," "," "," "," ","300331","040101","MUNICIPALIDAD PROVINCIAL DE AREQUIPA","04","AREQUIPA","01","AREQUIPA","01","AREQUIPA","111","0140","DESARROLLO Y PROMOCION DE LAS ARTES E INDUSTRIAS CULTURALES","3","ACTIVIDAD","3000773","POBLACION SE BENEFICIA DE UNA OFERTA CULTURAL DIVERSA Y RECONOCIDA A NIVEL NACIONAL E INTERNACIONAL","5005769","IMPLEMENTACION DE ACCIONES PARA LA VALORACION Y EL RECONOCIMIENTO A LA ACTIVIDAD ARTISTICA Y CULTURAL","21","CULTURA Y DEPORTE","045","CULTURA","0100","PROMOCION Y DESARROLLO CULTURAL","00001","0167390","IMPLEMENTACION DE ACCIONES PARA LA VALORACION Y EL RECONOCIMIENTO A LA ACTIVIDAD ARTISTICA Y CULTURAL","04","AREQUIPA","5","RECURSOS DETERMINADOS","07","FONDO DE COMPENSACION MUNICIPAL","0","NORMAL","5","GASTO CORRIENTE","2","3","BIENES Y SERVICIOS","2","CONTRATACION DE SERVICIOS","8","CONTRATO ADMINISTRATIVO DE SERVICIOS","1","CONTRATO ADMINISTRATIVO DE SERVICIOS","2","CONTRIBUCIONES A ESSALUD DE C.A.S.","0","0","3940","0","0","0","0","0","0","0","0","0","0","0","0","0","0","0"
"2020","M","GOBIERNOS LOCALES"," "," "," "," ","300331","040101","MUNICIPALIDAD PROVINCIAL DE AREQUIPA","04","AREQUIPA","01","AREQUIPA","01","AREQUIPA","111","0140","DESARROLLO Y PROMOCION DE LAS ARTES E INDUSTRIAS CULTURALES","3","ACTIVIDAD","3000773","POBLACION SE BENEFICIA DE UNA OFERTA CULTURAL DIVERSA Y RECONOCIDA A NIVEL NACIONAL E INTERNACIONAL","5005769","IMPLEMENTACION DE ACCIONES PARA LA VALORACION Y EL RECONOCIMIENTO A LA ACTIVIDAD ARTISTICA Y CULTURAL","21","CULTURA Y DEPORTE","045","CULTURA","0100","PROMOCION Y DESARROLLO CULTURAL","00001","0167390","IMPLEMENTACION DE ACCIONES PARA LA VALORACION Y EL RECONOCIMIENTO A LA ACTIVIDAD ARTISTICA Y CULTURAL","04","AREQUIPA","5","RECURSOS DETERMINADOS","07","FONDO DE COMPENSACION MUNICIPAL","0","NORMAL","5","GASTO CORRIENTE","2","3","BIENES Y SERVICIOS","2","CONTRATACION DE SERVICIOS","8","CONTRATO ADMINISTRATIVO DE SERVICIOS","1","CONTRATO ADMINISTRATIVO DE SERVICIOS","2","CONTRIBUCIONES A ESSALUD DE C.A.S.","0","0","0","3937.45","3937.45","0","0","0","0","0","0","0","0","0","0","0","0","0"
"2020","M","GOBIERNOS LOCALES"," "," "," "," ","300331","040101","MUNICIPALIDAD PROVINCIAL DE AREQUIPA","04","AREQUIPA","01","AREQUIPA","01","AREQUIPA","111","0140","DESARROLLO Y PROMOCION DE LAS ARTES E INDUSTRIAS CULTURALES","3","ACTIVIDAD","3000773","POBLACION SE BENEFICIA DE UNA OFERTA CULTURAL DIVERSA Y RECONOCIDA A NIVEL NACIONAL E INTERNACIONAL","5005769","IMPLEMENTACION DE ACCIONES PARA LA VALORACION Y EL RECONOCIMIENTO A LA ACTIVIDAD ARTISTICA Y CULTURAL","21","CULTURA Y DEPORTE","045","CULTURA","0100","PROMOCION Y DESARROLLO CULTURAL","00001","0167390","IMPLEMENTACION DE ACCIONES PARA LA VALORACION Y EL RECONOCIMIENTO A LA ACTIVIDAD ARTISTICA Y CULTURAL","04","AREQUIPA","5","RECURSOS DETERMINADOS","07","FONDO DE COMPENSACION MUNICIPAL","0","NORMAL","5","GASTO CORRIENTE","2","3","BIENES Y SERVICIOS","2","CONTRATACION DE SERVICIOS","8","CONTRATO ADMINISTRATIVO DE SERVICIOS","1","CONTRATO ADMINISTRATIVO DE SERVICIOS","4","AGUINALDOS DE C.A.S.","0","0","3600","0","0","0","0","0","0","0","0","0","0","0","0","0","0","0"
"2020","M","GOBIERNOS LOCALES"," "," "," "," ","300331","040101","MUNICIPALIDAD PROVINCIAL DE AREQUIPA","04","AREQUIPA","01","AREQUIPA","01","AREQUIPA","111","0140","DESARROLLO Y PROMOCION DE LAS ARTES E INDUSTRIAS CULTURALES","3","ACTIVIDAD","3000773","POBLACION SE BENEFICIA DE UNA OFERTA CULTURAL DIVERSA Y RECONOCIDA A NIVEL NACIONAL E INTERNACIONAL","5005769","IMPLEMENTACION DE ACCIONES PARA LA VALORACION Y EL RECONOCIMIENTO A LA ACTIVIDAD ARTISTICA Y CULTURAL","21","CULTURA Y DEPORTE","045","CULTURA","0100","PROMOCION Y DESARROLLO CULTURAL","00001","0167390","IMPLEMENTACION DE ACCIONES PARA LA VALORACION Y EL RECONOCIMIENTO A LA ACTIVIDAD ARTISTICA Y CULTURAL","04","AREQUIPA","5","RECURSOS DETERMINADOS","07","FONDO DE COMPENSACION MUNICIPAL","0","NORMAL","5","GASTO CORRIENTE","2","3","BIENES Y SERVICIOS","2","CONTRATACION DE SERVICIOS","8","CONTRATO ADMINISTRATIVO DE SERVICIOS","1","CONTRATO ADMINISTRATIVO DE SERVICIOS","4","AGUINALDOS DE C.A.S.","0","0","0","3600","2000","0","0","0","0","0","0","0","0","0","0","0","0","0"
"2020","M","GOBIERNOS LOCALES"," "," "," "," ","300331","040101","MUNICIPALIDAD PROVINCIAL DE AREQUIPA","04","AREQUIPA","01","AREQUIPA","01","AREQUIPA","111","0140","DESARROLLO Y PROMOCION DE LAS ARTES E INDUSTRIAS CULTURALES","3","ACTIVIDAD","3000773","POBLACION SE BENEFICIA DE UNA OFERTA CULTURAL DIVERSA Y RECONOCIDA A NIVEL NACIONAL E INTERNACIONAL","5005769","IMPLEMENTACION DE ACCIONES PARA LA VALORACION Y EL RECONOCIMIENTO A LA ACTIVIDAD ARTISTICA Y CULTURAL","21","CULTURA Y DEPORTE","045","CULTURA","0100","PROMOCION Y DESARROLLO CULTURAL","00001","0167390","IMPLEMENTACION DE ACCIONES PARA LA VALORACION Y EL RECONOCIMIENTO A LA ACTIVIDAD ARTISTICA Y CULTURAL","04","AREQUIPA","5","RECURSOS DETERMINADOS","07","FONDO DE COMPENSACION MUNICIPAL","A","SUB CUENTA - FONCOMUN","5","GASTO CORRIENTE","2","3","BIENES Y SERVICIOS","2","CONTRATACION DE SERVICIOS","8","CONTRATO ADMINISTRATIVO DE SERVICIOS","1","CONTRATO ADMINISTRATIVO DE SERVICIOS","1","CONTRATO ADMINISTRATIVO DE SERVICIOS","0","0","0","0","0","0","0","0","0","11864.59","12135.41","12000","0","-0.50","12000","0","12000","59999.50"
"2020","M","GOBIERNOS LOCALES"," "," "," "," ","300331","040101","MUNICIPALIDAD PROVINCIAL DE AREQUIPA","04","AREQUIPA","01","AREQUIPA","01","AREQUIPA","111","0140","DESARROLLO Y PROMOCION DE LAS ARTES E INDUSTRIAS CULTURALES","3","ACTIVIDAD","3000773","POBLACION SE BENEFICIA DE UNA OFERTA CULTURAL DIVERSA Y RECONOCIDA A NIVEL NACIONAL E INTERNACIONAL","5005769","IMPLEMENTACION DE ACCIONES PARA LA VALORACION Y EL RECONOCIMIENTO A LA ACTIVIDAD ARTISTICA Y CULTURAL","21","CULTURA Y DEPORTE","045","CULTURA","0100","PROMOCION Y DESARROLLO CULTURAL","00001","0167390","IMPLEMENTACION DE ACCIONES PARA LA VALORACION Y EL RECONOCIMIENTO A LA ACTIVIDAD ARTISTICA Y CULTURAL","04","AREQUIPA","5","RECURSOS DETERMINADOS","07","FONDO DE COMPENSACION MUNICIPAL","A","SUB CUENTA - FONCOMUN","5","GASTO CORRIENTE","2","3","BIENES Y SERVICIOS","2","CONTRATACION DE SERVICIOS","8","CONTRATO ADMINISTRATIVO DE SERVICIOS","1","CONTRATO ADMINISTRATIVO DE SERVICIOS","2","CONTRIBUCIONES A ESSALUD DE C.A.S.","0","0","0","0","0","0","0","0","0","984.15","984.15","984.15","0","0","0","0","984.15","3936.60"
"2020","M","GOBIERNOS LOCALES"," "," "," "," ","300331","040101","MUNICIPALIDAD PROVINCIAL DE AREQUIPA","04","AREQUIPA","01","AREQUIPA","01","AREQUIPA","111","0140","DESARROLLO Y PROMOCION DE LAS ARTES E INDUSTRIAS CULTURALES","3","ACTIVIDAD","3000773","POBLACION SE BENEFICIA DE UNA OFERTA CULTURAL DIVERSA Y RECONOCIDA A NIVEL NACIONAL E INTERNACIONAL","5005769","IMPLEMENTACION DE ACCIONES PARA LA VALORACION Y EL RECONOCIMIENTO A LA ACTIVIDAD ARTISTICA Y CULTURAL","21","CULTURA Y DEPORTE","045","CULTURA","0100","PROMOCION Y DESARROLLO CULTURAL","00001","0167390","IMPLEMENTACION DE ACCIONES PARA LA VALORACION Y EL RECONOCIMIENTO A LA ACTIVIDAD ARTISTICA Y CULTURAL","04","AREQUIPA","5","RECURSOS DETERMINADOS","07","FONDO DE COMPENSACION MUNICIPAL","A","SUB CUENTA - FONCOMUN","5","GASTO CORRIENTE","2","3","BIENES Y SERVICIOS","2","CONTRATACION DE SERVICIOS","8","CONTRATO ADMINISTRATIVO DE SERVICIOS","1","CONTRATO ADMINISTRATIVO DE SERVICIOS","4","AGUINALDOS DE C.A.S.","0","0","0","0","0","0","0","0","0","0","0","1800","0","0","-1600","0","1800","2000"
"2020","M","GOBIERNOS LOCALES"," "," "," "," ","300331","040101","MUNICIPALIDAD PROVINCIAL DE AREQUIPA","04","AREQUIPA","01","AREQUIPA","01","AREQUIPA","111","0140","DESARROLLO Y PROMOCION DE LAS ARTES E INDUSTRIAS CULTURALES","3","ACTIVIDAD","3000773","POBLACION SE BENEFICIA DE UNA OFERTA CULTURAL DIVERSA Y RECONOCIDA A NIVEL NACIONAL E INTERNACIONAL","5005769","IMPLEMENTACION DE ACCIONES PARA LA VALORACION Y EL RECONOCIMIENTO A LA ACTIVIDAD ARTISTICA Y CULTURAL","21","CULTURA Y DEPORTE","045","CULTURA","0100","PROMOCION Y DESARROLLO CULTURAL","00001","0167390","IMPLEMENTACION DE ACCIONES PARA LA VALORACION Y EL RECONOCIMIENTO A LA ACTIVIDAD ARTISTICA Y CULTURAL","04","AREQUIPA","5","RECURSOS DETERMINADOS","08","IMPUESTOS MUNICIPALES","0","NORMAL","5","GASTO CORRIENTE","2","3","BIENES Y SERVICIOS","1","COMPRA DE BIENES","1","ALIMENTOS Y BEBIDAS","1","ALIMENTOS Y BEBIDAS","1","ALIMENTOS Y BEBIDAS PARA CONSUMO HUMANO","0","0","160","0","0","0","0","0","0","0","0","0","0","0","0","0","0","0"
"2020","M","GOBIERNOS LOCALES"," "," "," "," ","300331","040101","MUNICIPALIDAD PROVINCIAL DE AREQUIPA","04","AREQUIPA","01","AREQUIPA","01","AREQUIPA","111","0140","DESARROLLO Y PROMOCION DE LAS ARTES E INDUSTRIAS CULTURALES","3","ACTIVIDAD","3000773","POBLACION SE BENEFICIA DE UNA OFERTA CULTURAL DIVERSA Y RECONOCIDA A NIVEL NACIONAL E INTERNACIONAL","5005769","IMPLEMENTACION DE ACCIONES PARA LA VALORACION Y EL RECONOCIMIENTO A LA ACTIVIDAD ARTISTICA Y CULTURAL","21","CULTURA Y DEPORTE","045","CULTURA","0100","PROMOCION Y DESARROLLO CULTURAL","00001","0167390","IMPLEMENTACION DE ACCIONES PARA LA VALORACION Y EL RECONOCIMIENTO A LA ACTIVIDAD ARTISTICA Y CULTURAL","04","AREQUIPA","5","RECURSOS DETERMINADOS","08","IMPUESTOS MUNICIPALES","0","NORMAL","5","GASTO CORRIENTE","2","3","BIENES Y SERVICIOS","1","COMPRA DE BIENES","1","ALIMENTOS Y BEBIDAS","1","ALIMENTOS Y BEBIDAS","1","ALIMENTOS Y BEBIDAS PARA CONSUMO HUMANO","0","0","0","160","160","0","0","0","0","0","0","0","0","0","0","0","0","0"
"2020","M","GOBIERNOS LOCALES"," "," "," "," ","300331","040101","MUNICIPALIDAD PROVINCIAL DE AREQUIPA","04","AREQUIPA","01","AREQUIPA","01","AREQUIPA","111","0140","DESARROLLO Y PROMOCION DE LAS ARTES E INDUSTRIAS CULTURALES","3","ACTIVIDAD","3000773","POBLACION SE BENEFICIA DE UNA OFERTA CULTURAL DIVERSA Y RECONOCIDA A NIVEL NACIONAL E INTERNACIONAL","5005769","IMPLEMENTACION DE ACCIONES PARA LA VALORACION Y EL RECONOCIMIENTO A LA ACTIVIDAD ARTISTICA Y CULTURAL","21","CULTURA Y DEPORTE","045","CULTURA","0100","PROMOCION Y DESARROLLO CULTURAL","00001","0167390","IMPLEMENTACION DE ACCIONES PARA LA VALORACION Y EL RECONOCIMIENTO A LA ACTIVIDAD ARTISTICA Y CULTURAL","04","AREQUIPA","5","RECURSOS DETERMINADOS","08","IMPUESTOS MUNICIPALES","0","NORMAL","5","GASTO CORRIENTE","2","3","BIENES Y SERVICIOS","1","COMPRA DE BIENES","5","MATERIALES Y  UTILES","3","ASEO, LIMPIEZA Y COCINA","2","DE COCINA, COMEDOR Y CAFETERIA","0","0","80","0","0","0","0","0","0","0","0","0","0","0","0","0","0","0"
"2020","M","GOBIERNOS LOCALES"," "," "," "," ","300331","040101","MUNICIPALIDAD PROVINCIAL DE AREQUIPA","04","AREQUIPA","01","AREQUIPA","01","AREQUIPA","111","0140","DESARROLLO Y PROMOCION DE LAS ARTES E INDUSTRIAS CULTURALES","3","ACTIVIDAD","3000773","POBLACION SE BENEFICIA DE UNA OFERTA CULTURAL DIVERSA Y RECONOCIDA A NIVEL NACIONAL E INTERNACIONAL","5005769","IMPLEMENTACION DE ACCIONES PARA LA VALORACION Y EL RECONOCIMIENTO A LA ACTIVIDAD ARTISTICA Y CULTURAL","21","CULTURA Y DEPORTE","045","CULTURA","0100","PROMOCION Y DESARROLLO CULTURAL","00001","0167390","IMPLEMENTACION DE ACCIONES PARA LA VALORACION Y EL RECONOCIMIENTO A LA ACTIVIDAD ARTISTICA Y CULTURAL","04","AREQUIPA","5","RECURSOS DETERMINADOS","08","IMPUESTOS MUNICIPALES","0","NORMAL","5","GASTO CORRIENTE","2","3","BIENES Y SERVICIOS","1","COMPRA DE BIENES","5","MATERIALES Y  UTILES","3","ASEO, LIMPIEZA Y COCINA","2","DE COCINA, COMEDOR Y CAFETERIA","0","0","0","80","0","0","0","0","0","0","0","0","0","0","0","0","0","0"
"2020","M","GOBIERNOS LOCALES"," "," "," "," ","300331","040101","MUNICIPALIDAD PROVINCIAL DE AREQUIPA","04","AREQUIPA","01","AREQUIPA","01","AREQUIPA","111","0140","DESARROLLO Y PROMOCION DE LAS ARTES E INDUSTRIAS CULTURALES","3","ACTIVIDAD","3000773","POBLACION SE BENEFICIA DE UNA OFERTA CULTURAL DIVERSA Y RECONOCIDA A NIVEL NACIONAL E INTERNACIONAL","5005769","IMPLEMENTACION DE ACCIONES PARA LA VALORACION Y EL RECONOCIMIENTO A LA ACTIVIDAD ARTISTICA Y CULTURAL","21","CULTURA Y DEPORTE","045","CULTURA","0100","PROMOCION Y DESARROLLO CULTURAL","00001","0167390","IMPLEMENTACION DE ACCIONES PARA LA VALORACION Y EL RECONOCIMIENTO A LA ACTIVIDAD ARTISTICA Y CULTURAL","04","AREQUIPA","5","RECURSOS DETERMINADOS","08","IMPUESTOS MUNICIPALES","0","NORMAL","5","GASTO CORRIENTE","2","3","BIENES Y SERVICIOS","1","COMPRA DE BIENES","6","REPUESTOS Y ACCESORIOS","1","REPUESTOS Y ACCESORIOS","4","DE SEGURIDAD","0","0","215","0","0","0","0","0","0","0","0","0","0","0","0","0","0","0"
"2020","M","GOBIERNOS LOCALES"," "," "," "," ","300331","040101","MUNICIPALIDAD PROVINCIAL DE AREQUIPA","04","AREQUIPA","01","AREQUIPA","01","AREQUIPA","111","0140","DESARROLLO Y PROMOCION DE LAS ARTES E INDUSTRIAS CULTURALES","3","ACTIVIDAD","3000773","POBLACION SE BENEFICIA DE UNA OFERTA CULTURAL DIVERSA Y RECONOCIDA A NIVEL NACIONAL E INTERNACIONAL","5005769","IMPLEMENTACION DE ACCIONES PARA LA VALORACION Y EL RECONOCIMIENTO A LA ACTIVIDAD ARTISTICA Y CULTURAL","21","CULTURA Y DEPORTE","045","CULTURA","0100","PROMOCION Y DESARROLLO CULTURAL","00001","0167390","IMPLEMENTACION DE ACCIONES PARA LA VALORACION Y EL RECONOCIMIENTO A LA ACTIVIDAD ARTISTICA Y CULTURAL","04","AREQUIPA","5","RECURSOS DETERMINADOS","08","IMPUESTOS MUNICIPALES","0","NORMAL","5","GASTO CORRIENTE","2","3","BIENES Y SERVICIOS","1","COMPRA DE BIENES","6","REPUESTOS Y ACCESORIOS","1","REPUESTOS Y ACCESORIOS","4","DE SEGURIDAD","0","0","0","215","165","0","0","0","0","0","0","0","0","0","0","0","0","0"
"2020","M","GOBIERNOS LOCALES"," "," "," "," ","300331","040101","MUNICIPALIDAD PROVINCIAL DE AREQUIPA","04","AREQUIPA","01","AREQUIPA","01","AREQUIPA","111","0140","DESARROLLO Y PROMOCION DE LAS ARTES E INDUSTRIAS CULTURALES","3","ACTIVIDAD","3000773","POBLACION SE BENEFICIA DE UNA OFERTA CULTURAL DIVERSA Y RECONOCIDA A NIVEL NACIONAL E INTERNACIONAL","5005769","IMPLEMENTACION DE ACCIONES PARA LA VALORACION Y EL RECONOCIMIENTO A LA ACTIVIDAD ARTISTICA Y CULTURAL","21","CULTURA Y DEPORTE","045","CULTURA","0100","PROMOCION Y DESARROLLO CULTURAL","00001","0167390","IMPLEMENTACION DE ACCIONES PARA LA VALORACION Y EL RECONOCIMIENTO A LA ACTIVIDAD ARTISTICA Y CULTURAL","04","AREQUIPA","5","RECURSOS DETERMINADOS","08","IMPUESTOS MUNICIPALES","0","NORMAL","5","GASTO CORRIENTE","2","3","BIENES Y SERVICIOS","1","COMPRA DE BIENES","8","SUMINISTROS MEDICOS","2","MATERIAL,INSUMOS,INSTRUMENTAL Y ACCESORIOS MEDICOS,QUIRURGICOS, ODONTOLOGICOS Y DE LABORATORIO","1","MATERIAL, INSUMOS, INSTRUMENTAL Y ACCESORIOS  MEDICOS, QUIRURGICOS, ODONTOLOGICOS Y DE LABORATORIO","0","0","48","0","0","0","0","0","0","0","0","0","0","0","0","0","0","0"
"2020","M","GOBIERNOS LOCALES"," "," "," "," ","300331","040101","MUNICIPALIDAD PROVINCIAL DE AREQUIPA","04","AREQUIPA","01","AREQUIPA","01","AREQUIPA","111","0140","DESARROLLO Y PROMOCION DE LAS ARTES E INDUSTRIAS CULTURALES","3","ACTIVIDAD","3000773","POBLACION SE BENEFICIA DE UNA OFERTA CULTURAL DIVERSA Y RECONOCIDA A NIVEL NACIONAL E INTERNACIONAL","5005769","IMPLEMENTACION DE ACCIONES PARA LA VALORACION Y EL RECONOCIMIENTO A LA ACTIVIDAD ARTISTICA Y CULTURAL","21","CULTURA Y DEPORTE","045","CULTURA","0100","PROMOCION Y DESARROLLO CULTURAL","00001","0167390","IMPLEMENTACION DE ACCIONES PARA LA VALORACION Y EL RECONOCIMIENTO A LA ACTIVIDAD ARTISTICA Y CULTURAL","04","AREQUIPA","5","RECURSOS DETERMINADOS","08","IMPUESTOS MUNICIPALES","0","NORMAL","5","GASTO CORRIENTE","2","3","BIENES Y SERVICIOS","1","COMPRA DE BIENES","8","SUMINISTROS MEDICOS","2","MATERIAL,INSUMOS,INSTRUMENTAL Y ACCESORIOS MEDICOS,QUIRURGICOS, ODONTOLOGICOS Y DE LABORATORIO","1","MATERIAL, INSUMOS, INSTRUMENTAL Y ACCESORIOS  MEDICOS, QUIRURGICOS, ODONTOLOGICOS Y DE LABORATORIO","0","0","0","48","48","0","0","0","0","0","0","0","0","0","0","0","0","0"
"2020","M","GOBIERNOS LOCALES"," "," "," "," ","300331","040101","MUNICIPALIDAD PROVINCIAL DE AREQUIPA","04","AREQUIPA","01","AREQUIPA","01","AREQUIPA","111","0140","DESARROLLO Y PROMOCION DE LAS ARTES E INDUSTRIAS CULTURALES","3","ACTIVIDAD","3000773","POBLACION SE BENEFICIA DE UNA OFERTA CULTURAL DIVERSA Y RECONOCIDA A NIVEL NACIONAL E INTERNACIONAL","5005769","IMPLEMENTACION DE ACCIONES PARA LA VALORACION Y EL RECONOCIMIENTO A LA ACTIVIDAD ARTISTICA Y CULTURAL","21","CULTURA Y DEPORTE","045","CULTURA","0100","PROMOCION Y DESARROLLO CULTURAL","00001","0167390","IMPLEMENTACION DE ACCIONES PARA LA VALORACION Y EL RECONOCIMIENTO A LA ACTIVIDAD ARTISTICA Y CULTURAL","04","AREQUIPA","5","RECURSOS DETERMINADOS","08","IMPUESTOS MUNICIPALES","0","NORMAL","5","GASTO CORRIENTE","2","3","BIENES Y SERVICIOS","1","COMPRA DE BIENES","99","COMPRA DE OTROS BIENES","1","COMPRA DE OTROS BIENES","3","LIBROS, DIARIOS, REVISTAS Y OTROS BIENES IMPRESOS NO VINCULADOS A ENSEÑANZA","0","0","1110","0","0","0","0","0","0","0","0","0","0","0","0","0","0","0"
"2020","M","GOBIERNOS LOCALES"," "," "," "," ","300331","040101","MUNICIPALIDAD PROVINCIAL DE AREQUIPA","04","AREQUIPA","01","AREQUIPA","01","AREQUIPA","111","0140","DESARROLLO Y PROMOCION DE LAS ARTES E INDUSTRIAS CULTURALES","3","ACTIVIDAD","3000773","POBLACION SE BENEFICIA DE UNA OFERTA CULTURAL DIVERSA Y RECONOCIDA A NIVEL NACIONAL E INTERNACIONAL","5005769","IMPLEMENTACION DE ACCIONES PARA LA VALORACION Y EL RECONOCIMIENTO A LA ACTIVIDAD ARTISTICA Y CULTURAL","21","CULTURA Y DEPORTE","045","CULTURA","0100","PROMOCION Y DESARROLLO CULTURAL","00001","0167390","IMPLEMENTACION DE ACCIONES PARA LA VALORACION Y EL RECONOCIMIENTO A LA ACTIVIDAD ARTISTICA Y CULTURAL","04","AREQUIPA","5","RECURSOS DETERMINADOS","08","IMPUESTOS MUNICIPALES","0","NORMAL","5","GASTO CORRIENTE","2","3","BIENES Y SERVICIOS","1","COMPRA DE BIENES","99","COMPRA DE OTROS BIENES","1","COMPRA DE OTROS BIENES","3","LIBROS, DIARIOS, REVISTAS Y OTROS BIENES IMPRESOS NO VINCULADOS A ENSEÑANZA","0","0","0","1110","0","0","0","0","0","0","0","0","0","0","0","0","0","0"
"2020","M","GOBIERNOS LOCALES"," "," "," "," ","300331","040101","MUNICIPALIDAD PROVINCIAL DE AREQUIPA","04","AREQUIPA","01","AREQUIPA","01","AREQUIPA","111","0140","DESARROLLO Y PROMOCION DE LAS ARTES E INDUSTRIAS CULTURALES","3","ACTIVIDAD","3000773","POBLACION SE BENEFICIA DE UNA OFERTA CULTURAL DIVERSA Y RECONOCIDA A NIVEL NACIONAL E INTERNACIONAL","5005769","IMPLEMENTACION DE ACCIONES PARA LA VALORACION Y EL RECONOCIMIENTO A LA ACTIVIDAD ARTISTICA Y CULTURAL","21","CULTURA Y DEPORTE","045","CULTURA","0100","PROMOCION Y DESARROLLO CULTURAL","00001","0167390","IMPLEMENTACION DE ACCIONES PARA LA VALORACION Y EL RECONOCIMIENTO A LA ACTIVIDAD ARTISTICA Y CULTURAL","04","AREQUIPA","5","RECURSOS DETERMINADOS","08","IMPUESTOS MUNICIPALES","0","NORMAL","5","GASTO CORRIENTE","2","3","BIENES Y SERVICIOS","1","COMPRA DE BIENES","99","COMPRA DE OTROS BIENES","1","COMPRA DE OTROS BIENES","99","OTROS BIENES","0","0","1160","0","0","0","0","0","0","0","0","0","0","0","0","0","0","0"
"2020","M","GOBIERNOS LOCALES"," "," "," "," ","300331","040101","MUNICIPALIDAD PROVINCIAL DE AREQUIPA","04","AREQUIPA","01","AREQUIPA","01","AREQUIPA","111","0140","DESARROLLO Y PROMOCION DE LAS ARTES E INDUSTRIAS CULTURALES","3","ACTIVIDAD","3000773","POBLACION SE BENEFICIA DE UNA OFERTA CULTURAL DIVERSA Y RECONOCIDA A NIVEL NACIONAL E INTERNACIONAL","5005769","IMPLEMENTACION DE ACCIONES PARA LA VALORACION Y EL RECONOCIMIENTO A LA ACTIVIDAD ARTISTICA Y CULTURAL","21","CULTURA Y DEPORTE","045","CULTURA","0100","PROMOCION Y DESARROLLO CULTURAL","00001","0167390","IMPLEMENTACION DE ACCIONES PARA LA VALORACION Y EL RECONOCIMIENTO A LA ACTIVIDAD ARTISTICA Y CULTURAL","04","AREQUIPA","5","RECURSOS DETERMINADOS","08","IMPUESTOS MUNICIPALES","0","NORMAL","5","GASTO CORRIENTE","2","3","BIENES Y SERVICIOS","1","COMPRA DE BIENES","99","COMPRA DE OTROS BIENES","1","COMPRA DE OTROS BIENES","99","OTROS BIENES","0","0","0","1160","1014.60","0","0","0","0","0","0","0","0","0","0","0","0","0"
"2020","M","GOBIERNOS LOCALES"," "," "," "," ","300331","040101","MUNICIPALIDAD PROVINCIAL DE AREQUIPA","04","AREQUIPA","01","AREQUIPA","01","AREQUIPA","111","0140","DESARROLLO Y PROMOCION DE LAS ARTES E INDUSTRIAS CULTURALES","3","ACTIVIDAD","3000773","POBLACION SE BENEFICIA DE UNA OFERTA CULTURAL DIVERSA Y RECONOCIDA A NIVEL NACIONAL E INTERNACIONAL","5005769","IMPLEMENTACION DE ACCIONES PARA LA VALORACION Y EL RECONOCIMIENTO A LA ACTIVIDAD ARTISTICA Y CULTURAL","21","CULTURA Y DEPORTE","045","CULTURA","0100","PROMOCION Y DESARROLLO CULTURAL","00001","0167390","IMPLEMENTACION DE ACCIONES PARA LA VALORACION Y EL RECONOCIMIENTO A LA ACTIVIDAD ARTISTICA Y CULTURAL","04","AREQUIPA","5","RECURSOS DETERMINADOS","08","IMPUESTOS MUNICIPALES","0","NORMAL","5","GASTO CORRIENTE","2","3","BIENES Y SERVICIOS","2","CONTRATACION DE SERVICIOS","5","ALQUILERES DE MUEBLES E INMUEBLES","1","ALQUILERES DE MUEBLES E INMUEBLES","4","DE MAQUINARIAS Y EQUIPOS","0","0","8940","0","0","0","0","0","0","0","0","0","0","0","0","0","0","0"
"2020","M","GOBIERNOS LOCALES"," "," "," "," ","300331","040101","MUNICIPALIDAD PROVINCIAL DE AREQUIPA","04","AREQUIPA","01","AREQUIPA","01","AREQUIPA","111","0140","DESARROLLO Y PROMOCION DE LAS ARTES E INDUSTRIAS CULTURALES","3","ACTIVIDAD","3000773","POBLACION SE BENEFICIA DE UNA OFERTA CULTURAL DIVERSA Y RECONOCIDA A NIVEL NACIONAL E INTERNACIONAL","5005769","IMPLEMENTACION DE ACCIONES PARA LA VALORACION Y EL RECONOCIMIENTO A LA ACTIVIDAD ARTISTICA Y CULTURAL","21","CULTURA Y DEPORTE","045","CULTURA","0100","PROMOCION Y DESARROLLO CULTURAL","00001","0167390","IMPLEMENTACION DE ACCIONES PARA LA VALORACION Y EL RECONOCIMIENTO A LA ACTIVIDAD ARTISTICA Y CULTURAL","04","AREQUIPA","5","RECURSOS DETERMINADOS","08","IMPUESTOS MUNICIPALES","0","NORMAL","5","GASTO CORRIENTE","2","3","BIENES Y SERVICIOS","2","CONTRATACION DE SERVICIOS","5","ALQUILERES DE MUEBLES E INMUEBLES","1","ALQUILERES DE MUEBLES E INMUEBLES","4","DE MAQUINARIAS Y EQUIPOS","0","0","0","8940","1200","0","0","0","0","0","0","0","0","0","0","0","0","0"
"2020","M","GOBIERNOS LOCALES"," "," "," "," ","300331","040101","MUNICIPALIDAD PROVINCIAL DE AREQUIPA","04","AREQUIPA","01","AREQUIPA","01","AREQUIPA","111","0140","DESARROLLO Y PROMOCION DE LAS ARTES E INDUSTRIAS CULTURALES","3","ACTIVIDAD","3000773","POBLACION SE BENEFICIA DE UNA OFERTA CULTURAL DIVERSA Y RECONOCIDA A NIVEL NACIONAL E INTERNACIONAL","5005769","IMPLEMENTACION DE ACCIONES PARA LA VALORACION Y EL RECONOCIMIENTO A LA ACTIVIDAD ARTISTICA Y CULTURAL","21","CULTURA Y DEPORTE","045","CULTURA","0100","PROMOCION Y DESARROLLO CULTURAL","00001","0167390","IMPLEMENTACION DE ACCIONES PARA LA VALORACION Y EL RECONOCIMIENTO A LA ACTIVIDAD ARTISTICA Y CULTURAL","04","AREQUIPA","5","RECURSOS DETERMINADOS","08","IMPUESTOS MUNICIPALES","0","NORMAL","5","GASTO CORRIENTE","2","3","BIENES Y SERVICIOS","2","CONTRATACION DE SERVICIOS","7","SERVICIOS PROFESIONALES Y TECNICOS","11","OTROS SERVICIOS","99","SERVICIOS DIVERSOS","0","0","7390","0","0","0","0","0","0","0","0","0","0","0","0","0","0","0"
"2020","M","GOBIERNOS LOCALES"," "," "," "," ","300331","040101","MUNICIPALIDAD PROVINCIAL DE AREQUIPA","04","AREQUIPA","01","AREQUIPA","01","AREQUIPA","111","0140","DESARROLLO Y PROMOCION DE LAS ARTES E INDUSTRIAS CULTURALES","3","ACTIVIDAD","3000773","POBLACION SE BENEFICIA DE UNA OFERTA CULTURAL DIVERSA Y RECONOCIDA A NIVEL NACIONAL E INTERNACIONAL","5005769","IMPLEMENTACION DE ACCIONES PARA LA VALORACION Y EL RECONOCIMIENTO A LA ACTIVIDAD ARTISTICA Y CULTURAL","21","CULTURA Y DEPORTE","045","CULTURA","0100","PROMOCION Y DESARROLLO CULTURAL","00001","0167390","IMPLEMENTACION DE ACCIONES PARA LA VALORACION Y EL RECONOCIMIENTO A LA ACTIVIDAD ARTISTICA Y CULTURAL","04","AREQUIPA","5","RECURSOS DETERMINADOS","08","IMPUESTOS MUNICIPALES","0","NORMAL","5","GASTO CORRIENTE","2","3","BIENES Y SERVICIOS","2","CONTRATACION DE SERVICIOS","7","SERVICIOS PROFESIONALES Y TECNICOS","11","OTROS SERVICIOS","99","SERVICIOS DIVERSOS","0","0","0","7300","5150","0","0","0","0","0","0","0","0","0","0","0","0","0"
"2020","M","GOBIERNOS LOCALES"," "," "," "," ","300331","040101","MUNICIPALIDAD PROVINCIAL DE AREQUIPA","04","AREQUIPA","01","AREQUIPA","01","AREQUIPA","111","0140","DESARROLLO Y PROMOCION DE LAS ARTES E INDUSTRIAS CULTURALES","3","ACTIVIDAD","3000773","POBLACION SE BENEFICIA DE UNA OFERTA CULTURAL DIVERSA Y RECONOCIDA A NIVEL NACIONAL E INTERNACIONAL","5005769","IMPLEMENTACION DE ACCIONES PARA LA VALORACION Y EL RECONOCIMIENTO A LA ACTIVIDAD ARTISTICA Y CULTURAL","21","CULTURA Y DEPORTE","045","CULTURA","0100","PROMOCION Y DESARROLLO CULTURAL","00001","0167390","IMPLEMENTACION DE ACCIONES PARA LA VALORACION Y EL RECONOCIMIENTO A LA ACTIVIDAD ARTISTICA Y CULTURAL","04","AREQUIPA","5","RECURSOS DETERMINADOS","08","IMPUESTOS MUNICIPALES","0","NORMAL","5","GASTO CORRIENTE","2","3","BIENES Y SERVICIOS","2","CONTRATACION DE SERVICIOS","8","CONTRATO ADMINISTRATIVO DE SERVICIOS","1","CONTRATO ADMINISTRATIVO DE SERVICIOS","1","CONTRATO ADMINISTRATIVO DE SERVICIOS","0","0","82460","0","0","0","0","0","0","0","0","0","0","0","0","0","0","0"
"2020","M","GOBIERNOS LOCALES"," "," "," "," ","300331","040101","MUNICIPALIDAD PROVINCIAL DE AREQUIPA","04","AREQUIPA","01","AREQUIPA","01","AREQUIPA","111","0140","DESARROLLO Y PROMOCION DE LAS ARTES E INDUSTRIAS CULTURALES","3","ACTIVIDAD","3000773","POBLACION SE BENEFICIA DE UNA OFERTA CULTURAL DIVERSA Y RECONOCIDA A NIVEL NACIONAL E INTERNACIONAL","5005769","IMPLEMENTACION DE ACCIONES PARA LA VALORACION Y EL RECONOCIMIENTO A LA ACTIVIDAD ARTISTICA Y CULTURAL","21","CULTURA Y DEPORTE","045","CULTURA","0100","PROMOCION Y DESARROLLO CULTURAL","00001","0167390","IMPLEMENTACION DE ACCIONES PARA LA VALORACION Y EL RECONOCIMIENTO A LA ACTIVIDAD ARTISTICA Y CULTURAL","04","AREQUIPA","5","RECURSOS DETERMINADOS","08","IMPUESTOS MUNICIPALES","0","NORMAL","5","GASTO CORRIENTE","2","3","BIENES Y SERVICIOS","2","CONTRATACION DE SERVICIOS","8","CONTRATO ADMINISTRATIVO DE SERVICIOS","1","CONTRATO ADMINISTRATIVO DE SERVICIOS","1","CONTRATO ADMINISTRATIVO DE SERVICIOS","0","0","0","82460","82460","11620","11100","11740","12000","0","0","0","0","0","0","0","0","46460"
"2020","M","GOBIERNOS LOCALES"," "," "," "," ","300331","040101","MUNICIPALIDAD PROVINCIAL DE AREQUIPA","04","AREQUIPA","01","AREQUIPA","01","AREQUIPA","111","0140","DESARROLLO Y PROMOCION DE LAS ARTES E INDUSTRIAS CULTURALES","3","ACTIVIDAD","3000773","POBLACION SE BENEFICIA DE UNA OFERTA CULTURAL DIVERSA Y RECONOCIDA A NIVEL NACIONAL E INTERNACIONAL","5005769","IMPLEMENTACION DE ACCIONES PARA LA VALORACION Y EL RECONOCIMIENTO A LA ACTIVIDAD ARTISTICA Y CULTURAL","21","CULTURA Y DEPORTE","045","CULTURA","0100","PROMOCION Y DESARROLLO CULTURAL","00001","0167390","IMPLEMENTACION DE ACCIONES PARA LA VALORACION Y EL RECONOCIMIENTO A LA ACTIVIDAD ARTISTICA Y CULTURAL","04","AREQUIPA","5","RECURSOS DETERMINADOS","08","IMPUESTOS MUNICIPALES","0","NORMAL","5","GASTO CORRIENTE","2","3","BIENES Y SERVICIOS","2","CONTRATACION DE SERVICIOS","8","CONTRATO ADMINISTRATIVO DE SERVICIOS","1","CONTRATO ADMINISTRATIVO DE SERVICIOS","2","CONTRIBUCIONES A ESSALUD DE C.A.S.","0","0","6790","0","0","0","0","0","0","0","0","0","0","0","0","0","0","0"
"2020","M","GOBIERNOS LOCALES"," "," "," "," ","300331","040101","MUNICIPALIDAD PROVINCIAL DE AREQUIPA","04","AREQUIPA","01","AREQUIPA","01","AREQUIPA","111","0140","DESARROLLO Y PROMOCION DE LAS ARTES E INDUSTRIAS CULTURALES","3","ACTIVIDAD","3000773","POBLACION SE BENEFICIA DE UNA OFERTA CULTURAL DIVERSA Y RECONOCIDA A NIVEL NACIONAL E INTERNACIONAL","5005769","IMPLEMENTACION DE ACCIONES PARA LA VALORACION Y EL RECONOCIMIENTO A LA ACTIVIDAD ARTISTICA Y CULTURAL","21","CULTURA Y DEPORTE","045","CULTURA","0100","PROMOCION Y DESARROLLO CULTURAL","00001","0167390","IMPLEMENTACION DE ACCIONES PARA LA VALORACION Y EL RECONOCIMIENTO A LA ACTIVIDAD ARTISTICA Y CULTURAL","04","AREQUIPA","5","RECURSOS DETERMINADOS","08","IMPUESTOS MUNICIPALES","0","NORMAL","5","GASTO CORRIENTE","2","3","BIENES Y SERVICIOS","2","CONTRATACION DE SERVICIOS","8","CONTRATO ADMINISTRATIVO DE SERVICIOS","1","CONTRATO ADMINISTRATIVO DE SERVICIOS","2","CONTRIBUCIONES A ESSALUD DE C.A.S.","0","0","0","6788.45","6788.45","967.95","903.15","978.75","984.15","0","0","0","0","0","0","0","0","3834"
"2020","M","GOBIERNOS LOCALES"," "," "," "," ","300331","040101","MUNICIPALIDAD PROVINCIAL DE AREQUIPA","04","AREQUIPA","01","AREQUIPA","01","AREQUIPA","111","0140","DESARROLLO Y PROMOCION DE LAS ARTES E INDUSTRIAS CULTURALES","3","ACTIVIDAD","3000773","POBLACION SE BENEFICIA DE UNA OFERTA CULTURAL DIVERSA Y RECONOCIDA A NIVEL NACIONAL E INTERNACIONAL","5005769","IMPLEMENTACION DE ACCIONES PARA LA VALORACION Y EL RECONOCIMIENTO A LA ACTIVIDAD ARTISTICA Y CULTURAL","21","CULTURA Y DEPORTE","045","CULTURA","0100","PROMOCION Y DESARROLLO CULTURAL","00001","0167390","IMPLEMENTACION DE ACCIONES PARA LA VALORACION Y EL RECONOCIMIENTO A LA ACTIVIDAD ARTISTICA Y CULTURAL","04","AREQUIPA","5","RECURSOS DETERMINADOS","08","IMPUESTOS MUNICIPALES","7","SUB CUENTA - IMPUESTOS MUNICIPALES","5","GASTO CORRIENTE","2","3","BIENES Y SERVICIOS","1","COMPRA DE BIENES","6","REPUESTOS Y ACCESORIOS","1","REPUESTOS Y ACCESORIOS","4","DE SEGURIDAD","0","0","0","0","0","0","0","0","0","0","0","0","0","0","0","0","165","165"
"2020","M","GOBIERNOS LOCALES"," "," "," "," ","300331","040101","MUNICIPALIDAD PROVINCIAL DE AREQUIPA","04","AREQUIPA","01","AREQUIPA","01","AREQUIPA","111","0140","DESARROLLO Y PROMOCION DE LAS ARTES E INDUSTRIAS CULTURALES","3","ACTIVIDAD","3000773","POBLACION SE BENEFICIA DE UNA OFERTA CULTURAL DIVERSA Y RECONOCIDA A NIVEL NACIONAL E INTERNACIONAL","5005769","IMPLEMENTACION DE ACCIONES PARA LA VALORACION Y EL RECONOCIMIENTO A LA ACTIVIDAD ARTISTICA Y CULTURAL","21","CULTURA Y DEPORTE","045","CULTURA","0100","PROMOCION Y DESARROLLO CULTURAL","00001","0167390","IMPLEMENTACION DE ACCIONES PARA LA VALORACION Y EL RECONOCIMIENTO A LA ACTIVIDAD ARTISTICA Y CULTURAL","04","AREQUIPA","5","RECURSOS DETERMINADOS","08","IMPUESTOS MUNICIPALES","7","SUB CUENTA - IMPUESTOS MUNICIPALES","5","GASTO CORRIENTE","2","3","BIENES Y SERVICIOS","1","COMPRA DE BIENES","8","SUMINISTROS MEDICOS","2","MATERIAL,INSUMOS,INSTRUMENTAL Y ACCESORIOS MEDICOS,QUIRURGICOS, ODONTOLOGICOS Y DE LABORATORIO","1","MATERIAL, INSUMOS, INSTRUMENTAL Y ACCESORIOS  MEDICOS, QUIRURGICOS, ODONTOLOGICOS Y DE LABORATORIO","0","0","0","0","0","0","0","0","0","0","0","0","0","0","0","0","48","48"
"2020","M","GOBIERNOS LOCALES"," "," "," "," ","300331","040101","MUNICIPALIDAD PROVINCIAL DE AREQUIPA","04","AREQUIPA","01","AREQUIPA","01","AREQUIPA","111","0140","DESARROLLO Y PROMOCION DE LAS ARTES E INDUSTRIAS CULTURALES","3","ACTIVIDAD","3000773","POBLACION SE BENEFICIA DE UNA OFERTA CULTURAL DIVERSA Y RECONOCIDA A NIVEL NACIONAL E INTERNACIONAL","5005769","IMPLEMENTACION DE ACCIONES PARA LA VALORACION Y EL RECONOCIMIENTO A LA ACTIVIDAD ARTISTICA Y CULTURAL","21","CULTURA Y DEPORTE","045","CULTURA","0100","PROMOCION Y DESARROLLO CULTURAL","00001","0167390","IMPLEMENTACION DE ACCIONES PARA LA VALORACION Y EL RECONOCIMIENTO A LA ACTIVIDAD ARTISTICA Y CULTURAL","04","AREQUIPA","5","RECURSOS DETERMINADOS","08","IMPUESTOS MUNICIPALES","7","SUB CUENTA - IMPUESTOS MUNICIPALES","5","GASTO CORRIENTE","2","3","BIENES Y SERVICIOS","1","COMPRA DE BIENES","99","COMPRA DE OTROS BIENES","1","COMPRA DE OTROS BIENES","99","OTROS BIENES","0","0","0","0","0","0","0","0","0","0","0","0","0","0","0","0","1014.60","1014.60"
"2020","M","GOBIERNOS LOCALES"," "," "," "," ","300331","040101","MUNICIPALIDAD PROVINCIAL DE AREQUIPA","04","AREQUIPA","01","AREQUIPA","01","AREQUIPA","111","0140","DESARROLLO Y PROMOCION DE LAS ARTES E INDUSTRIAS CULTURALES","3","ACTIVIDAD","3000773","POBLACION SE BENEFICIA DE UNA OFERTA CULTURAL DIVERSA Y RECONOCIDA A NIVEL NACIONAL E INTERNACIONAL","5005769","IMPLEMENTACION DE ACCIONES PARA LA VALORACION Y EL RECONOCIMIENTO A LA ACTIVIDAD ARTISTICA Y CULTURAL","21","CULTURA Y DEPORTE","045","CULTURA","0100","PROMOCION Y DESARROLLO CULTURAL","00001","0167390","IMPLEMENTACION DE ACCIONES PARA LA VALORACION Y EL RECONOCIMIENTO A LA ACTIVIDAD ARTISTICA Y CULTURAL","04","AREQUIPA","5","RECURSOS DETERMINADOS","08","IMPUESTOS MUNICIPALES","7","SUB CUENTA - IMPUESTOS MUNICIPALES","5","GASTO CORRIENTE","2","3","BIENES Y SERVICIOS","2","CONTRATACION DE SERVICIOS","5","ALQUILERES DE MUEBLES E INMUEBLES","1","ALQUILERES DE MUEBLES E INMUEBLES","4","DE MAQUINARIAS Y EQUIPOS","0","0","0","0","0","0","0","0","0","0","0","0","0","0","1200","0","0","1200"
"2020","M","GOBIERNOS LOCALES"," "," "," "," ","300331","040101","MUNICIPALIDAD PROVINCIAL DE AREQUIPA","04","AREQUIPA","01","AREQUIPA","01","AREQUIPA","111","0140","DESARROLLO Y PROMOCION DE LAS ARTES E INDUSTRIAS CULTURALES","3","ACTIVIDAD","3000773","POBLACION SE BENEFICIA DE UNA OFERTA CULTURAL DIVERSA Y RECONOCIDA A NIVEL NACIONAL E INTERNACIONAL","5005769","IMPLEMENTACION DE ACCIONES PARA LA VALORACION Y EL RECONOCIMIENTO A LA ACTIVIDAD ARTISTICA Y CULTURAL","21","CULTURA Y DEPORTE","045","CULTURA","0100","PROMOCION Y DESARROLLO CULTURAL","00001","0167390","IMPLEMENTACION DE ACCIONES PARA LA VALORACION Y EL RECONOCIMIENTO A LA ACTIVIDAD ARTISTICA Y CULTURAL","04","AREQUIPA","5","RECURSOS DETERMINADOS","08","IMPUESTOS MUNICIPALES","7","SUB CUENTA - IMPUESTOS MUNICIPALES","5","GASTO CORRIENTE","2","3","BIENES Y SERVICIOS","2","CONTRATACION DE SERVICIOS","7","SERVICIOS PROFESIONALES Y TECNICOS","11","OTROS SERVICIOS","99","SERVICIOS DIVERSOS","0","0","0","0","0","0","0","0","0","0","0","0","0","0","0","150","5000","5150"
"2020","M","GOBIERNOS LOCALES"," "," "," "," ","300331","040101","MUNICIPALIDAD PROVINCIAL DE AREQUIPA","04","AREQUIPA","01","AREQUIPA","01","AREQUIPA","111","0140","DESARROLLO Y PROMOCION DE LAS ARTES E INDUSTRIAS CULTURALES","3","ACTIVIDAD","3000773","POBLACION SE BENEFICIA DE UNA OFERTA CULTURAL DIVERSA Y RECONOCIDA A NIVEL NACIONAL E INTERNACIONAL","5005769","IMPLEMENTACION DE ACCIONES PARA LA VALORACION Y EL RECONOCIMIENTO A LA ACTIVIDAD ARTISTICA Y CULTURAL","21","CULTURA Y DEPORTE","045","CULTURA","0100","PROMOCION Y DESARROLLO CULTURAL","00001","0167390","IMPLEMENTACION DE ACCIONES PARA LA VALORACION Y EL RECONOCIMIENTO A LA ACTIVIDAD ARTISTICA Y CULTURAL","04","AREQUIPA","5","RECURSOS DETERMINADOS","08","IMPUESTOS MUNICIPALES","7","SUB CUENTA - IMPUESTOS MUNICIPALES","5","GASTO CORRIENTE","2","3","BIENES Y SERVICIOS","2","CONTRATACION DE SERVICIOS","8","CONTRATO ADMINISTRATIVO DE SERVICIOS","1","CONTRATO ADMINISTRATIVO DE SERVICIOS","1","CONTRATO ADMINISTRATIVO DE SERVICIOS","0","0","0","0","0","0","0","0","0","0","0","0","12000","12000","0","12000","0","36000"
"2020","M","GOBIERNOS LOCALES"," "," "," "," ","300331","040101","MUNICIPALIDAD PROVINCIAL DE AREQUIPA","04","AREQUIPA","01","AREQUIPA","01","AREQUIPA","111","0140","DESARROLLO Y PROMOCION DE LAS ARTES E INDUSTRIAS CULTURALES","3","ACTIVIDAD","3000773","POBLACION SE BENEFICIA DE UNA OFERTA CULTURAL DIVERSA Y RECONOCIDA A NIVEL NACIONAL E INTERNACIONAL","5005769","IMPLEMENTACION DE ACCIONES PARA LA VALORACION Y EL RECONOCIMIENTO A LA ACTIVIDAD ARTISTICA Y CULTURAL","21","CULTURA Y DEPORTE","045","CULTURA","0100","PROMOCION Y DESARROLLO CULTURAL","00001","0167390","IMPLEMENTACION DE ACCIONES PARA LA VALORACION Y EL RECONOCIMIENTO A LA ACTIVIDAD ARTISTICA Y CULTURAL","04","AREQUIPA","5","RECURSOS DETERMINADOS","08","IMPUESTOS MUNICIPALES","7","SUB CUENTA - IMPUESTOS MUNICIPALES","5","GASTO CORRIENTE","2","3","BIENES Y SERVICIOS","2","CONTRATACION DE SERVICIOS","8","CONTRATO ADMINISTRATIVO DE SERVICIOS","1","CONTRATO ADMINISTRATIVO DE SERVICIOS","2","CONTRIBUCIONES A ESSALUD DE C.A.S.","0","0","0","0","0","0","0","0","0","0","0","0","984.15","984.15","0","984.15","0","2952.45"
"2020","M","GOBIERNOS LOCALES"," "," "," "," ","300331","040101","MUNICIPALIDAD PROVINCIAL DE AREQUIPA","04","AREQUIPA","01","AREQUIPA","01","AREQUIPA","48","0140","DESARROLLO Y PROMOCION DE LAS ARTES E INDUSTRIAS CULTURALES","3","ACTIVIDAD","3000773","POBLACION SE BENEFICIA DE UNA OFERTA CULTURAL DIVERSA Y RECONOCIDA A NIVEL NACIONAL E INTERNACIONAL","5005770","IMPLEMENTACION DE ACCIONES PARA EL ACCESO Y LA APRECIACION DE LA DIVERSIDAD DE EXPRESIONES ARTISTICAS ","21","CULTURA Y DEPORTE","045","CULTURA","0100","PROMOCION Y DESARROLLO CULTURAL","00001","0167391","IMPLEMENTACION DE ACCIONES PARA EL ACCESO Y LA APRECIACION DE LA DIVERSIDAD DE EXPRESIONES ARTISTICAS","04","AREQUIPA","2","RECURSOS DIRECTAMENTE RECAUDADOS","09","RECURSOS DIRECTAMENTE RECAUDADOS","0","NORMAL","5","GASTO CORRIENTE","2","1","PERSONAL Y OBLIGACIONES SOCIALES","1","RETRIBUCIONES Y COMPLEMENTOS EN EFECTIVO","1","PERSONAL ADMINISTRATIVO","1","PERSONAL ADMINISTRATIVO","2","PERSONAL ADMINISTRATIVO NOMBRADO (REGIMEN PUBLICO)","52600","59370","111970","0","0","0","0","0","0","0","0","0","0","0","0","0","0","0"
"2020","M","GOBIERNOS LOCALES"," "," "," "," ","300331","040101","MUNICIPALIDAD PROVINCIAL DE AREQUIPA","04","AREQUIPA","01","AREQUIPA","01","AREQUIPA","48","0140","DESARROLLO Y PROMOCION DE LAS ARTES E INDUSTRIAS CULTURALES","3","ACTIVIDAD","3000773","POBLACION SE BENEFICIA DE UNA OFERTA CULTURAL DIVERSA Y RECONOCIDA A NIVEL NACIONAL E INTERNACIONAL","5005770","IMPLEMENTACION DE ACCIONES PARA EL ACCESO Y LA APRECIACION DE LA DIVERSIDAD DE EXPRESIONES ARTISTICAS ","21","CULTURA Y DEPORTE","045","CULTURA","0100","PROMOCION Y DESARROLLO CULTURAL","00001","0167391","IMPLEMENTACION DE ACCIONES PARA EL ACCESO Y LA APRECIACION DE LA DIVERSIDAD DE EXPRESIONES ARTISTICAS","04","AREQUIPA","2","RECURSOS DIRECTAMENTE RECAUDADOS","09","RECURSOS DIRECTAMENTE RECAUDADOS","0","NORMAL","5","GASTO CORRIENTE","2","1","PERSONAL Y OBLIGACIONES SOCIALES","1","RETRIBUCIONES Y COMPLEMENTOS EN EFECTIVO","1","PERSONAL ADMINISTRATIVO","1","PERSONAL ADMINISTRATIVO","2","PERSONAL ADMINISTRATIVO NOMBRADO (REGIMEN PUBLICO)","0","0","0","111969.18","111969.18","0","0","0","0","0","0","0","0","0","0","0","0","0"
"2020","M","GOBIERNOS LOCALES"," "," "," "," ","300331","040101","MUNICIPALIDAD PROVINCIAL DE AREQUIPA","04","AREQUIPA","01","AREQUIPA","01","AREQUIPA","48","0140","DESARROLLO Y PROMOCION DE LAS ARTES E INDUSTRIAS CULTURALES","3","ACTIVIDAD","3000773","POBLACION SE BENEFICIA DE UNA OFERTA CULTURAL DIVERSA Y RECONOCIDA A NIVEL NACIONAL E INTERNACIONAL","5005770","IMPLEMENTACION DE ACCIONES PARA EL ACCESO Y LA APRECIACION DE LA DIVERSIDAD DE EXPRESIONES ARTISTICAS ","21","CULTURA Y DEPORTE","045","CULTURA","0100","PROMOCION Y DESARROLLO CULTURAL","00001","0167391","IMPLEMENTACION DE ACCIONES PARA EL ACCESO Y LA APRECIACION DE LA DIVERSIDAD DE EXPRESIONES ARTISTICAS","04","AREQUIPA","2","RECURSOS DIRECTAMENTE RECAUDADOS","09","RECURSOS DIRECTAMENTE RECAUDADOS","0","NORMAL","5","GASTO CORRIENTE","2","1","PERSONAL Y OBLIGACIONES SOCIALES","1","RETRIBUCIONES Y COMPLEMENTOS EN EFECTIVO","1","PERSONAL ADMINISTRATIVO","1","PERSONAL ADMINISTRATIVO","9","PERSONAL DE CONFIANZA (RÉGIMEN LABORAL PÚBLICO)","4000","-4000","0","0","0","0","0","0","0","0","0","0","0","0","0","0","0","0"
"2020","M","GOBIERNOS LOCALES"," "," "," "," ","300331","040101","MUNICIPALIDAD PROVINCIAL DE AREQUIPA","04","AREQUIPA","01","AREQUIPA","01","AREQUIPA","48","0140","DESARROLLO Y PROMOCION DE LAS ARTES E INDUSTRIAS CULTURALES","3","ACTIVIDAD","3000773","POBLACION SE BENEFICIA DE UNA OFERTA CULTURAL DIVERSA Y RECONOCIDA A NIVEL NACIONAL E INTERNACIONAL","5005770","IMPLEMENTACION DE ACCIONES PARA EL ACCESO Y LA APRECIACION DE LA DIVERSIDAD DE EXPRESIONES ARTISTICAS ","21","CULTURA Y DEPORTE","045","CULTURA","0100","PROMOCION Y DESARROLLO CULTURAL","00001","0167391","IMPLEMENTACION DE ACCIONES PARA EL ACCESO Y LA APRECIACION DE LA DIVERSIDAD DE EXPRESIONES ARTISTICAS","04","AREQUIPA","2","RECURSOS DIRECTAMENTE RECAUDADOS","09","RECURSOS DIRECTAMENTE RECAUDADOS","0","NORMAL","5","GASTO CORRIENTE","2","1","PERSONAL Y OBLIGACIONES SOCIALES","1","RETRIBUCIONES Y COMPLEMENTOS EN EFECTIVO","1","PERSONAL ADMINISTRATIVO","2","OTRAS RETRIBUCIONES Y COMPLEMENTOS","99","OTRAS RETRIBUCIONES Y COMPLEMENTOS","20750","24130","44880","0","0","0","0","0","0","0","0","0","0","0","0","0","0","0"
"2020","M","GOBIERNOS LOCALES"," "," "," "," ","300331","040101","MUNICIPALIDAD PROVINCIAL DE AREQUIPA","04","AREQUIPA","01","AREQUIPA","01","AREQUIPA","48","0140","DESARROLLO Y PROMOCION DE LAS ARTES E INDUSTRIAS CULTURALES","3","ACTIVIDAD","3000773","POBLACION SE BENEFICIA DE UNA OFERTA CULTURAL DIVERSA Y RECONOCIDA A NIVEL NACIONAL E INTERNACIONAL","5005770","IMPLEMENTACION DE ACCIONES PARA EL ACCESO Y LA APRECIACION DE LA DIVERSIDAD DE EXPRESIONES ARTISTICAS ","21","CULTURA Y DEPORTE","045","CULTURA","0100","PROMOCION Y DESARROLLO CULTURAL","00001","0167391","IMPLEMENTACION DE ACCIONES PARA EL ACCESO Y LA APRECIACION DE LA DIVERSIDAD DE EXPRESIONES ARTISTICAS","04","AREQUIPA","2","RECURSOS DIRECTAMENTE RECAUDADOS","09","RECURSOS DIRECTAMENTE RECAUDADOS","0","NORMAL","5","GASTO CORRIENTE","2","1","PERSONAL Y OBLIGACIONES SOCIALES","1","RETRIBUCIONES Y COMPLEMENTOS EN EFECTIVO","1","PERSONAL ADMINISTRATIVO","2","OTRAS RETRIBUCIONES Y COMPLEMENTOS","99","OTRAS RETRIBUCIONES Y COMPLEMENTOS","0","0","0","44880","40380","0","0","0","0","0","0","0","0","0","0","0","0","0"
"2020","M","GOBIERNOS LOCALES"," "," "," "," ","300331","040101","MUNICIPALIDAD PROVINCIAL DE AREQUIPA","04","AREQUIPA","01","AREQUIPA","01","AREQUIPA","48","0140","DESARROLLO Y PROMOCION DE LAS ARTES E INDUSTRIAS CULTURALES","3","ACTIVIDAD","3000773","POBLACION SE BENEFICIA DE UNA OFERTA CULTURAL DIVERSA Y RECONOCIDA A NIVEL NACIONAL E INTERNACIONAL","5005770","IMPLEMENTACION DE ACCIONES PARA EL ACCESO Y LA APRECIACION DE LA DIVERSIDAD DE EXPRESIONES ARTISTICAS ","21","CULTURA Y DEPORTE","045","CULTURA","0100","PROMOCION Y DESARROLLO CULTURAL","00001","0167391","IMPLEMENTACION DE ACCIONES PARA EL ACCESO Y LA APRECIACION DE LA DIVERSIDAD DE EXPRESIONES ARTISTICAS","04","AREQUIPA","2","RECURSOS DIRECTAMENTE RECAUDADOS","09","RECURSOS DIRECTAMENTE RECAUDADOS","0","NORMAL","5","GASTO CORRIENTE","2","1","PERSONAL Y OBLIGACIONES SOCIALES","1","RETRIBUCIONES Y COMPLEMENTOS EN EFECTIVO","9","GASTOS VARIABLES Y OCASIONALES","1","ESCOLARIDAD, AGUINALDOS Y GRATIFICACIONES","3","BONIFICACION POR ESCOLARIDAD","22800","-22800","0","0","0","0","0","0","0","0","0","0","0","0","0","0","0","0"
"2020","M","GOBIERNOS LOCALES"," "," "," "," ","300331","040101","MUNICIPALIDAD PROVINCIAL DE AREQUIPA","04","AREQUIPA","01","AREQUIPA","01","AREQUIPA","48","0140","DESARROLLO Y PROMOCION DE LAS ARTES E INDUSTRIAS CULTURALES","3","ACTIVIDAD","3000773","POBLACION SE BENEFICIA DE UNA OFERTA CULTURAL DIVERSA Y RECONOCIDA A NIVEL NACIONAL E INTERNACIONAL","5005770","IMPLEMENTACION DE ACCIONES PARA EL ACCESO Y LA APRECIACION DE LA DIVERSIDAD DE EXPRESIONES ARTISTICAS ","21","CULTURA Y DEPORTE","045","CULTURA","0100","PROMOCION Y DESARROLLO CULTURAL","00001","0167391","IMPLEMENTACION DE ACCIONES PARA EL ACCESO Y LA APRECIACION DE LA DIVERSIDAD DE EXPRESIONES ARTISTICAS","04","AREQUIPA","2","RECURSOS DIRECTAMENTE RECAUDADOS","09","RECURSOS DIRECTAMENTE RECAUDADOS","0","NORMAL","5","GASTO CORRIENTE","2","1","PERSONAL Y OBLIGACIONES SOCIALES","1","RETRIBUCIONES Y COMPLEMENTOS EN EFECTIVO","9","GASTOS VARIABLES Y OCASIONALES","3","OTROS GASTOS VARIABLES Y OCASIONALES","2","BONIFICACION ADICIONAL POR VACACIONES","300","300","600","0","0","0","0","0","0","0","0","0","0","0","0","0","0","0"
"2020","M","GOBIERNOS LOCALES"," "," "," "," ","300331","040101","MUNICIPALIDAD PROVINCIAL DE AREQUIPA","04","AREQUIPA","01","AREQUIPA","01","AREQUIPA","48","0140","DESARROLLO Y PROMOCION DE LAS ARTES E INDUSTRIAS CULTURALES","3","ACTIVIDAD","3000773","POBLACION SE BENEFICIA DE UNA OFERTA CULTURAL DIVERSA Y RECONOCIDA A NIVEL NACIONAL E INTERNACIONAL","5005770","IMPLEMENTACION DE ACCIONES PARA EL ACCESO Y LA APRECIACION DE LA DIVERSIDAD DE EXPRESIONES ARTISTICAS ","21","CULTURA Y DEPORTE","045","CULTURA","0100","PROMOCION Y DESARROLLO CULTURAL","00001","0167391","IMPLEMENTACION DE ACCIONES PARA EL ACCESO Y LA APRECIACION DE LA DIVERSIDAD DE EXPRESIONES ARTISTICAS","04","AREQUIPA","2","RECURSOS DIRECTAMENTE RECAUDADOS","09","RECURSOS DIRECTAMENTE RECAUDADOS","0","NORMAL","5","GASTO CORRIENTE","2","1","PERSONAL Y OBLIGACIONES SOCIALES","1","RETRIBUCIONES Y COMPLEMENTOS EN EFECTIVO","9","GASTOS VARIABLES Y OCASIONALES","3","OTROS GASTOS VARIABLES Y OCASIONALES","2","BONIFICACION ADICIONAL POR VACACIONES","0","0","0","600","600","0","0","0","0","0","0","0","0","0","0","0","0","0"
"2020","M","GOBIERNOS LOCALES"," "," "," "," ","300331","040101","MUNICIPALIDAD PROVINCIAL DE AREQUIPA","04","AREQUIPA","01","AREQUIPA","01","AREQUIPA","48","0140","DESARROLLO Y PROMOCION DE LAS ARTES E INDUSTRIAS CULTURALES","3","ACTIVIDAD","3000773","POBLACION SE BENEFICIA DE UNA OFERTA CULTURAL DIVERSA Y RECONOCIDA A NIVEL NACIONAL E INTERNACIONAL","5005770","IMPLEMENTACION DE ACCIONES PARA EL ACCESO Y LA APRECIACION DE LA DIVERSIDAD DE EXPRESIONES ARTISTICAS ","21","CULTURA Y DEPORTE","045","CULTURA","0100","PROMOCION Y DESARROLLO CULTURAL","00001","0167391","IMPLEMENTACION DE ACCIONES PARA EL ACCESO Y LA APRECIACION DE LA DIVERSIDAD DE EXPRESIONES ARTISTICAS","04","AREQUIPA","2","RECURSOS DIRECTAMENTE RECAUDADOS","09","RECURSOS DIRECTAMENTE RECAUDADOS","0","NORMAL","5","GASTO CORRIENTE","2","1","PERSONAL Y OBLIGACIONES SOCIALES","3","CONTRIBUCIONES A LA SEGURIDAD SOCIAL","1","OBLIGACIONES DEL EMPLEADOR","1","OBLIGACIONES DEL EMPLEADOR","5","CONTRIBUCIONES A ESSALUD","15166","0","15166","0","0","0","0","0","0","0","0","0","0","0","0","0","0","0"
"2020","M","GOBIERNOS LOCALES"," "," "," "," ","300331","040101","MUNICIPALIDAD PROVINCIAL DE AREQUIPA","04","AREQUIPA","01","AREQUIPA","01","AREQUIPA","48","0140","DESARROLLO Y PROMOCION DE LAS ARTES E INDUSTRIAS CULTURALES","3","ACTIVIDAD","3000773","POBLACION SE BENEFICIA DE UNA OFERTA CULTURAL DIVERSA Y RECONOCIDA A NIVEL NACIONAL E INTERNACIONAL","5005770","IMPLEMENTACION DE ACCIONES PARA EL ACCESO Y LA APRECIACION DE LA DIVERSIDAD DE EXPRESIONES ARTISTICAS ","21","CULTURA Y DEPORTE","045","CULTURA","0100","PROMOCION Y DESARROLLO CULTURAL","00001","0167391","IMPLEMENTACION DE ACCIONES PARA EL ACCESO Y LA APRECIACION DE LA DIVERSIDAD DE EXPRESIONES ARTISTICAS","04","AREQUIPA","2","RECURSOS DIRECTAMENTE RECAUDADOS","09","RECURSOS DIRECTAMENTE RECAUDADOS","0","NORMAL","5","GASTO CORRIENTE","2","1","PERSONAL Y OBLIGACIONES SOCIALES","3","CONTRIBUCIONES A LA SEGURIDAD SOCIAL","1","OBLIGACIONES DEL EMPLEADOR","1","OBLIGACIONES DEL EMPLEADOR","5","CONTRIBUCIONES A ESSALUD","0","0","0","13819.72","13819.72","0","0","0","0","0","0","0","0","0","0","0","0","0"
"2020","M","GOBIERNOS LOCALES"," "," "," "," ","300331","040101","MUNICIPALIDAD PROVINCIAL DE AREQUIPA","04","AREQUIPA","01","AREQUIPA","01","AREQUIPA","48","0140","DESARROLLO Y PROMOCION DE LAS ARTES E INDUSTRIAS CULTURALES","3","ACTIVIDAD","3000773","POBLACION SE BENEFICIA DE UNA OFERTA CULTURAL DIVERSA Y RECONOCIDA A NIVEL NACIONAL E INTERNACIONAL","5005770","IMPLEMENTACION DE ACCIONES PARA EL ACCESO Y LA APRECIACION DE LA DIVERSIDAD DE EXPRESIONES ARTISTICAS ","21","CULTURA Y DEPORTE","045","CULTURA","0100","PROMOCION Y DESARROLLO CULTURAL","00001","0167391","IMPLEMENTACION DE ACCIONES PARA EL ACCESO Y LA APRECIACION DE LA DIVERSIDAD DE EXPRESIONES ARTISTICAS","04","AREQUIPA","2","RECURSOS DIRECTAMENTE RECAUDADOS","09","RECURSOS DIRECTAMENTE RECAUDADOS","0","NORMAL","5","GASTO CORRIENTE","2","3","BIENES Y SERVICIOS","1","COMPRA DE BIENES","1","ALIMENTOS Y BEBIDAS","1","ALIMENTOS Y BEBIDAS","1","ALIMENTOS Y BEBIDAS PARA CONSUMO HUMANO","3600","0","3600","0","0","0","0","0","0","0","0","0","0","0","0","0","0","0"
"2020","M","GOBIERNOS LOCALES"," "," "," "," ","300331","040101","MUNICIPALIDAD PROVINCIAL DE AREQUIPA","04","AREQUIPA","01","AREQUIPA","01","AREQUIPA","48","0140","DESARROLLO Y PROMOCION DE LAS ARTES E INDUSTRIAS CULTURALES","3","ACTIVIDAD","3000773","POBLACION SE BENEFICIA DE UNA OFERTA CULTURAL DIVERSA Y RECONOCIDA A NIVEL NACIONAL E INTERNACIONAL","5005770","IMPLEMENTACION DE ACCIONES PARA EL ACCESO Y LA APRECIACION DE LA DIVERSIDAD DE EXPRESIONES ARTISTICAS ","21","CULTURA Y DEPORTE","045","CULTURA","0100","PROMOCION Y DESARROLLO CULTURAL","00001","0167391","IMPLEMENTACION DE ACCIONES PARA EL ACCESO Y LA APRECIACION DE LA DIVERSIDAD DE EXPRESIONES ARTISTICAS","04","AREQUIPA","2","RECURSOS DIRECTAMENTE RECAUDADOS","09","RECURSOS DIRECTAMENTE RECAUDADOS","0","NORMAL","5","GASTO CORRIENTE","2","3","BIENES Y SERVICIOS","1","COMPRA DE BIENES","1","ALIMENTOS Y BEBIDAS","1","ALIMENTOS Y BEBIDAS","1","ALIMENTOS Y BEBIDAS PARA CONSUMO HUMANO","0","0","0","0","0","0","0","0","0","0","0","0","0","0","0","0","0","0"
"2020","M","GOBIERNOS LOCALES"," "," "," "," ","300331","040101","MUNICIPALIDAD PROVINCIAL DE AREQUIPA","04","AREQUIPA","01","AREQUIPA","01","AREQUIPA","48","0140","DESARROLLO Y PROMOCION DE LAS ARTES E INDUSTRIAS CULTURALES","3","ACTIVIDAD","3000773","POBLACION SE BENEFICIA DE UNA OFERTA CULTURAL DIVERSA Y RECONOCIDA A NIVEL NACIONAL E INTERNACIONAL","5005770","IMPLEMENTACION DE ACCIONES PARA EL ACCESO Y LA APRECIACION DE LA DIVERSIDAD DE EXPRESIONES ARTISTICAS ","21","CULTURA Y DEPORTE","045","CULTURA","0100","PROMOCION Y DESARROLLO CULTURAL","00001","0167391","IMPLEMENTACION DE ACCIONES PARA EL ACCESO Y LA APRECIACION DE LA DIVERSIDAD DE EXPRESIONES ARTISTICAS","04","AREQUIPA","2","RECURSOS DIRECTAMENTE RECAUDADOS","09","RECURSOS DIRECTAMENTE RECAUDADOS","0","NORMAL","5","GASTO CORRIENTE","2","3","BIENES Y SERVICIOS","1","COMPRA DE BIENES","2","VESTUARIOS Y TEXTILES","1","VESTUARIO, ZAPATERIA Y ACCESORIOS, TALABARTERIA Y MATERIALES TEXTILES","1","VESTUARIO, ACCESORIOS Y PRENDAS DIVERSAS","0","0","4000","0","0","0","0","0","0","0","0","0","0","0","0","0","0","0"
"2020","M","GOBIERNOS LOCALES"," "," "," "," ","300331","040101","MUNICIPALIDAD PROVINCIAL DE AREQUIPA","04","AREQUIPA","01","AREQUIPA","01","AREQUIPA","48","0140","DESARROLLO Y PROMOCION DE LAS ARTES E INDUSTRIAS CULTURALES","3","ACTIVIDAD","3000773","POBLACION SE BENEFICIA DE UNA OFERTA CULTURAL DIVERSA Y RECONOCIDA A NIVEL NACIONAL E INTERNACIONAL","5005770","IMPLEMENTACION DE ACCIONES PARA EL ACCESO Y LA APRECIACION DE LA DIVERSIDAD DE EXPRESIONES ARTISTICAS ","21","CULTURA Y DEPORTE","045","CULTURA","0100","PROMOCION Y DESARROLLO CULTURAL","00001","0167391","IMPLEMENTACION DE ACCIONES PARA EL ACCESO Y LA APRECIACION DE LA DIVERSIDAD DE EXPRESIONES ARTISTICAS","04","AREQUIPA","2","RECURSOS DIRECTAMENTE RECAUDADOS","09","RECURSOS DIRECTAMENTE RECAUDADOS","0","NORMAL","5","GASTO CORRIENTE","2","3","BIENES Y SERVICIOS","1","COMPRA DE BIENES","2","VESTUARIOS Y TEXTILES","1","VESTUARIO, ZAPATERIA Y ACCESORIOS, TALABARTERIA Y MATERIALES TEXTILES","1","VESTUARIO, ACCESORIOS Y PRENDAS DIVERSAS","0","0","0","4000","0","0","0","0","0","0","0","0","0","0","0","0","0","0"
"2020","M","GOBIERNOS LOCALES"," "," "," "," ","300331","040101","MUNICIPALIDAD PROVINCIAL DE AREQUIPA","04","AREQUIPA","01","AREQUIPA","01","AREQUIPA","48","0140","DESARROLLO Y PROMOCION DE LAS ARTES E INDUSTRIAS CULTURALES","3","ACTIVIDAD","3000773","POBLACION SE BENEFICIA DE UNA OFERTA CULTURAL DIVERSA Y RECONOCIDA A NIVEL NACIONAL E INTERNACIONAL","5005770","IMPLEMENTACION DE ACCIONES PARA EL ACCESO Y LA APRECIACION DE LA DIVERSIDAD DE EXPRESIONES ARTISTICAS ","21","CULTURA Y DEPORTE","045","CULTURA","0100","PROMOCION Y DESARROLLO CULTURAL","00001","0167391","IMPLEMENTACION DE ACCIONES PARA EL ACCESO Y LA APRECIACION DE LA DIVERSIDAD DE EXPRESIONES ARTISTICAS","04","AREQUIPA","2","RECURSOS DIRECTAMENTE RECAUDADOS","09","RECURSOS DIRECTAMENTE RECAUDADOS","0","NORMAL","5","GASTO CORRIENTE","2","3","BIENES Y SERVICIOS","1","COMPRA DE BIENES","5","MATERIALES Y  UTILES","1","DE OFICINA","1","REPUESTOS Y ACCESORIOS","0","0","345","0","0","0","0","0","0","0","0","0","0","0","0","0","0","0"
"2020","M","GOBIERNOS LOCALES"," "," "," "," ","300331","040101","MUNICIPALIDAD PROVINCIAL DE AREQUIPA","04","AREQUIPA","01","AREQUIPA","01","AREQUIPA","48","0140","DESARROLLO Y PROMOCION DE LAS ARTES E INDUSTRIAS CULTURALES","3","ACTIVIDAD","3000773","POBLACION SE BENEFICIA DE UNA OFERTA CULTURAL DIVERSA Y RECONOCIDA A NIVEL NACIONAL E INTERNACIONAL","5005770","IMPLEMENTACION DE ACCIONES PARA EL ACCESO Y LA APRECIACION DE LA DIVERSIDAD DE EXPRESIONES ARTISTICAS ","21","CULTURA Y DEPORTE","045","CULTURA","0100","PROMOCION Y DESARROLLO CULTURAL","00001","0167391","IMPLEMENTACION DE ACCIONES PARA EL ACCESO Y LA APRECIACION DE LA DIVERSIDAD DE EXPRESIONES ARTISTICAS","04","AREQUIPA","2","RECURSOS DIRECTAMENTE RECAUDADOS","09","RECURSOS DIRECTAMENTE RECAUDADOS","0","NORMAL","5","GASTO CORRIENTE","2","3","BIENES Y SERVICIOS","1","COMPRA DE BIENES","5","MATERIALES Y  UTILES","1","DE OFICINA","1","REPUESTOS Y ACCESORIOS","0","0","0","0","0","0","0","0","0","0","0","0","0","0","0","0","0","0"
"2020","M","GOBIERNOS LOCALES"," "," "," "," ","300331","040101","MUNICIPALIDAD PROVINCIAL DE AREQUIPA","04","AREQUIPA","01","AREQUIPA","01","AREQUIPA","48","0140","DESARROLLO Y PROMOCION DE LAS ARTES E INDUSTRIAS CULTURALES","3","ACTIVIDAD","3000773","POBLACION SE BENEFICIA DE UNA OFERTA CULTURAL DIVERSA Y RECONOCIDA A NIVEL NACIONAL E INTERNACIONAL","5005770","IMPLEMENTACION DE ACCIONES PARA EL ACCESO Y LA APRECIACION DE LA DIVERSIDAD DE EXPRESIONES ARTISTICAS ","21","CULTURA Y DEPORTE","045","CULTURA","0100","PROMOCION Y DESARROLLO CULTURAL","00001","0167391","IMPLEMENTACION DE ACCIONES PARA EL ACCESO Y LA APRECIACION DE LA DIVERSIDAD DE EXPRESIONES ARTISTICAS","04","AREQUIPA","2","RECURSOS DIRECTAMENTE RECAUDADOS","09","RECURSOS DIRECTAMENTE RECAUDADOS","0","NORMAL","5","GASTO CORRIENTE","2","3","BIENES Y SERVICIOS","1","COMPRA DE BIENES","5","MATERIALES Y  UTILES","1","DE OFICINA","2","PAPELERIA EN GENERAL, UTILES Y MATERIALES DE OFICINA","708","-708","0","0","0","0","0","0","0","0","0","0","0","0","0","0","0","0"
"2020","M","GOBIERNOS LOCALES"," "," "," "," ","300331","040101","MUNICIPALIDAD PROVINCIAL DE AREQUIPA","04","AREQUIPA","01","AREQUIPA","01","AREQUIPA","48","0140","DESARROLLO Y PROMOCION DE LAS ARTES E INDUSTRIAS CULTURALES","3","ACTIVIDAD","3000773","POBLACION SE BENEFICIA DE UNA OFERTA CULTURAL DIVERSA Y RECONOCIDA A NIVEL NACIONAL E INTERNACIONAL","5005770","IMPLEMENTACION DE ACCIONES PARA EL ACCESO Y LA APRECIACION DE LA DIVERSIDAD DE EXPRESIONES ARTISTICAS ","21","CULTURA Y DEPORTE","045","CULTURA","0100","PROMOCION Y DESARROLLO CULTURAL","00001","0167391","IMPLEMENTACION DE ACCIONES PARA EL ACCESO Y LA APRECIACION DE LA DIVERSIDAD DE EXPRESIONES ARTISTICAS","04","AREQUIPA","2","RECURSOS DIRECTAMENTE RECAUDADOS","09","RECURSOS DIRECTAMENTE RECAUDADOS","0","NORMAL","5","GASTO CORRIENTE","2","3","BIENES Y SERVICIOS","1","COMPRA DE BIENES","5","MATERIALES Y  UTILES","3","ASEO, LIMPIEZA Y COCINA","1","ASEO, LIMPIEZA Y TOCADOR","122","48","170","0","0","0","0","0","0","0","0","0","0","0","0","0","0","0"
"2020","M","GOBIERNOS LOCALES"," "," "," "," ","300331","040101","MUNICIPALIDAD PROVINCIAL DE AREQUIPA","04","AREQUIPA","01","AREQUIPA","01","AREQUIPA","48","0140","DESARROLLO Y PROMOCION DE LAS ARTES E INDUSTRIAS CULTURALES","3","ACTIVIDAD","3000773","POBLACION SE BENEFICIA DE UNA OFERTA CULTURAL DIVERSA Y RECONOCIDA A NIVEL NACIONAL E INTERNACIONAL","5005770","IMPLEMENTACION DE ACCIONES PARA EL ACCESO Y LA APRECIACION DE LA DIVERSIDAD DE EXPRESIONES ARTISTICAS ","21","CULTURA Y DEPORTE","045","CULTURA","0100","PROMOCION Y DESARROLLO CULTURAL","00001","0167391","IMPLEMENTACION DE ACCIONES PARA EL ACCESO Y LA APRECIACION DE LA DIVERSIDAD DE EXPRESIONES ARTISTICAS","04","AREQUIPA","2","RECURSOS DIRECTAMENTE RECAUDADOS","09","RECURSOS DIRECTAMENTE RECAUDADOS","0","NORMAL","5","GASTO CORRIENTE","2","3","BIENES Y SERVICIOS","1","COMPRA DE BIENES","5","MATERIALES Y  UTILES","3","ASEO, LIMPIEZA Y COCINA","1","ASEO, LIMPIEZA Y TOCADOR","0","0","0","0","0","0","0","0","0","0","0","0","0","0","0","0","0","0"
"2020","M","GOBIERNOS LOCALES"," "," "," "," ","300331","040101","MUNICIPALIDAD PROVINCIAL DE AREQUIPA","04","AREQUIPA","01","AREQUIPA","01","AREQUIPA","48","0140","DESARROLLO Y PROMOCION DE LAS ARTES E INDUSTRIAS CULTURALES","3","ACTIVIDAD","3000773","POBLACION SE BENEFICIA DE UNA OFERTA CULTURAL DIVERSA Y RECONOCIDA A NIVEL NACIONAL E INTERNACIONAL","5005770","IMPLEMENTACION DE ACCIONES PARA EL ACCESO Y LA APRECIACION DE LA DIVERSIDAD DE EXPRESIONES ARTISTICAS ","21","CULTURA Y DEPORTE","045","CULTURA","0100","PROMOCION Y DESARROLLO CULTURAL","00001","0167391","IMPLEMENTACION DE ACCIONES PARA EL ACCESO Y LA APRECIACION DE LA DIVERSIDAD DE EXPRESIONES ARTISTICAS","04","AREQUIPA","2","RECURSOS DIRECTAMENTE RECAUDADOS","09","RECURSOS DIRECTAMENTE RECAUDADOS","0","NORMAL","5","GASTO CORRIENTE","2","3","BIENES Y SERVICIOS","1","COMPRA DE BIENES","11","SUMINISTROS PARA MANTENIMIENTO Y REPARACION","1","SUMINISTROS PARA MANTENIMIENTO Y REPARACION","5","OTROS MATERIALES DE MANTENIMIENTO","0","0","168","0","0","0","0","0","0","0","0","0","0","0","0","0","0","0"
"2020","M","GOBIERNOS LOCALES"," "," "," "," ","300331","040101","MUNICIPALIDAD PROVINCIAL DE AREQUIPA","04","AREQUIPA","01","AREQUIPA","01","AREQUIPA","48","0140","DESARROLLO Y PROMOCION DE LAS ARTES E INDUSTRIAS CULTURALES","3","ACTIVIDAD","3000773","POBLACION SE BENEFICIA DE UNA OFERTA CULTURAL DIVERSA Y RECONOCIDA A NIVEL NACIONAL E INTERNACIONAL","5005770","IMPLEMENTACION DE ACCIONES PARA EL ACCESO Y LA APRECIACION DE LA DIVERSIDAD DE EXPRESIONES ARTISTICAS ","21","CULTURA Y DEPORTE","045","CULTURA","0100","PROMOCION Y DESARROLLO CULTURAL","00001","0167391","IMPLEMENTACION DE ACCIONES PARA EL ACCESO Y LA APRECIACION DE LA DIVERSIDAD DE EXPRESIONES ARTISTICAS","04","AREQUIPA","2","RECURSOS DIRECTAMENTE RECAUDADOS","09","RECURSOS DIRECTAMENTE RECAUDADOS","0","NORMAL","5","GASTO CORRIENTE","2","3","BIENES Y SERVICIOS","1","COMPRA DE BIENES","11","SUMINISTROS PARA MANTENIMIENTO Y REPARACION","1","SUMINISTROS PARA MANTENIMIENTO Y REPARACION","5","OTROS MATERIALES DE MANTENIMIENTO","0","0","0","0","0","0","0","0","0","0","0","0","0","0","0","0","0","0"
"2020","M","GOBIERNOS LOCALES"," "," "," "," ","300331","040101","MUNICIPALIDAD PROVINCIAL DE AREQUIPA","04","AREQUIPA","01","AREQUIPA","01","AREQUIPA","48","0140","DESARROLLO Y PROMOCION DE LAS ARTES E INDUSTRIAS CULTURALES","3","ACTIVIDAD","3000773","POBLACION SE BENEFICIA DE UNA OFERTA CULTURAL DIVERSA Y RECONOCIDA A NIVEL NACIONAL E INTERNACIONAL","5005770","IMPLEMENTACION DE ACCIONES PARA EL ACCESO Y LA APRECIACION DE LA DIVERSIDAD DE EXPRESIONES ARTISTICAS ","21","CULTURA Y DEPORTE","045","CULTURA","0100","PROMOCION Y DESARROLLO CULTURAL","00001","0167391","IMPLEMENTACION DE ACCIONES PARA EL ACCESO Y LA APRECIACION DE LA DIVERSIDAD DE EXPRESIONES ARTISTICAS","04","AREQUIPA","2","RECURSOS DIRECTAMENTE RECAUDADOS","09","RECURSOS DIRECTAMENTE RECAUDADOS","0","NORMAL","5","GASTO CORRIENTE","2","3","BIENES Y SERVICIOS","1","COMPRA DE BIENES","99","COMPRA DE OTROS BIENES","1","COMPRA DE OTROS BIENES","3","LIBROS, DIARIOS, REVISTAS Y OTROS BIENES IMPRESOS NO VINCULADOS A ENSEÑANZA","15000","-2905","12095","0","0","0","0","0","0","0","0","0","0","0","0","0","0","0"
"2020","M","GOBIERNOS LOCALES"," "," "," "," ","300331","040101","MUNICIPALIDAD PROVINCIAL DE AREQUIPA","04","AREQUIPA","01","AREQUIPA","01","AREQUIPA","48","0140","DESARROLLO Y PROMOCION DE LAS ARTES E INDUSTRIAS CULTURALES","3","ACTIVIDAD","3000773","POBLACION SE BENEFICIA DE UNA OFERTA CULTURAL DIVERSA Y RECONOCIDA A NIVEL NACIONAL E INTERNACIONAL","5005770","IMPLEMENTACION DE ACCIONES PARA EL ACCESO Y LA APRECIACION DE LA DIVERSIDAD DE EXPRESIONES ARTISTICAS ","21","CULTURA Y DEPORTE","045","CULTURA","0100","PROMOCION Y DESARROLLO CULTURAL","00001","0167391","IMPLEMENTACION DE ACCIONES PARA EL ACCESO Y LA APRECIACION DE LA DIVERSIDAD DE EXPRESIONES ARTISTICAS","04","AREQUIPA","2","RECURSOS DIRECTAMENTE RECAUDADOS","09","RECURSOS DIRECTAMENTE RECAUDADOS","0","NORMAL","5","GASTO CORRIENTE","2","3","BIENES Y SERVICIOS","1","COMPRA DE BIENES","99","COMPRA DE OTROS BIENES","1","COMPRA DE OTROS BIENES","3","LIBROS, DIARIOS, REVISTAS Y OTROS BIENES IMPRESOS NO VINCULADOS A ENSEÑANZA","0","0","0","1095","1095","0","0","0","0","0","0","0","0","0","0","0","0","0"
"2020","M","GOBIERNOS LOCALES"," "," "," "," ","300331","040101","MUNICIPALIDAD PROVINCIAL DE AREQUIPA","04","AREQUIPA","01","AREQUIPA","01","AREQUIPA","48","0140","DESARROLLO Y PROMOCION DE LAS ARTES E INDUSTRIAS CULTURALES","3","ACTIVIDAD","3000773","POBLACION SE BENEFICIA DE UNA OFERTA CULTURAL DIVERSA Y RECONOCIDA A NIVEL NACIONAL E INTERNACIONAL","5005770","IMPLEMENTACION DE ACCIONES PARA EL ACCESO Y LA APRECIACION DE LA DIVERSIDAD DE EXPRESIONES ARTISTICAS ","21","CULTURA Y DEPORTE","045","CULTURA","0100","PROMOCION Y DESARROLLO CULTURAL","00001","0167391","IMPLEMENTACION DE ACCIONES PARA EL ACCESO Y LA APRECIACION DE LA DIVERSIDAD DE EXPRESIONES ARTISTICAS","04","AREQUIPA","2","RECURSOS DIRECTAMENTE RECAUDADOS","09","RECURSOS DIRECTAMENTE RECAUDADOS","0","NORMAL","5","GASTO CORRIENTE","2","3","BIENES Y SERVICIOS","1","COMPRA DE BIENES","99","COMPRA DE OTROS BIENES","1","COMPRA DE OTROS BIENES","99","OTROS BIENES","1610","3381","4991","0","0","0","0","0","0","0","0","0","0","0","0","0","0","0"
"2020","M","GOBIERNOS LOCALES"," "," "," "," ","300331","040101","MUNICIPALIDAD PROVINCIAL DE AREQUIPA","04","AREQUIPA","01","AREQUIPA","01","AREQUIPA","48","0140","DESARROLLO Y PROMOCION DE LAS ARTES E INDUSTRIAS CULTURALES","3","ACTIVIDAD","3000773","POBLACION SE BENEFICIA DE UNA OFERTA CULTURAL DIVERSA Y RECONOCIDA A NIVEL NACIONAL E INTERNACIONAL","5005770","IMPLEMENTACION DE ACCIONES PARA EL ACCESO Y LA APRECIACION DE LA DIVERSIDAD DE EXPRESIONES ARTISTICAS ","21","CULTURA Y DEPORTE","045","CULTURA","0100","PROMOCION Y DESARROLLO CULTURAL","00001","0167391","IMPLEMENTACION DE ACCIONES PARA EL ACCESO Y LA APRECIACION DE LA DIVERSIDAD DE EXPRESIONES ARTISTICAS","04","AREQUIPA","2","RECURSOS DIRECTAMENTE RECAUDADOS","09","RECURSOS DIRECTAMENTE RECAUDADOS","0","NORMAL","5","GASTO CORRIENTE","2","3","BIENES Y SERVICIOS","1","COMPRA DE BIENES","99","COMPRA DE OTROS BIENES","1","COMPRA DE OTROS BIENES","99","OTROS BIENES","0","0","0","0","0","0","0","0","0","0","0","0","0","0","0","0","0","0"
"2020","M","GOBIERNOS LOCALES"," "," "," "," ","300331","040101","MUNICIPALIDAD PROVINCIAL DE AREQUIPA","04","AREQUIPA","01","AREQUIPA","01","AREQUIPA","48","0140","DESARROLLO Y PROMOCION DE LAS ARTES E INDUSTRIAS CULTURALES","3","ACTIVIDAD","3000773","POBLACION SE BENEFICIA DE UNA OFERTA CULTURAL DIVERSA Y RECONOCIDA A NIVEL NACIONAL E INTERNACIONAL","5005770","IMPLEMENTACION DE ACCIONES PARA EL ACCESO Y LA APRECIACION DE LA DIVERSIDAD DE EXPRESIONES ARTISTICAS ","21","CULTURA Y DEPORTE","045","CULTURA","0100","PROMOCION Y DESARROLLO CULTURAL","00001","0167391","IMPLEMENTACION DE ACCIONES PARA EL ACCESO Y LA APRECIACION DE LA DIVERSIDAD DE EXPRESIONES ARTISTICAS","04","AREQUIPA","2","RECURSOS DIRECTAMENTE RECAUDADOS","09","RECURSOS DIRECTAMENTE RECAUDADOS","0","NORMAL","5","GASTO CORRIENTE","2","3","BIENES Y SERVICIOS","2","CONTRATACION DE SERVICIOS","1","VIAJES","2","VIAJES DOMESTICOS","99","OTROS GASTOS","165","-165","0","0","0","0","0","0","0","0","0","0","0","0","0","0","0","0"
"2020","M","GOBIERNOS LOCALES"," "," "," "," ","300331","040101","MUNICIPALIDAD PROVINCIAL DE AREQUIPA","04","AREQUIPA","01","AREQUIPA","01","AREQUIPA","48","0140","DESARROLLO Y PROMOCION DE LAS ARTES E INDUSTRIAS CULTURALES","3","ACTIVIDAD","3000773","POBLACION SE BENEFICIA DE UNA OFERTA CULTURAL DIVERSA Y RECONOCIDA A NIVEL NACIONAL E INTERNACIONAL","5005770","IMPLEMENTACION DE ACCIONES PARA EL ACCESO Y LA APRECIACION DE LA DIVERSIDAD DE EXPRESIONES ARTISTICAS ","21","CULTURA Y DEPORTE","045","CULTURA","0100","PROMOCION Y DESARROLLO CULTURAL","00001","0167391","IMPLEMENTACION DE ACCIONES PARA EL ACCESO Y LA APRECIACION DE LA DIVERSIDAD DE EXPRESIONES ARTISTICAS","04","AREQUIPA","2","RECURSOS DIRECTAMENTE RECAUDADOS","09","RECURSOS DIRECTAMENTE RECAUDADOS","0","NORMAL","5","GASTO CORRIENTE","2","3","BIENES Y SERVICIOS","2","CONTRATACION DE SERVICIOS","5","ALQUILERES DE MUEBLES E INMUEBLES","1","ALQUILERES DE MUEBLES E INMUEBLES","4","DE MAQUINARIAS Y EQUIPOS","25230","-25230","0","0","0","0","0","0","0","0","0","0","0","0","0","0","0","0"
"2020","M","GOBIERNOS LOCALES"," "," "," "," ","300331","040101","MUNICIPALIDAD PROVINCIAL DE AREQUIPA","04","AREQUIPA","01","AREQUIPA","01","AREQUIPA","48","0140","DESARROLLO Y PROMOCION DE LAS ARTES E INDUSTRIAS CULTURALES","3","ACTIVIDAD","3000773","POBLACION SE BENEFICIA DE UNA OFERTA CULTURAL DIVERSA Y RECONOCIDA A NIVEL NACIONAL E INTERNACIONAL","5005770","IMPLEMENTACION DE ACCIONES PARA EL ACCESO Y LA APRECIACION DE LA DIVERSIDAD DE EXPRESIONES ARTISTICAS ","21","CULTURA Y DEPORTE","045","CULTURA","0100","PROMOCION Y DESARROLLO CULTURAL","00001","0167391","IMPLEMENTACION DE ACCIONES PARA EL ACCESO Y LA APRECIACION DE LA DIVERSIDAD DE EXPRESIONES ARTISTICAS","04","AREQUIPA","2","RECURSOS DIRECTAMENTE RECAUDADOS","09","RECURSOS DIRECTAMENTE RECAUDADOS","0","NORMAL","5","GASTO CORRIENTE","2","3","BIENES Y SERVICIOS","2","CONTRATACION DE SERVICIOS","7","SERVICIOS PROFESIONALES Y TECNICOS","7","SERVICIOS RELACIONADOS CON EL MEDIO AMBIENTE","2","SERVICIO DE REMEDIACION AMBIENTAL","0","0","41438","0","0","0","0","0","0","0","0","0","0","0","0","0","0","0"
"2020","M","GOBIERNOS LOCALES"," "," "," "," ","300331","040101","MUNICIPALIDAD PROVINCIAL DE AREQUIPA","04","AREQUIPA","01","AREQUIPA","01","AREQUIPA","48","0140","DESARROLLO Y PROMOCION DE LAS ARTES E INDUSTRIAS CULTURALES","3","ACTIVIDAD","3000773","POBLACION SE BENEFICIA DE UNA OFERTA CULTURAL DIVERSA Y RECONOCIDA A NIVEL NACIONAL E INTERNACIONAL","5005770","IMPLEMENTACION DE ACCIONES PARA EL ACCESO Y LA APRECIACION DE LA DIVERSIDAD DE EXPRESIONES ARTISTICAS ","21","CULTURA Y DEPORTE","045","CULTURA","0100","PROMOCION Y DESARROLLO CULTURAL","00001","0167391","IMPLEMENTACION DE ACCIONES PARA EL ACCESO Y LA APRECIACION DE LA DIVERSIDAD DE EXPRESIONES ARTISTICAS","04","AREQUIPA","2","RECURSOS DIRECTAMENTE RECAUDADOS","09","RECURSOS DIRECTAMENTE RECAUDADOS","0","NORMAL","5","GASTO CORRIENTE","2","3","BIENES Y SERVICIOS","2","CONTRATACION DE SERVICIOS","7","SERVICIOS PROFESIONALES Y TECNICOS","11","OTROS SERVICIOS","6","SERVICIO DE IMPRESIONES, ENCUADERNACION Y EMPASTADO","0","0","5000","0","0","0","0","0","0","0","0","0","0","0","0","0","0","0"
"2020","M","GOBIERNOS LOCALES"," "," "," "," ","300331","040101","MUNICIPALIDAD PROVINCIAL DE AREQUIPA","04","AREQUIPA","01","AREQUIPA","01","AREQUIPA","48","0140","DESARROLLO Y PROMOCION DE LAS ARTES E INDUSTRIAS CULTURALES","3","ACTIVIDAD","3000773","POBLACION SE BENEFICIA DE UNA OFERTA CULTURAL DIVERSA Y RECONOCIDA A NIVEL NACIONAL E INTERNACIONAL","5005770","IMPLEMENTACION DE ACCIONES PARA EL ACCESO Y LA APRECIACION DE LA DIVERSIDAD DE EXPRESIONES ARTISTICAS ","21","CULTURA Y DEPORTE","045","CULTURA","0100","PROMOCION Y DESARROLLO CULTURAL","00001","0167391","IMPLEMENTACION DE ACCIONES PARA EL ACCESO Y LA APRECIACION DE LA DIVERSIDAD DE EXPRESIONES ARTISTICAS","04","AREQUIPA","2","RECURSOS DIRECTAMENTE RECAUDADOS","09","RECURSOS DIRECTAMENTE RECAUDADOS","0","NORMAL","5","GASTO CORRIENTE","2","3","BIENES Y SERVICIOS","2","CONTRATACION DE SERVICIOS","7","SERVICIOS PROFESIONALES Y TECNICOS","11","OTROS SERVICIOS","6","SERVICIO DE IMPRESIONES, ENCUADERNACION Y EMPASTADO","0","0","0","4981.50","4981.50","0","0","0","0","0","0","0","0","0","0","0","0","0"
"2020","M","GOBIERNOS LOCALES"," "," "," "," ","300331","040101","MUNICIPALIDAD PROVINCIAL DE AREQUIPA","04","AREQUIPA","01","AREQUIPA","01","AREQUIPA","48","0140","DESARROLLO Y PROMOCION DE LAS ARTES E INDUSTRIAS CULTURALES","3","ACTIVIDAD","3000773","POBLACION SE BENEFICIA DE UNA OFERTA CULTURAL DIVERSA Y RECONOCIDA A NIVEL NACIONAL E INTERNACIONAL","5005770","IMPLEMENTACION DE ACCIONES PARA EL ACCESO Y LA APRECIACION DE LA DIVERSIDAD DE EXPRESIONES ARTISTICAS ","21","CULTURA Y DEPORTE","045","CULTURA","0100","PROMOCION Y DESARROLLO CULTURAL","00001","0167391","IMPLEMENTACION DE ACCIONES PARA EL ACCESO Y LA APRECIACION DE LA DIVERSIDAD DE EXPRESIONES ARTISTICAS","04","AREQUIPA","2","RECURSOS DIRECTAMENTE RECAUDADOS","09","RECURSOS DIRECTAMENTE RECAUDADOS","0","NORMAL","5","GASTO CORRIENTE","2","3","BIENES Y SERVICIOS","2","CONTRATACION DE SERVICIOS","7","SERVICIOS PROFESIONALES Y TECNICOS","11","OTROS SERVICIOS","99","SERVICIOS DIVERSOS","27033","-25372","1661","0","0","0","0","0","0","0","0","0","0","0","0","0","0","0"
"2020","M","GOBIERNOS LOCALES"," "," "," "," ","300331","040101","MUNICIPALIDAD PROVINCIAL DE AREQUIPA","04","AREQUIPA","01","AREQUIPA","01","AREQUIPA","48","0140","DESARROLLO Y PROMOCION DE LAS ARTES E INDUSTRIAS CULTURALES","3","ACTIVIDAD","3000773","POBLACION SE BENEFICIA DE UNA OFERTA CULTURAL DIVERSA Y RECONOCIDA A NIVEL NACIONAL E INTERNACIONAL","5005770","IMPLEMENTACION DE ACCIONES PARA EL ACCESO Y LA APRECIACION DE LA DIVERSIDAD DE EXPRESIONES ARTISTICAS ","21","CULTURA Y DEPORTE","045","CULTURA","0100","PROMOCION Y DESARROLLO CULTURAL","00001","0167391","IMPLEMENTACION DE ACCIONES PARA EL ACCESO Y LA APRECIACION DE LA DIVERSIDAD DE EXPRESIONES ARTISTICAS","04","AREQUIPA","2","RECURSOS DIRECTAMENTE RECAUDADOS","09","RECURSOS DIRECTAMENTE RECAUDADOS","0","NORMAL","5","GASTO CORRIENTE","2","3","BIENES Y SERVICIOS","2","CONTRATACION DE SERVICIOS","7","SERVICIOS PROFESIONALES Y TECNICOS","11","OTROS SERVICIOS","99","SERVICIOS DIVERSOS","0","0","0","0","0","0","0","0","0","0","0","0","0","0","0","0","0","0"
"2020","M","GOBIERNOS LOCALES"," "," "," "," ","300331","040101","MUNICIPALIDAD PROVINCIAL DE AREQUIPA","04","AREQUIPA","01","AREQUIPA","01","AREQUIPA","48","0140","DESARROLLO Y PROMOCION DE LAS ARTES E INDUSTRIAS CULTURALES","3","ACTIVIDAD","3000773","POBLACION SE BENEFICIA DE UNA OFERTA CULTURAL DIVERSA Y RECONOCIDA A NIVEL NACIONAL E INTERNACIONAL","5005770","IMPLEMENTACION DE ACCIONES PARA EL ACCESO Y LA APRECIACION DE LA DIVERSIDAD DE EXPRESIONES ARTISTICAS ","21","CULTURA Y DEPORTE","045","CULTURA","0100","PROMOCION Y DESARROLLO CULTURAL","00001","0167391","IMPLEMENTACION DE ACCIONES PARA EL ACCESO Y LA APRECIACION DE LA DIVERSIDAD DE EXPRESIONES ARTISTICAS","04","AREQUIPA","2","RECURSOS DIRECTAMENTE RECAUDADOS","09","RECURSOS DIRECTAMENTE RECAUDADOS","0","NORMAL","5","GASTO CORRIENTE","2","3","BIENES Y SERVICIOS","2","CONTRATACION DE SERVICIOS","8","CONTRATO ADMINISTRATIVO DE SERVICIOS","1","CONTRATO ADMINISTRATIVO DE SERVICIOS","2","CONTRIBUCIONES A ESSALUD DE C.A.S.","0","0","175","0","0","0","0","0","0","0","0","0","0","0","0","0","0","0"
"2020","M","GOBIERNOS LOCALES"," "," "," "," ","300331","040101","MUNICIPALIDAD PROVINCIAL DE AREQUIPA","04","AREQUIPA","01","AREQUIPA","01","AREQUIPA","48","0140","DESARROLLO Y PROMOCION DE LAS ARTES E INDUSTRIAS CULTURALES","3","ACTIVIDAD","3000773","POBLACION SE BENEFICIA DE UNA OFERTA CULTURAL DIVERSA Y RECONOCIDA A NIVEL NACIONAL E INTERNACIONAL","5005770","IMPLEMENTACION DE ACCIONES PARA EL ACCESO Y LA APRECIACION DE LA DIVERSIDAD DE EXPRESIONES ARTISTICAS ","21","CULTURA Y DEPORTE","045","CULTURA","0100","PROMOCION Y DESARROLLO CULTURAL","00001","0167391","IMPLEMENTACION DE ACCIONES PARA EL ACCESO Y LA APRECIACION DE LA DIVERSIDAD DE EXPRESIONES ARTISTICAS","04","AREQUIPA","2","RECURSOS DIRECTAMENTE RECAUDADOS","09","RECURSOS DIRECTAMENTE RECAUDADOS","0","NORMAL","5","GASTO CORRIENTE","2","3","BIENES Y SERVICIOS","2","CONTRATACION DE SERVICIOS","8","CONTRATO ADMINISTRATIVO DE SERVICIOS","1","CONTRATO ADMINISTRATIVO DE SERVICIOS","2","CONTRIBUCIONES A ESSALUD DE C.A.S.","0","0","0","174.15","174.15","0","0","0","0","0","0","0","0","0","0","0","0","0"
"2020","M","GOBIERNOS LOCALES"," "," "," "," ","300331","040101","MUNICIPALIDAD PROVINCIAL DE AREQUIPA","04","AREQUIPA","01","AREQUIPA","01","AREQUIPA","48","0140","DESARROLLO Y PROMOCION DE LAS ARTES E INDUSTRIAS CULTURALES","3","ACTIVIDAD","3000773","POBLACION SE BENEFICIA DE UNA OFERTA CULTURAL DIVERSA Y RECONOCIDA A NIVEL NACIONAL E INTERNACIONAL","5005770","IMPLEMENTACION DE ACCIONES PARA EL ACCESO Y LA APRECIACION DE LA DIVERSIDAD DE EXPRESIONES ARTISTICAS ","21","CULTURA Y DEPORTE","045","CULTURA","0100","PROMOCION Y DESARROLLO CULTURAL","00001","0167391","IMPLEMENTACION DE ACCIONES PARA EL ACCESO Y LA APRECIACION DE LA DIVERSIDAD DE EXPRESIONES ARTISTICAS","04","AREQUIPA","2","RECURSOS DIRECTAMENTE RECAUDADOS","09","RECURSOS DIRECTAMENTE RECAUDADOS","0","NORMAL","6","GASTO DE CAPITAL","2","6","ADQUISICION DE ACTIVOS NO FINANCIEROS","3","ADQUISICION DE VEHICULOS, MAQUINARIAS Y OTROS","2","ADQUISICION DE MAQUINARIAS, EQUIPO Y MOBILIARIO","9","ADQUISICION DE MAQUINARIA Y EQUIPO DIVERSOS","99","MAQUINARIAS, EQUIPOS Y MOBILIARIOS DE OTRAS INSTALACIONES","0","0","3400","0","0","0","0","0","0","0","0","0","0","0","0","0","0","0"
"2020","M","GOBIERNOS LOCALES"," "," "," "," ","300331","040101","MUNICIPALIDAD PROVINCIAL DE AREQUIPA","04","AREQUIPA","01","AREQUIPA","01","AREQUIPA","48","0140","DESARROLLO Y PROMOCION DE LAS ARTES E INDUSTRIAS CULTURALES","3","ACTIVIDAD","3000773","POBLACION SE BENEFICIA DE UNA OFERTA CULTURAL DIVERSA Y RECONOCIDA A NIVEL NACIONAL E INTERNACIONAL","5005770","IMPLEMENTACION DE ACCIONES PARA EL ACCESO Y LA APRECIACION DE LA DIVERSIDAD DE EXPRESIONES ARTISTICAS ","21","CULTURA Y DEPORTE","045","CULTURA","0100","PROMOCION Y DESARROLLO CULTURAL","00001","0167391","IMPLEMENTACION DE ACCIONES PARA EL ACCESO Y LA APRECIACION DE LA DIVERSIDAD DE EXPRESIONES ARTISTICAS","04","AREQUIPA","2","RECURSOS DIRECTAMENTE RECAUDADOS","09","RECURSOS DIRECTAMENTE RECAUDADOS","0","NORMAL","6","GASTO DE CAPITAL","2","6","ADQUISICION DE ACTIVOS NO FINANCIEROS","3","ADQUISICION DE VEHICULOS, MAQUINARIAS Y OTROS","2","ADQUISICION DE MAQUINARIAS, EQUIPO Y MOBILIARIO","9","ADQUISICION DE MAQUINARIA Y EQUIPO DIVERSOS","99","MAQUINARIAS, EQUIPOS Y MOBILIARIOS DE OTRAS INSTALACIONES","0","0","0","3400","0","0","0","0","0","0","0","0","0","0","0","0","0","0"
"2020","M","GOBIERNOS LOCALES"," "," "," "," ","300331","040101","MUNICIPALIDAD PROVINCIAL DE AREQUIPA","04","AREQUIPA","01","AREQUIPA","01","AREQUIPA","48","0140","DESARROLLO Y PROMOCION DE LAS ARTES E INDUSTRIAS CULTURALES","3","ACTIVIDAD","3000773","POBLACION SE BENEFICIA DE UNA OFERTA CULTURAL DIVERSA Y RECONOCIDA A NIVEL NACIONAL E INTERNACIONAL","5005770","IMPLEMENTACION DE ACCIONES PARA EL ACCESO Y LA APRECIACION DE LA DIVERSIDAD DE EXPRESIONES ARTISTICAS ","21","CULTURA Y DEPORTE","045","CULTURA","0100","PROMOCION Y DESARROLLO CULTURAL","00001","0167391","IMPLEMENTACION DE ACCIONES PARA EL ACCESO Y LA APRECIACION DE LA DIVERSIDAD DE EXPRESIONES ARTISTICAS","04","AREQUIPA","2","RECURSOS DIRECTAMENTE RECAUDADOS","09","RECURSOS DIRECTAMENTE RECAUDADOS","1","UNIVERSIDADES / GOB. LOCALES","5","GASTO CORRIENTE","2","1","PERSONAL Y OBLIGACIONES SOCIALES","1","RETRIBUCIONES Y COMPLEMENTOS EN EFECTIVO","1","PERSONAL ADMINISTRATIVO","2","OTRAS RETRIBUCIONES Y COMPLEMENTOS","99","OTRAS RETRIBUCIONES Y COMPLEMENTOS","0","0","0","0","0","0","0","4477.50","4402.50","0","0","0","4500","0","0","0","0","13380"
"2020","M","GOBIERNOS LOCALES"," "," "," "," ","300331","040101","MUNICIPALIDAD PROVINCIAL DE AREQUIPA","04","AREQUIPA","01","AREQUIPA","01","AREQUIPA","48","0140","DESARROLLO Y PROMOCION DE LAS ARTES E INDUSTRIAS CULTURALES","3","ACTIVIDAD","3000773","POBLACION SE BENEFICIA DE UNA OFERTA CULTURAL DIVERSA Y RECONOCIDA A NIVEL NACIONAL E INTERNACIONAL","5005770","IMPLEMENTACION DE ACCIONES PARA EL ACCESO Y LA APRECIACION DE LA DIVERSIDAD DE EXPRESIONES ARTISTICAS ","21","CULTURA Y DEPORTE","045","CULTURA","0100","PROMOCION Y DESARROLLO CULTURAL","00001","0167391","IMPLEMENTACION DE ACCIONES PARA EL ACCESO Y LA APRECIACION DE LA DIVERSIDAD DE EXPRESIONES ARTISTICAS","04","AREQUIPA","2","RECURSOS DIRECTAMENTE RECAUDADOS","09","RECURSOS DIRECTAMENTE RECAUDADOS","1","UNIVERSIDADES / GOB. LOCALES","5","GASTO CORRIENTE","2","3","BIENES Y SERVICIOS","1","COMPRA DE BIENES","99","COMPRA DE OTROS BIENES","1","COMPRA DE OTROS BIENES","3","LIBROS, DIARIOS, REVISTAS Y OTROS BIENES IMPRESOS NO VINCULADOS A ENSEÑANZA","0","0","0","0","0","0","0","0","0","0","0","0","0","0","0","0","0","0"
"2020","M","GOBIERNOS LOCALES"," "," "," "," ","300331","040101","MUNICIPALIDAD PROVINCIAL DE AREQUIPA","04","AREQUIPA","01","AREQUIPA","01","AREQUIPA","48","0140","DESARROLLO Y PROMOCION DE LAS ARTES E INDUSTRIAS CULTURALES","3","ACTIVIDAD","3000773","POBLACION SE BENEFICIA DE UNA OFERTA CULTURAL DIVERSA Y RECONOCIDA A NIVEL NACIONAL E INTERNACIONAL","5005770","IMPLEMENTACION DE ACCIONES PARA EL ACCESO Y LA APRECIACION DE LA DIVERSIDAD DE EXPRESIONES ARTISTICAS ","21","CULTURA Y DEPORTE","045","CULTURA","0100","PROMOCION Y DESARROLLO CULTURAL","00001","0167391","IMPLEMENTACION DE ACCIONES PARA EL ACCESO Y LA APRECIACION DE LA DIVERSIDAD DE EXPRESIONES ARTISTICAS","04","AREQUIPA","2","RECURSOS DIRECTAMENTE RECAUDADOS","09","RECURSOS DIRECTAMENTE RECAUDADOS","1","UNIVERSIDADES / GOB. LOCALES","5","GASTO CORRIENTE","2","3","BIENES Y SERVICIOS","2","CONTRATACION DE SERVICIOS","7","SERVICIOS PROFESIONALES Y TECNICOS","11","OTROS SERVICIOS","6","SERVICIO DE IMPRESIONES, ENCUADERNACION Y EMPASTADO","0","0","0","0","0","0","0","0","0","0","0","0","0","0","0","0","0","0"
"2020","M","GOBIERNOS LOCALES"," "," "," "," ","300331","040101","MUNICIPALIDAD PROVINCIAL DE AREQUIPA","04","AREQUIPA","01","AREQUIPA","01","AREQUIPA","48","0140","DESARROLLO Y PROMOCION DE LAS ARTES E INDUSTRIAS CULTURALES","3","ACTIVIDAD","3000773","POBLACION SE BENEFICIA DE UNA OFERTA CULTURAL DIVERSA Y RECONOCIDA A NIVEL NACIONAL E INTERNACIONAL","5005770","IMPLEMENTACION DE ACCIONES PARA EL ACCESO Y LA APRECIACION DE LA DIVERSIDAD DE EXPRESIONES ARTISTICAS ","21","CULTURA Y DEPORTE","045","CULTURA","0100","PROMOCION Y DESARROLLO CULTURAL","00001","0167391","IMPLEMENTACION DE ACCIONES PARA EL ACCESO Y LA APRECIACION DE LA DIVERSIDAD DE EXPRESIONES ARTISTICAS","04","AREQUIPA","2","RECURSOS DIRECTAMENTE RECAUDADOS","09","RECURSOS DIRECTAMENTE RECAUDADOS","7","SUB CUENTA - RECURSOS DIRECTAMENTE RECAUDADOS","5","GASTO CORRIENTE","2","1","PERSONAL Y OBLIGACIONES SOCIALES","1","RETRIBUCIONES Y COMPLEMENTOS EN EFECTIVO","1","PERSONAL ADMINISTRATIVO","1","PERSONAL ADMINISTRATIVO","2","PERSONAL ADMINISTRATIVO NOMBRADO (REGIMEN PUBLICO)","0","0","0","0","0","0","0","0","0","0","0","0","0","57759.90","0","54209.28","0","111969.18"
"2020","M","GOBIERNOS LOCALES"," "," "," "," ","300331","040101","MUNICIPALIDAD PROVINCIAL DE AREQUIPA","04","AREQUIPA","01","AREQUIPA","01","AREQUIPA","48","0140","DESARROLLO Y PROMOCION DE LAS ARTES E INDUSTRIAS CULTURALES","3","ACTIVIDAD","3000773","POBLACION SE BENEFICIA DE UNA OFERTA CULTURAL DIVERSA Y RECONOCIDA A NIVEL NACIONAL E INTERNACIONAL","5005770","IMPLEMENTACION DE ACCIONES PARA EL ACCESO Y LA APRECIACION DE LA DIVERSIDAD DE EXPRESIONES ARTISTICAS ","21","CULTURA Y DEPORTE","045","CULTURA","0100","PROMOCION Y DESARROLLO CULTURAL","00001","0167391","IMPLEMENTACION DE ACCIONES PARA EL ACCESO Y LA APRECIACION DE LA DIVERSIDAD DE EXPRESIONES ARTISTICAS","04","AREQUIPA","2","RECURSOS DIRECTAMENTE RECAUDADOS","09","RECURSOS DIRECTAMENTE RECAUDADOS","7","SUB CUENTA - RECURSOS DIRECTAMENTE RECAUDADOS","5","GASTO CORRIENTE","2","1","PERSONAL Y OBLIGACIONES SOCIALES","1","RETRIBUCIONES Y COMPLEMENTOS EN EFECTIVO","1","PERSONAL ADMINISTRATIVO","2","OTRAS RETRIBUCIONES Y COMPLEMENTOS","99","OTRAS RETRIBUCIONES Y COMPLEMENTOS","0","0","0","0","0","0","0","0","0","0","0","0","0","9000","4500","4500","9000","27000"
"2020","M","GOBIERNOS LOCALES"," "," "," "," ","300331","040101","MUNICIPALIDAD PROVINCIAL DE AREQUIPA","04","AREQUIPA","01","AREQUIPA","01","AREQUIPA","48","0140","DESARROLLO Y PROMOCION DE LAS ARTES E INDUSTRIAS CULTURALES","3","ACTIVIDAD","3000773","POBLACION SE BENEFICIA DE UNA OFERTA CULTURAL DIVERSA Y RECONOCIDA A NIVEL NACIONAL E INTERNACIONAL","5005770","IMPLEMENTACION DE ACCIONES PARA EL ACCESO Y LA APRECIACION DE LA DIVERSIDAD DE EXPRESIONES ARTISTICAS ","21","CULTURA Y DEPORTE","045","CULTURA","0100","PROMOCION Y DESARROLLO CULTURAL","00001","0167391","IMPLEMENTACION DE ACCIONES PARA EL ACCESO Y LA APRECIACION DE LA DIVERSIDAD DE EXPRESIONES ARTISTICAS","04","AREQUIPA","2","RECURSOS DIRECTAMENTE RECAUDADOS","09","RECURSOS DIRECTAMENTE RECAUDADOS","7","SUB CUENTA - RECURSOS DIRECTAMENTE RECAUDADOS","5","GASTO CORRIENTE","2","1","PERSONAL Y OBLIGACIONES SOCIALES","1","RETRIBUCIONES Y COMPLEMENTOS EN EFECTIVO","9","GASTOS VARIABLES Y OCASIONALES","3","OTROS GASTOS VARIABLES Y OCASIONALES","2","BONIFICACION ADICIONAL POR VACACIONES","0","0","0","0","0","0","0","0","0","0","0","0","0","0","0","600","0","600"
"2020","M","GOBIERNOS LOCALES"," "," "," "," ","300331","040101","MUNICIPALIDAD PROVINCIAL DE AREQUIPA","04","AREQUIPA","01","AREQUIPA","01","AREQUIPA","48","0140","DESARROLLO Y PROMOCION DE LAS ARTES E INDUSTRIAS CULTURALES","3","ACTIVIDAD","3000773","POBLACION SE BENEFICIA DE UNA OFERTA CULTURAL DIVERSA Y RECONOCIDA A NIVEL NACIONAL E INTERNACIONAL","5005770","IMPLEMENTACION DE ACCIONES PARA EL ACCESO Y LA APRECIACION DE LA DIVERSIDAD DE EXPRESIONES ARTISTICAS ","21","CULTURA Y DEPORTE","045","CULTURA","0100","PROMOCION Y DESARROLLO CULTURAL","00001","0167391","IMPLEMENTACION DE ACCIONES PARA EL ACCESO Y LA APRECIACION DE LA DIVERSIDAD DE EXPRESIONES ARTISTICAS","04","AREQUIPA","2","RECURSOS DIRECTAMENTE RECAUDADOS","09","RECURSOS DIRECTAMENTE RECAUDADOS","7","SUB CUENTA - RECURSOS DIRECTAMENTE RECAUDADOS","5","GASTO CORRIENTE","2","1","PERSONAL Y OBLIGACIONES SOCIALES","3","CONTRIBUCIONES A LA SEGURIDAD SOCIAL","1","OBLIGACIONES DEL EMPLEADOR","1","OBLIGACIONES DEL EMPLEADOR","5","CONTRIBUCIONES A ESSALUD","0","0","0","0","0","0","0","0","0","0","0","0","0","4771.62","0","4567.18","4480.92","13819.72"
"2020","M","GOBIERNOS LOCALES"," "," "," "," ","300331","040101","MUNICIPALIDAD PROVINCIAL DE AREQUIPA","04","AREQUIPA","01","AREQUIPA","01","AREQUIPA","48","0140","DESARROLLO Y PROMOCION DE LAS ARTES E INDUSTRIAS CULTURALES","3","ACTIVIDAD","3000773","POBLACION SE BENEFICIA DE UNA OFERTA CULTURAL DIVERSA Y RECONOCIDA A NIVEL NACIONAL E INTERNACIONAL","5005770","IMPLEMENTACION DE ACCIONES PARA EL ACCESO Y LA APRECIACION DE LA DIVERSIDAD DE EXPRESIONES ARTISTICAS ","21","CULTURA Y DEPORTE","045","CULTURA","0100","PROMOCION Y DESARROLLO CULTURAL","00001","0167391","IMPLEMENTACION DE ACCIONES PARA EL ACCESO Y LA APRECIACION DE LA DIVERSIDAD DE EXPRESIONES ARTISTICAS","04","AREQUIPA","2","RECURSOS DIRECTAMENTE RECAUDADOS","09","RECURSOS DIRECTAMENTE RECAUDADOS","7","SUB CUENTA - RECURSOS DIRECTAMENTE RECAUDADOS","5","GASTO CORRIENTE","2","3","BIENES Y SERVICIOS","1","COMPRA DE BIENES","99","COMPRA DE OTROS BIENES","1","COMPRA DE OTROS BIENES","3","LIBROS, DIARIOS, REVISTAS Y OTROS BIENES IMPRESOS NO VINCULADOS A ENSEÑANZA","0","0","0","0","0","0","0","0","0","0","0","0","0","0","0","0","1095","1095"
"2020","M","GOBIERNOS LOCALES"," "," "," "," ","300331","040101","MUNICIPALIDAD PROVINCIAL DE AREQUIPA","04","AREQUIPA","01","AREQUIPA","01","AREQUIPA","48","0140","DESARROLLO Y PROMOCION DE LAS ARTES E INDUSTRIAS CULTURALES","3","ACTIVIDAD","3000773","POBLACION SE BENEFICIA DE UNA OFERTA CULTURAL DIVERSA Y RECONOCIDA A NIVEL NACIONAL E INTERNACIONAL","5005770","IMPLEMENTACION DE ACCIONES PARA EL ACCESO Y LA APRECIACION DE LA DIVERSIDAD DE EXPRESIONES ARTISTICAS ","21","CULTURA Y DEPORTE","045","CULTURA","0100","PROMOCION Y DESARROLLO CULTURAL","00001","0167391","IMPLEMENTACION DE ACCIONES PARA EL ACCESO Y LA APRECIACION DE LA DIVERSIDAD DE EXPRESIONES ARTISTICAS","04","AREQUIPA","2","RECURSOS DIRECTAMENTE RECAUDADOS","09","RECURSOS DIRECTAMENTE RECAUDADOS","7","SUB CUENTA - RECURSOS DIRECTAMENTE RECAUDADOS","5","GASTO CORRIENTE","2","3","BIENES Y SERVICIOS","2","CONTRATACION DE SERVICIOS","7","SERVICIOS PROFESIONALES Y TECNICOS","11","OTROS SERVICIOS","6","SERVICIO DE IMPRESIONES, ENCUADERNACION Y EMPASTADO","0","0","0","0","0","0","0","0","0","0","0","0","0","0","0","4981.50","0","4981.50"
"2020","M","GOBIERNOS LOCALES"," "," "," "," ","300331","040101","MUNICIPALIDAD PROVINCIAL DE AREQUIPA","04","AREQUIPA","01","AREQUIPA","01","AREQUIPA","48","0140","DESARROLLO Y PROMOCION DE LAS ARTES E INDUSTRIAS CULTURALES","3","ACTIVIDAD","3000773","POBLACION SE BENEFICIA DE UNA OFERTA CULTURAL DIVERSA Y RECONOCIDA A NIVEL NACIONAL E INTERNACIONAL","5005770","IMPLEMENTACION DE ACCIONES PARA EL ACCESO Y LA APRECIACION DE LA DIVERSIDAD DE EXPRESIONES ARTISTICAS ","21","CULTURA Y DEPORTE","045","CULTURA","0100","PROMOCION Y DESARROLLO CULTURAL","00001","0167391","IMPLEMENTACION DE ACCIONES PARA EL ACCESO Y LA APRECIACION DE LA DIVERSIDAD DE EXPRESIONES ARTISTICAS","04","AREQUIPA","2","RECURSOS DIRECTAMENTE RECAUDADOS","09","RECURSOS DIRECTAMENTE RECAUDADOS","7","SUB CUENTA - RECURSOS DIRECTAMENTE RECAUDADOS","5","GASTO CORRIENTE","2","3","BIENES Y SERVICIOS","2","CONTRATACION DE SERVICIOS","8","CONTRATO ADMINISTRATIVO DE SERVICIOS","1","CONTRATO ADMINISTRATIVO DE SERVICIOS","2","CONTRIBUCIONES A ESSALUD DE C.A.S.","0","0","0","0","0","0","0","0","0","0","0","0","0","0","174.15","0","0","174.15"
"2020","M","GOBIERNOS LOCALES"," "," "," "," ","300331","040101","MUNICIPALIDAD PROVINCIAL DE AREQUIPA","04","AREQUIPA","01","AREQUIPA","01","AREQUIPA","48","0140","DESARROLLO Y PROMOCION DE LAS ARTES E INDUSTRIAS CULTURALES","3","ACTIVIDAD","3000773","POBLACION SE BENEFICIA DE UNA OFERTA CULTURAL DIVERSA Y RECONOCIDA A NIVEL NACIONAL E INTERNACIONAL","5005770","IMPLEMENTACION DE ACCIONES PARA EL ACCESO Y LA APRECIACION DE LA DIVERSIDAD DE EXPRESIONES ARTISTICAS ","21","CULTURA Y DEPORTE","045","CULTURA","0100","PROMOCION Y DESARROLLO CULTURAL","00001","0167391","IMPLEMENTACION DE ACCIONES PARA EL ACCESO Y LA APRECIACION DE LA DIVERSIDAD DE EXPRESIONES ARTISTICAS","04","AREQUIPA","5","RECURSOS DETERMINADOS","07","FONDO DE COMPENSACION MUNICIPAL","0","NORMAL","5","GASTO CORRIENTE","2","1","PERSONAL Y OBLIGACIONES SOCIALES","1","RETRIBUCIONES Y COMPLEMENTOS EN EFECTIVO","1","PERSONAL ADMINISTRATIVO","1","PERSONAL ADMINISTRATIVO","2","PERSONAL ADMINISTRATIVO NOMBRADO (REGIMEN PUBLICO)","0","0","170382","0","0","0","0","0","0","0","0","0","0","0","0","0","0","0"
"2020","M","GOBIERNOS LOCALES"," "," "," "," ","300331","040101","MUNICIPALIDAD PROVINCIAL DE AREQUIPA","04","AREQUIPA","01","AREQUIPA","01","AREQUIPA","48","0140","DESARROLLO Y PROMOCION DE LAS ARTES E INDUSTRIAS CULTURALES","3","ACTIVIDAD","3000773","POBLACION SE BENEFICIA DE UNA OFERTA CULTURAL DIVERSA Y RECONOCIDA A NIVEL NACIONAL E INTERNACIONAL","5005770","IMPLEMENTACION DE ACCIONES PARA EL ACCESO Y LA APRECIACION DE LA DIVERSIDAD DE EXPRESIONES ARTISTICAS ","21","CULTURA Y DEPORTE","045","CULTURA","0100","PROMOCION Y DESARROLLO CULTURAL","00001","0167391","IMPLEMENTACION DE ACCIONES PARA EL ACCESO Y LA APRECIACION DE LA DIVERSIDAD DE EXPRESIONES ARTISTICAS","04","AREQUIPA","5","RECURSOS DETERMINADOS","07","FONDO DE COMPENSACION MUNICIPAL","0","NORMAL","5","GASTO CORRIENTE","2","1","PERSONAL Y OBLIGACIONES SOCIALES","1","RETRIBUCIONES Y COMPLEMENTOS EN EFECTIVO","1","PERSONAL ADMINISTRATIVO","1","PERSONAL ADMINISTRATIVO","2","PERSONAL ADMINISTRATIVO NOMBRADO (REGIMEN PUBLICO)","0","0","0","170381.52","170381.28","0","0","0","0","0","0","0","0","0","0","0","0","0"
"2020","M","GOBIERNOS LOCALES"," "," "," "," ","300331","040101","MUNICIPALIDAD PROVINCIAL DE AREQUIPA","04","AREQUIPA","01","AREQUIPA","01","AREQUIPA","48","0140","DESARROLLO Y PROMOCION DE LAS ARTES E INDUSTRIAS CULTURALES","3","ACTIVIDAD","3000773","POBLACION SE BENEFICIA DE UNA OFERTA CULTURAL DIVERSA Y RECONOCIDA A NIVEL NACIONAL E INTERNACIONAL","5005770","IMPLEMENTACION DE ACCIONES PARA EL ACCESO Y LA APRECIACION DE LA DIVERSIDAD DE EXPRESIONES ARTISTICAS ","21","CULTURA Y DEPORTE","045","CULTURA","0100","PROMOCION Y DESARROLLO CULTURAL","00001","0167391","IMPLEMENTACION DE ACCIONES PARA EL ACCESO Y LA APRECIACION DE LA DIVERSIDAD DE EXPRESIONES ARTISTICAS","04","AREQUIPA","5","RECURSOS DETERMINADOS","07","FONDO DE COMPENSACION MUNICIPAL","0","NORMAL","5","GASTO CORRIENTE","2","1","PERSONAL Y OBLIGACIONES SOCIALES","1","RETRIBUCIONES Y COMPLEMENTOS EN EFECTIVO","1","PERSONAL ADMINISTRATIVO","2","OTRAS RETRIBUCIONES Y COMPLEMENTOS","99","OTRAS RETRIBUCIONES Y COMPLEMENTOS","0","0","9003","0","0","0","0","0","0","0","0","0","0","0","0","0","0","0"
"2020","M","GOBIERNOS LOCALES"," "," "," "," ","300331","040101","MUNICIPALIDAD PROVINCIAL DE AREQUIPA","04","AREQUIPA","01","AREQUIPA","01","AREQUIPA","48","0140","DESARROLLO Y PROMOCION DE LAS ARTES E INDUSTRIAS CULTURALES","3","ACTIVIDAD","3000773","POBLACION SE BENEFICIA DE UNA OFERTA CULTURAL DIVERSA Y RECONOCIDA A NIVEL NACIONAL E INTERNACIONAL","5005770","IMPLEMENTACION DE ACCIONES PARA EL ACCESO Y LA APRECIACION DE LA DIVERSIDAD DE EXPRESIONES ARTISTICAS ","21","CULTURA Y DEPORTE","045","CULTURA","0100","PROMOCION Y DESARROLLO CULTURAL","00001","0167391","IMPLEMENTACION DE ACCIONES PARA EL ACCESO Y LA APRECIACION DE LA DIVERSIDAD DE EXPRESIONES ARTISTICAS","04","AREQUIPA","5","RECURSOS DETERMINADOS","07","FONDO DE COMPENSACION MUNICIPAL","0","NORMAL","5","GASTO CORRIENTE","2","1","PERSONAL Y OBLIGACIONES SOCIALES","1","RETRIBUCIONES Y COMPLEMENTOS EN EFECTIVO","1","PERSONAL ADMINISTRATIVO","2","OTRAS RETRIBUCIONES Y COMPLEMENTOS","99","OTRAS RETRIBUCIONES Y COMPLEMENTOS","0","0","0","9000","9000","0","0","0","0","0","0","0","0","0","0","0","0","0"
"2020","M","GOBIERNOS LOCALES"," "," "," "," ","300331","040101","MUNICIPALIDAD PROVINCIAL DE AREQUIPA","04","AREQUIPA","01","AREQUIPA","01","AREQUIPA","48","0140","DESARROLLO Y PROMOCION DE LAS ARTES E INDUSTRIAS CULTURALES","3","ACTIVIDAD","3000773","POBLACION SE BENEFICIA DE UNA OFERTA CULTURAL DIVERSA Y RECONOCIDA A NIVEL NACIONAL E INTERNACIONAL","5005770","IMPLEMENTACION DE ACCIONES PARA EL ACCESO Y LA APRECIACION DE LA DIVERSIDAD DE EXPRESIONES ARTISTICAS ","21","CULTURA Y DEPORTE","045","CULTURA","0100","PROMOCION Y DESARROLLO CULTURAL","00001","0167391","IMPLEMENTACION DE ACCIONES PARA EL ACCESO Y LA APRECIACION DE LA DIVERSIDAD DE EXPRESIONES ARTISTICAS","04","AREQUIPA","5","RECURSOS DETERMINADOS","07","FONDO DE COMPENSACION MUNICIPAL","0","NORMAL","5","GASTO CORRIENTE","2","1","PERSONAL Y OBLIGACIONES SOCIALES","1","RETRIBUCIONES Y COMPLEMENTOS EN EFECTIVO","9","GASTOS VARIABLES Y OCASIONALES","1","ESCOLARIDAD, AGUINALDOS Y GRATIFICACIONES","2","AGUINALDOS","0","0","62074","0","0","0","0","0","0","0","0","0","0","0","0","0","0","0"
"2020","M","GOBIERNOS LOCALES"," "," "," "," ","300331","040101","MUNICIPALIDAD PROVINCIAL DE AREQUIPA","04","AREQUIPA","01","AREQUIPA","01","AREQUIPA","48","0140","DESARROLLO Y PROMOCION DE LAS ARTES E INDUSTRIAS CULTURALES","3","ACTIVIDAD","3000773","POBLACION SE BENEFICIA DE UNA OFERTA CULTURAL DIVERSA Y RECONOCIDA A NIVEL NACIONAL E INTERNACIONAL","5005770","IMPLEMENTACION DE ACCIONES PARA EL ACCESO Y LA APRECIACION DE LA DIVERSIDAD DE EXPRESIONES ARTISTICAS ","21","CULTURA Y DEPORTE","045","CULTURA","0100","PROMOCION Y DESARROLLO CULTURAL","00001","0167391","IMPLEMENTACION DE ACCIONES PARA EL ACCESO Y LA APRECIACION DE LA DIVERSIDAD DE EXPRESIONES ARTISTICAS","04","AREQUIPA","5","RECURSOS DETERMINADOS","07","FONDO DE COMPENSACION MUNICIPAL","0","NORMAL","5","GASTO CORRIENTE","2","1","PERSONAL Y OBLIGACIONES SOCIALES","1","RETRIBUCIONES Y COMPLEMENTOS EN EFECTIVO","9","GASTOS VARIABLES Y OCASIONALES","1","ESCOLARIDAD, AGUINALDOS Y GRATIFICACIONES","2","AGUINALDOS","0","0","0","62073.76","62073.76","0","0","0","0","0","0","0","0","0","0","0","0","0"
"2020","M","GOBIERNOS LOCALES"," "," "," "," ","300331","040101","MUNICIPALIDAD PROVINCIAL DE AREQUIPA","04","AREQUIPA","01","AREQUIPA","01","AREQUIPA","48","0140","DESARROLLO Y PROMOCION DE LAS ARTES E INDUSTRIAS CULTURALES","3","ACTIVIDAD","3000773","POBLACION SE BENEFICIA DE UNA OFERTA CULTURAL DIVERSA Y RECONOCIDA A NIVEL NACIONAL E INTERNACIONAL","5005770","IMPLEMENTACION DE ACCIONES PARA EL ACCESO Y LA APRECIACION DE LA DIVERSIDAD DE EXPRESIONES ARTISTICAS ","21","CULTURA Y DEPORTE","045","CULTURA","0100","PROMOCION Y DESARROLLO CULTURAL","00001","0167391","IMPLEMENTACION DE ACCIONES PARA EL ACCESO Y LA APRECIACION DE LA DIVERSIDAD DE EXPRESIONES ARTISTICAS","04","AREQUIPA","5","RECURSOS DETERMINADOS","07","FONDO DE COMPENSACION MUNICIPAL","0","NORMAL","5","GASTO CORRIENTE","2","1","PERSONAL Y OBLIGACIONES SOCIALES","1","RETRIBUCIONES Y COMPLEMENTOS EN EFECTIVO","9","GASTOS VARIABLES Y OCASIONALES","3","OTROS GASTOS VARIABLES Y OCASIONALES","2","BONIFICACION ADICIONAL POR VACACIONES","0","0","2100","0","0","0","0","0","0","0","0","0","0","0","0","0","0","0"
"2020","M","GOBIERNOS LOCALES"," "," "," "," ","300331","040101","MUNICIPALIDAD PROVINCIAL DE AREQUIPA","04","AREQUIPA","01","AREQUIPA","01","AREQUIPA","48","0140","DESARROLLO Y PROMOCION DE LAS ARTES E INDUSTRIAS CULTURALES","3","ACTIVIDAD","3000773","POBLACION SE BENEFICIA DE UNA OFERTA CULTURAL DIVERSA Y RECONOCIDA A NIVEL NACIONAL E INTERNACIONAL","5005770","IMPLEMENTACION DE ACCIONES PARA EL ACCESO Y LA APRECIACION DE LA DIVERSIDAD DE EXPRESIONES ARTISTICAS ","21","CULTURA Y DEPORTE","045","CULTURA","0100","PROMOCION Y DESARROLLO CULTURAL","00001","0167391","IMPLEMENTACION DE ACCIONES PARA EL ACCESO Y LA APRECIACION DE LA DIVERSIDAD DE EXPRESIONES ARTISTICAS","04","AREQUIPA","5","RECURSOS DETERMINADOS","07","FONDO DE COMPENSACION MUNICIPAL","0","NORMAL","5","GASTO CORRIENTE","2","1","PERSONAL Y OBLIGACIONES SOCIALES","1","RETRIBUCIONES Y COMPLEMENTOS EN EFECTIVO","9","GASTOS VARIABLES Y OCASIONALES","3","OTROS GASTOS VARIABLES Y OCASIONALES","2","BONIFICACION ADICIONAL POR VACACIONES","0","0","0","2100","2100","0","0","0","0","0","0","0","0","0","0","0","0","0"
"2020","M","GOBIERNOS LOCALES"," "," "," "," ","300331","040101","MUNICIPALIDAD PROVINCIAL DE AREQUIPA","04","AREQUIPA","01","AREQUIPA","01","AREQUIPA","48","0140","DESARROLLO Y PROMOCION DE LAS ARTES E INDUSTRIAS CULTURALES","3","ACTIVIDAD","3000773","POBLACION SE BENEFICIA DE UNA OFERTA CULTURAL DIVERSA Y RECONOCIDA A NIVEL NACIONAL E INTERNACIONAL","5005770","IMPLEMENTACION DE ACCIONES PARA EL ACCESO Y LA APRECIACION DE LA DIVERSIDAD DE EXPRESIONES ARTISTICAS ","21","CULTURA Y DEPORTE","045","CULTURA","0100","PROMOCION Y DESARROLLO CULTURAL","00001","0167391","IMPLEMENTACION DE ACCIONES PARA EL ACCESO Y LA APRECIACION DE LA DIVERSIDAD DE EXPRESIONES ARTISTICAS","04","AREQUIPA","5","RECURSOS DETERMINADOS","07","FONDO DE COMPENSACION MUNICIPAL","0","NORMAL","5","GASTO CORRIENTE","2","1","PERSONAL Y OBLIGACIONES SOCIALES","3","CONTRIBUCIONES A LA SEGURIDAD SOCIAL","1","OBLIGACIONES DEL EMPLEADOR","1","OBLIGACIONES DEL EMPLEADOR","5","CONTRIBUCIONES A ESSALUD","4968","5310","10278","0","0","0","0","0","0","0","0","0","0","0","0","0","0","0"
"2020","M","GOBIERNOS LOCALES"," "," "," "," ","300331","040101","MUNICIPALIDAD PROVINCIAL DE AREQUIPA","04","AREQUIPA","01","AREQUIPA","01","AREQUIPA","48","0140","DESARROLLO Y PROMOCION DE LAS ARTES E INDUSTRIAS CULTURALES","3","ACTIVIDAD","3000773","POBLACION SE BENEFICIA DE UNA OFERTA CULTURAL DIVERSA Y RECONOCIDA A NIVEL NACIONAL E INTERNACIONAL","5005770","IMPLEMENTACION DE ACCIONES PARA EL ACCESO Y LA APRECIACION DE LA DIVERSIDAD DE EXPRESIONES ARTISTICAS ","21","CULTURA Y DEPORTE","045","CULTURA","0100","PROMOCION Y DESARROLLO CULTURAL","00001","0167391","IMPLEMENTACION DE ACCIONES PARA EL ACCESO Y LA APRECIACION DE LA DIVERSIDAD DE EXPRESIONES ARTISTICAS","04","AREQUIPA","5","RECURSOS DETERMINADOS","07","FONDO DE COMPENSACION MUNICIPAL","0","NORMAL","5","GASTO CORRIENTE","2","1","PERSONAL Y OBLIGACIONES SOCIALES","3","CONTRIBUCIONES A LA SEGURIDAD SOCIAL","1","OBLIGACIONES DEL EMPLEADOR","1","OBLIGACIONES DEL EMPLEADOR","5","CONTRIBUCIONES A ESSALUD","0","0","0","10277.45","10276.90","0","0","0","0","0","0","0","0","0","0","0","0","0"
"2020","M","GOBIERNOS LOCALES"," "," "," "," ","300331","040101","MUNICIPALIDAD PROVINCIAL DE AREQUIPA","04","AREQUIPA","01","AREQUIPA","01","AREQUIPA","48","0140","DESARROLLO Y PROMOCION DE LAS ARTES E INDUSTRIAS CULTURALES","3","ACTIVIDAD","3000773","POBLACION SE BENEFICIA DE UNA OFERTA CULTURAL DIVERSA Y RECONOCIDA A NIVEL NACIONAL E INTERNACIONAL","5005770","IMPLEMENTACION DE ACCIONES PARA EL ACCESO Y LA APRECIACION DE LA DIVERSIDAD DE EXPRESIONES ARTISTICAS ","21","CULTURA Y DEPORTE","045","CULTURA","0100","PROMOCION Y DESARROLLO CULTURAL","00001","0167391","IMPLEMENTACION DE ACCIONES PARA EL ACCESO Y LA APRECIACION DE LA DIVERSIDAD DE EXPRESIONES ARTISTICAS","04","AREQUIPA","5","RECURSOS DETERMINADOS","07","FONDO DE COMPENSACION MUNICIPAL","0","NORMAL","5","GASTO CORRIENTE","2","3","BIENES Y SERVICIOS","2","CONTRATACION DE SERVICIOS","8","CONTRATO ADMINISTRATIVO DE SERVICIOS","1","CONTRATO ADMINISTRATIVO DE SERVICIOS","1","CONTRATO ADMINISTRATIVO DE SERVICIOS","0","0","25000","0","0","0","0","0","0","0","0","0","0","0","0","0","0","0"
"2020","M","GOBIERNOS LOCALES"," "," "," "," ","300331","040101","MUNICIPALIDAD PROVINCIAL DE AREQUIPA","04","AREQUIPA","01","AREQUIPA","01","AREQUIPA","48","0140","DESARROLLO Y PROMOCION DE LAS ARTES E INDUSTRIAS CULTURALES","3","ACTIVIDAD","3000773","POBLACION SE BENEFICIA DE UNA OFERTA CULTURAL DIVERSA Y RECONOCIDA A NIVEL NACIONAL E INTERNACIONAL","5005770","IMPLEMENTACION DE ACCIONES PARA EL ACCESO Y LA APRECIACION DE LA DIVERSIDAD DE EXPRESIONES ARTISTICAS ","21","CULTURA Y DEPORTE","045","CULTURA","0100","PROMOCION Y DESARROLLO CULTURAL","00001","0167391","IMPLEMENTACION DE ACCIONES PARA EL ACCESO Y LA APRECIACION DE LA DIVERSIDAD DE EXPRESIONES ARTISTICAS","04","AREQUIPA","5","RECURSOS DETERMINADOS","07","FONDO DE COMPENSACION MUNICIPAL","0","NORMAL","5","GASTO CORRIENTE","2","3","BIENES Y SERVICIOS","2","CONTRATACION DE SERVICIOS","8","CONTRATO ADMINISTRATIVO DE SERVICIOS","1","CONTRATO ADMINISTRATIVO DE SERVICIOS","1","CONTRATO ADMINISTRATIVO DE SERVICIOS","0","0","0","25000","25000","0","0","0","0","0","0","0","0","0","0","0","0","0"
"2020","M","GOBIERNOS LOCALES"," "," "," "," ","300331","040101","MUNICIPALIDAD PROVINCIAL DE AREQUIPA","04","AREQUIPA","01","AREQUIPA","01","AREQUIPA","48","0140","DESARROLLO Y PROMOCION DE LAS ARTES E INDUSTRIAS CULTURALES","3","ACTIVIDAD","3000773","POBLACION SE BENEFICIA DE UNA OFERTA CULTURAL DIVERSA Y RECONOCIDA A NIVEL NACIONAL E INTERNACIONAL","5005770","IMPLEMENTACION DE ACCIONES PARA EL ACCESO Y LA APRECIACION DE LA DIVERSIDAD DE EXPRESIONES ARTISTICAS ","21","CULTURA Y DEPORTE","045","CULTURA","0100","PROMOCION Y DESARROLLO CULTURAL","00001","0167391","IMPLEMENTACION DE ACCIONES PARA EL ACCESO Y LA APRECIACION DE LA DIVERSIDAD DE EXPRESIONES ARTISTICAS","04","AREQUIPA","5","RECURSOS DETERMINADOS","07","FONDO DE COMPENSACION MUNICIPAL","0","NORMAL","5","GASTO CORRIENTE","2","3","BIENES Y SERVICIOS","2","CONTRATACION DE SERVICIOS","8","CONTRATO ADMINISTRATIVO DE SERVICIOS","1","CONTRATO ADMINISTRATIVO DE SERVICIOS","2","CONTRIBUCIONES A ESSALUD DE C.A.S.","0","0","700","0","0","0","0","0","0","0","0","0","0","0","0","0","0","0"
"2020","M","GOBIERNOS LOCALES"," "," "," "," ","300331","040101","MUNICIPALIDAD PROVINCIAL DE AREQUIPA","04","AREQUIPA","01","AREQUIPA","01","AREQUIPA","48","0140","DESARROLLO Y PROMOCION DE LAS ARTES E INDUSTRIAS CULTURALES","3","ACTIVIDAD","3000773","POBLACION SE BENEFICIA DE UNA OFERTA CULTURAL DIVERSA Y RECONOCIDA A NIVEL NACIONAL E INTERNACIONAL","5005770","IMPLEMENTACION DE ACCIONES PARA EL ACCESO Y LA APRECIACION DE LA DIVERSIDAD DE EXPRESIONES ARTISTICAS ","21","CULTURA Y DEPORTE","045","CULTURA","0100","PROMOCION Y DESARROLLO CULTURAL","00001","0167391","IMPLEMENTACION DE ACCIONES PARA EL ACCESO Y LA APRECIACION DE LA DIVERSIDAD DE EXPRESIONES ARTISTICAS","04","AREQUIPA","5","RECURSOS DETERMINADOS","07","FONDO DE COMPENSACION MUNICIPAL","0","NORMAL","5","GASTO CORRIENTE","2","3","BIENES Y SERVICIOS","2","CONTRATACION DE SERVICIOS","8","CONTRATO ADMINISTRATIVO DE SERVICIOS","1","CONTRATO ADMINISTRATIVO DE SERVICIOS","2","CONTRIBUCIONES A ESSALUD DE C.A.S.","0","0","0","697.45","697.45","0","0","0","0","0","0","0","0","0","0","0","0","0"
"2020","M","GOBIERNOS LOCALES"," "," "," "," ","300331","040101","MUNICIPALIDAD PROVINCIAL DE AREQUIPA","04","AREQUIPA","01","AREQUIPA","01","AREQUIPA","48","0140","DESARROLLO Y PROMOCION DE LAS ARTES E INDUSTRIAS CULTURALES","3","ACTIVIDAD","3000773","POBLACION SE BENEFICIA DE UNA OFERTA CULTURAL DIVERSA Y RECONOCIDA A NIVEL NACIONAL E INTERNACIONAL","5005770","IMPLEMENTACION DE ACCIONES PARA EL ACCESO Y LA APRECIACION DE LA DIVERSIDAD DE EXPRESIONES ARTISTICAS ","21","CULTURA Y DEPORTE","045","CULTURA","0100","PROMOCION Y DESARROLLO CULTURAL","00001","0167391","IMPLEMENTACION DE ACCIONES PARA EL ACCESO Y LA APRECIACION DE LA DIVERSIDAD DE EXPRESIONES ARTISTICAS","04","AREQUIPA","5","RECURSOS DETERMINADOS","07","FONDO DE COMPENSACION MUNICIPAL","0","NORMAL","5","GASTO CORRIENTE","2","3","BIENES Y SERVICIOS","2","CONTRATACION DE SERVICIOS","8","CONTRATO ADMINISTRATIVO DE SERVICIOS","1","CONTRATO ADMINISTRATIVO DE SERVICIOS","4","AGUINALDOS DE C.A.S.","0","0","597","0","0","0","0","0","0","0","0","0","0","0","0","0","0","0"
"2020","M","GOBIERNOS LOCALES"," "," "," "," ","300331","040101","MUNICIPALIDAD PROVINCIAL DE AREQUIPA","04","AREQUIPA","01","AREQUIPA","01","AREQUIPA","48","0140","DESARROLLO Y PROMOCION DE LAS ARTES E INDUSTRIAS CULTURALES","3","ACTIVIDAD","3000773","POBLACION SE BENEFICIA DE UNA OFERTA CULTURAL DIVERSA Y RECONOCIDA A NIVEL NACIONAL E INTERNACIONAL","5005770","IMPLEMENTACION DE ACCIONES PARA EL ACCESO Y LA APRECIACION DE LA DIVERSIDAD DE EXPRESIONES ARTISTICAS ","21","CULTURA Y DEPORTE","045","CULTURA","0100","PROMOCION Y DESARROLLO CULTURAL","00001","0167391","IMPLEMENTACION DE ACCIONES PARA EL ACCESO Y LA APRECIACION DE LA DIVERSIDAD DE EXPRESIONES ARTISTICAS","04","AREQUIPA","5","RECURSOS DETERMINADOS","07","FONDO DE COMPENSACION MUNICIPAL","0","NORMAL","5","GASTO CORRIENTE","2","3","BIENES Y SERVICIOS","2","CONTRATACION DE SERVICIOS","8","CONTRATO ADMINISTRATIVO DE SERVICIOS","1","CONTRATO ADMINISTRATIVO DE SERVICIOS","4","AGUINALDOS DE C.A.S.","0","0","0","596.66","596.66","0","0","0","0","0","0","0","0","0","0","0","0","0"
"2020","M","GOBIERNOS LOCALES"," "," "," "," ","300331","040101","MUNICIPALIDAD PROVINCIAL DE AREQUIPA","04","AREQUIPA","01","AREQUIPA","01","AREQUIPA","48","0140","DESARROLLO Y PROMOCION DE LAS ARTES E INDUSTRIAS CULTURALES","3","ACTIVIDAD","3000773","POBLACION SE BENEFICIA DE UNA OFERTA CULTURAL DIVERSA Y RECONOCIDA A NIVEL NACIONAL E INTERNACIONAL","5005770","IMPLEMENTACION DE ACCIONES PARA EL ACCESO Y LA APRECIACION DE LA DIVERSIDAD DE EXPRESIONES ARTISTICAS ","21","CULTURA Y DEPORTE","045","CULTURA","0100","PROMOCION Y DESARROLLO CULTURAL","00001","0167391","IMPLEMENTACION DE ACCIONES PARA EL ACCESO Y LA APRECIACION DE LA DIVERSIDAD DE EXPRESIONES ARTISTICAS","04","AREQUIPA","5","RECURSOS DETERMINADOS","07","FONDO DE COMPENSACION MUNICIPAL","A","SUB CUENTA - FONCOMUN","5","GASTO CORRIENTE","2","1","PERSONAL Y OBLIGACIONES SOCIALES","1","RETRIBUCIONES Y COMPLEMENTOS EN EFECTIVO","1","PERSONAL ADMINISTRATIVO","1","PERSONAL ADMINISTRATIVO","2","PERSONAL ADMINISTRATIVO NOMBRADO (REGIMEN PUBLICO)","0","0","0","0","0","0","0","0","0","56793.76","56793.76","56793.76","0","-0.16","0","0","0","170381.12"
"2020","M","GOBIERNOS LOCALES"," "," "," "," ","300331","040101","MUNICIPALIDAD PROVINCIAL DE AREQUIPA","04","AREQUIPA","01","AREQUIPA","01","AREQUIPA","48","0140","DESARROLLO Y PROMOCION DE LAS ARTES E INDUSTRIAS CULTURALES","3","ACTIVIDAD","3000773","POBLACION SE BENEFICIA DE UNA OFERTA CULTURAL DIVERSA Y RECONOCIDA A NIVEL NACIONAL E INTERNACIONAL","5005770","IMPLEMENTACION DE ACCIONES PARA EL ACCESO Y LA APRECIACION DE LA DIVERSIDAD DE EXPRESIONES ARTISTICAS ","21","CULTURA Y DEPORTE","045","CULTURA","0100","PROMOCION Y DESARROLLO CULTURAL","00001","0167391","IMPLEMENTACION DE ACCIONES PARA EL ACCESO Y LA APRECIACION DE LA DIVERSIDAD DE EXPRESIONES ARTISTICAS","04","AREQUIPA","5","RECURSOS DETERMINADOS","07","FONDO DE COMPENSACION MUNICIPAL","A","SUB CUENTA - FONCOMUN","5","GASTO CORRIENTE","2","1","PERSONAL Y OBLIGACIONES SOCIALES","1","RETRIBUCIONES Y COMPLEMENTOS EN EFECTIVO","1","PERSONAL ADMINISTRATIVO","2","OTRAS RETRIBUCIONES Y COMPLEMENTOS","99","OTRAS RETRIBUCIONES Y COMPLEMENTOS","0","0","0","0","0","0","0","0","0","4500","4500","0","0","0","0","0","0","9000"
"2020","M","GOBIERNOS LOCALES"," "," "," "," ","300331","040101","MUNICIPALIDAD PROVINCIAL DE AREQUIPA","04","AREQUIPA","01","AREQUIPA","01","AREQUIPA","48","0140","DESARROLLO Y PROMOCION DE LAS ARTES E INDUSTRIAS CULTURALES","3","ACTIVIDAD","3000773","POBLACION SE BENEFICIA DE UNA OFERTA CULTURAL DIVERSA Y RECONOCIDA A NIVEL NACIONAL E INTERNACIONAL","5005770","IMPLEMENTACION DE ACCIONES PARA EL ACCESO Y LA APRECIACION DE LA DIVERSIDAD DE EXPRESIONES ARTISTICAS ","21","CULTURA Y DEPORTE","045","CULTURA","0100","PROMOCION Y DESARROLLO CULTURAL","00001","0167391","IMPLEMENTACION DE ACCIONES PARA EL ACCESO Y LA APRECIACION DE LA DIVERSIDAD DE EXPRESIONES ARTISTICAS","04","AREQUIPA","5","RECURSOS DETERMINADOS","07","FONDO DE COMPENSACION MUNICIPAL","A","SUB CUENTA - FONCOMUN","5","GASTO CORRIENTE","2","1","PERSONAL Y OBLIGACIONES SOCIALES","1","RETRIBUCIONES Y COMPLEMENTOS EN EFECTIVO","9","GASTOS VARIABLES Y OCASIONALES","1","ESCOLARIDAD, AGUINALDOS Y GRATIFICACIONES","2","AGUINALDOS","0","0","0","0","0","0","0","0","0","0","0","62073.76","0","0","0","0","0","62073.76"
"2020","M","GOBIERNOS LOCALES"," "," "," "," ","300331","040101","MUNICIPALIDAD PROVINCIAL DE AREQUIPA","04","AREQUIPA","01","AREQUIPA","01","AREQUIPA","48","0140","DESARROLLO Y PROMOCION DE LAS ARTES E INDUSTRIAS CULTURALES","3","ACTIVIDAD","3000773","POBLACION SE BENEFICIA DE UNA OFERTA CULTURAL DIVERSA Y RECONOCIDA A NIVEL NACIONAL E INTERNACIONAL","5005770","IMPLEMENTACION DE ACCIONES PARA EL ACCESO Y LA APRECIACION DE LA DIVERSIDAD DE EXPRESIONES ARTISTICAS ","21","CULTURA Y DEPORTE","045","CULTURA","0100","PROMOCION Y DESARROLLO CULTURAL","00001","0167391","IMPLEMENTACION DE ACCIONES PARA EL ACCESO Y LA APRECIACION DE LA DIVERSIDAD DE EXPRESIONES ARTISTICAS","04","AREQUIPA","5","RECURSOS DETERMINADOS","07","FONDO DE COMPENSACION MUNICIPAL","A","SUB CUENTA - FONCOMUN","5","GASTO CORRIENTE","2","1","PERSONAL Y OBLIGACIONES SOCIALES","1","RETRIBUCIONES Y COMPLEMENTOS EN EFECTIVO","9","GASTOS VARIABLES Y OCASIONALES","3","OTROS GASTOS VARIABLES Y OCASIONALES","2","BONIFICACION ADICIONAL POR VACACIONES","0","0","0","0","0","0","0","0","0","0","1500","600","0","0","0","0","0","2100"
"2020","M","GOBIERNOS LOCALES"," "," "," "," ","300331","040101","MUNICIPALIDAD PROVINCIAL DE AREQUIPA","04","AREQUIPA","01","AREQUIPA","01","AREQUIPA","48","0140","DESARROLLO Y PROMOCION DE LAS ARTES E INDUSTRIAS CULTURALES","3","ACTIVIDAD","3000773","POBLACION SE BENEFICIA DE UNA OFERTA CULTURAL DIVERSA Y RECONOCIDA A NIVEL NACIONAL E INTERNACIONAL","5005770","IMPLEMENTACION DE ACCIONES PARA EL ACCESO Y LA APRECIACION DE LA DIVERSIDAD DE EXPRESIONES ARTISTICAS ","21","CULTURA Y DEPORTE","045","CULTURA","0100","PROMOCION Y DESARROLLO CULTURAL","00001","0167391","IMPLEMENTACION DE ACCIONES PARA EL ACCESO Y LA APRECIACION DE LA DIVERSIDAD DE EXPRESIONES ARTISTICAS","04","AREQUIPA","5","RECURSOS DETERMINADOS","07","FONDO DE COMPENSACION MUNICIPAL","A","SUB CUENTA - FONCOMUN","5","GASTO CORRIENTE","2","1","PERSONAL Y OBLIGACIONES SOCIALES","3","CONTRIBUCIONES A LA SEGURIDAD SOCIAL","1","OBLIGACIONES DEL EMPLEADOR","1","OBLIGACIONES DEL EMPLEADOR","5","CONTRIBUCIONES A ESSALUD","0","0","0","0","0","0","0","0","0","5111.45","0","5165.45","0","0","0","0","0","10276.90"
"2020","M","GOBIERNOS LOCALES"," "," "," "," ","300331","040101","MUNICIPALIDAD PROVINCIAL DE AREQUIPA","04","AREQUIPA","01","AREQUIPA","01","AREQUIPA","48","0140","DESARROLLO Y PROMOCION DE LAS ARTES E INDUSTRIAS CULTURALES","3","ACTIVIDAD","3000773","POBLACION SE BENEFICIA DE UNA OFERTA CULTURAL DIVERSA Y RECONOCIDA A NIVEL NACIONAL E INTERNACIONAL","5005770","IMPLEMENTACION DE ACCIONES PARA EL ACCESO Y LA APRECIACION DE LA DIVERSIDAD DE EXPRESIONES ARTISTICAS ","21","CULTURA Y DEPORTE","045","CULTURA","0100","PROMOCION Y DESARROLLO CULTURAL","00001","0167391","IMPLEMENTACION DE ACCIONES PARA EL ACCESO Y LA APRECIACION DE LA DIVERSIDAD DE EXPRESIONES ARTISTICAS","04","AREQUIPA","5","RECURSOS DETERMINADOS","07","FONDO DE COMPENSACION MUNICIPAL","A","SUB CUENTA - FONCOMUN","5","GASTO CORRIENTE","2","3","BIENES Y SERVICIOS","2","CONTRATACION DE SERVICIOS","8","CONTRATO ADMINISTRATIVO DE SERVICIOS","1","CONTRATO ADMINISTRATIVO DE SERVICIOS","1","CONTRATO ADMINISTRATIVO DE SERVICIOS","0","0","0","0","0","0","0","0","0","5000","5000","5000","0","0","5000","0","5000","25000"
"2020","M","GOBIERNOS LOCALES"," "," "," "," ","300331","040101","MUNICIPALIDAD PROVINCIAL DE AREQUIPA","04","AREQUIPA","01","AREQUIPA","01","AREQUIPA","48","0140","DESARROLLO Y PROMOCION DE LAS ARTES E INDUSTRIAS CULTURALES","3","ACTIVIDAD","3000773","POBLACION SE BENEFICIA DE UNA OFERTA CULTURAL DIVERSA Y RECONOCIDA A NIVEL NACIONAL E INTERNACIONAL","5005770","IMPLEMENTACION DE ACCIONES PARA EL ACCESO Y LA APRECIACION DE LA DIVERSIDAD DE EXPRESIONES ARTISTICAS ","21","CULTURA Y DEPORTE","045","CULTURA","0100","PROMOCION Y DESARROLLO CULTURAL","00001","0167391","IMPLEMENTACION DE ACCIONES PARA EL ACCESO Y LA APRECIACION DE LA DIVERSIDAD DE EXPRESIONES ARTISTICAS","04","AREQUIPA","5","RECURSOS DETERMINADOS","07","FONDO DE COMPENSACION MUNICIPAL","A","SUB CUENTA - FONCOMUN","5","GASTO CORRIENTE","2","3","BIENES Y SERVICIOS","2","CONTRATACION DE SERVICIOS","8","CONTRATO ADMINISTRATIVO DE SERVICIOS","1","CONTRATO ADMINISTRATIVO DE SERVICIOS","2","CONTRIBUCIONES A ESSALUD DE C.A.S.","0","0","0","0","0","0","0","0","0","174.15","174.15","174.15","0","0","0","0","174.15","696.60"
"2020","M","GOBIERNOS LOCALES"," "," "," "," ","300331","040101","MUNICIPALIDAD PROVINCIAL DE AREQUIPA","04","AREQUIPA","01","AREQUIPA","01","AREQUIPA","48","0140","DESARROLLO Y PROMOCION DE LAS ARTES E INDUSTRIAS CULTURALES","3","ACTIVIDAD","3000773","POBLACION SE BENEFICIA DE UNA OFERTA CULTURAL DIVERSA Y RECONOCIDA A NIVEL NACIONAL E INTERNACIONAL","5005770","IMPLEMENTACION DE ACCIONES PARA EL ACCESO Y LA APRECIACION DE LA DIVERSIDAD DE EXPRESIONES ARTISTICAS ","21","CULTURA Y DEPORTE","045","CULTURA","0100","PROMOCION Y DESARROLLO CULTURAL","00001","0167391","IMPLEMENTACION DE ACCIONES PARA EL ACCESO Y LA APRECIACION DE LA DIVERSIDAD DE EXPRESIONES ARTISTICAS","04","AREQUIPA","5","RECURSOS DETERMINADOS","07","FONDO DE COMPENSACION MUNICIPAL","A","SUB CUENTA - FONCOMUN","5","GASTO CORRIENTE","2","3","BIENES Y SERVICIOS","2","CONTRATACION DE SERVICIOS","8","CONTRATO ADMINISTRATIVO DE SERVICIOS","1","CONTRATO ADMINISTRATIVO DE SERVICIOS","4","AGUINALDOS DE C.A.S.","0","0","0","0","0","0","0","0","0","0","0","296.66","0","0","0","0","300","596.66"
"2020","M","GOBIERNOS LOCALES"," "," "," "," ","300331","040101","MUNICIPALIDAD PROVINCIAL DE AREQUIPA","04","AREQUIPA","01","AREQUIPA","01","AREQUIPA","48","0140","DESARROLLO Y PROMOCION DE LAS ARTES E INDUSTRIAS CULTURALES","3","ACTIVIDAD","3000773","POBLACION SE BENEFICIA DE UNA OFERTA CULTURAL DIVERSA Y RECONOCIDA A NIVEL NACIONAL E INTERNACIONAL","5005770","IMPLEMENTACION DE ACCIONES PARA EL ACCESO Y LA APRECIACION DE LA DIVERSIDAD DE EXPRESIONES ARTISTICAS ","21","CULTURA Y DEPORTE","045","CULTURA","0100","PROMOCION Y DESARROLLO CULTURAL","00001","0167391","IMPLEMENTACION DE ACCIONES PARA EL ACCESO Y LA APRECIACION DE LA DIVERSIDAD DE EXPRESIONES ARTISTICAS","04","AREQUIPA","5","RECURSOS DETERMINADOS","08","IMPUESTOS MUNICIPALES","0","NORMAL","5","GASTO CORRIENTE","2","1","PERSONAL Y OBLIGACIONES SOCIALES","1","RETRIBUCIONES Y COMPLEMENTOS EN EFECTIVO","1","PERSONAL ADMINISTRATIVO","1","PERSONAL ADMINISTRATIVO","2","PERSONAL ADMINISTRATIVO NOMBRADO (REGIMEN PUBLICO)","199772","202359","402131","0","0","0","0","0","0","0","0","0","0","0","0","0","0","0"
"2020","M","GOBIERNOS LOCALES"," "," "," "," ","300331","040101","MUNICIPALIDAD PROVINCIAL DE AREQUIPA","04","AREQUIPA","01","AREQUIPA","01","AREQUIPA","48","0140","DESARROLLO Y PROMOCION DE LAS ARTES E INDUSTRIAS CULTURALES","3","ACTIVIDAD","3000773","POBLACION SE BENEFICIA DE UNA OFERTA CULTURAL DIVERSA Y RECONOCIDA A NIVEL NACIONAL E INTERNACIONAL","5005770","IMPLEMENTACION DE ACCIONES PARA EL ACCESO Y LA APRECIACION DE LA DIVERSIDAD DE EXPRESIONES ARTISTICAS ","21","CULTURA Y DEPORTE","045","CULTURA","0100","PROMOCION Y DESARROLLO CULTURAL","00001","0167391","IMPLEMENTACION DE ACCIONES PARA EL ACCESO Y LA APRECIACION DE LA DIVERSIDAD DE EXPRESIONES ARTISTICAS","04","AREQUIPA","5","RECURSOS DETERMINADOS","08","IMPUESTOS MUNICIPALES","0","NORMAL","5","GASTO CORRIENTE","2","1","PERSONAL Y OBLIGACIONES SOCIALES","1","RETRIBUCIONES Y COMPLEMENTOS EN EFECTIVO","1","PERSONAL ADMINISTRATIVO","1","PERSONAL ADMINISTRATIVO","2","PERSONAL ADMINISTRATIVO NOMBRADO (REGIMEN PUBLICO)","0","0","0","402128.74","402128.74","56120.10","56780.56","68841.78","56776.16","0","0","0","0","0","0","0","0","238518.60"
"2020","M","GOBIERNOS LOCALES"," "," "," "," ","300331","040101","MUNICIPALIDAD PROVINCIAL DE AREQUIPA","04","AREQUIPA","01","AREQUIPA","01","AREQUIPA","48","0140","DESARROLLO Y PROMOCION DE LAS ARTES E INDUSTRIAS CULTURALES","3","ACTIVIDAD","3000773","POBLACION SE BENEFICIA DE UNA OFERTA CULTURAL DIVERSA Y RECONOCIDA A NIVEL NACIONAL E INTERNACIONAL","5005770","IMPLEMENTACION DE ACCIONES PARA EL ACCESO Y LA APRECIACION DE LA DIVERSIDAD DE EXPRESIONES ARTISTICAS ","21","CULTURA Y DEPORTE","045","CULTURA","0100","PROMOCION Y DESARROLLO CULTURAL","00001","0167391","IMPLEMENTACION DE ACCIONES PARA EL ACCESO Y LA APRECIACION DE LA DIVERSIDAD DE EXPRESIONES ARTISTICAS","04","AREQUIPA","5","RECURSOS DETERMINADOS","08","IMPUESTOS MUNICIPALES","0","NORMAL","5","GASTO CORRIENTE","2","1","PERSONAL Y OBLIGACIONES SOCIALES","1","RETRIBUCIONES Y COMPLEMENTOS EN EFECTIVO","1","PERSONAL ADMINISTRATIVO","1","PERSONAL ADMINISTRATIVO","9","PERSONAL DE CONFIANZA (RÉGIMEN LABORAL PÚBLICO)","16000","-16000","0","0","0","0","0","0","0","0","0","0","0","0","0","0","0","0"
"2020","M","GOBIERNOS LOCALES"," "," "," "," ","300331","040101","MUNICIPALIDAD PROVINCIAL DE AREQUIPA","04","AREQUIPA","01","AREQUIPA","01","AREQUIPA","48","0140","DESARROLLO Y PROMOCION DE LAS ARTES E INDUSTRIAS CULTURALES","3","ACTIVIDAD","3000773","POBLACION SE BENEFICIA DE UNA OFERTA CULTURAL DIVERSA Y RECONOCIDA A NIVEL NACIONAL E INTERNACIONAL","5005770","IMPLEMENTACION DE ACCIONES PARA EL ACCESO Y LA APRECIACION DE LA DIVERSIDAD DE EXPRESIONES ARTISTICAS ","21","CULTURA Y DEPORTE","045","CULTURA","0100","PROMOCION Y DESARROLLO CULTURAL","00001","0167391","IMPLEMENTACION DE ACCIONES PARA EL ACCESO Y LA APRECIACION DE LA DIVERSIDAD DE EXPRESIONES ARTISTICAS","04","AREQUIPA","5","RECURSOS DETERMINADOS","08","IMPUESTOS MUNICIPALES","0","NORMAL","5","GASTO CORRIENTE","2","1","PERSONAL Y OBLIGACIONES SOCIALES","1","RETRIBUCIONES Y COMPLEMENTOS EN EFECTIVO","1","PERSONAL ADMINISTRATIVO","2","OTRAS RETRIBUCIONES Y COMPLEMENTOS","99","OTRAS RETRIBUCIONES Y COMPLEMENTOS","0","0","4718","0","0","0","0","0","0","0","0","0","0","0","0","0","0","0"
"2020","M","GOBIERNOS LOCALES"," "," "," "," ","300331","040101","MUNICIPALIDAD PROVINCIAL DE AREQUIPA","04","AREQUIPA","01","AREQUIPA","01","AREQUIPA","48","0140","DESARROLLO Y PROMOCION DE LAS ARTES E INDUSTRIAS CULTURALES","3","ACTIVIDAD","3000773","POBLACION SE BENEFICIA DE UNA OFERTA CULTURAL DIVERSA Y RECONOCIDA A NIVEL NACIONAL E INTERNACIONAL","5005770","IMPLEMENTACION DE ACCIONES PARA EL ACCESO Y LA APRECIACION DE LA DIVERSIDAD DE EXPRESIONES ARTISTICAS ","21","CULTURA Y DEPORTE","045","CULTURA","0100","PROMOCION Y DESARROLLO CULTURAL","00001","0167391","IMPLEMENTACION DE ACCIONES PARA EL ACCESO Y LA APRECIACION DE LA DIVERSIDAD DE EXPRESIONES ARTISTICAS","04","AREQUIPA","5","RECURSOS DETERMINADOS","08","IMPUESTOS MUNICIPALES","0","NORMAL","5","GASTO CORRIENTE","2","1","PERSONAL Y OBLIGACIONES SOCIALES","1","RETRIBUCIONES Y COMPLEMENTOS EN EFECTIVO","1","PERSONAL ADMINISTRATIVO","2","OTRAS RETRIBUCIONES Y COMPLEMENTOS","99","OTRAS RETRIBUCIONES Y COMPLEMENTOS","0","0","0","4509","4507.50","0","4507.50","0","0","0","0","0","0","0","0","0","0","4507.50"
"2020","M","GOBIERNOS LOCALES"," "," "," "," ","300331","040101","MUNICIPALIDAD PROVINCIAL DE AREQUIPA","04","AREQUIPA","01","AREQUIPA","01","AREQUIPA","48","0140","DESARROLLO Y PROMOCION DE LAS ARTES E INDUSTRIAS CULTURALES","3","ACTIVIDAD","3000773","POBLACION SE BENEFICIA DE UNA OFERTA CULTURAL DIVERSA Y RECONOCIDA A NIVEL NACIONAL E INTERNACIONAL","5005770","IMPLEMENTACION DE ACCIONES PARA EL ACCESO Y LA APRECIACION DE LA DIVERSIDAD DE EXPRESIONES ARTISTICAS ","21","CULTURA Y DEPORTE","045","CULTURA","0100","PROMOCION Y DESARROLLO CULTURAL","00001","0167391","IMPLEMENTACION DE ACCIONES PARA EL ACCESO Y LA APRECIACION DE LA DIVERSIDAD DE EXPRESIONES ARTISTICAS","04","AREQUIPA","5","RECURSOS DETERMINADOS","08","IMPUESTOS MUNICIPALES","0","NORMAL","5","GASTO CORRIENTE","2","1","PERSONAL Y OBLIGACIONES SOCIALES","1","RETRIBUCIONES Y COMPLEMENTOS EN EFECTIVO","9","GASTOS VARIABLES Y OCASIONALES","1","ESCOLARIDAD, AGUINALDOS Y GRATIFICACIONES","2","AGUINALDOS","0","0","58674","0","0","0","0","0","0","0","0","0","0","0","0","0","0","0"
"2020","M","GOBIERNOS LOCALES"," "," "," "," ","300331","040101","MUNICIPALIDAD PROVINCIAL DE AREQUIPA","04","AREQUIPA","01","AREQUIPA","01","AREQUIPA","48","0140","DESARROLLO Y PROMOCION DE LAS ARTES E INDUSTRIAS CULTURALES","3","ACTIVIDAD","3000773","POBLACION SE BENEFICIA DE UNA OFERTA CULTURAL DIVERSA Y RECONOCIDA A NIVEL NACIONAL E INTERNACIONAL","5005770","IMPLEMENTACION DE ACCIONES PARA EL ACCESO Y LA APRECIACION DE LA DIVERSIDAD DE EXPRESIONES ARTISTICAS ","21","CULTURA Y DEPORTE","045","CULTURA","0100","PROMOCION Y DESARROLLO CULTURAL","00001","0167391","IMPLEMENTACION DE ACCIONES PARA EL ACCESO Y LA APRECIACION DE LA DIVERSIDAD DE EXPRESIONES ARTISTICAS","04","AREQUIPA","5","RECURSOS DETERMINADOS","08","IMPUESTOS MUNICIPALES","0","NORMAL","5","GASTO CORRIENTE","2","1","PERSONAL Y OBLIGACIONES SOCIALES","1","RETRIBUCIONES Y COMPLEMENTOS EN EFECTIVO","9","GASTOS VARIABLES Y OCASIONALES","1","ESCOLARIDAD, AGUINALDOS Y GRATIFICACIONES","2","AGUINALDOS","0","0","0","58673.76","58673.76","0","0","0","0","0","0","0","0","0","0","0","0","0"
"2020","M","GOBIERNOS LOCALES"," "," "," "," ","300331","040101","MUNICIPALIDAD PROVINCIAL DE AREQUIPA","04","AREQUIPA","01","AREQUIPA","01","AREQUIPA","48","0140","DESARROLLO Y PROMOCION DE LAS ARTES E INDUSTRIAS CULTURALES","3","ACTIVIDAD","3000773","POBLACION SE BENEFICIA DE UNA OFERTA CULTURAL DIVERSA Y RECONOCIDA A NIVEL NACIONAL E INTERNACIONAL","5005770","IMPLEMENTACION DE ACCIONES PARA EL ACCESO Y LA APRECIACION DE LA DIVERSIDAD DE EXPRESIONES ARTISTICAS ","21","CULTURA Y DEPORTE","045","CULTURA","0100","PROMOCION Y DESARROLLO CULTURAL","00001","0167391","IMPLEMENTACION DE ACCIONES PARA EL ACCESO Y LA APRECIACION DE LA DIVERSIDAD DE EXPRESIONES ARTISTICAS","04","AREQUIPA","5","RECURSOS DETERMINADOS","08","IMPUESTOS MUNICIPALES","0","NORMAL","5","GASTO CORRIENTE","2","1","PERSONAL Y OBLIGACIONES SOCIALES","1","RETRIBUCIONES Y COMPLEMENTOS EN EFECTIVO","9","GASTOS VARIABLES Y OCASIONALES","1","ESCOLARIDAD, AGUINALDOS Y GRATIFICACIONES","3","BONIFICACION POR ESCOLARIDAD","0","0","23974","0","0","0","0","0","0","0","0","0","0","0","0","0","0","0"
"2020","M","GOBIERNOS LOCALES"," "," "," "," ","300331","040101","MUNICIPALIDAD PROVINCIAL DE AREQUIPA","04","AREQUIPA","01","AREQUIPA","01","AREQUIPA","48","0140","DESARROLLO Y PROMOCION DE LAS ARTES E INDUSTRIAS CULTURALES","3","ACTIVIDAD","3000773","POBLACION SE BENEFICIA DE UNA OFERTA CULTURAL DIVERSA Y RECONOCIDA A NIVEL NACIONAL E INTERNACIONAL","5005770","IMPLEMENTACION DE ACCIONES PARA EL ACCESO Y LA APRECIACION DE LA DIVERSIDAD DE EXPRESIONES ARTISTICAS ","21","CULTURA Y DEPORTE","045","CULTURA","0100","PROMOCION Y DESARROLLO CULTURAL","00001","0167391","IMPLEMENTACION DE ACCIONES PARA EL ACCESO Y LA APRECIACION DE LA DIVERSIDAD DE EXPRESIONES ARTISTICAS","04","AREQUIPA","5","RECURSOS DETERMINADOS","08","IMPUESTOS MUNICIPALES","0","NORMAL","5","GASTO CORRIENTE","2","1","PERSONAL Y OBLIGACIONES SOCIALES","1","RETRIBUCIONES Y COMPLEMENTOS EN EFECTIVO","9","GASTOS VARIABLES Y OCASIONALES","1","ESCOLARIDAD, AGUINALDOS Y GRATIFICACIONES","3","BONIFICACION POR ESCOLARIDAD","0","0","0","23974","23974","23973.33","0","0","0","0","0","0","0","0","0","0","0","23973.33"
"2020","M","GOBIERNOS LOCALES"," "," "," "," ","300331","040101","MUNICIPALIDAD PROVINCIAL DE AREQUIPA","04","AREQUIPA","01","AREQUIPA","01","AREQUIPA","48","0140","DESARROLLO Y PROMOCION DE LAS ARTES E INDUSTRIAS CULTURALES","3","ACTIVIDAD","3000773","POBLACION SE BENEFICIA DE UNA OFERTA CULTURAL DIVERSA Y RECONOCIDA A NIVEL NACIONAL E INTERNACIONAL","5005770","IMPLEMENTACION DE ACCIONES PARA EL ACCESO Y LA APRECIACION DE LA DIVERSIDAD DE EXPRESIONES ARTISTICAS ","21","CULTURA Y DEPORTE","045","CULTURA","0100","PROMOCION Y DESARROLLO CULTURAL","00001","0167391","IMPLEMENTACION DE ACCIONES PARA EL ACCESO Y LA APRECIACION DE LA DIVERSIDAD DE EXPRESIONES ARTISTICAS","04","AREQUIPA","5","RECURSOS DETERMINADOS","08","IMPUESTOS MUNICIPALES","0","NORMAL","5","GASTO CORRIENTE","2","1","PERSONAL Y OBLIGACIONES SOCIALES","1","RETRIBUCIONES Y COMPLEMENTOS EN EFECTIVO","9","GASTOS VARIABLES Y OCASIONALES","3","OTROS GASTOS VARIABLES Y OCASIONALES","1","ASIGNACION POR CUMPLIR 25 O 30 AÑOS","7290","0","7290","0","0","0","0","0","0","0","0","0","0","0","0","0","0","0"
"2020","M","GOBIERNOS LOCALES"," "," "," "," ","300331","040101","MUNICIPALIDAD PROVINCIAL DE AREQUIPA","04","AREQUIPA","01","AREQUIPA","01","AREQUIPA","48","0140","DESARROLLO Y PROMOCION DE LAS ARTES E INDUSTRIAS CULTURALES","3","ACTIVIDAD","3000773","POBLACION SE BENEFICIA DE UNA OFERTA CULTURAL DIVERSA Y RECONOCIDA A NIVEL NACIONAL E INTERNACIONAL","5005770","IMPLEMENTACION DE ACCIONES PARA EL ACCESO Y LA APRECIACION DE LA DIVERSIDAD DE EXPRESIONES ARTISTICAS ","21","CULTURA Y DEPORTE","045","CULTURA","0100","PROMOCION Y DESARROLLO CULTURAL","00001","0167391","IMPLEMENTACION DE ACCIONES PARA EL ACCESO Y LA APRECIACION DE LA DIVERSIDAD DE EXPRESIONES ARTISTICAS","04","AREQUIPA","5","RECURSOS DETERMINADOS","08","IMPUESTOS MUNICIPALES","0","NORMAL","5","GASTO CORRIENTE","2","1","PERSONAL Y OBLIGACIONES SOCIALES","1","RETRIBUCIONES Y COMPLEMENTOS EN EFECTIVO","9","GASTOS VARIABLES Y OCASIONALES","3","OTROS GASTOS VARIABLES Y OCASIONALES","2","BONIFICACION ADICIONAL POR VACACIONES","5400","0","5400","0","0","0","0","0","0","0","0","0","0","0","0","0","0","0"
"2020","M","GOBIERNOS LOCALES"," "," "," "," ","300331","040101","MUNICIPALIDAD PROVINCIAL DE AREQUIPA","04","AREQUIPA","01","AREQUIPA","01","AREQUIPA","48","0140","DESARROLLO Y PROMOCION DE LAS ARTES E INDUSTRIAS CULTURALES","3","ACTIVIDAD","3000773","POBLACION SE BENEFICIA DE UNA OFERTA CULTURAL DIVERSA Y RECONOCIDA A NIVEL NACIONAL E INTERNACIONAL","5005770","IMPLEMENTACION DE ACCIONES PARA EL ACCESO Y LA APRECIACION DE LA DIVERSIDAD DE EXPRESIONES ARTISTICAS ","21","CULTURA Y DEPORTE","045","CULTURA","0100","PROMOCION Y DESARROLLO CULTURAL","00001","0167391","IMPLEMENTACION DE ACCIONES PARA EL ACCESO Y LA APRECIACION DE LA DIVERSIDAD DE EXPRESIONES ARTISTICAS","04","AREQUIPA","5","RECURSOS DETERMINADOS","08","IMPUESTOS MUNICIPALES","0","NORMAL","5","GASTO CORRIENTE","2","1","PERSONAL Y OBLIGACIONES SOCIALES","1","RETRIBUCIONES Y COMPLEMENTOS EN EFECTIVO","9","GASTOS VARIABLES Y OCASIONALES","3","OTROS GASTOS VARIABLES Y OCASIONALES","2","BONIFICACION ADICIONAL POR VACACIONES","0","0","0","3300","3300","1800","600","300","300","0","0","0","0","0","0","0","0","3000"
"2020","M","GOBIERNOS LOCALES"," "," "," "," ","300331","040101","MUNICIPALIDAD PROVINCIAL DE AREQUIPA","04","AREQUIPA","01","AREQUIPA","01","AREQUIPA","48","0140","DESARROLLO Y PROMOCION DE LAS ARTES E INDUSTRIAS CULTURALES","3","ACTIVIDAD","3000773","POBLACION SE BENEFICIA DE UNA OFERTA CULTURAL DIVERSA Y RECONOCIDA A NIVEL NACIONAL E INTERNACIONAL","5005770","IMPLEMENTACION DE ACCIONES PARA EL ACCESO Y LA APRECIACION DE LA DIVERSIDAD DE EXPRESIONES ARTISTICAS ","21","CULTURA Y DEPORTE","045","CULTURA","0100","PROMOCION Y DESARROLLO CULTURAL","00001","0167391","IMPLEMENTACION DE ACCIONES PARA EL ACCESO Y LA APRECIACION DE LA DIVERSIDAD DE EXPRESIONES ARTISTICAS","04","AREQUIPA","5","RECURSOS DETERMINADOS","08","IMPUESTOS MUNICIPALES","0","NORMAL","5","GASTO CORRIENTE","2","1","PERSONAL Y OBLIGACIONES SOCIALES","3","CONTRIBUCIONES A LA SEGURIDAD SOCIAL","1","OBLIGACIONES DEL EMPLEADOR","1","OBLIGACIONES DEL EMPLEADOR","5","CONTRIBUCIONES A ESSALUD","4831","31477","36308","0","0","0","0","0","0","0","0","0","0","0","0","0","0","0"
"2020","M","GOBIERNOS LOCALES"," "," "," "," ","300331","040101","MUNICIPALIDAD PROVINCIAL DE AREQUIPA","04","AREQUIPA","01","AREQUIPA","01","AREQUIPA","48","0140","DESARROLLO Y PROMOCION DE LAS ARTES E INDUSTRIAS CULTURALES","3","ACTIVIDAD","3000773","POBLACION SE BENEFICIA DE UNA OFERTA CULTURAL DIVERSA Y RECONOCIDA A NIVEL NACIONAL E INTERNACIONAL","5005770","IMPLEMENTACION DE ACCIONES PARA EL ACCESO Y LA APRECIACION DE LA DIVERSIDAD DE EXPRESIONES ARTISTICAS ","21","CULTURA Y DEPORTE","045","CULTURA","0100","PROMOCION Y DESARROLLO CULTURAL","00001","0167391","IMPLEMENTACION DE ACCIONES PARA EL ACCESO Y LA APRECIACION DE LA DIVERSIDAD DE EXPRESIONES ARTISTICAS","04","AREQUIPA","5","RECURSOS DETERMINADOS","08","IMPUESTOS MUNICIPALES","0","NORMAL","5","GASTO CORRIENTE","2","1","PERSONAL Y OBLIGACIONES SOCIALES","3","CONTRIBUCIONES A LA SEGURIDAD SOCIAL","1","OBLIGACIONES DEL EMPLEADOR","1","OBLIGACIONES DEL EMPLEADOR","5","CONTRIBUCIONES A ESSALUD","0","0","0","36307.82","36307.82","5007.56","5120.86","6214.23","5136.87","0","5246.45","0","0","0","0","0","0","26725.97"
"2020","M","GOBIERNOS LOCALES"," "," "," "," ","300331","040101","MUNICIPALIDAD PROVINCIAL DE AREQUIPA","04","AREQUIPA","01","AREQUIPA","01","AREQUIPA","48","0140","DESARROLLO Y PROMOCION DE LAS ARTES E INDUSTRIAS CULTURALES","3","ACTIVIDAD","3000773","POBLACION SE BENEFICIA DE UNA OFERTA CULTURAL DIVERSA Y RECONOCIDA A NIVEL NACIONAL E INTERNACIONAL","5005770","IMPLEMENTACION DE ACCIONES PARA EL ACCESO Y LA APRECIACION DE LA DIVERSIDAD DE EXPRESIONES ARTISTICAS ","21","CULTURA Y DEPORTE","045","CULTURA","0100","PROMOCION Y DESARROLLO CULTURAL","00001","0167391","IMPLEMENTACION DE ACCIONES PARA EL ACCESO Y LA APRECIACION DE LA DIVERSIDAD DE EXPRESIONES ARTISTICAS","04","AREQUIPA","5","RECURSOS DETERMINADOS","08","IMPUESTOS MUNICIPALES","0","NORMAL","5","GASTO CORRIENTE","2","3","BIENES Y SERVICIOS","1","COMPRA DE BIENES","5","MATERIALES Y  UTILES","1","DE OFICINA","2","PAPELERIA EN GENERAL, UTILES Y MATERIALES DE OFICINA","257","-257","0","0","0","0","0","0","0","0","0","0","0","0","0","0","0","0"
"2020","M","GOBIERNOS LOCALES"," "," "," "," ","300331","040101","MUNICIPALIDAD PROVINCIAL DE AREQUIPA","04","AREQUIPA","01","AREQUIPA","01","AREQUIPA","48","0140","DESARROLLO Y PROMOCION DE LAS ARTES E INDUSTRIAS CULTURALES","3","ACTIVIDAD","3000773","POBLACION SE BENEFICIA DE UNA OFERTA CULTURAL DIVERSA Y RECONOCIDA A NIVEL NACIONAL E INTERNACIONAL","5005770","IMPLEMENTACION DE ACCIONES PARA EL ACCESO Y LA APRECIACION DE LA DIVERSIDAD DE EXPRESIONES ARTISTICAS ","21","CULTURA Y DEPORTE","045","CULTURA","0100","PROMOCION Y DESARROLLO CULTURAL","00001","0167391","IMPLEMENTACION DE ACCIONES PARA EL ACCESO Y LA APRECIACION DE LA DIVERSIDAD DE EXPRESIONES ARTISTICAS","04","AREQUIPA","5","RECURSOS DETERMINADOS","08","IMPUESTOS MUNICIPALES","0","NORMAL","5","GASTO CORRIENTE","2","3","BIENES Y SERVICIOS","1","COMPRA DE BIENES","5","MATERIALES Y  UTILES","1","DE OFICINA","2","PAPELERIA EN GENERAL, UTILES Y MATERIALES DE OFICINA","0","0","0","0","0","0","0","0","0","0","0","0","0","0","0","0","0","0"
"2020","M","GOBIERNOS LOCALES"," "," "," "," ","300331","040101","MUNICIPALIDAD PROVINCIAL DE AREQUIPA","04","AREQUIPA","01","AREQUIPA","01","AREQUIPA","48","0140","DESARROLLO Y PROMOCION DE LAS ARTES E INDUSTRIAS CULTURALES","3","ACTIVIDAD","3000773","POBLACION SE BENEFICIA DE UNA OFERTA CULTURAL DIVERSA Y RECONOCIDA A NIVEL NACIONAL E INTERNACIONAL","5005770","IMPLEMENTACION DE ACCIONES PARA EL ACCESO Y LA APRECIACION DE LA DIVERSIDAD DE EXPRESIONES ARTISTICAS ","21","CULTURA Y DEPORTE","045","CULTURA","0100","PROMOCION Y DESARROLLO CULTURAL","00001","0167391","IMPLEMENTACION DE ACCIONES PARA EL ACCESO Y LA APRECIACION DE LA DIVERSIDAD DE EXPRESIONES ARTISTICAS","04","AREQUIPA","5","RECURSOS DETERMINADOS","08","IMPUESTOS MUNICIPALES","0","NORMAL","5","GASTO CORRIENTE","2","3","BIENES Y SERVICIOS","1","COMPRA DE BIENES","99","COMPRA DE OTROS BIENES","1","COMPRA DE OTROS BIENES","99","OTROS BIENES","0","0","423","0","0","0","0","0","0","0","0","0","0","0","0","0","0","0"
"2020","M","GOBIERNOS LOCALES"," "," "," "," ","300331","040101","MUNICIPALIDAD PROVINCIAL DE AREQUIPA","04","AREQUIPA","01","AREQUIPA","01","AREQUIPA","48","0140","DESARROLLO Y PROMOCION DE LAS ARTES E INDUSTRIAS CULTURALES","3","ACTIVIDAD","3000773","POBLACION SE BENEFICIA DE UNA OFERTA CULTURAL DIVERSA Y RECONOCIDA A NIVEL NACIONAL E INTERNACIONAL","5005770","IMPLEMENTACION DE ACCIONES PARA EL ACCESO Y LA APRECIACION DE LA DIVERSIDAD DE EXPRESIONES ARTISTICAS ","21","CULTURA Y DEPORTE","045","CULTURA","0100","PROMOCION Y DESARROLLO CULTURAL","00001","0167391","IMPLEMENTACION DE ACCIONES PARA EL ACCESO Y LA APRECIACION DE LA DIVERSIDAD DE EXPRESIONES ARTISTICAS","04","AREQUIPA","5","RECURSOS DETERMINADOS","08","IMPUESTOS MUNICIPALES","0","NORMAL","5","GASTO CORRIENTE","2","3","BIENES Y SERVICIOS","1","COMPRA DE BIENES","99","COMPRA DE OTROS BIENES","1","COMPRA DE OTROS BIENES","99","OTROS BIENES","0","0","0","423","423","0","0","0","123","0","0","0","0","0","0","0","0","123"
"2020","M","GOBIERNOS LOCALES"," "," "," "," ","300331","040101","MUNICIPALIDAD PROVINCIAL DE AREQUIPA","04","AREQUIPA","01","AREQUIPA","01","AREQUIPA","48","0140","DESARROLLO Y PROMOCION DE LAS ARTES E INDUSTRIAS CULTURALES","3","ACTIVIDAD","3000773","POBLACION SE BENEFICIA DE UNA OFERTA CULTURAL DIVERSA Y RECONOCIDA A NIVEL NACIONAL E INTERNACIONAL","5005770","IMPLEMENTACION DE ACCIONES PARA EL ACCESO Y LA APRECIACION DE LA DIVERSIDAD DE EXPRESIONES ARTISTICAS ","21","CULTURA Y DEPORTE","045","CULTURA","0100","PROMOCION Y DESARROLLO CULTURAL","00001","0167391","IMPLEMENTACION DE ACCIONES PARA EL ACCESO Y LA APRECIACION DE LA DIVERSIDAD DE EXPRESIONES ARTISTICAS","04","AREQUIPA","5","RECURSOS DETERMINADOS","08","IMPUESTOS MUNICIPALES","0","NORMAL","5","GASTO CORRIENTE","2","3","BIENES Y SERVICIOS","2","CONTRATACION DE SERVICIOS","1","VIAJES","2","VIAJES DOMESTICOS","99","OTROS GASTOS","0","0","44","0","0","0","0","0","0","0","0","0","0","0","0","0","0","0"
"2020","M","GOBIERNOS LOCALES"," "," "," "," ","300331","040101","MUNICIPALIDAD PROVINCIAL DE AREQUIPA","04","AREQUIPA","01","AREQUIPA","01","AREQUIPA","48","0140","DESARROLLO Y PROMOCION DE LAS ARTES E INDUSTRIAS CULTURALES","3","ACTIVIDAD","3000773","POBLACION SE BENEFICIA DE UNA OFERTA CULTURAL DIVERSA Y RECONOCIDA A NIVEL NACIONAL E INTERNACIONAL","5005770","IMPLEMENTACION DE ACCIONES PARA EL ACCESO Y LA APRECIACION DE LA DIVERSIDAD DE EXPRESIONES ARTISTICAS ","21","CULTURA Y DEPORTE","045","CULTURA","0100","PROMOCION Y DESARROLLO CULTURAL","00001","0167391","IMPLEMENTACION DE ACCIONES PARA EL ACCESO Y LA APRECIACION DE LA DIVERSIDAD DE EXPRESIONES ARTISTICAS","04","AREQUIPA","5","RECURSOS DETERMINADOS","08","IMPUESTOS MUNICIPALES","0","NORMAL","5","GASTO CORRIENTE","2","3","BIENES Y SERVICIOS","2","CONTRATACION DE SERVICIOS","1","VIAJES","2","VIAJES DOMESTICOS","99","OTROS GASTOS","0","0","0","44","44","0","0","0","44","0","0","0","0","0","0","0","0","44"
"2020","M","GOBIERNOS LOCALES"," "," "," "," ","300331","040101","MUNICIPALIDAD PROVINCIAL DE AREQUIPA","04","AREQUIPA","01","AREQUIPA","01","AREQUIPA","48","0140","DESARROLLO Y PROMOCION DE LAS ARTES E INDUSTRIAS CULTURALES","3","ACTIVIDAD","3000773","POBLACION SE BENEFICIA DE UNA OFERTA CULTURAL DIVERSA Y RECONOCIDA A NIVEL NACIONAL E INTERNACIONAL","5005770","IMPLEMENTACION DE ACCIONES PARA EL ACCESO Y LA APRECIACION DE LA DIVERSIDAD DE EXPRESIONES ARTISTICAS ","21","CULTURA Y DEPORTE","045","CULTURA","0100","PROMOCION Y DESARROLLO CULTURAL","00001","0167391","IMPLEMENTACION DE ACCIONES PARA EL ACCESO Y LA APRECIACION DE LA DIVERSIDAD DE EXPRESIONES ARTISTICAS","04","AREQUIPA","5","RECURSOS DETERMINADOS","08","IMPUESTOS MUNICIPALES","0","NORMAL","5","GASTO CORRIENTE","2","3","BIENES Y SERVICIOS","2","CONTRATACION DE SERVICIOS","7","SERVICIOS PROFESIONALES Y TECNICOS","11","OTROS SERVICIOS","99","SERVICIOS DIVERSOS","38143","-210","37933","0","0","0","0","0","0","0","0","0","0","0","0","0","0","0"
"2020","M","GOBIERNOS LOCALES"," "," "," "," ","300331","040101","MUNICIPALIDAD PROVINCIAL DE AREQUIPA","04","AREQUIPA","01","AREQUIPA","01","AREQUIPA","48","0140","DESARROLLO Y PROMOCION DE LAS ARTES E INDUSTRIAS CULTURALES","3","ACTIVIDAD","3000773","POBLACION SE BENEFICIA DE UNA OFERTA CULTURAL DIVERSA Y RECONOCIDA A NIVEL NACIONAL E INTERNACIONAL","5005770","IMPLEMENTACION DE ACCIONES PARA EL ACCESO Y LA APRECIACION DE LA DIVERSIDAD DE EXPRESIONES ARTISTICAS ","21","CULTURA Y DEPORTE","045","CULTURA","0100","PROMOCION Y DESARROLLO CULTURAL","00001","0167391","IMPLEMENTACION DE ACCIONES PARA EL ACCESO Y LA APRECIACION DE LA DIVERSIDAD DE EXPRESIONES ARTISTICAS","04","AREQUIPA","5","RECURSOS DETERMINADOS","08","IMPUESTOS MUNICIPALES","0","NORMAL","5","GASTO CORRIENTE","2","3","BIENES Y SERVICIOS","2","CONTRATACION DE SERVICIOS","7","SERVICIOS PROFESIONALES Y TECNICOS","11","OTROS SERVICIOS","99","SERVICIOS DIVERSOS","0","0","0","36798.60","36798.60","17980","-2744.40","0","133","0","0","0","0","0","0","0","0","15368.60"
"2020","M","GOBIERNOS LOCALES"," "," "," "," ","300331","040101","MUNICIPALIDAD PROVINCIAL DE AREQUIPA","04","AREQUIPA","01","AREQUIPA","01","AREQUIPA","48","0140","DESARROLLO Y PROMOCION DE LAS ARTES E INDUSTRIAS CULTURALES","3","ACTIVIDAD","3000773","POBLACION SE BENEFICIA DE UNA OFERTA CULTURAL DIVERSA Y RECONOCIDA A NIVEL NACIONAL E INTERNACIONAL","5005770","IMPLEMENTACION DE ACCIONES PARA EL ACCESO Y LA APRECIACION DE LA DIVERSIDAD DE EXPRESIONES ARTISTICAS ","21","CULTURA Y DEPORTE","045","CULTURA","0100","PROMOCION Y DESARROLLO CULTURAL","00001","0167391","IMPLEMENTACION DE ACCIONES PARA EL ACCESO Y LA APRECIACION DE LA DIVERSIDAD DE EXPRESIONES ARTISTICAS","04","AREQUIPA","5","RECURSOS DETERMINADOS","08","IMPUESTOS MUNICIPALES","0","NORMAL","5","GASTO CORRIENTE","2","3","BIENES Y SERVICIOS","2","CONTRATACION DE SERVICIOS","8","CONTRATO ADMINISTRATIVO DE SERVICIOS","1","CONTRATO ADMINISTRATIVO DE SERVICIOS","1","CONTRATO ADMINISTRATIVO DE SERVICIOS","0","0","34335","0","0","0","0","0","0","0","0","0","0","0","0","0","0","0"
"2020","M","GOBIERNOS LOCALES"," "," "," "," ","300331","040101","MUNICIPALIDAD PROVINCIAL DE AREQUIPA","04","AREQUIPA","01","AREQUIPA","01","AREQUIPA","48","0140","DESARROLLO Y PROMOCION DE LAS ARTES E INDUSTRIAS CULTURALES","3","ACTIVIDAD","3000773","POBLACION SE BENEFICIA DE UNA OFERTA CULTURAL DIVERSA Y RECONOCIDA A NIVEL NACIONAL E INTERNACIONAL","5005770","IMPLEMENTACION DE ACCIONES PARA EL ACCESO Y LA APRECIACION DE LA DIVERSIDAD DE EXPRESIONES ARTISTICAS ","21","CULTURA Y DEPORTE","045","CULTURA","0100","PROMOCION Y DESARROLLO CULTURAL","00001","0167391","IMPLEMENTACION DE ACCIONES PARA EL ACCESO Y LA APRECIACION DE LA DIVERSIDAD DE EXPRESIONES ARTISTICAS","04","AREQUIPA","5","RECURSOS DETERMINADOS","08","IMPUESTOS MUNICIPALES","0","NORMAL","5","GASTO CORRIENTE","2","3","BIENES Y SERVICIOS","2","CONTRATACION DE SERVICIOS","8","CONTRATO ADMINISTRATIVO DE SERVICIOS","1","CONTRATO ADMINISTRATIVO DE SERVICIOS","1","CONTRATO ADMINISTRATIVO DE SERVICIOS","0","0","0","34334.67","34334.67","5000","4833.33","4666.67","4833.33","0","0","0","0","0","0","0","0","19333.33"
"2020","M","GOBIERNOS LOCALES"," "," "," "," ","300331","040101","MUNICIPALIDAD PROVINCIAL DE AREQUIPA","04","AREQUIPA","01","AREQUIPA","01","AREQUIPA","48","0140","DESARROLLO Y PROMOCION DE LAS ARTES E INDUSTRIAS CULTURALES","3","ACTIVIDAD","3000773","POBLACION SE BENEFICIA DE UNA OFERTA CULTURAL DIVERSA Y RECONOCIDA A NIVEL NACIONAL E INTERNACIONAL","5005770","IMPLEMENTACION DE ACCIONES PARA EL ACCESO Y LA APRECIACION DE LA DIVERSIDAD DE EXPRESIONES ARTISTICAS ","21","CULTURA Y DEPORTE","045","CULTURA","0100","PROMOCION Y DESARROLLO CULTURAL","00001","0167391","IMPLEMENTACION DE ACCIONES PARA EL ACCESO Y LA APRECIACION DE LA DIVERSIDAD DE EXPRESIONES ARTISTICAS","04","AREQUIPA","5","RECURSOS DETERMINADOS","08","IMPUESTOS MUNICIPALES","0","NORMAL","5","GASTO CORRIENTE","2","3","BIENES Y SERVICIOS","2","CONTRATACION DE SERVICIOS","8","CONTRATO ADMINISTRATIVO DE SERVICIOS","1","CONTRATO ADMINISTRATIVO DE SERVICIOS","2","CONTRIBUCIONES A ESSALUD DE C.A.S.","0","0","1224","0","0","0","0","0","0","0","0","0","0","0","0","0","0","0"
"2020","M","GOBIERNOS LOCALES"," "," "," "," ","300331","040101","MUNICIPALIDAD PROVINCIAL DE AREQUIPA","04","AREQUIPA","01","AREQUIPA","01","AREQUIPA","48","0140","DESARROLLO Y PROMOCION DE LAS ARTES E INDUSTRIAS CULTURALES","3","ACTIVIDAD","3000773","POBLACION SE BENEFICIA DE UNA OFERTA CULTURAL DIVERSA Y RECONOCIDA A NIVEL NACIONAL E INTERNACIONAL","5005770","IMPLEMENTACION DE ACCIONES PARA EL ACCESO Y LA APRECIACION DE LA DIVERSIDAD DE EXPRESIONES ARTISTICAS ","21","CULTURA Y DEPORTE","045","CULTURA","0100","PROMOCION Y DESARROLLO CULTURAL","00001","0167391","IMPLEMENTACION DE ACCIONES PARA EL ACCESO Y LA APRECIACION DE LA DIVERSIDAD DE EXPRESIONES ARTISTICAS","04","AREQUIPA","5","RECURSOS DETERMINADOS","08","IMPUESTOS MUNICIPALES","0","NORMAL","5","GASTO CORRIENTE","2","3","BIENES Y SERVICIOS","2","CONTRATACION DE SERVICIOS","8","CONTRATO ADMINISTRATIVO DE SERVICIOS","1","CONTRATO ADMINISTRATIVO DE SERVICIOS","2","CONTRIBUCIONES A ESSALUD DE C.A.S.","0","0","0","1222.45","1222.45","174.15","174.15","174.15","174.15","0","0","0","0","0","0","0","0","696.60"
"2020","M","GOBIERNOS LOCALES"," "," "," "," ","300331","040101","MUNICIPALIDAD PROVINCIAL DE AREQUIPA","04","AREQUIPA","01","AREQUIPA","01","AREQUIPA","48","0140","DESARROLLO Y PROMOCION DE LAS ARTES E INDUSTRIAS CULTURALES","3","ACTIVIDAD","3000773","POBLACION SE BENEFICIA DE UNA OFERTA CULTURAL DIVERSA Y RECONOCIDA A NIVEL NACIONAL E INTERNACIONAL","5005770","IMPLEMENTACION DE ACCIONES PARA EL ACCESO Y LA APRECIACION DE LA DIVERSIDAD DE EXPRESIONES ARTISTICAS ","21","CULTURA Y DEPORTE","045","CULTURA","0100","PROMOCION Y DESARROLLO CULTURAL","00001","0167391","IMPLEMENTACION DE ACCIONES PARA EL ACCESO Y LA APRECIACION DE LA DIVERSIDAD DE EXPRESIONES ARTISTICAS","04","AREQUIPA","5","RECURSOS DETERMINADOS","08","IMPUESTOS MUNICIPALES","7","SUB CUENTA - IMPUESTOS MUNICIPALES","5","GASTO CORRIENTE","2","1","PERSONAL Y OBLIGACIONES SOCIALES","1","RETRIBUCIONES Y COMPLEMENTOS EN EFECTIVO","1","PERSONAL ADMINISTRATIVO","1","PERSONAL ADMINISTRATIVO","2","PERSONAL ADMINISTRATIVO NOMBRADO (REGIMEN PUBLICO)","0","0","0","0","0","0","0","0","0","0","0","0","56779.01","0","53102.65","0","53726.08","163607.74"
"2020","M","GOBIERNOS LOCALES"," "," "," "," ","300331","040101","MUNICIPALIDAD PROVINCIAL DE AREQUIPA","04","AREQUIPA","01","AREQUIPA","01","AREQUIPA","48","0140","DESARROLLO Y PROMOCION DE LAS ARTES E INDUSTRIAS CULTURALES","3","ACTIVIDAD","3000773","POBLACION SE BENEFICIA DE UNA OFERTA CULTURAL DIVERSA Y RECONOCIDA A NIVEL NACIONAL E INTERNACIONAL","5005770","IMPLEMENTACION DE ACCIONES PARA EL ACCESO Y LA APRECIACION DE LA DIVERSIDAD DE EXPRESIONES ARTISTICAS ","21","CULTURA Y DEPORTE","045","CULTURA","0100","PROMOCION Y DESARROLLO CULTURAL","00001","0167391","IMPLEMENTACION DE ACCIONES PARA EL ACCESO Y LA APRECIACION DE LA DIVERSIDAD DE EXPRESIONES ARTISTICAS","04","AREQUIPA","5","RECURSOS DETERMINADOS","08","IMPUESTOS MUNICIPALES","7","SUB CUENTA - IMPUESTOS MUNICIPALES","5","GASTO CORRIENTE","2","1","PERSONAL Y OBLIGACIONES SOCIALES","1","RETRIBUCIONES Y COMPLEMENTOS EN EFECTIVO","9","GASTOS VARIABLES Y OCASIONALES","1","ESCOLARIDAD, AGUINALDOS Y GRATIFICACIONES","2","AGUINALDOS","0","0","0","0","0","0","0","0","0","0","0","0","0","0","0","0","58673.76","58673.76"
"2020","M","GOBIERNOS LOCALES"," "," "," "," ","300331","040101","MUNICIPALIDAD PROVINCIAL DE AREQUIPA","04","AREQUIPA","01","AREQUIPA","01","AREQUIPA","48","0140","DESARROLLO Y PROMOCION DE LAS ARTES E INDUSTRIAS CULTURALES","3","ACTIVIDAD","3000773","POBLACION SE BENEFICIA DE UNA OFERTA CULTURAL DIVERSA Y RECONOCIDA A NIVEL NACIONAL E INTERNACIONAL","5005770","IMPLEMENTACION DE ACCIONES PARA EL ACCESO Y LA APRECIACION DE LA DIVERSIDAD DE EXPRESIONES ARTISTICAS ","21","CULTURA Y DEPORTE","045","CULTURA","0100","PROMOCION Y DESARROLLO CULTURAL","00001","0167391","IMPLEMENTACION DE ACCIONES PARA EL ACCESO Y LA APRECIACION DE LA DIVERSIDAD DE EXPRESIONES ARTISTICAS","04","AREQUIPA","5","RECURSOS DETERMINADOS","08","IMPUESTOS MUNICIPALES","7","SUB CUENTA - IMPUESTOS MUNICIPALES","5","GASTO CORRIENTE","2","1","PERSONAL Y OBLIGACIONES SOCIALES","1","RETRIBUCIONES Y COMPLEMENTOS EN EFECTIVO","9","GASTOS VARIABLES Y OCASIONALES","3","OTROS GASTOS VARIABLES Y OCASIONALES","2","BONIFICACION ADICIONAL POR VACACIONES","0","0","0","0","0","0","0","0","0","0","0","0","300","0","0","0","0","300"
"2020","M","GOBIERNOS LOCALES"," "," "," "," ","300331","040101","MUNICIPALIDAD PROVINCIAL DE AREQUIPA","04","AREQUIPA","01","AREQUIPA","01","AREQUIPA","48","0140","DESARROLLO Y PROMOCION DE LAS ARTES E INDUSTRIAS CULTURALES","3","ACTIVIDAD","3000773","POBLACION SE BENEFICIA DE UNA OFERTA CULTURAL DIVERSA Y RECONOCIDA A NIVEL NACIONAL E INTERNACIONAL","5005770","IMPLEMENTACION DE ACCIONES PARA EL ACCESO Y LA APRECIACION DE LA DIVERSIDAD DE EXPRESIONES ARTISTICAS ","21","CULTURA Y DEPORTE","045","CULTURA","0100","PROMOCION Y DESARROLLO CULTURAL","00001","0167391","IMPLEMENTACION DE ACCIONES PARA EL ACCESO Y LA APRECIACION DE LA DIVERSIDAD DE EXPRESIONES ARTISTICAS","04","AREQUIPA","5","RECURSOS DETERMINADOS","08","IMPUESTOS MUNICIPALES","7","SUB CUENTA - IMPUESTOS MUNICIPALES","5","GASTO CORRIENTE","2","1","PERSONAL Y OBLIGACIONES SOCIALES","3","CONTRIBUCIONES A LA SEGURIDAD SOCIAL","1","OBLIGACIONES DEL EMPLEADOR","1","OBLIGACIONES DEL EMPLEADOR","5","CONTRIBUCIONES A ESSALUD","0","0","0","0","0","0","0","0","0","0","0","0","4995.21","0","4585.93","0","0","9581.14"
"2020","M","GOBIERNOS LOCALES"," "," "," "," ","300331","040101","MUNICIPALIDAD PROVINCIAL DE AREQUIPA","04","AREQUIPA","01","AREQUIPA","01","AREQUIPA","48","0140","DESARROLLO Y PROMOCION DE LAS ARTES E INDUSTRIAS CULTURALES","3","ACTIVIDAD","3000773","POBLACION SE BENEFICIA DE UNA OFERTA CULTURAL DIVERSA Y RECONOCIDA A NIVEL NACIONAL E INTERNACIONAL","5005770","IMPLEMENTACION DE ACCIONES PARA EL ACCESO Y LA APRECIACION DE LA DIVERSIDAD DE EXPRESIONES ARTISTICAS ","21","CULTURA Y DEPORTE","045","CULTURA","0100","PROMOCION Y DESARROLLO CULTURAL","00001","0167391","IMPLEMENTACION DE ACCIONES PARA EL ACCESO Y LA APRECIACION DE LA DIVERSIDAD DE EXPRESIONES ARTISTICAS","04","AREQUIPA","5","RECURSOS DETERMINADOS","08","IMPUESTOS MUNICIPALES","7","SUB CUENTA - IMPUESTOS MUNICIPALES","5","GASTO CORRIENTE","2","3","BIENES Y SERVICIOS","1","COMPRA DE BIENES","99","COMPRA DE OTROS BIENES","1","COMPRA DE OTROS BIENES","99","OTROS BIENES","0","0","0","0","0","0","0","0","0","0","0","0","0","0","0","300","0","300"
"2020","M","GOBIERNOS LOCALES"," "," "," "," ","300331","040101","MUNICIPALIDAD PROVINCIAL DE AREQUIPA","04","AREQUIPA","01","AREQUIPA","01","AREQUIPA","48","0140","DESARROLLO Y PROMOCION DE LAS ARTES E INDUSTRIAS CULTURALES","3","ACTIVIDAD","3000773","POBLACION SE BENEFICIA DE UNA OFERTA CULTURAL DIVERSA Y RECONOCIDA A NIVEL NACIONAL E INTERNACIONAL","5005770","IMPLEMENTACION DE ACCIONES PARA EL ACCESO Y LA APRECIACION DE LA DIVERSIDAD DE EXPRESIONES ARTISTICAS ","21","CULTURA Y DEPORTE","045","CULTURA","0100","PROMOCION Y DESARROLLO CULTURAL","00001","0167391","IMPLEMENTACION DE ACCIONES PARA EL ACCESO Y LA APRECIACION DE LA DIVERSIDAD DE EXPRESIONES ARTISTICAS","04","AREQUIPA","5","RECURSOS DETERMINADOS","08","IMPUESTOS MUNICIPALES","7","SUB CUENTA - IMPUESTOS MUNICIPALES","5","GASTO CORRIENTE","2","3","BIENES Y SERVICIOS","2","CONTRATACION DE SERVICIOS","7","SERVICIOS PROFESIONALES Y TECNICOS","11","OTROS SERVICIOS","99","SERVICIOS DIVERSOS","0","0","0","0","0","0","0","0","0","0","0","0","0","0","330","600","20500","21430"
"2020","M","GOBIERNOS LOCALES"," "," "," "," ","300331","040101","MUNICIPALIDAD PROVINCIAL DE AREQUIPA","04","AREQUIPA","01","AREQUIPA","01","AREQUIPA","48","0140","DESARROLLO Y PROMOCION DE LAS ARTES E INDUSTRIAS CULTURALES","3","ACTIVIDAD","3000773","POBLACION SE BENEFICIA DE UNA OFERTA CULTURAL DIVERSA Y RECONOCIDA A NIVEL NACIONAL E INTERNACIONAL","5005770","IMPLEMENTACION DE ACCIONES PARA EL ACCESO Y LA APRECIACION DE LA DIVERSIDAD DE EXPRESIONES ARTISTICAS ","21","CULTURA Y DEPORTE","045","CULTURA","0100","PROMOCION Y DESARROLLO CULTURAL","00001","0167391","IMPLEMENTACION DE ACCIONES PARA EL ACCESO Y LA APRECIACION DE LA DIVERSIDAD DE EXPRESIONES ARTISTICAS","04","AREQUIPA","5","RECURSOS DETERMINADOS","08","IMPUESTOS MUNICIPALES","7","SUB CUENTA - IMPUESTOS MUNICIPALES","5","GASTO CORRIENTE","2","3","BIENES Y SERVICIOS","2","CONTRATACION DE SERVICIOS","8","CONTRATO ADMINISTRATIVO DE SERVICIOS","1","CONTRATO ADMINISTRATIVO DE SERVICIOS","1","CONTRATO ADMINISTRATIVO DE SERVICIOS","0","0","0","0","0","0","0","0","0","0","0","0","5000","5000","0","5000","0","15000"
"2020","M","GOBIERNOS LOCALES"," "," "," "," ","300331","040101","MUNICIPALIDAD PROVINCIAL DE AREQUIPA","04","AREQUIPA","01","AREQUIPA","01","AREQUIPA","48","0140","DESARROLLO Y PROMOCION DE LAS ARTES E INDUSTRIAS CULTURALES","3","ACTIVIDAD","3000773","POBLACION SE BENEFICIA DE UNA OFERTA CULTURAL DIVERSA Y RECONOCIDA A NIVEL NACIONAL E INTERNACIONAL","5005770","IMPLEMENTACION DE ACCIONES PARA EL ACCESO Y LA APRECIACION DE LA DIVERSIDAD DE EXPRESIONES ARTISTICAS ","21","CULTURA Y DEPORTE","045","CULTURA","0100","PROMOCION Y DESARROLLO CULTURAL","00001","0167391","IMPLEMENTACION DE ACCIONES PARA EL ACCESO Y LA APRECIACION DE LA DIVERSIDAD DE EXPRESIONES ARTISTICAS","04","AREQUIPA","5","RECURSOS DETERMINADOS","08","IMPUESTOS MUNICIPALES","7","SUB CUENTA - IMPUESTOS MUNICIPALES","5","GASTO CORRIENTE","2","3","BIENES Y SERVICIOS","2","CONTRATACION DE SERVICIOS","8","CONTRATO ADMINISTRATIVO DE SERVICIOS","1","CONTRATO ADMINISTRATIVO DE SERVICIOS","2","CONTRIBUCIONES A ESSALUD DE C.A.S.","0","0","0","0","0","0","0","0","0","0","0","0","174.15","174.15","0","174.15","0","522.45"
"2020","M","GOBIERNOS LOCALES"," "," "," "," ","300331","040101","MUNICIPALIDAD PROVINCIAL DE AREQUIPA","04","AREQUIPA","01","AREQUIPA","01","AREQUIPA","104","9002","ASIGNACIONES PRESUPUESTARIAS QUE NO RESULTAN EN PRODUCTOS","3","ACTIVIDAD","3999999","SIN PRODUCTO","5001090","PROMOCION E INCENTIVO DE LAS ACTIVIDADES ARTISTICAS Y CULTURALES","21","CULTURA Y DEPORTE","045","CULTURA","0100","PROMOCION Y DESARROLLO CULTURAL","00001","0030871","DESARROLLO DE ACTIVIDADES ARTISTICAS Y CULTURALES","04","AREQUIPA","2","RECURSOS DIRECTAMENTE RECAUDADOS","09","RECURSOS DIRECTAMENTE RECAUDADOS","0","NORMAL","5","GASTO CORRIENTE","2","1","PERSONAL Y OBLIGACIONES SOCIALES","1","RETRIBUCIONES Y COMPLEMENTOS EN EFECTIVO","1","PERSONAL ADMINISTRATIVO","1","PERSONAL ADMINISTRATIVO","2","PERSONAL ADMINISTRATIVO NOMBRADO (REGIMEN PUBLICO)","15904","0","15904","0","0","0","0","0","0","0","0","0","0","0","0","0","0","0"
"2020","M","GOBIERNOS LOCALES"," "," "," "," ","300331","040101","MUNICIPALIDAD PROVINCIAL DE AREQUIPA","04","AREQUIPA","01","AREQUIPA","01","AREQUIPA","104","9002","ASIGNACIONES PRESUPUESTARIAS QUE NO RESULTAN EN PRODUCTOS","3","ACTIVIDAD","3999999","SIN PRODUCTO","5001090","PROMOCION E INCENTIVO DE LAS ACTIVIDADES ARTISTICAS Y CULTURALES","21","CULTURA Y DEPORTE","045","CULTURA","0100","PROMOCION Y DESARROLLO CULTURAL","00001","0030871","DESARROLLO DE ACTIVIDADES ARTISTICAS Y CULTURALES","04","AREQUIPA","2","RECURSOS DIRECTAMENTE RECAUDADOS","09","RECURSOS DIRECTAMENTE RECAUDADOS","0","NORMAL","5","GASTO CORRIENTE","2","1","PERSONAL Y OBLIGACIONES SOCIALES","1","RETRIBUCIONES Y COMPLEMENTOS EN EFECTIVO","1","PERSONAL ADMINISTRATIVO","1","PERSONAL ADMINISTRATIVO","2","PERSONAL ADMINISTRATIVO NOMBRADO (REGIMEN PUBLICO)","0","0","0","5501.96","5501.96","0","0","0","0","0","0","0","0","0","0","0","0","0"
"2020","M","GOBIERNOS LOCALES"," "," "," "," ","300331","040101","MUNICIPALIDAD PROVINCIAL DE AREQUIPA","04","AREQUIPA","01","AREQUIPA","01","AREQUIPA","104","9002","ASIGNACIONES PRESUPUESTARIAS QUE NO RESULTAN EN PRODUCTOS","3","ACTIVIDAD","3999999","SIN PRODUCTO","5001090","PROMOCION E INCENTIVO DE LAS ACTIVIDADES ARTISTICAS Y CULTURALES","21","CULTURA Y DEPORTE","045","CULTURA","0100","PROMOCION Y DESARROLLO CULTURAL","00001","0030871","DESARROLLO DE ACTIVIDADES ARTISTICAS Y CULTURALES","04","AREQUIPA","2","RECURSOS DIRECTAMENTE RECAUDADOS","09","RECURSOS DIRECTAMENTE RECAUDADOS","0","NORMAL","5","GASTO CORRIENTE","2","1","PERSONAL Y OBLIGACIONES SOCIALES","1","RETRIBUCIONES Y COMPLEMENTOS EN EFECTIVO","1","PERSONAL ADMINISTRATIVO","1","PERSONAL ADMINISTRATIVO","9","PERSONAL DE CONFIANZA (RÉGIMEN LABORAL PÚBLICO)","5000","0","5000","0","0","0","0","0","0","0","0","0","0","0","0","0","0","0"
"2020","M","GOBIERNOS LOCALES"," "," "," "," ","300331","040101","MUNICIPALIDAD PROVINCIAL DE AREQUIPA","04","AREQUIPA","01","AREQUIPA","01","AREQUIPA","104","9002","ASIGNACIONES PRESUPUESTARIAS QUE NO RESULTAN EN PRODUCTOS","3","ACTIVIDAD","3999999","SIN PRODUCTO","5001090","PROMOCION E INCENTIVO DE LAS ACTIVIDADES ARTISTICAS Y CULTURALES","21","CULTURA Y DEPORTE","045","CULTURA","0100","PROMOCION Y DESARROLLO CULTURAL","00001","0030871","DESARROLLO DE ACTIVIDADES ARTISTICAS Y CULTURALES","04","AREQUIPA","2","RECURSOS DIRECTAMENTE RECAUDADOS","09","RECURSOS DIRECTAMENTE RECAUDADOS","0","NORMAL","5","GASTO CORRIENTE","2","1","PERSONAL Y OBLIGACIONES SOCIALES","1","RETRIBUCIONES Y COMPLEMENTOS EN EFECTIVO","1","PERSONAL ADMINISTRATIVO","2","OTRAS RETRIBUCIONES Y COMPLEMENTOS","99","OTRAS RETRIBUCIONES Y COMPLEMENTOS","10806","0","10806","0","0","0","0","0","0","0","0","0","0","0","0","0","0","0"
"2020","M","GOBIERNOS LOCALES"," "," "," "," ","300331","040101","MUNICIPALIDAD PROVINCIAL DE AREQUIPA","04","AREQUIPA","01","AREQUIPA","01","AREQUIPA","104","9002","ASIGNACIONES PRESUPUESTARIAS QUE NO RESULTAN EN PRODUCTOS","3","ACTIVIDAD","3999999","SIN PRODUCTO","5001090","PROMOCION E INCENTIVO DE LAS ACTIVIDADES ARTISTICAS Y CULTURALES","21","CULTURA Y DEPORTE","045","CULTURA","0100","PROMOCION Y DESARROLLO CULTURAL","00001","0030871","DESARROLLO DE ACTIVIDADES ARTISTICAS Y CULTURALES","04","AREQUIPA","2","RECURSOS DIRECTAMENTE RECAUDADOS","09","RECURSOS DIRECTAMENTE RECAUDADOS","0","NORMAL","5","GASTO CORRIENTE","2","1","PERSONAL Y OBLIGACIONES SOCIALES","1","RETRIBUCIONES Y COMPLEMENTOS EN EFECTIVO","1","PERSONAL ADMINISTRATIVO","2","OTRAS RETRIBUCIONES Y COMPLEMENTOS","99","OTRAS RETRIBUCIONES Y COMPLEMENTOS","0","0","0","2025","2025","0","0","0","0","0","0","0","0","0","0","0","0","0"
"2020","M","GOBIERNOS LOCALES"," "," "," "," ","300331","040101","MUNICIPALIDAD PROVINCIAL DE AREQUIPA","04","AREQUIPA","01","AREQUIPA","01","AREQUIPA","104","9002","ASIGNACIONES PRESUPUESTARIAS QUE NO RESULTAN EN PRODUCTOS","3","ACTIVIDAD","3999999","SIN PRODUCTO","5001090","PROMOCION E INCENTIVO DE LAS ACTIVIDADES ARTISTICAS Y CULTURALES","21","CULTURA Y DEPORTE","045","CULTURA","0100","PROMOCION Y DESARROLLO CULTURAL","00001","0030871","DESARROLLO DE ACTIVIDADES ARTISTICAS Y CULTURALES","04","AREQUIPA","2","RECURSOS DIRECTAMENTE RECAUDADOS","09","RECURSOS DIRECTAMENTE RECAUDADOS","0","NORMAL","5","GASTO CORRIENTE","2","1","PERSONAL Y OBLIGACIONES SOCIALES","1","RETRIBUCIONES Y COMPLEMENTOS EN EFECTIVO","9","GASTOS VARIABLES Y OCASIONALES","1","ESCOLARIDAD, AGUINALDOS Y GRATIFICACIONES","3","BONIFICACION POR ESCOLARIDAD","1200","0","1200","0","0","0","0","0","0","0","0","0","0","0","0","0","0","0"
"2020","M","GOBIERNOS LOCALES"," "," "," "," ","300331","040101","MUNICIPALIDAD PROVINCIAL DE AREQUIPA","04","AREQUIPA","01","AREQUIPA","01","AREQUIPA","104","9002","ASIGNACIONES PRESUPUESTARIAS QUE NO RESULTAN EN PRODUCTOS","3","ACTIVIDAD","3999999","SIN PRODUCTO","5001090","PROMOCION E INCENTIVO DE LAS ACTIVIDADES ARTISTICAS Y CULTURALES","21","CULTURA Y DEPORTE","045","CULTURA","0100","PROMOCION Y DESARROLLO CULTURAL","00001","0030871","DESARROLLO DE ACTIVIDADES ARTISTICAS Y CULTURALES","04","AREQUIPA","2","RECURSOS DIRECTAMENTE RECAUDADOS","09","RECURSOS DIRECTAMENTE RECAUDADOS","0","NORMAL","5","GASTO CORRIENTE","2","1","PERSONAL Y OBLIGACIONES SOCIALES","3","CONTRIBUCIONES A LA SEGURIDAD SOCIAL","1","OBLIGACIONES DEL EMPLEADOR","1","OBLIGACIONES DEL EMPLEADOR","5","CONTRIBUCIONES A ESSALUD","4922","0","4922","0","0","0","0","0","0","0","0","0","0","0","0","0","0","0"
"2020","M","GOBIERNOS LOCALES"," "," "," "," ","300331","040101","MUNICIPALIDAD PROVINCIAL DE AREQUIPA","04","AREQUIPA","01","AREQUIPA","01","AREQUIPA","104","9002","ASIGNACIONES PRESUPUESTARIAS QUE NO RESULTAN EN PRODUCTOS","3","ACTIVIDAD","3999999","SIN PRODUCTO","5001090","PROMOCION E INCENTIVO DE LAS ACTIVIDADES ARTISTICAS Y CULTURALES","21","CULTURA Y DEPORTE","045","CULTURA","0100","PROMOCION Y DESARROLLO CULTURAL","00001","0030871","DESARROLLO DE ACTIVIDADES ARTISTICAS Y CULTURALES","04","AREQUIPA","2","RECURSOS DIRECTAMENTE RECAUDADOS","09","RECURSOS DIRECTAMENTE RECAUDADOS","0","NORMAL","5","GASTO CORRIENTE","2","1","PERSONAL Y OBLIGACIONES SOCIALES","3","CONTRIBUCIONES A LA SEGURIDAD SOCIAL","1","OBLIGACIONES DEL EMPLEADOR","1","OBLIGACIONES DEL EMPLEADOR","5","CONTRIBUCIONES A ESSALUD","0","0","0","735.12","735.12","0","0","0","0","0","0","0","0","0","0","0","0","0"
"2020","M","GOBIERNOS LOCALES"," "," "," "," ","300331","040101","MUNICIPALIDAD PROVINCIAL DE AREQUIPA","04","AREQUIPA","01","AREQUIPA","01","AREQUIPA","104","9002","ASIGNACIONES PRESUPUESTARIAS QUE NO RESULTAN EN PRODUCTOS","3","ACTIVIDAD","3999999","SIN PRODUCTO","5001090","PROMOCION E INCENTIVO DE LAS ACTIVIDADES ARTISTICAS Y CULTURALES","21","CULTURA Y DEPORTE","045","CULTURA","0100","PROMOCION Y DESARROLLO CULTURAL","00001","0030871","DESARROLLO DE ACTIVIDADES ARTISTICAS Y CULTURALES","04","AREQUIPA","2","RECURSOS DIRECTAMENTE RECAUDADOS","09","RECURSOS DIRECTAMENTE RECAUDADOS","0","NORMAL","5","GASTO CORRIENTE","2","3","BIENES Y SERVICIOS","1","COMPRA DE BIENES","5","MATERIALES Y  UTILES","3","ASEO, LIMPIEZA Y COCINA","2","DE COCINA, COMEDOR Y CAFETERIA","2315","-2315","0","0","0","0","0","0","0","0","0","0","0","0","0","0","0","0"
"2020","M","GOBIERNOS LOCALES"," "," "," "," ","300331","040101","MUNICIPALIDAD PROVINCIAL DE AREQUIPA","04","AREQUIPA","01","AREQUIPA","01","AREQUIPA","104","9002","ASIGNACIONES PRESUPUESTARIAS QUE NO RESULTAN EN PRODUCTOS","3","ACTIVIDAD","3999999","SIN PRODUCTO","5001090","PROMOCION E INCENTIVO DE LAS ACTIVIDADES ARTISTICAS Y CULTURALES","21","CULTURA Y DEPORTE","045","CULTURA","0100","PROMOCION Y DESARROLLO CULTURAL","00001","0030871","DESARROLLO DE ACTIVIDADES ARTISTICAS Y CULTURALES","04","AREQUIPA","2","RECURSOS DIRECTAMENTE RECAUDADOS","09","RECURSOS DIRECTAMENTE RECAUDADOS","0","NORMAL","5","GASTO CORRIENTE","2","3","BIENES Y SERVICIOS","1","COMPRA DE BIENES","5","MATERIALES Y  UTILES","4","ELECTRICIDAD, ILUMINACION Y ELECTRONICA","1","ELECTRICIDAD, ILUMINACION Y ELECTRONICA","800","-800","0","0","0","0","0","0","0","0","0","0","0","0","0","0","0","0"
"2020","M","GOBIERNOS LOCALES"," "," "," "," ","300331","040101","MUNICIPALIDAD PROVINCIAL DE AREQUIPA","04","AREQUIPA","01","AREQUIPA","01","AREQUIPA","104","9002","ASIGNACIONES PRESUPUESTARIAS QUE NO RESULTAN EN PRODUCTOS","3","ACTIVIDAD","3999999","SIN PRODUCTO","5001090","PROMOCION E INCENTIVO DE LAS ACTIVIDADES ARTISTICAS Y CULTURALES","21","CULTURA Y DEPORTE","045","CULTURA","0100","PROMOCION Y DESARROLLO CULTURAL","00001","0030871","DESARROLLO DE ACTIVIDADES ARTISTICAS Y CULTURALES","04","AREQUIPA","2","RECURSOS DIRECTAMENTE RECAUDADOS","09","RECURSOS DIRECTAMENTE RECAUDADOS","0","NORMAL","5","GASTO CORRIENTE","2","3","BIENES Y SERVICIOS","1","COMPRA DE BIENES","99","COMPRA DE OTROS BIENES","1","COMPRA DE OTROS BIENES","99","OTROS BIENES","38177","-38177","0","0","0","0","0","0","0","0","0","0","0","0","0","0","0","0"
"2020","M","GOBIERNOS LOCALES"," "," "," "," ","300331","040101","MUNICIPALIDAD PROVINCIAL DE AREQUIPA","04","AREQUIPA","01","AREQUIPA","01","AREQUIPA","104","9002","ASIGNACIONES PRESUPUESTARIAS QUE NO RESULTAN EN PRODUCTOS","3","ACTIVIDAD","3999999","SIN PRODUCTO","5001090","PROMOCION E INCENTIVO DE LAS ACTIVIDADES ARTISTICAS Y CULTURALES","21","CULTURA Y DEPORTE","045","CULTURA","0100","PROMOCION Y DESARROLLO CULTURAL","00001","0030871","DESARROLLO DE ACTIVIDADES ARTISTICAS Y CULTURALES","04","AREQUIPA","2","RECURSOS DIRECTAMENTE RECAUDADOS","09","RECURSOS DIRECTAMENTE RECAUDADOS","0","NORMAL","5","GASTO CORRIENTE","2","3","BIENES Y SERVICIOS","2","CONTRATACION DE SERVICIOS","5","ALQUILERES DE MUEBLES E INMUEBLES","1","ALQUILERES DE MUEBLES E INMUEBLES","3","DE MOBILIARIO Y SIMILARES","1000","-1000","0","0","0","0","0","0","0","0","0","0","0","0","0","0","0","0"
"2020","M","GOBIERNOS LOCALES"," "," "," "," ","300331","040101","MUNICIPALIDAD PROVINCIAL DE AREQUIPA","04","AREQUIPA","01","AREQUIPA","01","AREQUIPA","104","9002","ASIGNACIONES PRESUPUESTARIAS QUE NO RESULTAN EN PRODUCTOS","3","ACTIVIDAD","3999999","SIN PRODUCTO","5001090","PROMOCION E INCENTIVO DE LAS ACTIVIDADES ARTISTICAS Y CULTURALES","21","CULTURA Y DEPORTE","045","CULTURA","0100","PROMOCION Y DESARROLLO CULTURAL","00001","0030871","DESARROLLO DE ACTIVIDADES ARTISTICAS Y CULTURALES","04","AREQUIPA","2","RECURSOS DIRECTAMENTE RECAUDADOS","09","RECURSOS DIRECTAMENTE RECAUDADOS","0","NORMAL","5","GASTO CORRIENTE","2","3","BIENES Y SERVICIOS","2","CONTRATACION DE SERVICIOS","7","SERVICIOS PROFESIONALES Y TECNICOS","11","OTROS SERVICIOS","99","SERVICIOS DIVERSOS","70400","-70400","0","0","0","0","0","0","0","0","0","0","0","0","0","0","0","0"
"2020","M","GOBIERNOS LOCALES"," "," "," "," ","300331","040101","MUNICIPALIDAD PROVINCIAL DE AREQUIPA","04","AREQUIPA","01","AREQUIPA","01","AREQUIPA","104","9002","ASIGNACIONES PRESUPUESTARIAS QUE NO RESULTAN EN PRODUCTOS","3","ACTIVIDAD","3999999","SIN PRODUCTO","5001090","PROMOCION E INCENTIVO DE LAS ACTIVIDADES ARTISTICAS Y CULTURALES","21","CULTURA Y DEPORTE","045","CULTURA","0100","PROMOCION Y DESARROLLO CULTURAL","00001","0030871","DESARROLLO DE ACTIVIDADES ARTISTICAS Y CULTURALES","04","AREQUIPA","2","RECURSOS DIRECTAMENTE RECAUDADOS","09","RECURSOS DIRECTAMENTE RECAUDADOS","0","NORMAL","5","GASTO CORRIENTE","2","3","BIENES Y SERVICIOS","2","CONTRATACION DE SERVICIOS","8","CONTRATO ADMINISTRATIVO DE SERVICIOS","1","CONTRATO ADMINISTRATIVO DE SERVICIOS","2","CONTRIBUCIONES A ESSALUD DE C.A.S.","0","0","634","0","0","0","0","0","0","0","0","0","0","0","0","0","0","0"
"2020","M","GOBIERNOS LOCALES"," "," "," "," ","300331","040101","MUNICIPALIDAD PROVINCIAL DE AREQUIPA","04","AREQUIPA","01","AREQUIPA","01","AREQUIPA","104","9002","ASIGNACIONES PRESUPUESTARIAS QUE NO RESULTAN EN PRODUCTOS","3","ACTIVIDAD","3999999","SIN PRODUCTO","5001090","PROMOCION E INCENTIVO DE LAS ACTIVIDADES ARTISTICAS Y CULTURALES","21","CULTURA Y DEPORTE","045","CULTURA","0100","PROMOCION Y DESARROLLO CULTURAL","00001","0030871","DESARROLLO DE ACTIVIDADES ARTISTICAS Y CULTURALES","04","AREQUIPA","2","RECURSOS DIRECTAMENTE RECAUDADOS","09","RECURSOS DIRECTAMENTE RECAUDADOS","0","NORMAL","5","GASTO CORRIENTE","2","3","BIENES Y SERVICIOS","2","CONTRATACION DE SERVICIOS","8","CONTRATO ADMINISTRATIVO DE SERVICIOS","1","CONTRATO ADMINISTRATIVO DE SERVICIOS","2","CONTRIBUCIONES A ESSALUD DE C.A.S.","0","0","0","633.15","633.15","0","0","0","0","0","0","0","0","0","0","0","0","0"
"2020","M","GOBIERNOS LOCALES"," "," "," "," ","300331","040101","MUNICIPALIDAD PROVINCIAL DE AREQUIPA","04","AREQUIPA","01","AREQUIPA","01","AREQUIPA","104","9002","ASIGNACIONES PRESUPUESTARIAS QUE NO RESULTAN EN PRODUCTOS","3","ACTIVIDAD","3999999","SIN PRODUCTO","5001090","PROMOCION E INCENTIVO DE LAS ACTIVIDADES ARTISTICAS Y CULTURALES","21","CULTURA Y DEPORTE","045","CULTURA","0100","PROMOCION Y DESARROLLO CULTURAL","00001","0030871","DESARROLLO DE ACTIVIDADES ARTISTICAS Y CULTURALES","04","AREQUIPA","2","RECURSOS DIRECTAMENTE RECAUDADOS","09","RECURSOS DIRECTAMENTE RECAUDADOS","1","UNIVERSIDADES / GOB. LOCALES","5","GASTO CORRIENTE","2","1","PERSONAL Y OBLIGACIONES SOCIALES","1","RETRIBUCIONES Y COMPLEMENTOS EN EFECTIVO","1","PERSONAL ADMINISTRATIVO","2","OTRAS RETRIBUCIONES Y COMPLEMENTOS","99","OTRAS RETRIBUCIONES Y COMPLEMENTOS","0","0","0","0","0","0","0","225","225","0","0","0","225","0","0","0","0","675"
"2020","M","GOBIERNOS LOCALES"," "," "," "," ","300331","040101","MUNICIPALIDAD PROVINCIAL DE AREQUIPA","04","AREQUIPA","01","AREQUIPA","01","AREQUIPA","104","9002","ASIGNACIONES PRESUPUESTARIAS QUE NO RESULTAN EN PRODUCTOS","3","ACTIVIDAD","3999999","SIN PRODUCTO","5001090","PROMOCION E INCENTIVO DE LAS ACTIVIDADES ARTISTICAS Y CULTURALES","21","CULTURA Y DEPORTE","045","CULTURA","0100","PROMOCION Y DESARROLLO CULTURAL","00001","0030871","DESARROLLO DE ACTIVIDADES ARTISTICAS Y CULTURALES","04","AREQUIPA","2","RECURSOS DIRECTAMENTE RECAUDADOS","09","RECURSOS DIRECTAMENTE RECAUDADOS","7","SUB CUENTA - RECURSOS DIRECTAMENTE RECAUDADOS","5","GASTO CORRIENTE","2","1","PERSONAL Y OBLIGACIONES SOCIALES","1","RETRIBUCIONES Y COMPLEMENTOS EN EFECTIVO","1","PERSONAL ADMINISTRATIVO","1","PERSONAL ADMINISTRATIVO","2","PERSONAL ADMINISTRATIVO NOMBRADO (REGIMEN PUBLICO)","0","0","0","0","0","0","0","0","0","0","0","0","0","2835.98","0","2665.98","0","5501.96"
"2020","M","GOBIERNOS LOCALES"," "," "," "," ","300331","040101","MUNICIPALIDAD PROVINCIAL DE AREQUIPA","04","AREQUIPA","01","AREQUIPA","01","AREQUIPA","104","9002","ASIGNACIONES PRESUPUESTARIAS QUE NO RESULTAN EN PRODUCTOS","3","ACTIVIDAD","3999999","SIN PRODUCTO","5001090","PROMOCION E INCENTIVO DE LAS ACTIVIDADES ARTISTICAS Y CULTURALES","21","CULTURA Y DEPORTE","045","CULTURA","0100","PROMOCION Y DESARROLLO CULTURAL","00001","0030871","DESARROLLO DE ACTIVIDADES ARTISTICAS Y CULTURALES","04","AREQUIPA","2","RECURSOS DIRECTAMENTE RECAUDADOS","09","RECURSOS DIRECTAMENTE RECAUDADOS","7","SUB CUENTA - RECURSOS DIRECTAMENTE RECAUDADOS","5","GASTO CORRIENTE","2","1","PERSONAL Y OBLIGACIONES SOCIALES","1","RETRIBUCIONES Y COMPLEMENTOS EN EFECTIVO","1","PERSONAL ADMINISTRATIVO","2","OTRAS RETRIBUCIONES Y COMPLEMENTOS","99","OTRAS RETRIBUCIONES Y COMPLEMENTOS","0","0","0","0","0","0","0","0","0","0","0","0","0","450","225","225","450","1350"
"2020","M","GOBIERNOS LOCALES"," "," "," "," ","300331","040101","MUNICIPALIDAD PROVINCIAL DE AREQUIPA","04","AREQUIPA","01","AREQUIPA","01","AREQUIPA","104","9002","ASIGNACIONES PRESUPUESTARIAS QUE NO RESULTAN EN PRODUCTOS","3","ACTIVIDAD","3999999","SIN PRODUCTO","5001090","PROMOCION E INCENTIVO DE LAS ACTIVIDADES ARTISTICAS Y CULTURALES","21","CULTURA Y DEPORTE","045","CULTURA","0100","PROMOCION Y DESARROLLO CULTURAL","00001","0030871","DESARROLLO DE ACTIVIDADES ARTISTICAS Y CULTURALES","04","AREQUIPA","2","RECURSOS DIRECTAMENTE RECAUDADOS","09","RECURSOS DIRECTAMENTE RECAUDADOS","7","SUB CUENTA - RECURSOS DIRECTAMENTE RECAUDADOS","5","GASTO CORRIENTE","2","1","PERSONAL Y OBLIGACIONES SOCIALES","3","CONTRIBUCIONES A LA SEGURIDAD SOCIAL","1","OBLIGACIONES DEL EMPLEADOR","1","OBLIGACIONES DEL EMPLEADOR","5","CONTRIBUCIONES A ESSALUD","0","0","0","0","0","0","0","0","0","0","0","0","0","255.24","0","239.94","239.94","735.12"
"2020","M","GOBIERNOS LOCALES"," "," "," "," ","300331","040101","MUNICIPALIDAD PROVINCIAL DE AREQUIPA","04","AREQUIPA","01","AREQUIPA","01","AREQUIPA","104","9002","ASIGNACIONES PRESUPUESTARIAS QUE NO RESULTAN EN PRODUCTOS","3","ACTIVIDAD","3999999","SIN PRODUCTO","5001090","PROMOCION E INCENTIVO DE LAS ACTIVIDADES ARTISTICAS Y CULTURALES","21","CULTURA Y DEPORTE","045","CULTURA","0100","PROMOCION Y DESARROLLO CULTURAL","00001","0030871","DESARROLLO DE ACTIVIDADES ARTISTICAS Y CULTURALES","04","AREQUIPA","2","RECURSOS DIRECTAMENTE RECAUDADOS","09","RECURSOS DIRECTAMENTE RECAUDADOS","7","SUB CUENTA - RECURSOS DIRECTAMENTE RECAUDADOS","5","GASTO CORRIENTE","2","3","BIENES Y SERVICIOS","2","CONTRATACION DE SERVICIOS","8","CONTRATO ADMINISTRATIVO DE SERVICIOS","1","CONTRATO ADMINISTRATIVO DE SERVICIOS","2","CONTRIBUCIONES A ESSALUD DE C.A.S.","0","0","0","0","0","0","0","0","0","0","0","0","0","0","633.15","0","0","633.15"
"2020","M","GOBIERNOS LOCALES"," "," "," "," ","300331","040101","MUNICIPALIDAD PROVINCIAL DE AREQUIPA","04","AREQUIPA","01","AREQUIPA","01","AREQUIPA","104","9002","ASIGNACIONES PRESUPUESTARIAS QUE NO RESULTAN EN PRODUCTOS","3","ACTIVIDAD","3999999","SIN PRODUCTO","5001090","PROMOCION E INCENTIVO DE LAS ACTIVIDADES ARTISTICAS Y CULTURALES","21","CULTURA Y DEPORTE","045","CULTURA","0100","PROMOCION Y DESARROLLO CULTURAL","00001","0030871","DESARROLLO DE ACTIVIDADES ARTISTICAS Y CULTURALES","04","AREQUIPA","5","RECURSOS DETERMINADOS","07","FONDO DE COMPENSACION MUNICIPAL","0","NORMAL","5","GASTO CORRIENTE","2","1","PERSONAL Y OBLIGACIONES SOCIALES","1","RETRIBUCIONES Y COMPLEMENTOS EN EFECTIVO","1","PERSONAL ADMINISTRATIVO","1","PERSONAL ADMINISTRATIVO","2","PERSONAL ADMINISTRATIVO NOMBRADO (REGIMEN PUBLICO)","15748","-225","15523","0","0","0","0","0","0","0","0","0","0","0","0","0","0","0"
"2020","M","GOBIERNOS LOCALES"," "," "," "," ","300331","040101","MUNICIPALIDAD PROVINCIAL DE AREQUIPA","04","AREQUIPA","01","AREQUIPA","01","AREQUIPA","104","9002","ASIGNACIONES PRESUPUESTARIAS QUE NO RESULTAN EN PRODUCTOS","3","ACTIVIDAD","3999999","SIN PRODUCTO","5001090","PROMOCION E INCENTIVO DE LAS ACTIVIDADES ARTISTICAS Y CULTURALES","21","CULTURA Y DEPORTE","045","CULTURA","0100","PROMOCION Y DESARROLLO CULTURAL","00001","0030871","DESARROLLO DE ACTIVIDADES ARTISTICAS Y CULTURALES","04","AREQUIPA","5","RECURSOS DETERMINADOS","07","FONDO DE COMPENSACION MUNICIPAL","0","NORMAL","5","GASTO CORRIENTE","2","1","PERSONAL Y OBLIGACIONES SOCIALES","1","RETRIBUCIONES Y COMPLEMENTOS EN EFECTIVO","1","PERSONAL ADMINISTRATIVO","1","PERSONAL ADMINISTRATIVO","2","PERSONAL ADMINISTRATIVO NOMBRADO (REGIMEN PUBLICO)","0","0","0","8507.96","8507.94","0","0","0","0","0","0","0","0","0","0","0","0","0"
"2020","M","GOBIERNOS LOCALES"," "," "," "," ","300331","040101","MUNICIPALIDAD PROVINCIAL DE AREQUIPA","04","AREQUIPA","01","AREQUIPA","01","AREQUIPA","104","9002","ASIGNACIONES PRESUPUESTARIAS QUE NO RESULTAN EN PRODUCTOS","3","ACTIVIDAD","3999999","SIN PRODUCTO","5001090","PROMOCION E INCENTIVO DE LAS ACTIVIDADES ARTISTICAS Y CULTURALES","21","CULTURA Y DEPORTE","045","CULTURA","0100","PROMOCION Y DESARROLLO CULTURAL","00001","0030871","DESARROLLO DE ACTIVIDADES ARTISTICAS Y CULTURALES","04","AREQUIPA","5","RECURSOS DETERMINADOS","07","FONDO DE COMPENSACION MUNICIPAL","0","NORMAL","5","GASTO CORRIENTE","2","1","PERSONAL Y OBLIGACIONES SOCIALES","1","RETRIBUCIONES Y COMPLEMENTOS EN EFECTIVO","1","PERSONAL ADMINISTRATIVO","2","OTRAS RETRIBUCIONES Y COMPLEMENTOS","99","OTRAS RETRIBUCIONES Y COMPLEMENTOS","0","0","450","0","0","0","0","0","0","0","0","0","0","0","0","0","0","0"
"2020","M","GOBIERNOS LOCALES"," "," "," "," ","300331","040101","MUNICIPALIDAD PROVINCIAL DE AREQUIPA","04","AREQUIPA","01","AREQUIPA","01","AREQUIPA","104","9002","ASIGNACIONES PRESUPUESTARIAS QUE NO RESULTAN EN PRODUCTOS","3","ACTIVIDAD","3999999","SIN PRODUCTO","5001090","PROMOCION E INCENTIVO DE LAS ACTIVIDADES ARTISTICAS Y CULTURALES","21","CULTURA Y DEPORTE","045","CULTURA","0100","PROMOCION Y DESARROLLO CULTURAL","00001","0030871","DESARROLLO DE ACTIVIDADES ARTISTICAS Y CULTURALES","04","AREQUIPA","5","RECURSOS DETERMINADOS","07","FONDO DE COMPENSACION MUNICIPAL","0","NORMAL","5","GASTO CORRIENTE","2","1","PERSONAL Y OBLIGACIONES SOCIALES","1","RETRIBUCIONES Y COMPLEMENTOS EN EFECTIVO","1","PERSONAL ADMINISTRATIVO","2","OTRAS RETRIBUCIONES Y COMPLEMENTOS","99","OTRAS RETRIBUCIONES Y COMPLEMENTOS","0","0","0","450","450","0","0","0","0","0","0","0","0","0","0","0","0","0"
"2020","M","GOBIERNOS LOCALES"," "," "," "," ","300331","040101","MUNICIPALIDAD PROVINCIAL DE AREQUIPA","04","AREQUIPA","01","AREQUIPA","01","AREQUIPA","104","9002","ASIGNACIONES PRESUPUESTARIAS QUE NO RESULTAN EN PRODUCTOS","3","ACTIVIDAD","3999999","SIN PRODUCTO","5001090","PROMOCION E INCENTIVO DE LAS ACTIVIDADES ARTISTICAS Y CULTURALES","21","CULTURA Y DEPORTE","045","CULTURA","0100","PROMOCION Y DESARROLLO CULTURAL","00001","0030871","DESARROLLO DE ACTIVIDADES ARTISTICAS Y CULTURALES","04","AREQUIPA","5","RECURSOS DETERMINADOS","07","FONDO DE COMPENSACION MUNICIPAL","0","NORMAL","5","GASTO CORRIENTE","2","1","PERSONAL Y OBLIGACIONES SOCIALES","1","RETRIBUCIONES Y COMPLEMENTOS EN EFECTIVO","9","GASTOS VARIABLES Y OCASIONALES","1","ESCOLARIDAD, AGUINALDOS Y GRATIFICACIONES","2","AGUINALDOS","0","0","3100","0","0","0","0","0","0","0","0","0","0","0","0","0","0","0"
"2020","M","GOBIERNOS LOCALES"," "," "," "," ","300331","040101","MUNICIPALIDAD PROVINCIAL DE AREQUIPA","04","AREQUIPA","01","AREQUIPA","01","AREQUIPA","104","9002","ASIGNACIONES PRESUPUESTARIAS QUE NO RESULTAN EN PRODUCTOS","3","ACTIVIDAD","3999999","SIN PRODUCTO","5001090","PROMOCION E INCENTIVO DE LAS ACTIVIDADES ARTISTICAS Y CULTURALES","21","CULTURA Y DEPORTE","045","CULTURA","0100","PROMOCION Y DESARROLLO CULTURAL","00001","0030871","DESARROLLO DE ACTIVIDADES ARTISTICAS Y CULTURALES","04","AREQUIPA","5","RECURSOS DETERMINADOS","07","FONDO DE COMPENSACION MUNICIPAL","0","NORMAL","5","GASTO CORRIENTE","2","1","PERSONAL Y OBLIGACIONES SOCIALES","1","RETRIBUCIONES Y COMPLEMENTOS EN EFECTIVO","9","GASTOS VARIABLES Y OCASIONALES","1","ESCOLARIDAD, AGUINALDOS Y GRATIFICACIONES","2","AGUINALDOS","0","0","0","3099.98","3099.98","0","0","0","0","0","0","0","0","0","0","0","0","0"
"2020","M","GOBIERNOS LOCALES"," "," "," "," ","300331","040101","MUNICIPALIDAD PROVINCIAL DE AREQUIPA","04","AREQUIPA","01","AREQUIPA","01","AREQUIPA","104","9002","ASIGNACIONES PRESUPUESTARIAS QUE NO RESULTAN EN PRODUCTOS","3","ACTIVIDAD","3999999","SIN PRODUCTO","5001090","PROMOCION E INCENTIVO DE LAS ACTIVIDADES ARTISTICAS Y CULTURALES","21","CULTURA Y DEPORTE","045","CULTURA","0100","PROMOCION Y DESARROLLO CULTURAL","00001","0030871","DESARROLLO DE ACTIVIDADES ARTISTICAS Y CULTURALES","04","AREQUIPA","5","RECURSOS DETERMINADOS","07","FONDO DE COMPENSACION MUNICIPAL","0","NORMAL","5","GASTO CORRIENTE","2","1","PERSONAL Y OBLIGACIONES SOCIALES","3","CONTRIBUCIONES A LA SEGURIDAD SOCIAL","1","OBLIGACIONES DEL EMPLEADOR","1","OBLIGACIONES DEL EMPLEADOR","5","CONTRIBUCIONES A ESSALUD","1852","0","1852","0","0","0","0","0","0","0","0","0","0","0","0","0","0","0"
"2020","M","GOBIERNOS LOCALES"," "," "," "," ","300331","040101","MUNICIPALIDAD PROVINCIAL DE AREQUIPA","04","AREQUIPA","01","AREQUIPA","01","AREQUIPA","104","9002","ASIGNACIONES PRESUPUESTARIAS QUE NO RESULTAN EN PRODUCTOS","3","ACTIVIDAD","3999999","SIN PRODUCTO","5001090","PROMOCION E INCENTIVO DE LAS ACTIVIDADES ARTISTICAS Y CULTURALES","21","CULTURA Y DEPORTE","045","CULTURA","0100","PROMOCION Y DESARROLLO CULTURAL","00001","0030871","DESARROLLO DE ACTIVIDADES ARTISTICAS Y CULTURALES","04","AREQUIPA","5","RECURSOS DETERMINADOS","07","FONDO DE COMPENSACION MUNICIPAL","0","NORMAL","5","GASTO CORRIENTE","2","1","PERSONAL Y OBLIGACIONES SOCIALES","3","CONTRIBUCIONES A LA SEGURIDAD SOCIAL","1","OBLIGACIONES DEL EMPLEADOR","1","OBLIGACIONES DEL EMPLEADOR","5","CONTRIBUCIONES A ESSALUD","0","0","0","511.24","510.48","0","0","0","0","0","0","0","0","0","0","0","0","0"
"2020","M","GOBIERNOS LOCALES"," "," "," "," ","300331","040101","MUNICIPALIDAD PROVINCIAL DE AREQUIPA","04","AREQUIPA","01","AREQUIPA","01","AREQUIPA","104","9002","ASIGNACIONES PRESUPUESTARIAS QUE NO RESULTAN EN PRODUCTOS","3","ACTIVIDAD","3999999","SIN PRODUCTO","5001090","PROMOCION E INCENTIVO DE LAS ACTIVIDADES ARTISTICAS Y CULTURALES","21","CULTURA Y DEPORTE","045","CULTURA","0100","PROMOCION Y DESARROLLO CULTURAL","00001","0030871","DESARROLLO DE ACTIVIDADES ARTISTICAS Y CULTURALES","04","AREQUIPA","5","RECURSOS DETERMINADOS","07","FONDO DE COMPENSACION MUNICIPAL","0","NORMAL","5","GASTO CORRIENTE","2","3","BIENES Y SERVICIOS","2","CONTRATACION DE SERVICIOS","8","CONTRATO ADMINISTRATIVO DE SERVICIOS","1","CONTRATO ADMINISTRATIVO DE SERVICIOS","1","CONTRATO ADMINISTRATIVO DE SERVICIOS","0","0","55500","0","0","0","0","0","0","0","0","0","0","0","0","0","0","0"
"2020","M","GOBIERNOS LOCALES"," "," "," "," ","300331","040101","MUNICIPALIDAD PROVINCIAL DE AREQUIPA","04","AREQUIPA","01","AREQUIPA","01","AREQUIPA","104","9002","ASIGNACIONES PRESUPUESTARIAS QUE NO RESULTAN EN PRODUCTOS","3","ACTIVIDAD","3999999","SIN PRODUCTO","5001090","PROMOCION E INCENTIVO DE LAS ACTIVIDADES ARTISTICAS Y CULTURALES","21","CULTURA Y DEPORTE","045","CULTURA","0100","PROMOCION Y DESARROLLO CULTURAL","00001","0030871","DESARROLLO DE ACTIVIDADES ARTISTICAS Y CULTURALES","04","AREQUIPA","5","RECURSOS DETERMINADOS","07","FONDO DE COMPENSACION MUNICIPAL","0","NORMAL","5","GASTO CORRIENTE","2","3","BIENES Y SERVICIOS","2","CONTRATACION DE SERVICIOS","8","CONTRATO ADMINISTRATIVO DE SERVICIOS","1","CONTRATO ADMINISTRATIVO DE SERVICIOS","1","CONTRATO ADMINISTRATIVO DE SERVICIOS","0","0","0","55500","55500","0","0","0","0","0","0","0","0","0","0","0","0","0"
"2020","M","GOBIERNOS LOCALES"," "," "," "," ","300331","040101","MUNICIPALIDAD PROVINCIAL DE AREQUIPA","04","AREQUIPA","01","AREQUIPA","01","AREQUIPA","104","9002","ASIGNACIONES PRESUPUESTARIAS QUE NO RESULTAN EN PRODUCTOS","3","ACTIVIDAD","3999999","SIN PRODUCTO","5001090","PROMOCION E INCENTIVO DE LAS ACTIVIDADES ARTISTICAS Y CULTURALES","21","CULTURA Y DEPORTE","045","CULTURA","0100","PROMOCION Y DESARROLLO CULTURAL","00001","0030871","DESARROLLO DE ACTIVIDADES ARTISTICAS Y CULTURALES","04","AREQUIPA","5","RECURSOS DETERMINADOS","07","FONDO DE COMPENSACION MUNICIPAL","0","NORMAL","5","GASTO CORRIENTE","2","3","BIENES Y SERVICIOS","2","CONTRATACION DE SERVICIOS","8","CONTRATO ADMINISTRATIVO DE SERVICIOS","1","CONTRATO ADMINISTRATIVO DE SERVICIOS","2","CONTRIBUCIONES A ESSALUD DE C.A.S.","0","0","2536","0","0","0","0","0","0","0","0","0","0","0","0","0","0","0"
"2020","M","GOBIERNOS LOCALES"," "," "," "," ","300331","040101","MUNICIPALIDAD PROVINCIAL DE AREQUIPA","04","AREQUIPA","01","AREQUIPA","01","AREQUIPA","104","9002","ASIGNACIONES PRESUPUESTARIAS QUE NO RESULTAN EN PRODUCTOS","3","ACTIVIDAD","3999999","SIN PRODUCTO","5001090","PROMOCION E INCENTIVO DE LAS ACTIVIDADES ARTISTICAS Y CULTURALES","21","CULTURA Y DEPORTE","045","CULTURA","0100","PROMOCION Y DESARROLLO CULTURAL","00001","0030871","DESARROLLO DE ACTIVIDADES ARTISTICAS Y CULTURALES","04","AREQUIPA","5","RECURSOS DETERMINADOS","07","FONDO DE COMPENSACION MUNICIPAL","0","NORMAL","5","GASTO CORRIENTE","2","3","BIENES Y SERVICIOS","2","CONTRATACION DE SERVICIOS","8","CONTRATO ADMINISTRATIVO DE SERVICIOS","1","CONTRATO ADMINISTRATIVO DE SERVICIOS","2","CONTRIBUCIONES A ESSALUD DE C.A.S.","0","0","0","2533.45","2533.45","0","0","0","0","0","0","0","0","0","0","0","0","0"
"2020","M","GOBIERNOS LOCALES"," "," "," "," ","300331","040101","MUNICIPALIDAD PROVINCIAL DE AREQUIPA","04","AREQUIPA","01","AREQUIPA","01","AREQUIPA","104","9002","ASIGNACIONES PRESUPUESTARIAS QUE NO RESULTAN EN PRODUCTOS","3","ACTIVIDAD","3999999","SIN PRODUCTO","5001090","PROMOCION E INCENTIVO DE LAS ACTIVIDADES ARTISTICAS Y CULTURALES","21","CULTURA Y DEPORTE","045","CULTURA","0100","PROMOCION Y DESARROLLO CULTURAL","00001","0030871","DESARROLLO DE ACTIVIDADES ARTISTICAS Y CULTURALES","04","AREQUIPA","5","RECURSOS DETERMINADOS","07","FONDO DE COMPENSACION MUNICIPAL","0","NORMAL","5","GASTO CORRIENTE","2","3","BIENES Y SERVICIOS","2","CONTRATACION DE SERVICIOS","8","CONTRATO ADMINISTRATIVO DE SERVICIOS","1","CONTRATO ADMINISTRATIVO DE SERVICIOS","4","AGUINALDOS DE C.A.S.","0","0","2400","0","0","0","0","0","0","0","0","0","0","0","0","0","0","0"
"2020","M","GOBIERNOS LOCALES"," "," "," "," ","300331","040101","MUNICIPALIDAD PROVINCIAL DE AREQUIPA","04","AREQUIPA","01","AREQUIPA","01","AREQUIPA","104","9002","ASIGNACIONES PRESUPUESTARIAS QUE NO RESULTAN EN PRODUCTOS","3","ACTIVIDAD","3999999","SIN PRODUCTO","5001090","PROMOCION E INCENTIVO DE LAS ACTIVIDADES ARTISTICAS Y CULTURALES","21","CULTURA Y DEPORTE","045","CULTURA","0100","PROMOCION Y DESARROLLO CULTURAL","00001","0030871","DESARROLLO DE ACTIVIDADES ARTISTICAS Y CULTURALES","04","AREQUIPA","5","RECURSOS DETERMINADOS","07","FONDO DE COMPENSACION MUNICIPAL","0","NORMAL","5","GASTO CORRIENTE","2","3","BIENES Y SERVICIOS","2","CONTRATACION DE SERVICIOS","8","CONTRATO ADMINISTRATIVO DE SERVICIOS","1","CONTRATO ADMINISTRATIVO DE SERVICIOS","4","AGUINALDOS DE C.A.S.","0","0","0","2400","2400","0","0","0","0","0","0","0","0","0","0","0","0","0"
"2020","M","GOBIERNOS LOCALES"," "," "," "," ","300331","040101","MUNICIPALIDAD PROVINCIAL DE AREQUIPA","04","AREQUIPA","01","AREQUIPA","01","AREQUIPA","104","9002","ASIGNACIONES PRESUPUESTARIAS QUE NO RESULTAN EN PRODUCTOS","3","ACTIVIDAD","3999999","SIN PRODUCTO","5001090","PROMOCION E INCENTIVO DE LAS ACTIVIDADES ARTISTICAS Y CULTURALES","21","CULTURA Y DEPORTE","045","CULTURA","0100","PROMOCION Y DESARROLLO CULTURAL","00001","0030871","DESARROLLO DE ACTIVIDADES ARTISTICAS Y CULTURALES","04","AREQUIPA","5","RECURSOS DETERMINADOS","07","FONDO DE COMPENSACION MUNICIPAL","A","SUB CUENTA - FONCOMUN","5","GASTO CORRIENTE","2","1","PERSONAL Y OBLIGACIONES SOCIALES","1","RETRIBUCIONES Y COMPLEMENTOS EN EFECTIVO","1","PERSONAL ADMINISTRATIVO","1","PERSONAL ADMINISTRATIVO","2","PERSONAL ADMINISTRATIVO NOMBRADO (REGIMEN PUBLICO)","0","0","0","0","0","0","0","0","0","2835.98","2835.98","2835.98","0","0","0","0","0","8507.94"
"2020","M","GOBIERNOS LOCALES"," "," "," "," ","300331","040101","MUNICIPALIDAD PROVINCIAL DE AREQUIPA","04","AREQUIPA","01","AREQUIPA","01","AREQUIPA","104","9002","ASIGNACIONES PRESUPUESTARIAS QUE NO RESULTAN EN PRODUCTOS","3","ACTIVIDAD","3999999","SIN PRODUCTO","5001090","PROMOCION E INCENTIVO DE LAS ACTIVIDADES ARTISTICAS Y CULTURALES","21","CULTURA Y DEPORTE","045","CULTURA","0100","PROMOCION Y DESARROLLO CULTURAL","00001","0030871","DESARROLLO DE ACTIVIDADES ARTISTICAS Y CULTURALES","04","AREQUIPA","5","RECURSOS DETERMINADOS","07","FONDO DE COMPENSACION MUNICIPAL","A","SUB CUENTA - FONCOMUN","5","GASTO CORRIENTE","2","1","PERSONAL Y OBLIGACIONES SOCIALES","1","RETRIBUCIONES Y COMPLEMENTOS EN EFECTIVO","1","PERSONAL ADMINISTRATIVO","2","OTRAS RETRIBUCIONES Y COMPLEMENTOS","99","OTRAS RETRIBUCIONES Y COMPLEMENTOS","0","0","0","0","0","0","0","0","0","225","225","0","0","0","0","0","0","450"
"2020","M","GOBIERNOS LOCALES"," "," "," "," ","300331","040101","MUNICIPALIDAD PROVINCIAL DE AREQUIPA","04","AREQUIPA","01","AREQUIPA","01","AREQUIPA","104","9002","ASIGNACIONES PRESUPUESTARIAS QUE NO RESULTAN EN PRODUCTOS","3","ACTIVIDAD","3999999","SIN PRODUCTO","5001090","PROMOCION E INCENTIVO DE LAS ACTIVIDADES ARTISTICAS Y CULTURALES","21","CULTURA Y DEPORTE","045","CULTURA","0100","PROMOCION Y DESARROLLO CULTURAL","00001","0030871","DESARROLLO DE ACTIVIDADES ARTISTICAS Y CULTURALES","04","AREQUIPA","5","RECURSOS DETERMINADOS","07","FONDO DE COMPENSACION MUNICIPAL","A","SUB CUENTA - FONCOMUN","5","GASTO CORRIENTE","2","1","PERSONAL Y OBLIGACIONES SOCIALES","1","RETRIBUCIONES Y COMPLEMENTOS EN EFECTIVO","9","GASTOS VARIABLES Y OCASIONALES","1","ESCOLARIDAD, AGUINALDOS Y GRATIFICACIONES","2","AGUINALDOS","0","0","0","0","0","0","0","0","0","0","0","3099.98","0","0","0","0","0","3099.98"
"2020","M","GOBIERNOS LOCALES"," "," "," "," ","300331","040101","MUNICIPALIDAD PROVINCIAL DE AREQUIPA","04","AREQUIPA","01","AREQUIPA","01","AREQUIPA","104","9002","ASIGNACIONES PRESUPUESTARIAS QUE NO RESULTAN EN PRODUCTOS","3","ACTIVIDAD","3999999","SIN PRODUCTO","5001090","PROMOCION E INCENTIVO DE LAS ACTIVIDADES ARTISTICAS Y CULTURALES","21","CULTURA Y DEPORTE","045","CULTURA","0100","PROMOCION Y DESARROLLO CULTURAL","00001","0030871","DESARROLLO DE ACTIVIDADES ARTISTICAS Y CULTURALES","04","AREQUIPA","5","RECURSOS DETERMINADOS","07","FONDO DE COMPENSACION MUNICIPAL","A","SUB CUENTA - FONCOMUN","5","GASTO CORRIENTE","2","1","PERSONAL Y OBLIGACIONES SOCIALES","3","CONTRIBUCIONES A LA SEGURIDAD SOCIAL","1","OBLIGACIONES DEL EMPLEADOR","1","OBLIGACIONES DEL EMPLEADOR","5","CONTRIBUCIONES A ESSALUD","0","0","0","0","0","0","0","0","0","255.24","0","255.24","0","0","0","0","0","510.48"
"2020","M","GOBIERNOS LOCALES"," "," "," "," ","300331","040101","MUNICIPALIDAD PROVINCIAL DE AREQUIPA","04","AREQUIPA","01","AREQUIPA","01","AREQUIPA","104","9002","ASIGNACIONES PRESUPUESTARIAS QUE NO RESULTAN EN PRODUCTOS","3","ACTIVIDAD","3999999","SIN PRODUCTO","5001090","PROMOCION E INCENTIVO DE LAS ACTIVIDADES ARTISTICAS Y CULTURALES","21","CULTURA Y DEPORTE","045","CULTURA","0100","PROMOCION Y DESARROLLO CULTURAL","00001","0030871","DESARROLLO DE ACTIVIDADES ARTISTICAS Y CULTURALES","04","AREQUIPA","5","RECURSOS DETERMINADOS","07","FONDO DE COMPENSACION MUNICIPAL","A","SUB CUENTA - FONCOMUN","5","GASTO CORRIENTE","2","3","BIENES Y SERVICIOS","2","CONTRATACION DE SERVICIOS","8","CONTRATO ADMINISTRATIVO DE SERVICIOS","1","CONTRATO ADMINISTRATIVO DE SERVICIOS","1","CONTRATO ADMINISTRATIVO DE SERVICIOS","0","0","0","0","0","0","0","0","0","11013.70","11186.30","11100","0","0","11100","0","11100","55500"
"2020","M","GOBIERNOS LOCALES"," "," "," "," ","300331","040101","MUNICIPALIDAD PROVINCIAL DE AREQUIPA","04","AREQUIPA","01","AREQUIPA","01","AREQUIPA","104","9002","ASIGNACIONES PRESUPUESTARIAS QUE NO RESULTAN EN PRODUCTOS","3","ACTIVIDAD","3999999","SIN PRODUCTO","5001090","PROMOCION E INCENTIVO DE LAS ACTIVIDADES ARTISTICAS Y CULTURALES","21","CULTURA Y DEPORTE","045","CULTURA","0100","PROMOCION Y DESARROLLO CULTURAL","00001","0030871","DESARROLLO DE ACTIVIDADES ARTISTICAS Y CULTURALES","04","AREQUIPA","5","RECURSOS DETERMINADOS","07","FONDO DE COMPENSACION MUNICIPAL","A","SUB CUENTA - FONCOMUN","5","GASTO CORRIENTE","2","3","BIENES Y SERVICIOS","2","CONTRATACION DE SERVICIOS","8","CONTRATO ADMINISTRATIVO DE SERVICIOS","1","CONTRATO ADMINISTRATIVO DE SERVICIOS","2","CONTRIBUCIONES A ESSALUD DE C.A.S.","0","0","0","0","0","0","0","0","0","633.15","633.15","633.15","0","0","0","0","633.15","2532.60"
"2020","M","GOBIERNOS LOCALES"," "," "," "," ","300331","040101","MUNICIPALIDAD PROVINCIAL DE AREQUIPA","04","AREQUIPA","01","AREQUIPA","01","AREQUIPA","104","9002","ASIGNACIONES PRESUPUESTARIAS QUE NO RESULTAN EN PRODUCTOS","3","ACTIVIDAD","3999999","SIN PRODUCTO","5001090","PROMOCION E INCENTIVO DE LAS ACTIVIDADES ARTISTICAS Y CULTURALES","21","CULTURA Y DEPORTE","045","CULTURA","0100","PROMOCION Y DESARROLLO CULTURAL","00001","0030871","DESARROLLO DE ACTIVIDADES ARTISTICAS Y CULTURALES","04","AREQUIPA","5","RECURSOS DETERMINADOS","07","FONDO DE COMPENSACION MUNICIPAL","A","SUB CUENTA - FONCOMUN","5","GASTO CORRIENTE","2","3","BIENES Y SERVICIOS","2","CONTRATACION DE SERVICIOS","8","CONTRATO ADMINISTRATIVO DE SERVICIOS","1","CONTRATO ADMINISTRATIVO DE SERVICIOS","4","AGUINALDOS DE C.A.S.","0","0","0","0","0","0","0","0","0","0","0","1200","0","0","0","0","1200","2400"
"2020","M","GOBIERNOS LOCALES"," "," "," "," ","300331","040101","MUNICIPALIDAD PROVINCIAL DE AREQUIPA","04","AREQUIPA","01","AREQUIPA","01","AREQUIPA","104","9002","ASIGNACIONES PRESUPUESTARIAS QUE NO RESULTAN EN PRODUCTOS","3","ACTIVIDAD","3999999","SIN PRODUCTO","5001090","PROMOCION E INCENTIVO DE LAS ACTIVIDADES ARTISTICAS Y CULTURALES","21","CULTURA Y DEPORTE","045","CULTURA","0100","PROMOCION Y DESARROLLO CULTURAL","00001","0030871","DESARROLLO DE ACTIVIDADES ARTISTICAS Y CULTURALES","04","AREQUIPA","5","RECURSOS DETERMINADOS","08","IMPUESTOS MUNICIPALES","0","NORMAL","5","GASTO CORRIENTE","2","1","PERSONAL Y OBLIGACIONES SOCIALES","1","RETRIBUCIONES Y COMPLEMENTOS EN EFECTIVO","1","PERSONAL ADMINISTRATIVO","1","PERSONAL ADMINISTRATIVO","2","PERSONAL ADMINISTRATIVO NOMBRADO (REGIMEN PUBLICO)","39468","-2930","36538","0","0","0","0","0","0","0","0","0","0","0","0","0","0","0"
"2020","M","GOBIERNOS LOCALES"," "," "," "," ","300331","040101","MUNICIPALIDAD PROVINCIAL DE AREQUIPA","04","AREQUIPA","01","AREQUIPA","01","AREQUIPA","104","9002","ASIGNACIONES PRESUPUESTARIAS QUE NO RESULTAN EN PRODUCTOS","3","ACTIVIDAD","3999999","SIN PRODUCTO","5001090","PROMOCION E INCENTIVO DE LAS ACTIVIDADES ARTISTICAS Y CULTURALES","21","CULTURA Y DEPORTE","045","CULTURA","0100","PROMOCION Y DESARROLLO CULTURAL","00001","0030871","DESARROLLO DE ACTIVIDADES ARTISTICAS Y CULTURALES","04","AREQUIPA","5","RECURSOS DETERMINADOS","08","IMPUESTOS MUNICIPALES","0","NORMAL","5","GASTO CORRIENTE","2","1","PERSONAL Y OBLIGACIONES SOCIALES","1","RETRIBUCIONES Y COMPLEMENTOS EN EFECTIVO","1","PERSONAL ADMINISTRATIVO","1","PERSONAL ADMINISTRATIVO","2","PERSONAL ADMINISTRATIVO NOMBRADO (REGIMEN PUBLICO)","0","0","0","19511.94","19511.94","2835.98","2835.98","2835.98","2835.98","0","0","0","0","0","0","0","0","11343.92"
"2020","M","GOBIERNOS LOCALES"," "," "," "," ","300331","040101","MUNICIPALIDAD PROVINCIAL DE AREQUIPA","04","AREQUIPA","01","AREQUIPA","01","AREQUIPA","104","9002","ASIGNACIONES PRESUPUESTARIAS QUE NO RESULTAN EN PRODUCTOS","3","ACTIVIDAD","3999999","SIN PRODUCTO","5001090","PROMOCION E INCENTIVO DE LAS ACTIVIDADES ARTISTICAS Y CULTURALES","21","CULTURA Y DEPORTE","045","CULTURA","0100","PROMOCION Y DESARROLLO CULTURAL","00001","0030871","DESARROLLO DE ACTIVIDADES ARTISTICAS Y CULTURALES","04","AREQUIPA","5","RECURSOS DETERMINADOS","08","IMPUESTOS MUNICIPALES","0","NORMAL","5","GASTO CORRIENTE","2","1","PERSONAL Y OBLIGACIONES SOCIALES","1","RETRIBUCIONES Y COMPLEMENTOS EN EFECTIVO","1","PERSONAL ADMINISTRATIVO","1","PERSONAL ADMINISTRATIVO","9","PERSONAL DE CONFIANZA (RÉGIMEN LABORAL PÚBLICO)","20000","-20000","0","0","0","0","0","0","0","0","0","0","0","0","0","0","0","0"
"2020","M","GOBIERNOS LOCALES"," "," "," "," ","300331","040101","MUNICIPALIDAD PROVINCIAL DE AREQUIPA","04","AREQUIPA","01","AREQUIPA","01","AREQUIPA","104","9002","ASIGNACIONES PRESUPUESTARIAS QUE NO RESULTAN EN PRODUCTOS","3","ACTIVIDAD","3999999","SIN PRODUCTO","5001090","PROMOCION E INCENTIVO DE LAS ACTIVIDADES ARTISTICAS Y CULTURALES","21","CULTURA Y DEPORTE","045","CULTURA","0100","PROMOCION Y DESARROLLO CULTURAL","00001","0030871","DESARROLLO DE ACTIVIDADES ARTISTICAS Y CULTURALES","04","AREQUIPA","5","RECURSOS DETERMINADOS","08","IMPUESTOS MUNICIPALES","0","NORMAL","5","GASTO CORRIENTE","2","1","PERSONAL Y OBLIGACIONES SOCIALES","1","RETRIBUCIONES Y COMPLEMENTOS EN EFECTIVO","1","PERSONAL ADMINISTRATIVO","2","OTRAS RETRIBUCIONES Y COMPLEMENTOS","99","OTRAS RETRIBUCIONES Y COMPLEMENTOS","0","0","225","0","0","0","0","0","0","0","0","0","0","0","0","0","0","0"
"2020","M","GOBIERNOS LOCALES"," "," "," "," ","300331","040101","MUNICIPALIDAD PROVINCIAL DE AREQUIPA","04","AREQUIPA","01","AREQUIPA","01","AREQUIPA","104","9002","ASIGNACIONES PRESUPUESTARIAS QUE NO RESULTAN EN PRODUCTOS","3","ACTIVIDAD","3999999","SIN PRODUCTO","5001090","PROMOCION E INCENTIVO DE LAS ACTIVIDADES ARTISTICAS Y CULTURALES","21","CULTURA Y DEPORTE","045","CULTURA","0100","PROMOCION Y DESARROLLO CULTURAL","00001","0030871","DESARROLLO DE ACTIVIDADES ARTISTICAS Y CULTURALES","04","AREQUIPA","5","RECURSOS DETERMINADOS","08","IMPUESTOS MUNICIPALES","0","NORMAL","5","GASTO CORRIENTE","2","1","PERSONAL Y OBLIGACIONES SOCIALES","1","RETRIBUCIONES Y COMPLEMENTOS EN EFECTIVO","1","PERSONAL ADMINISTRATIVO","2","OTRAS RETRIBUCIONES Y COMPLEMENTOS","99","OTRAS RETRIBUCIONES Y COMPLEMENTOS","0","0","0","225","225","0","225","0","0","0","0","0","0","0","0","0","0","225"
"2020","M","GOBIERNOS LOCALES"," "," "," "," ","300331","040101","MUNICIPALIDAD PROVINCIAL DE AREQUIPA","04","AREQUIPA","01","AREQUIPA","01","AREQUIPA","104","9002","ASIGNACIONES PRESUPUESTARIAS QUE NO RESULTAN EN PRODUCTOS","3","ACTIVIDAD","3999999","SIN PRODUCTO","5001090","PROMOCION E INCENTIVO DE LAS ACTIVIDADES ARTISTICAS Y CULTURALES","21","CULTURA Y DEPORTE","045","CULTURA","0100","PROMOCION Y DESARROLLO CULTURAL","00001","0030871","DESARROLLO DE ACTIVIDADES ARTISTICAS Y CULTURALES","04","AREQUIPA","5","RECURSOS DETERMINADOS","08","IMPUESTOS MUNICIPALES","0","NORMAL","5","GASTO CORRIENTE","2","1","PERSONAL Y OBLIGACIONES SOCIALES","1","RETRIBUCIONES Y COMPLEMENTOS EN EFECTIVO","9","GASTOS VARIABLES Y OCASIONALES","1","ESCOLARIDAD, AGUINALDOS Y GRATIFICACIONES","2","AGUINALDOS","0","0","2930","0","0","0","0","0","0","0","0","0","0","0","0","0","0","0"
"2020","M","GOBIERNOS LOCALES"," "," "," "," ","300331","040101","MUNICIPALIDAD PROVINCIAL DE AREQUIPA","04","AREQUIPA","01","AREQUIPA","01","AREQUIPA","104","9002","ASIGNACIONES PRESUPUESTARIAS QUE NO RESULTAN EN PRODUCTOS","3","ACTIVIDAD","3999999","SIN PRODUCTO","5001090","PROMOCION E INCENTIVO DE LAS ACTIVIDADES ARTISTICAS Y CULTURALES","21","CULTURA Y DEPORTE","045","CULTURA","0100","PROMOCION Y DESARROLLO CULTURAL","00001","0030871","DESARROLLO DE ACTIVIDADES ARTISTICAS Y CULTURALES","04","AREQUIPA","5","RECURSOS DETERMINADOS","08","IMPUESTOS MUNICIPALES","0","NORMAL","5","GASTO CORRIENTE","2","1","PERSONAL Y OBLIGACIONES SOCIALES","1","RETRIBUCIONES Y COMPLEMENTOS EN EFECTIVO","9","GASTOS VARIABLES Y OCASIONALES","1","ESCOLARIDAD, AGUINALDOS Y GRATIFICACIONES","2","AGUINALDOS","0","0","0","2929.98","2929.98","0","0","0","0","0","0","0","0","0","0","0","0","0"
"2020","M","GOBIERNOS LOCALES"," "," "," "," ","300331","040101","MUNICIPALIDAD PROVINCIAL DE AREQUIPA","04","AREQUIPA","01","AREQUIPA","01","AREQUIPA","104","9002","ASIGNACIONES PRESUPUESTARIAS QUE NO RESULTAN EN PRODUCTOS","3","ACTIVIDAD","3999999","SIN PRODUCTO","5001090","PROMOCION E INCENTIVO DE LAS ACTIVIDADES ARTISTICAS Y CULTURALES","21","CULTURA Y DEPORTE","045","CULTURA","0100","PROMOCION Y DESARROLLO CULTURAL","00001","0030871","DESARROLLO DE ACTIVIDADES ARTISTICAS Y CULTURALES","04","AREQUIPA","5","RECURSOS DETERMINADOS","08","IMPUESTOS MUNICIPALES","0","NORMAL","5","GASTO CORRIENTE","2","1","PERSONAL Y OBLIGACIONES SOCIALES","1","RETRIBUCIONES Y COMPLEMENTOS EN EFECTIVO","9","GASTOS VARIABLES Y OCASIONALES","1","ESCOLARIDAD, AGUINALDOS Y GRATIFICACIONES","3","BONIFICACION POR ESCOLARIDAD","5320","-4120","1200","0","0","0","0","0","0","0","0","0","0","0","0","0","0","0"
"2020","M","GOBIERNOS LOCALES"," "," "," "," ","300331","040101","MUNICIPALIDAD PROVINCIAL DE AREQUIPA","04","AREQUIPA","01","AREQUIPA","01","AREQUIPA","104","9002","ASIGNACIONES PRESUPUESTARIAS QUE NO RESULTAN EN PRODUCTOS","3","ACTIVIDAD","3999999","SIN PRODUCTO","5001090","PROMOCION E INCENTIVO DE LAS ACTIVIDADES ARTISTICAS Y CULTURALES","21","CULTURA Y DEPORTE","045","CULTURA","0100","PROMOCION Y DESARROLLO CULTURAL","00001","0030871","DESARROLLO DE ACTIVIDADES ARTISTICAS Y CULTURALES","04","AREQUIPA","5","RECURSOS DETERMINADOS","08","IMPUESTOS MUNICIPALES","0","NORMAL","5","GASTO CORRIENTE","2","1","PERSONAL Y OBLIGACIONES SOCIALES","1","RETRIBUCIONES Y COMPLEMENTOS EN EFECTIVO","9","GASTOS VARIABLES Y OCASIONALES","1","ESCOLARIDAD, AGUINALDOS Y GRATIFICACIONES","3","BONIFICACION POR ESCOLARIDAD","0","0","0","1200","1200","1200","0","0","0","0","0","0","0","0","0","0","0","1200"
"2020","M","GOBIERNOS LOCALES"," "," "," "," ","300331","040101","MUNICIPALIDAD PROVINCIAL DE AREQUIPA","04","AREQUIPA","01","AREQUIPA","01","AREQUIPA","104","9002","ASIGNACIONES PRESUPUESTARIAS QUE NO RESULTAN EN PRODUCTOS","3","ACTIVIDAD","3999999","SIN PRODUCTO","5001090","PROMOCION E INCENTIVO DE LAS ACTIVIDADES ARTISTICAS Y CULTURALES","21","CULTURA Y DEPORTE","045","CULTURA","0100","PROMOCION Y DESARROLLO CULTURAL","00001","0030871","DESARROLLO DE ACTIVIDADES ARTISTICAS Y CULTURALES","04","AREQUIPA","5","RECURSOS DETERMINADOS","08","IMPUESTOS MUNICIPALES","0","NORMAL","5","GASTO CORRIENTE","2","1","PERSONAL Y OBLIGACIONES SOCIALES","1","RETRIBUCIONES Y COMPLEMENTOS EN EFECTIVO","9","GASTOS VARIABLES Y OCASIONALES","3","OTROS GASTOS VARIABLES Y OCASIONALES","2","BONIFICACION ADICIONAL POR VACACIONES","1330","0","1330","0","0","0","0","0","0","0","0","0","0","0","0","0","0","0"
"2020","M","GOBIERNOS LOCALES"," "," "," "," ","300331","040101","MUNICIPALIDAD PROVINCIAL DE AREQUIPA","04","AREQUIPA","01","AREQUIPA","01","AREQUIPA","104","9002","ASIGNACIONES PRESUPUESTARIAS QUE NO RESULTAN EN PRODUCTOS","3","ACTIVIDAD","3999999","SIN PRODUCTO","5001090","PROMOCION E INCENTIVO DE LAS ACTIVIDADES ARTISTICAS Y CULTURALES","21","CULTURA Y DEPORTE","045","CULTURA","0100","PROMOCION Y DESARROLLO CULTURAL","00001","0030871","DESARROLLO DE ACTIVIDADES ARTISTICAS Y CULTURALES","04","AREQUIPA","5","RECURSOS DETERMINADOS","08","IMPUESTOS MUNICIPALES","0","NORMAL","5","GASTO CORRIENTE","2","1","PERSONAL Y OBLIGACIONES SOCIALES","1","RETRIBUCIONES Y COMPLEMENTOS EN EFECTIVO","9","GASTOS VARIABLES Y OCASIONALES","3","OTROS GASTOS VARIABLES Y OCASIONALES","2","BONIFICACION ADICIONAL POR VACACIONES","0","0","0","300","300","300","0","0","0","0","0","0","0","0","0","0","0","300"
"2020","M","GOBIERNOS LOCALES"," "," "," "," ","300331","040101","MUNICIPALIDAD PROVINCIAL DE AREQUIPA","04","AREQUIPA","01","AREQUIPA","01","AREQUIPA","104","9002","ASIGNACIONES PRESUPUESTARIAS QUE NO RESULTAN EN PRODUCTOS","3","ACTIVIDAD","3999999","SIN PRODUCTO","5001090","PROMOCION E INCENTIVO DE LAS ACTIVIDADES ARTISTICAS Y CULTURALES","21","CULTURA Y DEPORTE","045","CULTURA","0100","PROMOCION Y DESARROLLO CULTURAL","00001","0030871","DESARROLLO DE ACTIVIDADES ARTISTICAS Y CULTURALES","04","AREQUIPA","5","RECURSOS DETERMINADOS","08","IMPUESTOS MUNICIPALES","0","NORMAL","5","GASTO CORRIENTE","2","1","PERSONAL Y OBLIGACIONES SOCIALES","3","CONTRIBUCIONES A LA SEGURIDAD SOCIAL","1","OBLIGACIONES DEL EMPLEADOR","1","OBLIGACIONES DEL EMPLEADOR","5","CONTRIBUCIONES A ESSALUD","3273","-1000","2273","0","0","0","0","0","0","0","0","0","0","0","0","0","0","0"
"2020","M","GOBIERNOS LOCALES"," "," "," "," ","300331","040101","MUNICIPALIDAD PROVINCIAL DE AREQUIPA","04","AREQUIPA","01","AREQUIPA","01","AREQUIPA","104","9002","ASIGNACIONES PRESUPUESTARIAS QUE NO RESULTAN EN PRODUCTOS","3","ACTIVIDAD","3999999","SIN PRODUCTO","5001090","PROMOCION E INCENTIVO DE LAS ACTIVIDADES ARTISTICAS Y CULTURALES","21","CULTURA Y DEPORTE","045","CULTURA","0100","PROMOCION Y DESARROLLO CULTURAL","00001","0030871","DESARROLLO DE ACTIVIDADES ARTISTICAS Y CULTURALES","04","AREQUIPA","5","RECURSOS DETERMINADOS","08","IMPUESTOS MUNICIPALES","0","NORMAL","5","GASTO CORRIENTE","2","1","PERSONAL Y OBLIGACIONES SOCIALES","3","CONTRIBUCIONES A LA SEGURIDAD SOCIAL","1","OBLIGACIONES DEL EMPLEADOR","1","OBLIGACIONES DEL EMPLEADOR","5","CONTRIBUCIONES A ESSALUD","0","0","0","1799.90","1799.90","282.24","255.24","255.24","255.24","0","255.24","0","0","0","0","0","0","1303.20"
"2020","M","GOBIERNOS LOCALES"," "," "," "," ","300331","040101","MUNICIPALIDAD PROVINCIAL DE AREQUIPA","04","AREQUIPA","01","AREQUIPA","01","AREQUIPA","104","9002","ASIGNACIONES PRESUPUESTARIAS QUE NO RESULTAN EN PRODUCTOS","3","ACTIVIDAD","3999999","SIN PRODUCTO","5001090","PROMOCION E INCENTIVO DE LAS ACTIVIDADES ARTISTICAS Y CULTURALES","21","CULTURA Y DEPORTE","045","CULTURA","0100","PROMOCION Y DESARROLLO CULTURAL","00001","0030871","DESARROLLO DE ACTIVIDADES ARTISTICAS Y CULTURALES","04","AREQUIPA","5","RECURSOS DETERMINADOS","08","IMPUESTOS MUNICIPALES","0","NORMAL","5","GASTO CORRIENTE","2","3","BIENES Y SERVICIOS","1","COMPRA DE BIENES","1","ALIMENTOS Y BEBIDAS","1","ALIMENTOS Y BEBIDAS","1","ALIMENTOS Y BEBIDAS PARA CONSUMO HUMANO","5080","-4848","232","0","0","0","0","0","0","0","0","0","0","0","0","0","0","0"
"2020","M","GOBIERNOS LOCALES"," "," "," "," ","300331","040101","MUNICIPALIDAD PROVINCIAL DE AREQUIPA","04","AREQUIPA","01","AREQUIPA","01","AREQUIPA","104","9002","ASIGNACIONES PRESUPUESTARIAS QUE NO RESULTAN EN PRODUCTOS","3","ACTIVIDAD","3999999","SIN PRODUCTO","5001090","PROMOCION E INCENTIVO DE LAS ACTIVIDADES ARTISTICAS Y CULTURALES","21","CULTURA Y DEPORTE","045","CULTURA","0100","PROMOCION Y DESARROLLO CULTURAL","00001","0030871","DESARROLLO DE ACTIVIDADES ARTISTICAS Y CULTURALES","04","AREQUIPA","5","RECURSOS DETERMINADOS","08","IMPUESTOS MUNICIPALES","0","NORMAL","5","GASTO CORRIENTE","2","3","BIENES Y SERVICIOS","1","COMPRA DE BIENES","1","ALIMENTOS Y BEBIDAS","1","ALIMENTOS Y BEBIDAS","1","ALIMENTOS Y BEBIDAS PARA CONSUMO HUMANO","0","0","0","231.80","231.80","0","0","0","0","0","0","0","0","0","0","0","0","0"
"2020","M","GOBIERNOS LOCALES"," "," "," "," ","300331","040101","MUNICIPALIDAD PROVINCIAL DE AREQUIPA","04","AREQUIPA","01","AREQUIPA","01","AREQUIPA","104","9002","ASIGNACIONES PRESUPUESTARIAS QUE NO RESULTAN EN PRODUCTOS","3","ACTIVIDAD","3999999","SIN PRODUCTO","5001090","PROMOCION E INCENTIVO DE LAS ACTIVIDADES ARTISTICAS Y CULTURALES","21","CULTURA Y DEPORTE","045","CULTURA","0100","PROMOCION Y DESARROLLO CULTURAL","00001","0030871","DESARROLLO DE ACTIVIDADES ARTISTICAS Y CULTURALES","04","AREQUIPA","5","RECURSOS DETERMINADOS","08","IMPUESTOS MUNICIPALES","0","NORMAL","5","GASTO CORRIENTE","2","3","BIENES Y SERVICIOS","1","COMPRA DE BIENES","2","VESTUARIOS Y TEXTILES","1","VESTUARIO, ZAPATERIA Y ACCESORIOS, TALABARTERIA Y MATERIALES TEXTILES","1","VESTUARIO, ACCESORIOS Y PRENDAS DIVERSAS","0","0","0","0","0","0","0","0","0","0","0","0","0","0","0","0","0","0"
"2020","M","GOBIERNOS LOCALES"," "," "," "," ","300331","040101","MUNICIPALIDAD PROVINCIAL DE AREQUIPA","04","AREQUIPA","01","AREQUIPA","01","AREQUIPA","104","9002","ASIGNACIONES PRESUPUESTARIAS QUE NO RESULTAN EN PRODUCTOS","3","ACTIVIDAD","3999999","SIN PRODUCTO","5001090","PROMOCION E INCENTIVO DE LAS ACTIVIDADES ARTISTICAS Y CULTURALES","21","CULTURA Y DEPORTE","045","CULTURA","0100","PROMOCION Y DESARROLLO CULTURAL","00001","0030871","DESARROLLO DE ACTIVIDADES ARTISTICAS Y CULTURALES","04","AREQUIPA","5","RECURSOS DETERMINADOS","08","IMPUESTOS MUNICIPALES","0","NORMAL","5","GASTO CORRIENTE","2","3","BIENES Y SERVICIOS","1","COMPRA DE BIENES","3","COMBUSTIBLES, CARBURANTES, LUBRICANTES Y AFINES","1","COMBUSTIBLES, CARBURANTES, LUBRICANTES Y AFINES","1","COMBUSTIBLES Y CARBURANTES","18","8295","8313","0","0","0","0","0","0","0","0","0","0","0","0","0","0","0"
"2020","M","GOBIERNOS LOCALES"," "," "," "," ","300331","040101","MUNICIPALIDAD PROVINCIAL DE AREQUIPA","04","AREQUIPA","01","AREQUIPA","01","AREQUIPA","104","9002","ASIGNACIONES PRESUPUESTARIAS QUE NO RESULTAN EN PRODUCTOS","3","ACTIVIDAD","3999999","SIN PRODUCTO","5001090","PROMOCION E INCENTIVO DE LAS ACTIVIDADES ARTISTICAS Y CULTURALES","21","CULTURA Y DEPORTE","045","CULTURA","0100","PROMOCION Y DESARROLLO CULTURAL","00001","0030871","DESARROLLO DE ACTIVIDADES ARTISTICAS Y CULTURALES","04","AREQUIPA","5","RECURSOS DETERMINADOS","08","IMPUESTOS MUNICIPALES","0","NORMAL","5","GASTO CORRIENTE","2","3","BIENES Y SERVICIOS","1","COMPRA DE BIENES","3","COMBUSTIBLES, CARBURANTES, LUBRICANTES Y AFINES","1","COMBUSTIBLES, CARBURANTES, LUBRICANTES Y AFINES","1","COMBUSTIBLES Y CARBURANTES","0","0","0","8312.20","148.15","0","115.94","0","0","0","0","0","0","0","0","0","0","115.94"
"2020","M","GOBIERNOS LOCALES"," "," "," "," ","300331","040101","MUNICIPALIDAD PROVINCIAL DE AREQUIPA","04","AREQUIPA","01","AREQUIPA","01","AREQUIPA","104","9002","ASIGNACIONES PRESUPUESTARIAS QUE NO RESULTAN EN PRODUCTOS","3","ACTIVIDAD","3999999","SIN PRODUCTO","5001090","PROMOCION E INCENTIVO DE LAS ACTIVIDADES ARTISTICAS Y CULTURALES","21","CULTURA Y DEPORTE","045","CULTURA","0100","PROMOCION Y DESARROLLO CULTURAL","00001","0030871","DESARROLLO DE ACTIVIDADES ARTISTICAS Y CULTURALES","04","AREQUIPA","5","RECURSOS DETERMINADOS","08","IMPUESTOS MUNICIPALES","0","NORMAL","5","GASTO CORRIENTE","2","3","BIENES Y SERVICIOS","1","COMPRA DE BIENES","5","MATERIALES Y  UTILES","1","DE OFICINA","2","PAPELERIA EN GENERAL, UTILES Y MATERIALES DE OFICINA","1732","-1702","30","0","0","0","0","0","0","0","0","0","0","0","0","0","0","0"
"2020","M","GOBIERNOS LOCALES"," "," "," "," ","300331","040101","MUNICIPALIDAD PROVINCIAL DE AREQUIPA","04","AREQUIPA","01","AREQUIPA","01","AREQUIPA","104","9002","ASIGNACIONES PRESUPUESTARIAS QUE NO RESULTAN EN PRODUCTOS","3","ACTIVIDAD","3999999","SIN PRODUCTO","5001090","PROMOCION E INCENTIVO DE LAS ACTIVIDADES ARTISTICAS Y CULTURALES","21","CULTURA Y DEPORTE","045","CULTURA","0100","PROMOCION Y DESARROLLO CULTURAL","00001","0030871","DESARROLLO DE ACTIVIDADES ARTISTICAS Y CULTURALES","04","AREQUIPA","5","RECURSOS DETERMINADOS","08","IMPUESTOS MUNICIPALES","0","NORMAL","5","GASTO CORRIENTE","2","3","BIENES Y SERVICIOS","1","COMPRA DE BIENES","5","MATERIALES Y  UTILES","1","DE OFICINA","2","PAPELERIA EN GENERAL, UTILES Y MATERIALES DE OFICINA","0","0","0","30","30","0","0","0","0","0","0","0","0","0","0","0","0","0"
"2020","M","GOBIERNOS LOCALES"," "," "," "," ","300331","040101","MUNICIPALIDAD PROVINCIAL DE AREQUIPA","04","AREQUIPA","01","AREQUIPA","01","AREQUIPA","104","9002","ASIGNACIONES PRESUPUESTARIAS QUE NO RESULTAN EN PRODUCTOS","3","ACTIVIDAD","3999999","SIN PRODUCTO","5001090","PROMOCION E INCENTIVO DE LAS ACTIVIDADES ARTISTICAS Y CULTURALES","21","CULTURA Y DEPORTE","045","CULTURA","0100","PROMOCION Y DESARROLLO CULTURAL","00001","0030871","DESARROLLO DE ACTIVIDADES ARTISTICAS Y CULTURALES","04","AREQUIPA","5","RECURSOS DETERMINADOS","08","IMPUESTOS MUNICIPALES","0","NORMAL","5","GASTO CORRIENTE","2","3","BIENES Y SERVICIOS","1","COMPRA DE BIENES","5","MATERIALES Y  UTILES","3","ASEO, LIMPIEZA Y COCINA","1","ASEO, LIMPIEZA Y TOCADOR","0","0","25","0","0","0","0","0","0","0","0","0","0","0","0","0","0","0"
"2020","M","GOBIERNOS LOCALES"," "," "," "," ","300331","040101","MUNICIPALIDAD PROVINCIAL DE AREQUIPA","04","AREQUIPA","01","AREQUIPA","01","AREQUIPA","104","9002","ASIGNACIONES PRESUPUESTARIAS QUE NO RESULTAN EN PRODUCTOS","3","ACTIVIDAD","3999999","SIN PRODUCTO","5001090","PROMOCION E INCENTIVO DE LAS ACTIVIDADES ARTISTICAS Y CULTURALES","21","CULTURA Y DEPORTE","045","CULTURA","0100","PROMOCION Y DESARROLLO CULTURAL","00001","0030871","DESARROLLO DE ACTIVIDADES ARTISTICAS Y CULTURALES","04","AREQUIPA","5","RECURSOS DETERMINADOS","08","IMPUESTOS MUNICIPALES","0","NORMAL","5","GASTO CORRIENTE","2","3","BIENES Y SERVICIOS","1","COMPRA DE BIENES","5","MATERIALES Y  UTILES","3","ASEO, LIMPIEZA Y COCINA","1","ASEO, LIMPIEZA Y TOCADOR","0","0","0","24.50","24.50","0","0","0","0","0","0","0","0","0","0","0","0","0"
"2020","M","GOBIERNOS LOCALES"," "," "," "," ","300331","040101","MUNICIPALIDAD PROVINCIAL DE AREQUIPA","04","AREQUIPA","01","AREQUIPA","01","AREQUIPA","104","9002","ASIGNACIONES PRESUPUESTARIAS QUE NO RESULTAN EN PRODUCTOS","3","ACTIVIDAD","3999999","SIN PRODUCTO","5001090","PROMOCION E INCENTIVO DE LAS ACTIVIDADES ARTISTICAS Y CULTURALES","21","CULTURA Y DEPORTE","045","CULTURA","0100","PROMOCION Y DESARROLLO CULTURAL","00001","0030871","DESARROLLO DE ACTIVIDADES ARTISTICAS Y CULTURALES","04","AREQUIPA","5","RECURSOS DETERMINADOS","08","IMPUESTOS MUNICIPALES","0","NORMAL","5","GASTO CORRIENTE","2","3","BIENES Y SERVICIOS","1","COMPRA DE BIENES","99","COMPRA DE OTROS BIENES","1","COMPRA DE OTROS BIENES","3","LIBROS, DIARIOS, REVISTAS Y OTROS BIENES IMPRESOS NO VINCULADOS A ENSEÑANZA","4046","-4046","0","0","0","0","0","0","0","0","0","0","0","0","0","0","0","0"
"2020","M","GOBIERNOS LOCALES"," "," "," "," ","300331","040101","MUNICIPALIDAD PROVINCIAL DE AREQUIPA","04","AREQUIPA","01","AREQUIPA","01","AREQUIPA","104","9002","ASIGNACIONES PRESUPUESTARIAS QUE NO RESULTAN EN PRODUCTOS","3","ACTIVIDAD","3999999","SIN PRODUCTO","5001090","PROMOCION E INCENTIVO DE LAS ACTIVIDADES ARTISTICAS Y CULTURALES","21","CULTURA Y DEPORTE","045","CULTURA","0100","PROMOCION Y DESARROLLO CULTURAL","00001","0030871","DESARROLLO DE ACTIVIDADES ARTISTICAS Y CULTURALES","04","AREQUIPA","5","RECURSOS DETERMINADOS","08","IMPUESTOS MUNICIPALES","0","NORMAL","5","GASTO CORRIENTE","2","3","BIENES Y SERVICIOS","1","COMPRA DE BIENES","99","COMPRA DE OTROS BIENES","1","COMPRA DE OTROS BIENES","4","SIMBOLOS, DISTINTIVOS Y CONDECORACIONES","0","0","0","0","0","0","0","0","0","0","0","0","0","0","0","0","0","0"
"2020","M","GOBIERNOS LOCALES"," "," "," "," ","300331","040101","MUNICIPALIDAD PROVINCIAL DE AREQUIPA","04","AREQUIPA","01","AREQUIPA","01","AREQUIPA","104","9002","ASIGNACIONES PRESUPUESTARIAS QUE NO RESULTAN EN PRODUCTOS","3","ACTIVIDAD","3999999","SIN PRODUCTO","5001090","PROMOCION E INCENTIVO DE LAS ACTIVIDADES ARTISTICAS Y CULTURALES","21","CULTURA Y DEPORTE","045","CULTURA","0100","PROMOCION Y DESARROLLO CULTURAL","00001","0030871","DESARROLLO DE ACTIVIDADES ARTISTICAS Y CULTURALES","04","AREQUIPA","5","RECURSOS DETERMINADOS","08","IMPUESTOS MUNICIPALES","0","NORMAL","5","GASTO CORRIENTE","2","3","BIENES Y SERVICIOS","1","COMPRA DE BIENES","99","COMPRA DE OTROS BIENES","1","COMPRA DE OTROS BIENES","99","OTROS BIENES","153","-143","10","0","0","0","0","0","0","0","0","0","0","0","0","0","0","0"
"2020","M","GOBIERNOS LOCALES"," "," "," "," ","300331","040101","MUNICIPALIDAD PROVINCIAL DE AREQUIPA","04","AREQUIPA","01","AREQUIPA","01","AREQUIPA","104","9002","ASIGNACIONES PRESUPUESTARIAS QUE NO RESULTAN EN PRODUCTOS","3","ACTIVIDAD","3999999","SIN PRODUCTO","5001090","PROMOCION E INCENTIVO DE LAS ACTIVIDADES ARTISTICAS Y CULTURALES","21","CULTURA Y DEPORTE","045","CULTURA","0100","PROMOCION Y DESARROLLO CULTURAL","00001","0030871","DESARROLLO DE ACTIVIDADES ARTISTICAS Y CULTURALES","04","AREQUIPA","5","RECURSOS DETERMINADOS","08","IMPUESTOS MUNICIPALES","0","NORMAL","5","GASTO CORRIENTE","2","3","BIENES Y SERVICIOS","1","COMPRA DE BIENES","99","COMPRA DE OTROS BIENES","1","COMPRA DE OTROS BIENES","99","OTROS BIENES","0","0","0","10","10","0","0","0","0","0","0","0","0","0","0","0","0","0"
"2020","M","GOBIERNOS LOCALES"," "," "," "," ","300331","040101","MUNICIPALIDAD PROVINCIAL DE AREQUIPA","04","AREQUIPA","01","AREQUIPA","01","AREQUIPA","104","9002","ASIGNACIONES PRESUPUESTARIAS QUE NO RESULTAN EN PRODUCTOS","3","ACTIVIDAD","3999999","SIN PRODUCTO","5001090","PROMOCION E INCENTIVO DE LAS ACTIVIDADES ARTISTICAS Y CULTURALES","21","CULTURA Y DEPORTE","045","CULTURA","0100","PROMOCION Y DESARROLLO CULTURAL","00001","0030871","DESARROLLO DE ACTIVIDADES ARTISTICAS Y CULTURALES","04","AREQUIPA","5","RECURSOS DETERMINADOS","08","IMPUESTOS MUNICIPALES","0","NORMAL","5","GASTO CORRIENTE","2","3","BIENES Y SERVICIOS","2","CONTRATACION DE SERVICIOS","1","VIAJES","2","VIAJES DOMESTICOS","99","OTROS GASTOS","143","29","172","0","0","0","0","0","0","0","0","0","0","0","0","0","0","0"
"2020","M","GOBIERNOS LOCALES"," "," "," "," ","300331","040101","MUNICIPALIDAD PROVINCIAL DE AREQUIPA","04","AREQUIPA","01","AREQUIPA","01","AREQUIPA","104","9002","ASIGNACIONES PRESUPUESTARIAS QUE NO RESULTAN EN PRODUCTOS","3","ACTIVIDAD","3999999","SIN PRODUCTO","5001090","PROMOCION E INCENTIVO DE LAS ACTIVIDADES ARTISTICAS Y CULTURALES","21","CULTURA Y DEPORTE","045","CULTURA","0100","PROMOCION Y DESARROLLO CULTURAL","00001","0030871","DESARROLLO DE ACTIVIDADES ARTISTICAS Y CULTURALES","04","AREQUIPA","5","RECURSOS DETERMINADOS","08","IMPUESTOS MUNICIPALES","0","NORMAL","5","GASTO CORRIENTE","2","3","BIENES Y SERVICIOS","2","CONTRATACION DE SERVICIOS","1","VIAJES","2","VIAJES DOMESTICOS","99","OTROS GASTOS","0","0","0","171.50","171.50","0","0","0","0","0","0","0","0","0","0","0","0","0"
"2020","M","GOBIERNOS LOCALES"," "," "," "," ","300331","040101","MUNICIPALIDAD PROVINCIAL DE AREQUIPA","04","AREQUIPA","01","AREQUIPA","01","AREQUIPA","104","9002","ASIGNACIONES PRESUPUESTARIAS QUE NO RESULTAN EN PRODUCTOS","3","ACTIVIDAD","3999999","SIN PRODUCTO","5001090","PROMOCION E INCENTIVO DE LAS ACTIVIDADES ARTISTICAS Y CULTURALES","21","CULTURA Y DEPORTE","045","CULTURA","0100","PROMOCION Y DESARROLLO CULTURAL","00001","0030871","DESARROLLO DE ACTIVIDADES ARTISTICAS Y CULTURALES","04","AREQUIPA","5","RECURSOS DETERMINADOS","08","IMPUESTOS MUNICIPALES","0","NORMAL","5","GASTO CORRIENTE","2","3","BIENES Y SERVICIOS","2","CONTRATACION DE SERVICIOS","2","SERVICIOS BASICOS, COMUNICACIONES, PUBLICIDAD Y DIFUSION","3","SERVICIOS DE MENSAJERIA, TELECOMUNICACIONES Y OTROS AFINES","1","CORREOS Y SERVICIOS DE MENSAJERIA","500","-500","0","0","0","0","0","0","0","0","0","0","0","0","0","0","0","0"
"2020","M","GOBIERNOS LOCALES"," "," "," "," ","300331","040101","MUNICIPALIDAD PROVINCIAL DE AREQUIPA","04","AREQUIPA","01","AREQUIPA","01","AREQUIPA","104","9002","ASIGNACIONES PRESUPUESTARIAS QUE NO RESULTAN EN PRODUCTOS","3","ACTIVIDAD","3999999","SIN PRODUCTO","5001090","PROMOCION E INCENTIVO DE LAS ACTIVIDADES ARTISTICAS Y CULTURALES","21","CULTURA Y DEPORTE","045","CULTURA","0100","PROMOCION Y DESARROLLO CULTURAL","00001","0030871","DESARROLLO DE ACTIVIDADES ARTISTICAS Y CULTURALES","04","AREQUIPA","5","RECURSOS DETERMINADOS","08","IMPUESTOS MUNICIPALES","0","NORMAL","5","GASTO CORRIENTE","2","3","BIENES Y SERVICIOS","2","CONTRATACION DE SERVICIOS","2","SERVICIOS BASICOS, COMUNICACIONES, PUBLICIDAD Y DIFUSION","4","SERVICIO DE PUBLICIDAD, IMPRESIONES, DIFUSION E IMAGEN INSTITUCIONAL","1","SERVICIO DE PUBLICIDAD","0","0","0","0","0","0","0","0","0","0","0","0","0","0","0","0","0","0"
"2020","M","GOBIERNOS LOCALES"," "," "," "," ","300331","040101","MUNICIPALIDAD PROVINCIAL DE AREQUIPA","04","AREQUIPA","01","AREQUIPA","01","AREQUIPA","104","9002","ASIGNACIONES PRESUPUESTARIAS QUE NO RESULTAN EN PRODUCTOS","3","ACTIVIDAD","3999999","SIN PRODUCTO","5001090","PROMOCION E INCENTIVO DE LAS ACTIVIDADES ARTISTICAS Y CULTURALES","21","CULTURA Y DEPORTE","045","CULTURA","0100","PROMOCION Y DESARROLLO CULTURAL","00001","0030871","DESARROLLO DE ACTIVIDADES ARTISTICAS Y CULTURALES","04","AREQUIPA","5","RECURSOS DETERMINADOS","08","IMPUESTOS MUNICIPALES","0","NORMAL","5","GASTO CORRIENTE","2","3","BIENES Y SERVICIOS","2","CONTRATACION DE SERVICIOS","7","SERVICIOS PROFESIONALES Y TECNICOS","2","SERVICIOS DE CONSULTORIAS Y SIMILARES DESARROLLADOS POR PERSONAS NATURALES","1","CONSULTORIAS","0","0","0","0","0","0","0","0","0","0","0","0","0","0","0","0","0","0"
"2020","M","GOBIERNOS LOCALES"," "," "," "," ","300331","040101","MUNICIPALIDAD PROVINCIAL DE AREQUIPA","04","AREQUIPA","01","AREQUIPA","01","AREQUIPA","104","9002","ASIGNACIONES PRESUPUESTARIAS QUE NO RESULTAN EN PRODUCTOS","3","ACTIVIDAD","3999999","SIN PRODUCTO","5001090","PROMOCION E INCENTIVO DE LAS ACTIVIDADES ARTISTICAS Y CULTURALES","21","CULTURA Y DEPORTE","045","CULTURA","0100","PROMOCION Y DESARROLLO CULTURAL","00001","0030871","DESARROLLO DE ACTIVIDADES ARTISTICAS Y CULTURALES","04","AREQUIPA","5","RECURSOS DETERMINADOS","08","IMPUESTOS MUNICIPALES","0","NORMAL","5","GASTO CORRIENTE","2","3","BIENES Y SERVICIOS","2","CONTRATACION DE SERVICIOS","7","SERVICIOS PROFESIONALES Y TECNICOS","11","OTROS SERVICIOS","6","SERVICIO DE IMPRESIONES, ENCUADERNACION Y EMPASTADO","431","-431","0","0","0","0","0","0","0","0","0","0","0","0","0","0","0","0"
"2020","M","GOBIERNOS LOCALES"," "," "," "," ","300331","040101","MUNICIPALIDAD PROVINCIAL DE AREQUIPA","04","AREQUIPA","01","AREQUIPA","01","AREQUIPA","104","9002","ASIGNACIONES PRESUPUESTARIAS QUE NO RESULTAN EN PRODUCTOS","3","ACTIVIDAD","3999999","SIN PRODUCTO","5001090","PROMOCION E INCENTIVO DE LAS ACTIVIDADES ARTISTICAS Y CULTURALES","21","CULTURA Y DEPORTE","045","CULTURA","0100","PROMOCION Y DESARROLLO CULTURAL","00001","0030871","DESARROLLO DE ACTIVIDADES ARTISTICAS Y CULTURALES","04","AREQUIPA","5","RECURSOS DETERMINADOS","08","IMPUESTOS MUNICIPALES","0","NORMAL","5","GASTO CORRIENTE","2","3","BIENES Y SERVICIOS","2","CONTRATACION DE SERVICIOS","7","SERVICIOS PROFESIONALES Y TECNICOS","11","OTROS SERVICIOS","99","SERVICIOS DIVERSOS","9685","-9685","0","0","0","0","0","0","0","0","0","0","0","0","0","0","0","0"
"2020","M","GOBIERNOS LOCALES"," "," "," "," ","300331","040101","MUNICIPALIDAD PROVINCIAL DE AREQUIPA","04","AREQUIPA","01","AREQUIPA","01","AREQUIPA","104","9002","ASIGNACIONES PRESUPUESTARIAS QUE NO RESULTAN EN PRODUCTOS","3","ACTIVIDAD","3999999","SIN PRODUCTO","5001090","PROMOCION E INCENTIVO DE LAS ACTIVIDADES ARTISTICAS Y CULTURALES","21","CULTURA Y DEPORTE","045","CULTURA","0100","PROMOCION Y DESARROLLO CULTURAL","00001","0030871","DESARROLLO DE ACTIVIDADES ARTISTICAS Y CULTURALES","04","AREQUIPA","5","RECURSOS DETERMINADOS","08","IMPUESTOS MUNICIPALES","0","NORMAL","5","GASTO CORRIENTE","2","3","BIENES Y SERVICIOS","2","CONTRATACION DE SERVICIOS","8","CONTRATO ADMINISTRATIVO DE SERVICIOS","1","CONTRATO ADMINISTRATIVO DE SERVICIOS","1","CONTRATO ADMINISTRATIVO DE SERVICIOS","16200","61649","77849","0","0","0","0","0","0","0","0","0","0","0","0","0","0","0"
"2020","M","GOBIERNOS LOCALES"," "," "," "," ","300331","040101","MUNICIPALIDAD PROVINCIAL DE AREQUIPA","04","AREQUIPA","01","AREQUIPA","01","AREQUIPA","104","9002","ASIGNACIONES PRESUPUESTARIAS QUE NO RESULTAN EN PRODUCTOS","3","ACTIVIDAD","3999999","SIN PRODUCTO","5001090","PROMOCION E INCENTIVO DE LAS ACTIVIDADES ARTISTICAS Y CULTURALES","21","CULTURA Y DEPORTE","045","CULTURA","0100","PROMOCION Y DESARROLLO CULTURAL","00001","0030871","DESARROLLO DE ACTIVIDADES ARTISTICAS Y CULTURALES","04","AREQUIPA","5","RECURSOS DETERMINADOS","08","IMPUESTOS MUNICIPALES","0","NORMAL","5","GASTO CORRIENTE","2","3","BIENES Y SERVICIOS","2","CONTRATACION DE SERVICIOS","8","CONTRATO ADMINISTRATIVO DE SERVICIOS","1","CONTRATO ADMINISTRATIVO DE SERVICIOS","1","CONTRATO ADMINISTRATIVO DE SERVICIOS","0","0","0","77849","77849","11100","11093","10900","8653.97","2802.03","0","0","0","0","0","0","0","44549"
"2020","M","GOBIERNOS LOCALES"," "," "," "," ","300331","040101","MUNICIPALIDAD PROVINCIAL DE AREQUIPA","04","AREQUIPA","01","AREQUIPA","01","AREQUIPA","104","9002","ASIGNACIONES PRESUPUESTARIAS QUE NO RESULTAN EN PRODUCTOS","3","ACTIVIDAD","3999999","SIN PRODUCTO","5001090","PROMOCION E INCENTIVO DE LAS ACTIVIDADES ARTISTICAS Y CULTURALES","21","CULTURA Y DEPORTE","045","CULTURA","0100","PROMOCION Y DESARROLLO CULTURAL","00001","0030871","DESARROLLO DE ACTIVIDADES ARTISTICAS Y CULTURALES","04","AREQUIPA","5","RECURSOS DETERMINADOS","08","IMPUESTOS MUNICIPALES","0","NORMAL","5","GASTO CORRIENTE","2","3","BIENES Y SERVICIOS","2","CONTRATACION DE SERVICIOS","8","CONTRATO ADMINISTRATIVO DE SERVICIOS","1","CONTRATO ADMINISTRATIVO DE SERVICIOS","2","CONTRIBUCIONES A ESSALUD DE C.A.S.","1313","3070","4383","0","0","0","0","0","0","0","0","0","0","0","0","0","0","0"
"2020","M","GOBIERNOS LOCALES"," "," "," "," ","300331","040101","MUNICIPALIDAD PROVINCIAL DE AREQUIPA","04","AREQUIPA","01","AREQUIPA","01","AREQUIPA","104","9002","ASIGNACIONES PRESUPUESTARIAS QUE NO RESULTAN EN PRODUCTOS","3","ACTIVIDAD","3999999","SIN PRODUCTO","5001090","PROMOCION E INCENTIVO DE LAS ACTIVIDADES ARTISTICAS Y CULTURALES","21","CULTURA Y DEPORTE","045","CULTURA","0100","PROMOCION Y DESARROLLO CULTURAL","00001","0030871","DESARROLLO DE ACTIVIDADES ARTISTICAS Y CULTURALES","04","AREQUIPA","5","RECURSOS DETERMINADOS","08","IMPUESTOS MUNICIPALES","0","NORMAL","5","GASTO CORRIENTE","2","3","BIENES Y SERVICIOS","2","CONTRATACION DE SERVICIOS","8","CONTRATO ADMINISTRATIVO DE SERVICIOS","1","CONTRATO ADMINISTRATIVO DE SERVICIOS","2","CONTRIBUCIONES A ESSALUD DE C.A.S.","0","0","0","4381.45","4381.45","633.15","579.15","633.15","633.15","0","0","0","0","0","0","0","0","2478.60"
"2020","M","GOBIERNOS LOCALES"," "," "," "," ","300331","040101","MUNICIPALIDAD PROVINCIAL DE AREQUIPA","04","AREQUIPA","01","AREQUIPA","01","AREQUIPA","104","9002","ASIGNACIONES PRESUPUESTARIAS QUE NO RESULTAN EN PRODUCTOS","3","ACTIVIDAD","3999999","SIN PRODUCTO","5001090","PROMOCION E INCENTIVO DE LAS ACTIVIDADES ARTISTICAS Y CULTURALES","21","CULTURA Y DEPORTE","045","CULTURA","0100","PROMOCION Y DESARROLLO CULTURAL","00001","0030871","DESARROLLO DE ACTIVIDADES ARTISTICAS Y CULTURALES","04","AREQUIPA","5","RECURSOS DETERMINADOS","08","IMPUESTOS MUNICIPALES","7","SUB CUENTA - IMPUESTOS MUNICIPALES","5","GASTO CORRIENTE","2","1","PERSONAL Y OBLIGACIONES SOCIALES","1","RETRIBUCIONES Y COMPLEMENTOS EN EFECTIVO","1","PERSONAL ADMINISTRATIVO","1","PERSONAL ADMINISTRATIVO","2","PERSONAL ADMINISTRATIVO NOMBRADO (REGIMEN PUBLICO)","0","0","0","0","0","0","0","0","0","0","0","0","2835.98","0","2665.98","0","2665.98","8167.94"
"2020","M","GOBIERNOS LOCALES"," "," "," "," ","300331","040101","MUNICIPALIDAD PROVINCIAL DE AREQUIPA","04","AREQUIPA","01","AREQUIPA","01","AREQUIPA","104","9002","ASIGNACIONES PRESUPUESTARIAS QUE NO RESULTAN EN PRODUCTOS","3","ACTIVIDAD","3999999","SIN PRODUCTO","5001090","PROMOCION E INCENTIVO DE LAS ACTIVIDADES ARTISTICAS Y CULTURALES","21","CULTURA Y DEPORTE","045","CULTURA","0100","PROMOCION Y DESARROLLO CULTURAL","00001","0030871","DESARROLLO DE ACTIVIDADES ARTISTICAS Y CULTURALES","04","AREQUIPA","5","RECURSOS DETERMINADOS","08","IMPUESTOS MUNICIPALES","7","SUB CUENTA - IMPUESTOS MUNICIPALES","5","GASTO CORRIENTE","2","1","PERSONAL Y OBLIGACIONES SOCIALES","1","RETRIBUCIONES Y COMPLEMENTOS EN EFECTIVO","9","GASTOS VARIABLES Y OCASIONALES","1","ESCOLARIDAD, AGUINALDOS Y GRATIFICACIONES","2","AGUINALDOS","0","0","0","0","0","0","0","0","0","0","0","0","0","0","0","0","2929.98","2929.98"
"2020","M","GOBIERNOS LOCALES"," "," "," "," ","300331","040101","MUNICIPALIDAD PROVINCIAL DE AREQUIPA","04","AREQUIPA","01","AREQUIPA","01","AREQUIPA","104","9002","ASIGNACIONES PRESUPUESTARIAS QUE NO RESULTAN EN PRODUCTOS","3","ACTIVIDAD","3999999","SIN PRODUCTO","5001090","PROMOCION E INCENTIVO DE LAS ACTIVIDADES ARTISTICAS Y CULTURALES","21","CULTURA Y DEPORTE","045","CULTURA","0100","PROMOCION Y DESARROLLO CULTURAL","00001","0030871","DESARROLLO DE ACTIVIDADES ARTISTICAS Y CULTURALES","04","AREQUIPA","5","RECURSOS DETERMINADOS","08","IMPUESTOS MUNICIPALES","7","SUB CUENTA - IMPUESTOS MUNICIPALES","5","GASTO CORRIENTE","2","1","PERSONAL Y OBLIGACIONES SOCIALES","3","CONTRIBUCIONES A LA SEGURIDAD SOCIAL","1","OBLIGACIONES DEL EMPLEADOR","1","OBLIGACIONES DEL EMPLEADOR","5","CONTRIBUCIONES A ESSALUD","0","0","0","0","0","0","0","0","0","0","0","0","255.24","0","239.94","0","0","495.18"
"2020","M","GOBIERNOS LOCALES"," "," "," "," ","300331","040101","MUNICIPALIDAD PROVINCIAL DE AREQUIPA","04","AREQUIPA","01","AREQUIPA","01","AREQUIPA","104","9002","ASIGNACIONES PRESUPUESTARIAS QUE NO RESULTAN EN PRODUCTOS","3","ACTIVIDAD","3999999","SIN PRODUCTO","5001090","PROMOCION E INCENTIVO DE LAS ACTIVIDADES ARTISTICAS Y CULTURALES","21","CULTURA Y DEPORTE","045","CULTURA","0100","PROMOCION Y DESARROLLO CULTURAL","00001","0030871","DESARROLLO DE ACTIVIDADES ARTISTICAS Y CULTURALES","04","AREQUIPA","5","RECURSOS DETERMINADOS","08","IMPUESTOS MUNICIPALES","7","SUB CUENTA - IMPUESTOS MUNICIPALES","5","GASTO CORRIENTE","2","3","BIENES Y SERVICIOS","1","COMPRA DE BIENES","1","ALIMENTOS Y BEBIDAS","1","ALIMENTOS Y BEBIDAS","1","ALIMENTOS Y BEBIDAS PARA CONSUMO HUMANO","0","0","0","0","0","0","0","0","0","0","0","0","0","0","0","0","231.80","231.80"
"2020","M","GOBIERNOS LOCALES"," "," "," "," ","300331","040101","MUNICIPALIDAD PROVINCIAL DE AREQUIPA","04","AREQUIPA","01","AREQUIPA","01","AREQUIPA","104","9002","ASIGNACIONES PRESUPUESTARIAS QUE NO RESULTAN EN PRODUCTOS","3","ACTIVIDAD","3999999","SIN PRODUCTO","5001090","PROMOCION E INCENTIVO DE LAS ACTIVIDADES ARTISTICAS Y CULTURALES","21","CULTURA Y DEPORTE","045","CULTURA","0100","PROMOCION Y DESARROLLO CULTURAL","00001","0030871","DESARROLLO DE ACTIVIDADES ARTISTICAS Y CULTURALES","04","AREQUIPA","5","RECURSOS DETERMINADOS","08","IMPUESTOS MUNICIPALES","7","SUB CUENTA - IMPUESTOS MUNICIPALES","5","GASTO CORRIENTE","2","3","BIENES Y SERVICIOS","1","COMPRA DE BIENES","3","COMBUSTIBLES, CARBURANTES, LUBRICANTES Y AFINES","1","COMBUSTIBLES, CARBURANTES, LUBRICANTES Y AFINES","1","COMBUSTIBLES Y CARBURANTES","0","0","0","0","0","0","0","0","0","0","0","0","0","0","0","0","32.20","32.20"
"2020","M","GOBIERNOS LOCALES"," "," "," "," ","300331","040101","MUNICIPALIDAD PROVINCIAL DE AREQUIPA","04","AREQUIPA","01","AREQUIPA","01","AREQUIPA","104","9002","ASIGNACIONES PRESUPUESTARIAS QUE NO RESULTAN EN PRODUCTOS","3","ACTIVIDAD","3999999","SIN PRODUCTO","5001090","PROMOCION E INCENTIVO DE LAS ACTIVIDADES ARTISTICAS Y CULTURALES","21","CULTURA Y DEPORTE","045","CULTURA","0100","PROMOCION Y DESARROLLO CULTURAL","00001","0030871","DESARROLLO DE ACTIVIDADES ARTISTICAS Y CULTURALES","04","AREQUIPA","5","RECURSOS DETERMINADOS","08","IMPUESTOS MUNICIPALES","7","SUB CUENTA - IMPUESTOS MUNICIPALES","5","GASTO CORRIENTE","2","3","BIENES Y SERVICIOS","1","COMPRA DE BIENES","5","MATERIALES Y  UTILES","1","DE OFICINA","2","PAPELERIA EN GENERAL, UTILES Y MATERIALES DE OFICINA","0","0","0","0","0","0","0","0","0","0","0","0","0","0","0","0","30","30"
"2020","M","GOBIERNOS LOCALES"," "," "," "," ","300331","040101","MUNICIPALIDAD PROVINCIAL DE AREQUIPA","04","AREQUIPA","01","AREQUIPA","01","AREQUIPA","104","9002","ASIGNACIONES PRESUPUESTARIAS QUE NO RESULTAN EN PRODUCTOS","3","ACTIVIDAD","3999999","SIN PRODUCTO","5001090","PROMOCION E INCENTIVO DE LAS ACTIVIDADES ARTISTICAS Y CULTURALES","21","CULTURA Y DEPORTE","045","CULTURA","0100","PROMOCION Y DESARROLLO CULTURAL","00001","0030871","DESARROLLO DE ACTIVIDADES ARTISTICAS Y CULTURALES","04","AREQUIPA","5","RECURSOS DETERMINADOS","08","IMPUESTOS MUNICIPALES","7","SUB CUENTA - IMPUESTOS MUNICIPALES","5","GASTO CORRIENTE","2","3","BIENES Y SERVICIOS","1","COMPRA DE BIENES","5","MATERIALES Y  UTILES","3","ASEO, LIMPIEZA Y COCINA","1","ASEO, LIMPIEZA Y TOCADOR","0","0","0","0","0","0","0","0","0","0","0","0","0","0","0","0","24.50","24.50"
"2020","M","GOBIERNOS LOCALES"," "," "," "," ","300331","040101","MUNICIPALIDAD PROVINCIAL DE AREQUIPA","04","AREQUIPA","01","AREQUIPA","01","AREQUIPA","104","9002","ASIGNACIONES PRESUPUESTARIAS QUE NO RESULTAN EN PRODUCTOS","3","ACTIVIDAD","3999999","SIN PRODUCTO","5001090","PROMOCION E INCENTIVO DE LAS ACTIVIDADES ARTISTICAS Y CULTURALES","21","CULTURA Y DEPORTE","045","CULTURA","0100","PROMOCION Y DESARROLLO CULTURAL","00001","0030871","DESARROLLO DE ACTIVIDADES ARTISTICAS Y CULTURALES","04","AREQUIPA","5","RECURSOS DETERMINADOS","08","IMPUESTOS MUNICIPALES","7","SUB CUENTA - IMPUESTOS MUNICIPALES","5","GASTO CORRIENTE","2","3","BIENES Y SERVICIOS","1","COMPRA DE BIENES","99","COMPRA DE OTROS BIENES","1","COMPRA DE OTROS BIENES","99","OTROS BIENES","0","0","0","0","0","0","0","0","0","0","0","0","0","0","0","0","10","10"
"2020","M","GOBIERNOS LOCALES"," "," "," "," ","300331","040101","MUNICIPALIDAD PROVINCIAL DE AREQUIPA","04","AREQUIPA","01","AREQUIPA","01","AREQUIPA","104","9002","ASIGNACIONES PRESUPUESTARIAS QUE NO RESULTAN EN PRODUCTOS","3","ACTIVIDAD","3999999","SIN PRODUCTO","5001090","PROMOCION E INCENTIVO DE LAS ACTIVIDADES ARTISTICAS Y CULTURALES","21","CULTURA Y DEPORTE","045","CULTURA","0100","PROMOCION Y DESARROLLO CULTURAL","00001","0030871","DESARROLLO DE ACTIVIDADES ARTISTICAS Y CULTURALES","04","AREQUIPA","5","RECURSOS DETERMINADOS","08","IMPUESTOS MUNICIPALES","7","SUB CUENTA - IMPUESTOS MUNICIPALES","5","GASTO CORRIENTE","2","3","BIENES Y SERVICIOS","2","CONTRATACION DE SERVICIOS","1","VIAJES","2","VIAJES DOMESTICOS","99","OTROS GASTOS","0","0","0","0","0","0","0","0","0","0","0","0","0","0","0","0","171.50","171.50"
"2020","M","GOBIERNOS LOCALES"," "," "," "," ","300331","040101","MUNICIPALIDAD PROVINCIAL DE AREQUIPA","04","AREQUIPA","01","AREQUIPA","01","AREQUIPA","104","9002","ASIGNACIONES PRESUPUESTARIAS QUE NO RESULTAN EN PRODUCTOS","3","ACTIVIDAD","3999999","SIN PRODUCTO","5001090","PROMOCION E INCENTIVO DE LAS ACTIVIDADES ARTISTICAS Y CULTURALES","21","CULTURA Y DEPORTE","045","CULTURA","0100","PROMOCION Y DESARROLLO CULTURAL","00001","0030871","DESARROLLO DE ACTIVIDADES ARTISTICAS Y CULTURALES","04","AREQUIPA","5","RECURSOS DETERMINADOS","08","IMPUESTOS MUNICIPALES","7","SUB CUENTA - IMPUESTOS MUNICIPALES","5","GASTO CORRIENTE","2","3","BIENES Y SERVICIOS","2","CONTRATACION DE SERVICIOS","8","CONTRATO ADMINISTRATIVO DE SERVICIOS","1","CONTRATO ADMINISTRATIVO DE SERVICIOS","1","CONTRATO ADMINISTRATIVO DE SERVICIOS","0","0","0","0","0","0","0","0","0","0","0","0","11100","11100","0","11100","0","33300"
"2020","M","GOBIERNOS LOCALES"," "," "," "," ","300331","040101","MUNICIPALIDAD PROVINCIAL DE AREQUIPA","04","AREQUIPA","01","AREQUIPA","01","AREQUIPA","104","9002","ASIGNACIONES PRESUPUESTARIAS QUE NO RESULTAN EN PRODUCTOS","3","ACTIVIDAD","3999999","SIN PRODUCTO","5001090","PROMOCION E INCENTIVO DE LAS ACTIVIDADES ARTISTICAS Y CULTURALES","21","CULTURA Y DEPORTE","045","CULTURA","0100","PROMOCION Y DESARROLLO CULTURAL","00001","0030871","DESARROLLO DE ACTIVIDADES ARTISTICAS Y CULTURALES","04","AREQUIPA","5","RECURSOS DETERMINADOS","08","IMPUESTOS MUNICIPALES","7","SUB CUENTA - IMPUESTOS MUNICIPALES","5","GASTO CORRIENTE","2","3","BIENES Y SERVICIOS","2","CONTRATACION DE SERVICIOS","8","CONTRATO ADMINISTRATIVO DE SERVICIOS","1","CONTRATO ADMINISTRATIVO DE SERVICIOS","2","CONTRIBUCIONES A ESSALUD DE C.A.S.","0","0","0","0","0","0","0","0","0","0","0","0","633.15","633.15","0","633.15","0","1899.45"
"2020","M","GOBIERNOS LOCALES"," "," "," "," ","300331","040101","MUNICIPALIDAD PROVINCIAL DE AREQUIPA","04","AREQUIPA","01","AREQUIPA","01","AREQUIPA","105","9002","ASIGNACIONES PRESUPUESTARIAS QUE NO RESULTAN EN PRODUCTOS","3","ACTIVIDAD","3999999","SIN PRODUCTO","5001090","PROMOCION E INCENTIVO DE LAS ACTIVIDADES ARTISTICAS Y CULTURALES","21","CULTURA Y DEPORTE","045","CULTURA","0100","PROMOCION Y DESARROLLO CULTURAL","00002","0038927","PROMOCION E INCENTIVO DE LAS ACTIVIDADES ARTISTICAS Y CULTURALES","04","AREQUIPA","2","RECURSOS DIRECTAMENTE RECAUDADOS","09","RECURSOS DIRECTAMENTE RECAUDADOS","0","NORMAL","5","GASTO CORRIENTE","2","1","PERSONAL Y OBLIGACIONES SOCIALES","1","RETRIBUCIONES Y COMPLEMENTOS EN EFECTIVO","1","PERSONAL ADMINISTRATIVO","1","PERSONAL ADMINISTRATIVO","2","PERSONAL ADMINISTRATIVO NOMBRADO (REGIMEN PUBLICO)","225200","0","225200","0","0","0","0","0","0","0","0","0","0","0","0","0","0","0"
"2020","M","GOBIERNOS LOCALES"," "," "," "," ","300331","040101","MUNICIPALIDAD PROVINCIAL DE AREQUIPA","04","AREQUIPA","01","AREQUIPA","01","AREQUIPA","105","9002","ASIGNACIONES PRESUPUESTARIAS QUE NO RESULTAN EN PRODUCTOS","3","ACTIVIDAD","3999999","SIN PRODUCTO","5001090","PROMOCION E INCENTIVO DE LAS ACTIVIDADES ARTISTICAS Y CULTURALES","21","CULTURA Y DEPORTE","045","CULTURA","0100","PROMOCION Y DESARROLLO CULTURAL","00002","0038927","PROMOCION E INCENTIVO DE LAS ACTIVIDADES ARTISTICAS Y CULTURALES","04","AREQUIPA","2","RECURSOS DIRECTAMENTE RECAUDADOS","09","RECURSOS DIRECTAMENTE RECAUDADOS","0","NORMAL","5","GASTO CORRIENTE","2","1","PERSONAL Y OBLIGACIONES SOCIALES","1","RETRIBUCIONES Y COMPLEMENTOS EN EFECTIVO","1","PERSONAL ADMINISTRATIVO","1","PERSONAL ADMINISTRATIVO","2","PERSONAL ADMINISTRATIVO NOMBRADO (REGIMEN PUBLICO)","0","0","0","22242.64","22242.64","0","0","0","0","0","0","0","0","0","0","0","0","0"
"2020","M","GOBIERNOS LOCALES"," "," "," "," ","300331","040101","MUNICIPALIDAD PROVINCIAL DE AREQUIPA","04","AREQUIPA","01","AREQUIPA","01","AREQUIPA","105","9002","ASIGNACIONES PRESUPUESTARIAS QUE NO RESULTAN EN PRODUCTOS","3","ACTIVIDAD","3999999","SIN PRODUCTO","5001090","PROMOCION E INCENTIVO DE LAS ACTIVIDADES ARTISTICAS Y CULTURALES","21","CULTURA Y DEPORTE","045","CULTURA","0100","PROMOCION Y DESARROLLO CULTURAL","00002","0038927","PROMOCION E INCENTIVO DE LAS ACTIVIDADES ARTISTICAS Y CULTURALES","04","AREQUIPA","2","RECURSOS DIRECTAMENTE RECAUDADOS","09","RECURSOS DIRECTAMENTE RECAUDADOS","0","NORMAL","5","GASTO CORRIENTE","2","1","PERSONAL Y OBLIGACIONES SOCIALES","1","RETRIBUCIONES Y COMPLEMENTOS EN EFECTIVO","1","PERSONAL ADMINISTRATIVO","2","OTRAS RETRIBUCIONES Y COMPLEMENTOS","99","OTRAS RETRIBUCIONES Y COMPLEMENTOS","55101","0","55101","0","0","0","0","0","0","0","0","0","0","0","0","0","0","0"
"2020","M","GOBIERNOS LOCALES"," "," "," "," ","300331","040101","MUNICIPALIDAD PROVINCIAL DE AREQUIPA","04","AREQUIPA","01","AREQUIPA","01","AREQUIPA","105","9002","ASIGNACIONES PRESUPUESTARIAS QUE NO RESULTAN EN PRODUCTOS","3","ACTIVIDAD","3999999","SIN PRODUCTO","5001090","PROMOCION E INCENTIVO DE LAS ACTIVIDADES ARTISTICAS Y CULTURALES","21","CULTURA Y DEPORTE","045","CULTURA","0100","PROMOCION Y DESARROLLO CULTURAL","00002","0038927","PROMOCION E INCENTIVO DE LAS ACTIVIDADES ARTISTICAS Y CULTURALES","04","AREQUIPA","2","RECURSOS DIRECTAMENTE RECAUDADOS","09","RECURSOS DIRECTAMENTE RECAUDADOS","0","NORMAL","5","GASTO CORRIENTE","2","1","PERSONAL Y OBLIGACIONES SOCIALES","1","RETRIBUCIONES Y COMPLEMENTOS EN EFECTIVO","1","PERSONAL ADMINISTRATIVO","2","OTRAS RETRIBUCIONES Y COMPLEMENTOS","99","OTRAS RETRIBUCIONES Y COMPLEMENTOS","0","0","0","11925","11040","0","0","0","0","0","0","0","0","0","0","0","0","0"
"2020","M","GOBIERNOS LOCALES"," "," "," "," ","300331","040101","MUNICIPALIDAD PROVINCIAL DE AREQUIPA","04","AREQUIPA","01","AREQUIPA","01","AREQUIPA","105","9002","ASIGNACIONES PRESUPUESTARIAS QUE NO RESULTAN EN PRODUCTOS","3","ACTIVIDAD","3999999","SIN PRODUCTO","5001090","PROMOCION E INCENTIVO DE LAS ACTIVIDADES ARTISTICAS Y CULTURALES","21","CULTURA Y DEPORTE","045","CULTURA","0100","PROMOCION Y DESARROLLO CULTURAL","00002","0038927","PROMOCION E INCENTIVO DE LAS ACTIVIDADES ARTISTICAS Y CULTURALES","04","AREQUIPA","2","RECURSOS DIRECTAMENTE RECAUDADOS","09","RECURSOS DIRECTAMENTE RECAUDADOS","0","NORMAL","5","GASTO CORRIENTE","2","1","PERSONAL Y OBLIGACIONES SOCIALES","1","RETRIBUCIONES Y COMPLEMENTOS EN EFECTIVO","9","GASTOS VARIABLES Y OCASIONALES","1","ESCOLARIDAD, AGUINALDOS Y GRATIFICACIONES","3","BONIFICACION POR ESCOLARIDAD","50451","0","50451","0","0","0","0","0","0","0","0","0","0","0","0","0","0","0"
"2020","M","GOBIERNOS LOCALES"," "," "," "," ","300331","040101","MUNICIPALIDAD PROVINCIAL DE AREQUIPA","04","AREQUIPA","01","AREQUIPA","01","AREQUIPA","105","9002","ASIGNACIONES PRESUPUESTARIAS QUE NO RESULTAN EN PRODUCTOS","3","ACTIVIDAD","3999999","SIN PRODUCTO","5001090","PROMOCION E INCENTIVO DE LAS ACTIVIDADES ARTISTICAS Y CULTURALES","21","CULTURA Y DEPORTE","045","CULTURA","0100","PROMOCION Y DESARROLLO CULTURAL","00002","0038927","PROMOCION E INCENTIVO DE LAS ACTIVIDADES ARTISTICAS Y CULTURALES","04","AREQUIPA","2","RECURSOS DIRECTAMENTE RECAUDADOS","09","RECURSOS DIRECTAMENTE RECAUDADOS","0","NORMAL","5","GASTO CORRIENTE","2","1","PERSONAL Y OBLIGACIONES SOCIALES","1","RETRIBUCIONES Y COMPLEMENTOS EN EFECTIVO","9","GASTOS VARIABLES Y OCASIONALES","3","OTROS GASTOS VARIABLES Y OCASIONALES","1","ASIGNACION POR CUMPLIR 25 O 30 AÑOS","18053","0","18053","0","0","0","0","0","0","0","0","0","0","0","0","0","0","0"
"2020","M","GOBIERNOS LOCALES"," "," "," "," ","300331","040101","MUNICIPALIDAD PROVINCIAL DE AREQUIPA","04","AREQUIPA","01","AREQUIPA","01","AREQUIPA","105","9002","ASIGNACIONES PRESUPUESTARIAS QUE NO RESULTAN EN PRODUCTOS","3","ACTIVIDAD","3999999","SIN PRODUCTO","5001090","PROMOCION E INCENTIVO DE LAS ACTIVIDADES ARTISTICAS Y CULTURALES","21","CULTURA Y DEPORTE","045","CULTURA","0100","PROMOCION Y DESARROLLO CULTURAL","00002","0038927","PROMOCION E INCENTIVO DE LAS ACTIVIDADES ARTISTICAS Y CULTURALES","04","AREQUIPA","2","RECURSOS DIRECTAMENTE RECAUDADOS","09","RECURSOS DIRECTAMENTE RECAUDADOS","0","NORMAL","5","GASTO CORRIENTE","2","1","PERSONAL Y OBLIGACIONES SOCIALES","1","RETRIBUCIONES Y COMPLEMENTOS EN EFECTIVO","9","GASTOS VARIABLES Y OCASIONALES","3","OTROS GASTOS VARIABLES Y OCASIONALES","2","BONIFICACION ADICIONAL POR VACACIONES","6660","0","6660","0","0","0","0","0","0","0","0","0","0","0","0","0","0","0"
"2020","M","GOBIERNOS LOCALES"," "," "," "," ","300331","040101","MUNICIPALIDAD PROVINCIAL DE AREQUIPA","04","AREQUIPA","01","AREQUIPA","01","AREQUIPA","105","9002","ASIGNACIONES PRESUPUESTARIAS QUE NO RESULTAN EN PRODUCTOS","3","ACTIVIDAD","3999999","SIN PRODUCTO","5001090","PROMOCION E INCENTIVO DE LAS ACTIVIDADES ARTISTICAS Y CULTURALES","21","CULTURA Y DEPORTE","045","CULTURA","0100","PROMOCION Y DESARROLLO CULTURAL","00002","0038927","PROMOCION E INCENTIVO DE LAS ACTIVIDADES ARTISTICAS Y CULTURALES","04","AREQUIPA","2","RECURSOS DIRECTAMENTE RECAUDADOS","09","RECURSOS DIRECTAMENTE RECAUDADOS","0","NORMAL","5","GASTO CORRIENTE","2","1","PERSONAL Y OBLIGACIONES SOCIALES","1","RETRIBUCIONES Y COMPLEMENTOS EN EFECTIVO","9","GASTOS VARIABLES Y OCASIONALES","3","OTROS GASTOS VARIABLES Y OCASIONALES","2","BONIFICACION ADICIONAL POR VACACIONES","0","0","0","600","600","0","0","0","0","0","0","0","0","0","0","0","0","0"
"2020","M","GOBIERNOS LOCALES"," "," "," "," ","300331","040101","MUNICIPALIDAD PROVINCIAL DE AREQUIPA","04","AREQUIPA","01","AREQUIPA","01","AREQUIPA","105","9002","ASIGNACIONES PRESUPUESTARIAS QUE NO RESULTAN EN PRODUCTOS","3","ACTIVIDAD","3999999","SIN PRODUCTO","5001090","PROMOCION E INCENTIVO DE LAS ACTIVIDADES ARTISTICAS Y CULTURALES","21","CULTURA Y DEPORTE","045","CULTURA","0100","PROMOCION Y DESARROLLO CULTURAL","00002","0038927","PROMOCION E INCENTIVO DE LAS ACTIVIDADES ARTISTICAS Y CULTURALES","04","AREQUIPA","2","RECURSOS DIRECTAMENTE RECAUDADOS","09","RECURSOS DIRECTAMENTE RECAUDADOS","0","NORMAL","5","GASTO CORRIENTE","2","1","PERSONAL Y OBLIGACIONES SOCIALES","3","CONTRIBUCIONES A LA SEGURIDAD SOCIAL","1","OBLIGACIONES DEL EMPLEADOR","1","OBLIGACIONES DEL EMPLEADOR","5","CONTRIBUCIONES A ESSALUD","38789","-33396","5393","0","0","0","0","0","0","0","0","0","0","0","0","0","0","0"
"2020","M","GOBIERNOS LOCALES"," "," "," "," ","300331","040101","MUNICIPALIDAD PROVINCIAL DE AREQUIPA","04","AREQUIPA","01","AREQUIPA","01","AREQUIPA","105","9002","ASIGNACIONES PRESUPUESTARIAS QUE NO RESULTAN EN PRODUCTOS","3","ACTIVIDAD","3999999","SIN PRODUCTO","5001090","PROMOCION E INCENTIVO DE LAS ACTIVIDADES ARTISTICAS Y CULTURALES","21","CULTURA Y DEPORTE","045","CULTURA","0100","PROMOCION Y DESARROLLO CULTURAL","00002","0038927","PROMOCION E INCENTIVO DE LAS ACTIVIDADES ARTISTICAS Y CULTURALES","04","AREQUIPA","2","RECURSOS DIRECTAMENTE RECAUDADOS","09","RECURSOS DIRECTAMENTE RECAUDADOS","0","NORMAL","5","GASTO CORRIENTE","2","1","PERSONAL Y OBLIGACIONES SOCIALES","3","CONTRIBUCIONES A LA SEGURIDAD SOCIAL","1","OBLIGACIONES DEL EMPLEADOR","1","OBLIGACIONES DEL EMPLEADOR","5","CONTRIBUCIONES A ESSALUD","0","0","0","2055.84","2055.84","0","0","0","0","0","0","0","0","0","0","0","0","0"
"2020","M","GOBIERNOS LOCALES"," "," "," "," ","300331","040101","MUNICIPALIDAD PROVINCIAL DE AREQUIPA","04","AREQUIPA","01","AREQUIPA","01","AREQUIPA","105","9002","ASIGNACIONES PRESUPUESTARIAS QUE NO RESULTAN EN PRODUCTOS","3","ACTIVIDAD","3999999","SIN PRODUCTO","5001090","PROMOCION E INCENTIVO DE LAS ACTIVIDADES ARTISTICAS Y CULTURALES","21","CULTURA Y DEPORTE","045","CULTURA","0100","PROMOCION Y DESARROLLO CULTURAL","00002","0038927","PROMOCION E INCENTIVO DE LAS ACTIVIDADES ARTISTICAS Y CULTURALES","04","AREQUIPA","2","RECURSOS DIRECTAMENTE RECAUDADOS","09","RECURSOS DIRECTAMENTE RECAUDADOS","1","UNIVERSIDADES / GOB. LOCALES","5","GASTO CORRIENTE","2","1","PERSONAL Y OBLIGACIONES SOCIALES","1","RETRIBUCIONES Y COMPLEMENTOS EN EFECTIVO","1","PERSONAL ADMINISTRATIVO","2","OTRAS RETRIBUCIONES Y COMPLEMENTOS","99","OTRAS RETRIBUCIONES Y COMPLEMENTOS","0","0","0","0","0","0","0","1350","1350","0","0","0","1350","0","0","0","0","4050"
"2020","M","GOBIERNOS LOCALES"," "," "," "," ","300331","040101","MUNICIPALIDAD PROVINCIAL DE AREQUIPA","04","AREQUIPA","01","AREQUIPA","01","AREQUIPA","105","9002","ASIGNACIONES PRESUPUESTARIAS QUE NO RESULTAN EN PRODUCTOS","3","ACTIVIDAD","3999999","SIN PRODUCTO","5001090","PROMOCION E INCENTIVO DE LAS ACTIVIDADES ARTISTICAS Y CULTURALES","21","CULTURA Y DEPORTE","045","CULTURA","0100","PROMOCION Y DESARROLLO CULTURAL","00002","0038927","PROMOCION E INCENTIVO DE LAS ACTIVIDADES ARTISTICAS Y CULTURALES","04","AREQUIPA","2","RECURSOS DIRECTAMENTE RECAUDADOS","09","RECURSOS DIRECTAMENTE RECAUDADOS","7","SUB CUENTA - RECURSOS DIRECTAMENTE RECAUDADOS","5","GASTO CORRIENTE","2","1","PERSONAL Y OBLIGACIONES SOCIALES","1","RETRIBUCIONES Y COMPLEMENTOS EN EFECTIVO","1","PERSONAL ADMINISTRATIVO","1","PERSONAL ADMINISTRATIVO","2","PERSONAL ADMINISTRATIVO NOMBRADO (REGIMEN PUBLICO)","0","0","0","0","0","0","0","0","0","0","0","0","0","11546.32","0","10696.32","0","22242.64"
"2020","M","GOBIERNOS LOCALES"," "," "," "," ","300331","040101","MUNICIPALIDAD PROVINCIAL DE AREQUIPA","04","AREQUIPA","01","AREQUIPA","01","AREQUIPA","105","9002","ASIGNACIONES PRESUPUESTARIAS QUE NO RESULTAN EN PRODUCTOS","3","ACTIVIDAD","3999999","SIN PRODUCTO","5001090","PROMOCION E INCENTIVO DE LAS ACTIVIDADES ARTISTICAS Y CULTURALES","21","CULTURA Y DEPORTE","045","CULTURA","0100","PROMOCION Y DESARROLLO CULTURAL","00002","0038927","PROMOCION E INCENTIVO DE LAS ACTIVIDADES ARTISTICAS Y CULTURALES","04","AREQUIPA","2","RECURSOS DIRECTAMENTE RECAUDADOS","09","RECURSOS DIRECTAMENTE RECAUDADOS","7","SUB CUENTA - RECURSOS DIRECTAMENTE RECAUDADOS","5","GASTO CORRIENTE","2","1","PERSONAL Y OBLIGACIONES SOCIALES","1","RETRIBUCIONES Y COMPLEMENTOS EN EFECTIVO","1","PERSONAL ADMINISTRATIVO","2","OTRAS RETRIBUCIONES Y COMPLEMENTOS","99","OTRAS RETRIBUCIONES Y COMPLEMENTOS","0","0","0","0","0","0","0","0","0","0","0","0","0","2490","1125","1125","2250","6990"
"2020","M","GOBIERNOS LOCALES"," "," "," "," ","300331","040101","MUNICIPALIDAD PROVINCIAL DE AREQUIPA","04","AREQUIPA","01","AREQUIPA","01","AREQUIPA","105","9002","ASIGNACIONES PRESUPUESTARIAS QUE NO RESULTAN EN PRODUCTOS","3","ACTIVIDAD","3999999","SIN PRODUCTO","5001090","PROMOCION E INCENTIVO DE LAS ACTIVIDADES ARTISTICAS Y CULTURALES","21","CULTURA Y DEPORTE","045","CULTURA","0100","PROMOCION Y DESARROLLO CULTURAL","00002","0038927","PROMOCION E INCENTIVO DE LAS ACTIVIDADES ARTISTICAS Y CULTURALES","04","AREQUIPA","2","RECURSOS DIRECTAMENTE RECAUDADOS","09","RECURSOS DIRECTAMENTE RECAUDADOS","7","SUB CUENTA - RECURSOS DIRECTAMENTE RECAUDADOS","5","GASTO CORRIENTE","2","1","PERSONAL Y OBLIGACIONES SOCIALES","1","RETRIBUCIONES Y COMPLEMENTOS EN EFECTIVO","9","GASTOS VARIABLES Y OCASIONALES","3","OTROS GASTOS VARIABLES Y OCASIONALES","2","BONIFICACION ADICIONAL POR VACACIONES","0","0","0","0","0","0","0","0","0","0","0","0","0","300","0","300","0","600"
"2020","M","GOBIERNOS LOCALES"," "," "," "," ","300331","040101","MUNICIPALIDAD PROVINCIAL DE AREQUIPA","04","AREQUIPA","01","AREQUIPA","01","AREQUIPA","105","9002","ASIGNACIONES PRESUPUESTARIAS QUE NO RESULTAN EN PRODUCTOS","3","ACTIVIDAD","3999999","SIN PRODUCTO","5001090","PROMOCION E INCENTIVO DE LAS ACTIVIDADES ARTISTICAS Y CULTURALES","21","CULTURA Y DEPORTE","045","CULTURA","0100","PROMOCION Y DESARROLLO CULTURAL","00002","0038927","PROMOCION E INCENTIVO DE LAS ACTIVIDADES ARTISTICAS Y CULTURALES","04","AREQUIPA","2","RECURSOS DIRECTAMENTE RECAUDADOS","09","RECURSOS DIRECTAMENTE RECAUDADOS","7","SUB CUENTA - RECURSOS DIRECTAMENTE RECAUDADOS","5","GASTO CORRIENTE","2","1","PERSONAL Y OBLIGACIONES SOCIALES","3","CONTRIBUCIONES A LA SEGURIDAD SOCIAL","1","OBLIGACIONES DEL EMPLEADOR","1","OBLIGACIONES DEL EMPLEADOR","5","CONTRIBUCIONES A ESSALUD","0","0","0","0","0","0","0","0","0","0","0","0","0","1066.17","0","989.67","0","2055.84"
"2020","M","GOBIERNOS LOCALES"," "," "," "," ","300331","040101","MUNICIPALIDAD PROVINCIAL DE AREQUIPA","04","AREQUIPA","01","AREQUIPA","01","AREQUIPA","105","9002","ASIGNACIONES PRESUPUESTARIAS QUE NO RESULTAN EN PRODUCTOS","3","ACTIVIDAD","3999999","SIN PRODUCTO","5001090","PROMOCION E INCENTIVO DE LAS ACTIVIDADES ARTISTICAS Y CULTURALES","21","CULTURA Y DEPORTE","045","CULTURA","0100","PROMOCION Y DESARROLLO CULTURAL","00002","0038927","PROMOCION E INCENTIVO DE LAS ACTIVIDADES ARTISTICAS Y CULTURALES","04","AREQUIPA","5","RECURSOS DETERMINADOS","07","FONDO DE COMPENSACION MUNICIPAL","0","NORMAL","5","GASTO CORRIENTE","2","1","PERSONAL Y OBLIGACIONES SOCIALES","1","RETRIBUCIONES Y COMPLEMENTOS EN EFECTIVO","1","PERSONAL ADMINISTRATIVO","1","PERSONAL ADMINISTRATIVO","2","PERSONAL ADMINISTRATIVO NOMBRADO (REGIMEN PUBLICO)","103613","-51350","52263","0","0","0","0","0","0","0","0","0","0","0","0","0","0","0"
"2020","M","GOBIERNOS LOCALES"," "," "," "," ","300331","040101","MUNICIPALIDAD PROVINCIAL DE AREQUIPA","04","AREQUIPA","01","AREQUIPA","01","AREQUIPA","105","9002","ASIGNACIONES PRESUPUESTARIAS QUE NO RESULTAN EN PRODUCTOS","3","ACTIVIDAD","3999999","SIN PRODUCTO","5001090","PROMOCION E INCENTIVO DE LAS ACTIVIDADES ARTISTICAS Y CULTURALES","21","CULTURA Y DEPORTE","045","CULTURA","0100","PROMOCION Y DESARROLLO CULTURAL","00002","0038927","PROMOCION E INCENTIVO DE LAS ACTIVIDADES ARTISTICAS Y CULTURALES","04","AREQUIPA","5","RECURSOS DETERMINADOS","07","FONDO DE COMPENSACION MUNICIPAL","0","NORMAL","5","GASTO CORRIENTE","2","1","PERSONAL Y OBLIGACIONES SOCIALES","1","RETRIBUCIONES Y COMPLEMENTOS EN EFECTIVO","1","PERSONAL ADMINISTRATIVO","1","PERSONAL ADMINISTRATIVO","2","PERSONAL ADMINISTRATIVO NOMBRADO (REGIMEN PUBLICO)","0","0","0","43258.86","43258.29","0","0","0","0","0","0","0","0","0","0","0","0","0"
"2020","M","GOBIERNOS LOCALES"," "," "," "," ","300331","040101","MUNICIPALIDAD PROVINCIAL DE AREQUIPA","04","AREQUIPA","01","AREQUIPA","01","AREQUIPA","105","9002","ASIGNACIONES PRESUPUESTARIAS QUE NO RESULTAN EN PRODUCTOS","3","ACTIVIDAD","3999999","SIN PRODUCTO","5001090","PROMOCION E INCENTIVO DE LAS ACTIVIDADES ARTISTICAS Y CULTURALES","21","CULTURA Y DEPORTE","045","CULTURA","0100","PROMOCION Y DESARROLLO CULTURAL","00002","0038927","PROMOCION E INCENTIVO DE LAS ACTIVIDADES ARTISTICAS Y CULTURALES","04","AREQUIPA","5","RECURSOS DETERMINADOS","07","FONDO DE COMPENSACION MUNICIPAL","0","NORMAL","5","GASTO CORRIENTE","2","1","PERSONAL Y OBLIGACIONES SOCIALES","1","RETRIBUCIONES Y COMPLEMENTOS EN EFECTIVO","1","PERSONAL ADMINISTRATIVO","2","OTRAS RETRIBUCIONES Y COMPLEMENTOS","99","OTRAS RETRIBUCIONES Y COMPLEMENTOS","0","0","2700","0","0","0","0","0","0","0","0","0","0","0","0","0","0","0"
"2020","M","GOBIERNOS LOCALES"," "," "," "," ","300331","040101","MUNICIPALIDAD PROVINCIAL DE AREQUIPA","04","AREQUIPA","01","AREQUIPA","01","AREQUIPA","105","9002","ASIGNACIONES PRESUPUESTARIAS QUE NO RESULTAN EN PRODUCTOS","3","ACTIVIDAD","3999999","SIN PRODUCTO","5001090","PROMOCION E INCENTIVO DE LAS ACTIVIDADES ARTISTICAS Y CULTURALES","21","CULTURA Y DEPORTE","045","CULTURA","0100","PROMOCION Y DESARROLLO CULTURAL","00002","0038927","PROMOCION E INCENTIVO DE LAS ACTIVIDADES ARTISTICAS Y CULTURALES","04","AREQUIPA","5","RECURSOS DETERMINADOS","07","FONDO DE COMPENSACION MUNICIPAL","0","NORMAL","5","GASTO CORRIENTE","2","1","PERSONAL Y OBLIGACIONES SOCIALES","1","RETRIBUCIONES Y COMPLEMENTOS EN EFECTIVO","1","PERSONAL ADMINISTRATIVO","2","OTRAS RETRIBUCIONES Y COMPLEMENTOS","99","OTRAS RETRIBUCIONES Y COMPLEMENTOS","0","0","0","2700","2700","0","0","0","0","0","0","0","0","0","0","0","0","0"
"2020","M","GOBIERNOS LOCALES"," "," "," "," ","300331","040101","MUNICIPALIDAD PROVINCIAL DE AREQUIPA","04","AREQUIPA","01","AREQUIPA","01","AREQUIPA","105","9002","ASIGNACIONES PRESUPUESTARIAS QUE NO RESULTAN EN PRODUCTOS","3","ACTIVIDAD","3999999","SIN PRODUCTO","5001090","PROMOCION E INCENTIVO DE LAS ACTIVIDADES ARTISTICAS Y CULTURALES","21","CULTURA Y DEPORTE","045","CULTURA","0100","PROMOCION Y DESARROLLO CULTURAL","00002","0038927","PROMOCION E INCENTIVO DE LAS ACTIVIDADES ARTISTICAS Y CULTURALES","04","AREQUIPA","5","RECURSOS DETERMINADOS","07","FONDO DE COMPENSACION MUNICIPAL","0","NORMAL","5","GASTO CORRIENTE","2","1","PERSONAL Y OBLIGACIONES SOCIALES","1","RETRIBUCIONES Y COMPLEMENTOS EN EFECTIVO","9","GASTOS VARIABLES Y OCASIONALES","1","ESCOLARIDAD, AGUINALDOS Y GRATIFICACIONES","2","AGUINALDOS","0","0","16004","0","0","0","0","0","0","0","0","0","0","0","0","0","0","0"
"2020","M","GOBIERNOS LOCALES"," "," "," "," ","300331","040101","MUNICIPALIDAD PROVINCIAL DE AREQUIPA","04","AREQUIPA","01","AREQUIPA","01","AREQUIPA","105","9002","ASIGNACIONES PRESUPUESTARIAS QUE NO RESULTAN EN PRODUCTOS","3","ACTIVIDAD","3999999","SIN PRODUCTO","5001090","PROMOCION E INCENTIVO DE LAS ACTIVIDADES ARTISTICAS Y CULTURALES","21","CULTURA Y DEPORTE","045","CULTURA","0100","PROMOCION Y DESARROLLO CULTURAL","00002","0038927","PROMOCION E INCENTIVO DE LAS ACTIVIDADES ARTISTICAS Y CULTURALES","04","AREQUIPA","5","RECURSOS DETERMINADOS","07","FONDO DE COMPENSACION MUNICIPAL","0","NORMAL","5","GASTO CORRIENTE","2","1","PERSONAL Y OBLIGACIONES SOCIALES","1","RETRIBUCIONES Y COMPLEMENTOS EN EFECTIVO","9","GASTOS VARIABLES Y OCASIONALES","1","ESCOLARIDAD, AGUINALDOS Y GRATIFICACIONES","2","AGUINALDOS","0","0","0","16003.43","16003.43","0","0","0","0","0","0","0","0","0","0","0","0","0"
"2020","M","GOBIERNOS LOCALES"," "," "," "," ","300331","040101","MUNICIPALIDAD PROVINCIAL DE AREQUIPA","04","AREQUIPA","01","AREQUIPA","01","AREQUIPA","105","9002","ASIGNACIONES PRESUPUESTARIAS QUE NO RESULTAN EN PRODUCTOS","3","ACTIVIDAD","3999999","SIN PRODUCTO","5001090","PROMOCION E INCENTIVO DE LAS ACTIVIDADES ARTISTICAS Y CULTURALES","21","CULTURA Y DEPORTE","045","CULTURA","0100","PROMOCION Y DESARROLLO CULTURAL","00002","0038927","PROMOCION E INCENTIVO DE LAS ACTIVIDADES ARTISTICAS Y CULTURALES","04","AREQUIPA","5","RECURSOS DETERMINADOS","07","FONDO DE COMPENSACION MUNICIPAL","0","NORMAL","5","GASTO CORRIENTE","2","1","PERSONAL Y OBLIGACIONES SOCIALES","1","RETRIBUCIONES Y COMPLEMENTOS EN EFECTIVO","9","GASTOS VARIABLES Y OCASIONALES","3","OTROS GASTOS VARIABLES Y OCASIONALES","1","ASIGNACION POR CUMPLIR 25 O 30 AÑOS","36058","-36058","0","0","0","0","0","0","0","0","0","0","0","0","0","0","0","0"
"2020","M","GOBIERNOS LOCALES"," "," "," "," ","300331","040101","MUNICIPALIDAD PROVINCIAL DE AREQUIPA","04","AREQUIPA","01","AREQUIPA","01","AREQUIPA","105","9002","ASIGNACIONES PRESUPUESTARIAS QUE NO RESULTAN EN PRODUCTOS","3","ACTIVIDAD","3999999","SIN PRODUCTO","5001090","PROMOCION E INCENTIVO DE LAS ACTIVIDADES ARTISTICAS Y CULTURALES","21","CULTURA Y DEPORTE","045","CULTURA","0100","PROMOCION Y DESARROLLO CULTURAL","00002","0038927","PROMOCION E INCENTIVO DE LAS ACTIVIDADES ARTISTICAS Y CULTURALES","04","AREQUIPA","5","RECURSOS DETERMINADOS","07","FONDO DE COMPENSACION MUNICIPAL","0","NORMAL","5","GASTO CORRIENTE","2","1","PERSONAL Y OBLIGACIONES SOCIALES","1","RETRIBUCIONES Y COMPLEMENTOS EN EFECTIVO","9","GASTOS VARIABLES Y OCASIONALES","3","OTROS GASTOS VARIABLES Y OCASIONALES","2","BONIFICACION ADICIONAL POR VACACIONES","1330","0","1330","0","0","0","0","0","0","0","0","0","0","0","0","0","0","0"
"2020","M","GOBIERNOS LOCALES"," "," "," "," ","300331","040101","MUNICIPALIDAD PROVINCIAL DE AREQUIPA","04","AREQUIPA","01","AREQUIPA","01","AREQUIPA","105","9002","ASIGNACIONES PRESUPUESTARIAS QUE NO RESULTAN EN PRODUCTOS","3","ACTIVIDAD","3999999","SIN PRODUCTO","5001090","PROMOCION E INCENTIVO DE LAS ACTIVIDADES ARTISTICAS Y CULTURALES","21","CULTURA Y DEPORTE","045","CULTURA","0100","PROMOCION Y DESARROLLO CULTURAL","00002","0038927","PROMOCION E INCENTIVO DE LAS ACTIVIDADES ARTISTICAS Y CULTURALES","04","AREQUIPA","5","RECURSOS DETERMINADOS","07","FONDO DE COMPENSACION MUNICIPAL","0","NORMAL","5","GASTO CORRIENTE","2","1","PERSONAL Y OBLIGACIONES SOCIALES","1","RETRIBUCIONES Y COMPLEMENTOS EN EFECTIVO","9","GASTOS VARIABLES Y OCASIONALES","3","OTROS GASTOS VARIABLES Y OCASIONALES","2","BONIFICACION ADICIONAL POR VACACIONES","0","0","0","300","300","0","0","0","0","0","0","0","0","0","0","0","0","0"
"2020","M","GOBIERNOS LOCALES"," "," "," "," ","300331","040101","MUNICIPALIDAD PROVINCIAL DE AREQUIPA","04","AREQUIPA","01","AREQUIPA","01","AREQUIPA","105","9002","ASIGNACIONES PRESUPUESTARIAS QUE NO RESULTAN EN PRODUCTOS","3","ACTIVIDAD","3999999","SIN PRODUCTO","5001090","PROMOCION E INCENTIVO DE LAS ACTIVIDADES ARTISTICAS Y CULTURALES","21","CULTURA Y DEPORTE","045","CULTURA","0100","PROMOCION Y DESARROLLO CULTURAL","00002","0038927","PROMOCION E INCENTIVO DE LAS ACTIVIDADES ARTISTICAS Y CULTURALES","04","AREQUIPA","5","RECURSOS DETERMINADOS","07","FONDO DE COMPENSACION MUNICIPAL","0","NORMAL","5","GASTO CORRIENTE","2","1","PERSONAL Y OBLIGACIONES SOCIALES","3","CONTRIBUCIONES A LA SEGURIDAD SOCIAL","1","OBLIGACIONES DEL EMPLEADOR","1","OBLIGACIONES DEL EMPLEADOR","5","CONTRIBUCIONES A ESSALUD","20077","-14812","5265","0","0","0","0","0","0","0","0","0","0","0","0","0","0","0"
"2020","M","GOBIERNOS LOCALES"," "," "," "," ","300331","040101","MUNICIPALIDAD PROVINCIAL DE AREQUIPA","04","AREQUIPA","01","AREQUIPA","01","AREQUIPA","105","9002","ASIGNACIONES PRESUPUESTARIAS QUE NO RESULTAN EN PRODUCTOS","3","ACTIVIDAD","3999999","SIN PRODUCTO","5001090","PROMOCION E INCENTIVO DE LAS ACTIVIDADES ARTISTICAS Y CULTURALES","21","CULTURA Y DEPORTE","045","CULTURA","0100","PROMOCION Y DESARROLLO CULTURAL","00002","0038927","PROMOCION E INCENTIVO DE LAS ACTIVIDADES ARTISTICAS Y CULTURALES","04","AREQUIPA","5","RECURSOS DETERMINADOS","07","FONDO DE COMPENSACION MUNICIPAL","0","NORMAL","5","GASTO CORRIENTE","2","1","PERSONAL Y OBLIGACIONES SOCIALES","3","CONTRIBUCIONES A LA SEGURIDAD SOCIAL","1","OBLIGACIONES DEL EMPLEADOR","1","OBLIGACIONES DEL EMPLEADOR","5","CONTRIBUCIONES A ESSALUD","0","0","0","2622.75","2622.50","0","0","0","0","0","0","0","0","0","0","0","0","0"
"2020","M","GOBIERNOS LOCALES"," "," "," "," ","300331","040101","MUNICIPALIDAD PROVINCIAL DE AREQUIPA","04","AREQUIPA","01","AREQUIPA","01","AREQUIPA","105","9002","ASIGNACIONES PRESUPUESTARIAS QUE NO RESULTAN EN PRODUCTOS","3","ACTIVIDAD","3999999","SIN PRODUCTO","5001090","PROMOCION E INCENTIVO DE LAS ACTIVIDADES ARTISTICAS Y CULTURALES","21","CULTURA Y DEPORTE","045","CULTURA","0100","PROMOCION Y DESARROLLO CULTURAL","00002","0038927","PROMOCION E INCENTIVO DE LAS ACTIVIDADES ARTISTICAS Y CULTURALES","04","AREQUIPA","5","RECURSOS DETERMINADOS","07","FONDO DE COMPENSACION MUNICIPAL","A","SUB CUENTA - FONCOMUN","5","GASTO CORRIENTE","2","1","PERSONAL Y OBLIGACIONES SOCIALES","1","RETRIBUCIONES Y COMPLEMENTOS EN EFECTIVO","1","PERSONAL ADMINISTRATIVO","1","PERSONAL ADMINISTRATIVO","2","PERSONAL ADMINISTRATIVO NOMBRADO (REGIMEN PUBLICO)","0","0","0","0","0","0","0","0","0","14419.43","14419.43","14419.43","0","0","0","0","0","43258.29"
"2020","M","GOBIERNOS LOCALES"," "," "," "," ","300331","040101","MUNICIPALIDAD PROVINCIAL DE AREQUIPA","04","AREQUIPA","01","AREQUIPA","01","AREQUIPA","105","9002","ASIGNACIONES PRESUPUESTARIAS QUE NO RESULTAN EN PRODUCTOS","3","ACTIVIDAD","3999999","SIN PRODUCTO","5001090","PROMOCION E INCENTIVO DE LAS ACTIVIDADES ARTISTICAS Y CULTURALES","21","CULTURA Y DEPORTE","045","CULTURA","0100","PROMOCION Y DESARROLLO CULTURAL","00002","0038927","PROMOCION E INCENTIVO DE LAS ACTIVIDADES ARTISTICAS Y CULTURALES","04","AREQUIPA","5","RECURSOS DETERMINADOS","07","FONDO DE COMPENSACION MUNICIPAL","A","SUB CUENTA - FONCOMUN","5","GASTO CORRIENTE","2","1","PERSONAL Y OBLIGACIONES SOCIALES","1","RETRIBUCIONES Y COMPLEMENTOS EN EFECTIVO","1","PERSONAL ADMINISTRATIVO","2","OTRAS RETRIBUCIONES Y COMPLEMENTOS","99","OTRAS RETRIBUCIONES Y COMPLEMENTOS","0","0","0","0","0","0","0","0","0","1350","1350","0","0","0","0","0","0","2700"
"2020","M","GOBIERNOS LOCALES"," "," "," "," ","300331","040101","MUNICIPALIDAD PROVINCIAL DE AREQUIPA","04","AREQUIPA","01","AREQUIPA","01","AREQUIPA","105","9002","ASIGNACIONES PRESUPUESTARIAS QUE NO RESULTAN EN PRODUCTOS","3","ACTIVIDAD","3999999","SIN PRODUCTO","5001090","PROMOCION E INCENTIVO DE LAS ACTIVIDADES ARTISTICAS Y CULTURALES","21","CULTURA Y DEPORTE","045","CULTURA","0100","PROMOCION Y DESARROLLO CULTURAL","00002","0038927","PROMOCION E INCENTIVO DE LAS ACTIVIDADES ARTISTICAS Y CULTURALES","04","AREQUIPA","5","RECURSOS DETERMINADOS","07","FONDO DE COMPENSACION MUNICIPAL","A","SUB CUENTA - FONCOMUN","5","GASTO CORRIENTE","2","1","PERSONAL Y OBLIGACIONES SOCIALES","1","RETRIBUCIONES Y COMPLEMENTOS EN EFECTIVO","9","GASTOS VARIABLES Y OCASIONALES","1","ESCOLARIDAD, AGUINALDOS Y GRATIFICACIONES","2","AGUINALDOS","0","0","0","0","0","0","0","0","0","0","0","16003.43","0","0","0","0","0","16003.43"
"2020","M","GOBIERNOS LOCALES"," "," "," "," ","300331","040101","MUNICIPALIDAD PROVINCIAL DE AREQUIPA","04","AREQUIPA","01","AREQUIPA","01","AREQUIPA","105","9002","ASIGNACIONES PRESUPUESTARIAS QUE NO RESULTAN EN PRODUCTOS","3","ACTIVIDAD","3999999","SIN PRODUCTO","5001090","PROMOCION E INCENTIVO DE LAS ACTIVIDADES ARTISTICAS Y CULTURALES","21","CULTURA Y DEPORTE","045","CULTURA","0100","PROMOCION Y DESARROLLO CULTURAL","00002","0038927","PROMOCION E INCENTIVO DE LAS ACTIVIDADES ARTISTICAS Y CULTURALES","04","AREQUIPA","5","RECURSOS DETERMINADOS","07","FONDO DE COMPENSACION MUNICIPAL","A","SUB CUENTA - FONCOMUN","5","GASTO CORRIENTE","2","1","PERSONAL Y OBLIGACIONES SOCIALES","1","RETRIBUCIONES Y COMPLEMENTOS EN EFECTIVO","9","GASTOS VARIABLES Y OCASIONALES","3","OTROS GASTOS VARIABLES Y OCASIONALES","2","BONIFICACION ADICIONAL POR VACACIONES","0","0","0","0","0","0","0","0","0","0","0","300","0","0","0","0","0","300"
"2020","M","GOBIERNOS LOCALES"," "," "," "," ","300331","040101","MUNICIPALIDAD PROVINCIAL DE AREQUIPA","04","AREQUIPA","01","AREQUIPA","01","AREQUIPA","105","9002","ASIGNACIONES PRESUPUESTARIAS QUE NO RESULTAN EN PRODUCTOS","3","ACTIVIDAD","3999999","SIN PRODUCTO","5001090","PROMOCION E INCENTIVO DE LAS ACTIVIDADES ARTISTICAS Y CULTURALES","21","CULTURA Y DEPORTE","045","CULTURA","0100","PROMOCION Y DESARROLLO CULTURAL","00002","0038927","PROMOCION E INCENTIVO DE LAS ACTIVIDADES ARTISTICAS Y CULTURALES","04","AREQUIPA","5","RECURSOS DETERMINADOS","07","FONDO DE COMPENSACION MUNICIPAL","A","SUB CUENTA - FONCOMUN","5","GASTO CORRIENTE","2","1","PERSONAL Y OBLIGACIONES SOCIALES","3","CONTRIBUCIONES A LA SEGURIDAD SOCIAL","1","OBLIGACIONES DEL EMPLEADOR","1","OBLIGACIONES DEL EMPLEADOR","5","CONTRIBUCIONES A ESSALUD","0","0","0","0","0","0","0","0","0","1297.75","0","1324.75","0","0","0","0","0","2622.50"
"2020","M","GOBIERNOS LOCALES"," "," "," "," ","300331","040101","MUNICIPALIDAD PROVINCIAL DE AREQUIPA","04","AREQUIPA","01","AREQUIPA","01","AREQUIPA","105","9002","ASIGNACIONES PRESUPUESTARIAS QUE NO RESULTAN EN PRODUCTOS","3","ACTIVIDAD","3999999","SIN PRODUCTO","5001090","PROMOCION E INCENTIVO DE LAS ACTIVIDADES ARTISTICAS Y CULTURALES","21","CULTURA Y DEPORTE","045","CULTURA","0100","PROMOCION Y DESARROLLO CULTURAL","00002","0038927","PROMOCION E INCENTIVO DE LAS ACTIVIDADES ARTISTICAS Y CULTURALES","04","AREQUIPA","5","RECURSOS DETERMINADOS","08","IMPUESTOS MUNICIPALES","0","NORMAL","5","GASTO CORRIENTE","2","1","PERSONAL Y OBLIGACIONES SOCIALES","1","RETRIBUCIONES Y COMPLEMENTOS EN EFECTIVO","1","PERSONAL ADMINISTRATIVO","1","PERSONAL ADMINISTRATIVO","2","PERSONAL ADMINISTRATIVO NOMBRADO (REGIMEN PUBLICO)","337294","-3017","334277","0","0","0","0","0","0","0","0","0","0","0","0","0","0","0"
"2020","M","GOBIERNOS LOCALES"," "," "," "," ","300331","040101","MUNICIPALIDAD PROVINCIAL DE AREQUIPA","04","AREQUIPA","01","AREQUIPA","01","AREQUIPA","105","9002","ASIGNACIONES PRESUPUESTARIAS QUE NO RESULTAN EN PRODUCTOS","3","ACTIVIDAD","3999999","SIN PRODUCTO","5001090","PROMOCION E INCENTIVO DE LAS ACTIVIDADES ARTISTICAS Y CULTURALES","21","CULTURA Y DEPORTE","045","CULTURA","0100","PROMOCION Y DESARROLLO CULTURAL","00002","0038927","PROMOCION E INCENTIVO DE LAS ACTIVIDADES ARTISTICAS Y CULTURALES","04","AREQUIPA","5","RECURSOS DETERMINADOS","08","IMPUESTOS MUNICIPALES","0","NORMAL","5","GASTO CORRIENTE","2","1","PERSONAL Y OBLIGACIONES SOCIALES","1","RETRIBUCIONES Y COMPLEMENTOS EN EFECTIVO","1","PERSONAL ADMINISTRATIVO","1","PERSONAL ADMINISTRATIVO","2","PERSONAL ADMINISTRATIVO NOMBRADO (REGIMEN PUBLICO)","0","0","0","90813.75","90813.75","13634","14419.43","14419.43","14419.43","0","0","0","0","0","0","0","0","56892.29"
"2020","M","GOBIERNOS LOCALES"," "," "," "," ","300331","040101","MUNICIPALIDAD PROVINCIAL DE AREQUIPA","04","AREQUIPA","01","AREQUIPA","01","AREQUIPA","105","9002","ASIGNACIONES PRESUPUESTARIAS QUE NO RESULTAN EN PRODUCTOS","3","ACTIVIDAD","3999999","SIN PRODUCTO","5001090","PROMOCION E INCENTIVO DE LAS ACTIVIDADES ARTISTICAS Y CULTURALES","21","CULTURA Y DEPORTE","045","CULTURA","0100","PROMOCION Y DESARROLLO CULTURAL","00002","0038927","PROMOCION E INCENTIVO DE LAS ACTIVIDADES ARTISTICAS Y CULTURALES","04","AREQUIPA","5","RECURSOS DETERMINADOS","08","IMPUESTOS MUNICIPALES","0","NORMAL","5","GASTO CORRIENTE","2","1","PERSONAL Y OBLIGACIONES SOCIALES","1","RETRIBUCIONES Y COMPLEMENTOS EN EFECTIVO","1","PERSONAL ADMINISTRATIVO","2","OTRAS RETRIBUCIONES Y COMPLEMENTOS","99","OTRAS RETRIBUCIONES Y COMPLEMENTOS","0","0","1350","0","0","0","0","0","0","0","0","0","0","0","0","0","0","0"
"2020","M","GOBIERNOS LOCALES"," "," "," "," ","300331","040101","MUNICIPALIDAD PROVINCIAL DE AREQUIPA","04","AREQUIPA","01","AREQUIPA","01","AREQUIPA","105","9002","ASIGNACIONES PRESUPUESTARIAS QUE NO RESULTAN EN PRODUCTOS","3","ACTIVIDAD","3999999","SIN PRODUCTO","5001090","PROMOCION E INCENTIVO DE LAS ACTIVIDADES ARTISTICAS Y CULTURALES","21","CULTURA Y DEPORTE","045","CULTURA","0100","PROMOCION Y DESARROLLO CULTURAL","00002","0038927","PROMOCION E INCENTIVO DE LAS ACTIVIDADES ARTISTICAS Y CULTURALES","04","AREQUIPA","5","RECURSOS DETERMINADOS","08","IMPUESTOS MUNICIPALES","0","NORMAL","5","GASTO CORRIENTE","2","1","PERSONAL Y OBLIGACIONES SOCIALES","1","RETRIBUCIONES Y COMPLEMENTOS EN EFECTIVO","1","PERSONAL ADMINISTRATIVO","2","OTRAS RETRIBUCIONES Y COMPLEMENTOS","99","OTRAS RETRIBUCIONES Y COMPLEMENTOS","0","0","0","1350","1350","0","1350","0","0","0","0","0","0","0","0","0","0","1350"
"2020","M","GOBIERNOS LOCALES"," "," "," "," ","300331","040101","MUNICIPALIDAD PROVINCIAL DE AREQUIPA","04","AREQUIPA","01","AREQUIPA","01","AREQUIPA","105","9002","ASIGNACIONES PRESUPUESTARIAS QUE NO RESULTAN EN PRODUCTOS","3","ACTIVIDAD","3999999","SIN PRODUCTO","5001090","PROMOCION E INCENTIVO DE LAS ACTIVIDADES ARTISTICAS Y CULTURALES","21","CULTURA Y DEPORTE","045","CULTURA","0100","PROMOCION Y DESARROLLO CULTURAL","00002","0038927","PROMOCION E INCENTIVO DE LAS ACTIVIDADES ARTISTICAS Y CULTURALES","04","AREQUIPA","5","RECURSOS DETERMINADOS","08","IMPUESTOS MUNICIPALES","0","NORMAL","5","GASTO CORRIENTE","2","1","PERSONAL Y OBLIGACIONES SOCIALES","1","RETRIBUCIONES Y COMPLEMENTOS EN EFECTIVO","9","GASTOS VARIABLES Y OCASIONALES","1","ESCOLARIDAD, AGUINALDOS Y GRATIFICACIONES","2","AGUINALDOS","0","0","12017","0","0","0","0","0","0","0","0","0","0","0","0","0","0","0"
"2020","M","GOBIERNOS LOCALES"," "," "," "," ","300331","040101","MUNICIPALIDAD PROVINCIAL DE AREQUIPA","04","AREQUIPA","01","AREQUIPA","01","AREQUIPA","105","9002","ASIGNACIONES PRESUPUESTARIAS QUE NO RESULTAN EN PRODUCTOS","3","ACTIVIDAD","3999999","SIN PRODUCTO","5001090","PROMOCION E INCENTIVO DE LAS ACTIVIDADES ARTISTICAS Y CULTURALES","21","CULTURA Y DEPORTE","045","CULTURA","0100","PROMOCION Y DESARROLLO CULTURAL","00002","0038927","PROMOCION E INCENTIVO DE LAS ACTIVIDADES ARTISTICAS Y CULTURALES","04","AREQUIPA","5","RECURSOS DETERMINADOS","08","IMPUESTOS MUNICIPALES","0","NORMAL","5","GASTO CORRIENTE","2","1","PERSONAL Y OBLIGACIONES SOCIALES","1","RETRIBUCIONES Y COMPLEMENTOS EN EFECTIVO","9","GASTOS VARIABLES Y OCASIONALES","1","ESCOLARIDAD, AGUINALDOS Y GRATIFICACIONES","2","AGUINALDOS","0","0","0","12016.32","12016.32","0","0","0","0","0","0","0","0","0","0","0","0","0"
"2020","M","GOBIERNOS LOCALES"," "," "," "," ","300331","040101","MUNICIPALIDAD PROVINCIAL DE AREQUIPA","04","AREQUIPA","01","AREQUIPA","01","AREQUIPA","105","9002","ASIGNACIONES PRESUPUESTARIAS QUE NO RESULTAN EN PRODUCTOS","3","ACTIVIDAD","3999999","SIN PRODUCTO","5001090","PROMOCION E INCENTIVO DE LAS ACTIVIDADES ARTISTICAS Y CULTURALES","21","CULTURA Y DEPORTE","045","CULTURA","0100","PROMOCION Y DESARROLLO CULTURAL","00002","0038927","PROMOCION E INCENTIVO DE LAS ACTIVIDADES ARTISTICAS Y CULTURALES","04","AREQUIPA","5","RECURSOS DETERMINADOS","08","IMPUESTOS MUNICIPALES","0","NORMAL","5","GASTO CORRIENTE","2","1","PERSONAL Y OBLIGACIONES SOCIALES","1","RETRIBUCIONES Y COMPLEMENTOS EN EFECTIVO","9","GASTOS VARIABLES Y OCASIONALES","1","ESCOLARIDAD, AGUINALDOS Y GRATIFICACIONES","3","BONIFICACION POR ESCOLARIDAD","5290","10800","16090","0","0","0","0","0","0","0","0","0","0","0","0","0","0","0"
"2020","M","GOBIERNOS LOCALES"," "," "," "," ","300331","040101","MUNICIPALIDAD PROVINCIAL DE AREQUIPA","04","AREQUIPA","01","AREQUIPA","01","AREQUIPA","105","9002","ASIGNACIONES PRESUPUESTARIAS QUE NO RESULTAN EN PRODUCTOS","3","ACTIVIDAD","3999999","SIN PRODUCTO","5001090","PROMOCION E INCENTIVO DE LAS ACTIVIDADES ARTISTICAS Y CULTURALES","21","CULTURA Y DEPORTE","045","CULTURA","0100","PROMOCION Y DESARROLLO CULTURAL","00002","0038927","PROMOCION E INCENTIVO DE LAS ACTIVIDADES ARTISTICAS Y CULTURALES","04","AREQUIPA","5","RECURSOS DETERMINADOS","08","IMPUESTOS MUNICIPALES","0","NORMAL","5","GASTO CORRIENTE","2","1","PERSONAL Y OBLIGACIONES SOCIALES","1","RETRIBUCIONES Y COMPLEMENTOS EN EFECTIVO","9","GASTOS VARIABLES Y OCASIONALES","1","ESCOLARIDAD, AGUINALDOS Y GRATIFICACIONES","3","BONIFICACION POR ESCOLARIDAD","0","0","0","7200","7200","7200","0","0","0","0","0","0","0","0","0","0","0","7200"
"2020","M","GOBIERNOS LOCALES"," "," "," "," ","300331","040101","MUNICIPALIDAD PROVINCIAL DE AREQUIPA","04","AREQUIPA","01","AREQUIPA","01","AREQUIPA","105","9002","ASIGNACIONES PRESUPUESTARIAS QUE NO RESULTAN EN PRODUCTOS","3","ACTIVIDAD","3999999","SIN PRODUCTO","5001090","PROMOCION E INCENTIVO DE LAS ACTIVIDADES ARTISTICAS Y CULTURALES","21","CULTURA Y DEPORTE","045","CULTURA","0100","PROMOCION Y DESARROLLO CULTURAL","00002","0038927","PROMOCION E INCENTIVO DE LAS ACTIVIDADES ARTISTICAS Y CULTURALES","04","AREQUIPA","5","RECURSOS DETERMINADOS","08","IMPUESTOS MUNICIPALES","0","NORMAL","5","GASTO CORRIENTE","2","1","PERSONAL Y OBLIGACIONES SOCIALES","1","RETRIBUCIONES Y COMPLEMENTOS EN EFECTIVO","9","GASTOS VARIABLES Y OCASIONALES","3","OTROS GASTOS VARIABLES Y OCASIONALES","2","BONIFICACION ADICIONAL POR VACACIONES","3990","800","4790","0","0","0","0","0","0","0","0","0","0","0","0","0","0","0"
"2020","M","GOBIERNOS LOCALES"," "," "," "," ","300331","040101","MUNICIPALIDAD PROVINCIAL DE AREQUIPA","04","AREQUIPA","01","AREQUIPA","01","AREQUIPA","105","9002","ASIGNACIONES PRESUPUESTARIAS QUE NO RESULTAN EN PRODUCTOS","3","ACTIVIDAD","3999999","SIN PRODUCTO","5001090","PROMOCION E INCENTIVO DE LAS ACTIVIDADES ARTISTICAS Y CULTURALES","21","CULTURA Y DEPORTE","045","CULTURA","0100","PROMOCION Y DESARROLLO CULTURAL","00002","0038927","PROMOCION E INCENTIVO DE LAS ACTIVIDADES ARTISTICAS Y CULTURALES","04","AREQUIPA","5","RECURSOS DETERMINADOS","08","IMPUESTOS MUNICIPALES","0","NORMAL","5","GASTO CORRIENTE","2","1","PERSONAL Y OBLIGACIONES SOCIALES","1","RETRIBUCIONES Y COMPLEMENTOS EN EFECTIVO","9","GASTOS VARIABLES Y OCASIONALES","3","OTROS GASTOS VARIABLES Y OCASIONALES","2","BONIFICACION ADICIONAL POR VACACIONES","0","0","0","900","900","300","300","0","300","0","0","0","0","0","0","0","0","900"
"2020","M","GOBIERNOS LOCALES"," "," "," "," ","300331","040101","MUNICIPALIDAD PROVINCIAL DE AREQUIPA","04","AREQUIPA","01","AREQUIPA","01","AREQUIPA","105","9002","ASIGNACIONES PRESUPUESTARIAS QUE NO RESULTAN EN PRODUCTOS","3","ACTIVIDAD","3999999","SIN PRODUCTO","5001090","PROMOCION E INCENTIVO DE LAS ACTIVIDADES ARTISTICAS Y CULTURALES","21","CULTURA Y DEPORTE","045","CULTURA","0100","PROMOCION Y DESARROLLO CULTURAL","00002","0038927","PROMOCION E INCENTIVO DE LAS ACTIVIDADES ARTISTICAS Y CULTURALES","04","AREQUIPA","5","RECURSOS DETERMINADOS","08","IMPUESTOS MUNICIPALES","0","NORMAL","5","GASTO CORRIENTE","2","1","PERSONAL Y OBLIGACIONES SOCIALES","3","CONTRIBUCIONES A LA SEGURIDAD SOCIAL","1","OBLIGACIONES DEL EMPLEADOR","1","OBLIGACIONES DEL EMPLEADOR","5","CONTRIBUCIONES A ESSALUD","25381","-9668","15713","0","0","0","0","0","0","0","0","0","0","0","0","0","0","0"
"2020","M","GOBIERNOS LOCALES"," "," "," "," ","300331","040101","MUNICIPALIDAD PROVINCIAL DE AREQUIPA","04","AREQUIPA","01","AREQUIPA","01","AREQUIPA","105","9002","ASIGNACIONES PRESUPUESTARIAS QUE NO RESULTAN EN PRODUCTOS","3","ACTIVIDAD","3999999","SIN PRODUCTO","5001090","PROMOCION E INCENTIVO DE LAS ACTIVIDADES ARTISTICAS Y CULTURALES","21","CULTURA Y DEPORTE","045","CULTURA","0100","PROMOCION Y DESARROLLO CULTURAL","00002","0038927","PROMOCION E INCENTIVO DE LAS ACTIVIDADES ARTISTICAS Y CULTURALES","04","AREQUIPA","5","RECURSOS DETERMINADOS","08","IMPUESTOS MUNICIPALES","0","NORMAL","5","GASTO CORRIENTE","2","1","PERSONAL Y OBLIGACIONES SOCIALES","3","CONTRIBUCIONES A LA SEGURIDAD SOCIAL","1","OBLIGACIONES DEL EMPLEADOR","1","OBLIGACIONES DEL EMPLEADOR","5","CONTRIBUCIONES A ESSALUD","0","0","0","9612.73","9612.73","1324.35","1319.02","1297.75","1324.75","0","1297.75","0","0","0","0","0","0","6563.62"
"2020","M","GOBIERNOS LOCALES"," "," "," "," ","300331","040101","MUNICIPALIDAD PROVINCIAL DE AREQUIPA","04","AREQUIPA","01","AREQUIPA","01","AREQUIPA","105","9002","ASIGNACIONES PRESUPUESTARIAS QUE NO RESULTAN EN PRODUCTOS","3","ACTIVIDAD","3999999","SIN PRODUCTO","5001090","PROMOCION E INCENTIVO DE LAS ACTIVIDADES ARTISTICAS Y CULTURALES","21","CULTURA Y DEPORTE","045","CULTURA","0100","PROMOCION Y DESARROLLO CULTURAL","00002","0038927","PROMOCION E INCENTIVO DE LAS ACTIVIDADES ARTISTICAS Y CULTURALES","04","AREQUIPA","5","RECURSOS DETERMINADOS","08","IMPUESTOS MUNICIPALES","0","NORMAL","5","GASTO CORRIENTE","2","3","BIENES Y SERVICIOS","1","COMPRA DE BIENES","1","ALIMENTOS Y BEBIDAS","1","ALIMENTOS Y BEBIDAS","1","ALIMENTOS Y BEBIDAS PARA CONSUMO HUMANO","0","0","1308","0","0","0","0","0","0","0","0","0","0","0","0","0","0","0"
"2020","M","GOBIERNOS LOCALES"," "," "," "," ","300331","040101","MUNICIPALIDAD PROVINCIAL DE AREQUIPA","04","AREQUIPA","01","AREQUIPA","01","AREQUIPA","105","9002","ASIGNACIONES PRESUPUESTARIAS QUE NO RESULTAN EN PRODUCTOS","3","ACTIVIDAD","3999999","SIN PRODUCTO","5001090","PROMOCION E INCENTIVO DE LAS ACTIVIDADES ARTISTICAS Y CULTURALES","21","CULTURA Y DEPORTE","045","CULTURA","0100","PROMOCION Y DESARROLLO CULTURAL","00002","0038927","PROMOCION E INCENTIVO DE LAS ACTIVIDADES ARTISTICAS Y CULTURALES","04","AREQUIPA","5","RECURSOS DETERMINADOS","08","IMPUESTOS MUNICIPALES","0","NORMAL","5","GASTO CORRIENTE","2","3","BIENES Y SERVICIOS","1","COMPRA DE BIENES","1","ALIMENTOS Y BEBIDAS","1","ALIMENTOS Y BEBIDAS","1","ALIMENTOS Y BEBIDAS PARA CONSUMO HUMANO","0","0","0","1307.20","31.20","0","0","0","0","0","31.20","0","0","0","0","0","0","31.20"
"2020","M","GOBIERNOS LOCALES"," "," "," "," ","300331","040101","MUNICIPALIDAD PROVINCIAL DE AREQUIPA","04","AREQUIPA","01","AREQUIPA","01","AREQUIPA","105","9002","ASIGNACIONES PRESUPUESTARIAS QUE NO RESULTAN EN PRODUCTOS","3","ACTIVIDAD","3999999","SIN PRODUCTO","5001090","PROMOCION E INCENTIVO DE LAS ACTIVIDADES ARTISTICAS Y CULTURALES","21","CULTURA Y DEPORTE","045","CULTURA","0100","PROMOCION Y DESARROLLO CULTURAL","00002","0038927","PROMOCION E INCENTIVO DE LAS ACTIVIDADES ARTISTICAS Y CULTURALES","04","AREQUIPA","5","RECURSOS DETERMINADOS","08","IMPUESTOS MUNICIPALES","0","NORMAL","5","GASTO CORRIENTE","2","3","BIENES Y SERVICIOS","1","COMPRA DE BIENES","2","VESTUARIOS Y TEXTILES","1","VESTUARIO, ZAPATERIA Y ACCESORIOS, TALABARTERIA Y MATERIALES TEXTILES","1","VESTUARIO, ACCESORIOS Y PRENDAS DIVERSAS","0","0","10","0","0","0","0","0","0","0","0","0","0","0","0","0","0","0"
"2020","M","GOBIERNOS LOCALES"," "," "," "," ","300331","040101","MUNICIPALIDAD PROVINCIAL DE AREQUIPA","04","AREQUIPA","01","AREQUIPA","01","AREQUIPA","105","9002","ASIGNACIONES PRESUPUESTARIAS QUE NO RESULTAN EN PRODUCTOS","3","ACTIVIDAD","3999999","SIN PRODUCTO","5001090","PROMOCION E INCENTIVO DE LAS ACTIVIDADES ARTISTICAS Y CULTURALES","21","CULTURA Y DEPORTE","045","CULTURA","0100","PROMOCION Y DESARROLLO CULTURAL","00002","0038927","PROMOCION E INCENTIVO DE LAS ACTIVIDADES ARTISTICAS Y CULTURALES","04","AREQUIPA","5","RECURSOS DETERMINADOS","08","IMPUESTOS MUNICIPALES","0","NORMAL","5","GASTO CORRIENTE","2","3","BIENES Y SERVICIOS","1","COMPRA DE BIENES","2","VESTUARIOS Y TEXTILES","1","VESTUARIO, ZAPATERIA Y ACCESORIOS, TALABARTERIA Y MATERIALES TEXTILES","1","VESTUARIO, ACCESORIOS Y PRENDAS DIVERSAS","0","0","0","10","0","0","0","0","0","0","0","0","0","0","0","0","0","0"
"2020","M","GOBIERNOS LOCALES"," "," "," "," ","300331","040101","MUNICIPALIDAD PROVINCIAL DE AREQUIPA","04","AREQUIPA","01","AREQUIPA","01","AREQUIPA","105","9002","ASIGNACIONES PRESUPUESTARIAS QUE NO RESULTAN EN PRODUCTOS","3","ACTIVIDAD","3999999","SIN PRODUCTO","5001090","PROMOCION E INCENTIVO DE LAS ACTIVIDADES ARTISTICAS Y CULTURALES","21","CULTURA Y DEPORTE","045","CULTURA","0100","PROMOCION Y DESARROLLO CULTURAL","00002","0038927","PROMOCION E INCENTIVO DE LAS ACTIVIDADES ARTISTICAS Y CULTURALES","04","AREQUIPA","5","RECURSOS DETERMINADOS","08","IMPUESTOS MUNICIPALES","0","NORMAL","5","GASTO CORRIENTE","2","3","BIENES Y SERVICIOS","1","COMPRA DE BIENES","5","MATERIALES Y  UTILES","1","DE OFICINA","2","PAPELERIA EN GENERAL, UTILES Y MATERIALES DE OFICINA","0","0","2263","0","0","0","0","0","0","0","0","0","0","0","0","0","0","0"
"2020","M","GOBIERNOS LOCALES"," "," "," "," ","300331","040101","MUNICIPALIDAD PROVINCIAL DE AREQUIPA","04","AREQUIPA","01","AREQUIPA","01","AREQUIPA","105","9002","ASIGNACIONES PRESUPUESTARIAS QUE NO RESULTAN EN PRODUCTOS","3","ACTIVIDAD","3999999","SIN PRODUCTO","5001090","PROMOCION E INCENTIVO DE LAS ACTIVIDADES ARTISTICAS Y CULTURALES","21","CULTURA Y DEPORTE","045","CULTURA","0100","PROMOCION Y DESARROLLO CULTURAL","00002","0038927","PROMOCION E INCENTIVO DE LAS ACTIVIDADES ARTISTICAS Y CULTURALES","04","AREQUIPA","5","RECURSOS DETERMINADOS","08","IMPUESTOS MUNICIPALES","0","NORMAL","5","GASTO CORRIENTE","2","3","BIENES Y SERVICIOS","1","COMPRA DE BIENES","5","MATERIALES Y  UTILES","1","DE OFICINA","2","PAPELERIA EN GENERAL, UTILES Y MATERIALES DE OFICINA","0","0","0","2263","2263","0","0","0","24","0","39","0","0","0","0","0","0","63"
"2020","M","GOBIERNOS LOCALES"," "," "," "," ","300331","040101","MUNICIPALIDAD PROVINCIAL DE AREQUIPA","04","AREQUIPA","01","AREQUIPA","01","AREQUIPA","105","9002","ASIGNACIONES PRESUPUESTARIAS QUE NO RESULTAN EN PRODUCTOS","3","ACTIVIDAD","3999999","SIN PRODUCTO","5001090","PROMOCION E INCENTIVO DE LAS ACTIVIDADES ARTISTICAS Y CULTURALES","21","CULTURA Y DEPORTE","045","CULTURA","0100","PROMOCION Y DESARROLLO CULTURAL","00002","0038927","PROMOCION E INCENTIVO DE LAS ACTIVIDADES ARTISTICAS Y CULTURALES","04","AREQUIPA","5","RECURSOS DETERMINADOS","08","IMPUESTOS MUNICIPALES","0","NORMAL","5","GASTO CORRIENTE","2","3","BIENES Y SERVICIOS","1","COMPRA DE BIENES","5","MATERIALES Y  UTILES","3","ASEO, LIMPIEZA Y COCINA","1","ASEO, LIMPIEZA Y TOCADOR","0","0","392","0","0","0","0","0","0","0","0","0","0","0","0","0","0","0"
"2020","M","GOBIERNOS LOCALES"," "," "," "," ","300331","040101","MUNICIPALIDAD PROVINCIAL DE AREQUIPA","04","AREQUIPA","01","AREQUIPA","01","AREQUIPA","105","9002","ASIGNACIONES PRESUPUESTARIAS QUE NO RESULTAN EN PRODUCTOS","3","ACTIVIDAD","3999999","SIN PRODUCTO","5001090","PROMOCION E INCENTIVO DE LAS ACTIVIDADES ARTISTICAS Y CULTURALES","21","CULTURA Y DEPORTE","045","CULTURA","0100","PROMOCION Y DESARROLLO CULTURAL","00002","0038927","PROMOCION E INCENTIVO DE LAS ACTIVIDADES ARTISTICAS Y CULTURALES","04","AREQUIPA","5","RECURSOS DETERMINADOS","08","IMPUESTOS MUNICIPALES","0","NORMAL","5","GASTO CORRIENTE","2","3","BIENES Y SERVICIOS","1","COMPRA DE BIENES","5","MATERIALES Y  UTILES","3","ASEO, LIMPIEZA Y COCINA","1","ASEO, LIMPIEZA Y TOCADOR","0","0","0","391.10","54.10","0","0","0","0","0","54.10","0","0","0","0","0","0","54.10"
"2020","M","GOBIERNOS LOCALES"," "," "," "," ","300331","040101","MUNICIPALIDAD PROVINCIAL DE AREQUIPA","04","AREQUIPA","01","AREQUIPA","01","AREQUIPA","105","9002","ASIGNACIONES PRESUPUESTARIAS QUE NO RESULTAN EN PRODUCTOS","3","ACTIVIDAD","3999999","SIN PRODUCTO","5001090","PROMOCION E INCENTIVO DE LAS ACTIVIDADES ARTISTICAS Y CULTURALES","21","CULTURA Y DEPORTE","045","CULTURA","0100","PROMOCION Y DESARROLLO CULTURAL","00002","0038927","PROMOCION E INCENTIVO DE LAS ACTIVIDADES ARTISTICAS Y CULTURALES","04","AREQUIPA","5","RECURSOS DETERMINADOS","08","IMPUESTOS MUNICIPALES","0","NORMAL","5","GASTO CORRIENTE","2","3","BIENES Y SERVICIOS","1","COMPRA DE BIENES","8","SUMINISTROS MEDICOS","1","PRODUCTOS FARMACEUTICOS","2","MEDICAMENTOS","0","0","240","0","0","0","0","0","0","0","0","0","0","0","0","0","0","0"
"2020","M","GOBIERNOS LOCALES"," "," "," "," ","300331","040101","MUNICIPALIDAD PROVINCIAL DE AREQUIPA","04","AREQUIPA","01","AREQUIPA","01","AREQUIPA","105","9002","ASIGNACIONES PRESUPUESTARIAS QUE NO RESULTAN EN PRODUCTOS","3","ACTIVIDAD","3999999","SIN PRODUCTO","5001090","PROMOCION E INCENTIVO DE LAS ACTIVIDADES ARTISTICAS Y CULTURALES","21","CULTURA Y DEPORTE","045","CULTURA","0100","PROMOCION Y DESARROLLO CULTURAL","00002","0038927","PROMOCION E INCENTIVO DE LAS ACTIVIDADES ARTISTICAS Y CULTURALES","04","AREQUIPA","5","RECURSOS DETERMINADOS","08","IMPUESTOS MUNICIPALES","0","NORMAL","5","GASTO CORRIENTE","2","3","BIENES Y SERVICIOS","1","COMPRA DE BIENES","8","SUMINISTROS MEDICOS","1","PRODUCTOS FARMACEUTICOS","2","MEDICAMENTOS","0","0","0","240","220","0","0","0","0","0","0","0","0","0","0","0","0","0"
"2020","M","GOBIERNOS LOCALES"," "," "," "," ","300331","040101","MUNICIPALIDAD PROVINCIAL DE AREQUIPA","04","AREQUIPA","01","AREQUIPA","01","AREQUIPA","105","9002","ASIGNACIONES PRESUPUESTARIAS QUE NO RESULTAN EN PRODUCTOS","3","ACTIVIDAD","3999999","SIN PRODUCTO","5001090","PROMOCION E INCENTIVO DE LAS ACTIVIDADES ARTISTICAS Y CULTURALES","21","CULTURA Y DEPORTE","045","CULTURA","0100","PROMOCION Y DESARROLLO CULTURAL","00002","0038927","PROMOCION E INCENTIVO DE LAS ACTIVIDADES ARTISTICAS Y CULTURALES","04","AREQUIPA","5","RECURSOS DETERMINADOS","08","IMPUESTOS MUNICIPALES","0","NORMAL","5","GASTO CORRIENTE","2","3","BIENES Y SERVICIOS","1","COMPRA DE BIENES","99","COMPRA DE OTROS BIENES","1","COMPRA DE OTROS BIENES","3","LIBROS, DIARIOS, REVISTAS Y OTROS BIENES IMPRESOS NO VINCULADOS A ENSEÑANZA","0","0","726","0","0","0","0","0","0","0","0","0","0","0","0","0","0","0"
"2020","M","GOBIERNOS LOCALES"," "," "," "," ","300331","040101","MUNICIPALIDAD PROVINCIAL DE AREQUIPA","04","AREQUIPA","01","AREQUIPA","01","AREQUIPA","105","9002","ASIGNACIONES PRESUPUESTARIAS QUE NO RESULTAN EN PRODUCTOS","3","ACTIVIDAD","3999999","SIN PRODUCTO","5001090","PROMOCION E INCENTIVO DE LAS ACTIVIDADES ARTISTICAS Y CULTURALES","21","CULTURA Y DEPORTE","045","CULTURA","0100","PROMOCION Y DESARROLLO CULTURAL","00002","0038927","PROMOCION E INCENTIVO DE LAS ACTIVIDADES ARTISTICAS Y CULTURALES","04","AREQUIPA","5","RECURSOS DETERMINADOS","08","IMPUESTOS MUNICIPALES","0","NORMAL","5","GASTO CORRIENTE","2","3","BIENES Y SERVICIOS","1","COMPRA DE BIENES","99","COMPRA DE OTROS BIENES","1","COMPRA DE OTROS BIENES","3","LIBROS, DIARIOS, REVISTAS Y OTROS BIENES IMPRESOS NO VINCULADOS A ENSEÑANZA","0","0","0","726","0","0","0","0","0","0","0","0","0","0","0","0","0","0"
"2020","M","GOBIERNOS LOCALES"," "," "," "," ","300331","040101","MUNICIPALIDAD PROVINCIAL DE AREQUIPA","04","AREQUIPA","01","AREQUIPA","01","AREQUIPA","105","9002","ASIGNACIONES PRESUPUESTARIAS QUE NO RESULTAN EN PRODUCTOS","3","ACTIVIDAD","3999999","SIN PRODUCTO","5001090","PROMOCION E INCENTIVO DE LAS ACTIVIDADES ARTISTICAS Y CULTURALES","21","CULTURA Y DEPORTE","045","CULTURA","0100","PROMOCION Y DESARROLLO CULTURAL","00002","0038927","PROMOCION E INCENTIVO DE LAS ACTIVIDADES ARTISTICAS Y CULTURALES","04","AREQUIPA","5","RECURSOS DETERMINADOS","08","IMPUESTOS MUNICIPALES","0","NORMAL","5","GASTO CORRIENTE","2","3","BIENES Y SERVICIOS","1","COMPRA DE BIENES","99","COMPRA DE OTROS BIENES","1","COMPRA DE OTROS BIENES","4","SIMBOLOS, DISTINTIVOS Y CONDECORACIONES","0","0","750","0","0","0","0","0","0","0","0","0","0","0","0","0","0","0"
"2020","M","GOBIERNOS LOCALES"," "," "," "," ","300331","040101","MUNICIPALIDAD PROVINCIAL DE AREQUIPA","04","AREQUIPA","01","AREQUIPA","01","AREQUIPA","105","9002","ASIGNACIONES PRESUPUESTARIAS QUE NO RESULTAN EN PRODUCTOS","3","ACTIVIDAD","3999999","SIN PRODUCTO","5001090","PROMOCION E INCENTIVO DE LAS ACTIVIDADES ARTISTICAS Y CULTURALES","21","CULTURA Y DEPORTE","045","CULTURA","0100","PROMOCION Y DESARROLLO CULTURAL","00002","0038927","PROMOCION E INCENTIVO DE LAS ACTIVIDADES ARTISTICAS Y CULTURALES","04","AREQUIPA","5","RECURSOS DETERMINADOS","08","IMPUESTOS MUNICIPALES","0","NORMAL","5","GASTO CORRIENTE","2","3","BIENES Y SERVICIOS","1","COMPRA DE BIENES","99","COMPRA DE OTROS BIENES","1","COMPRA DE OTROS BIENES","4","SIMBOLOS, DISTINTIVOS Y CONDECORACIONES","0","0","0","750","0","0","0","0","0","0","0","0","0","0","0","0","0","0"
"2020","M","GOBIERNOS LOCALES"," "," "," "," ","300331","040101","MUNICIPALIDAD PROVINCIAL DE AREQUIPA","04","AREQUIPA","01","AREQUIPA","01","AREQUIPA","105","9002","ASIGNACIONES PRESUPUESTARIAS QUE NO RESULTAN EN PRODUCTOS","3","ACTIVIDAD","3999999","SIN PRODUCTO","5001090","PROMOCION E INCENTIVO DE LAS ACTIVIDADES ARTISTICAS Y CULTURALES","21","CULTURA Y DEPORTE","045","CULTURA","0100","PROMOCION Y DESARROLLO CULTURAL","00002","0038927","PROMOCION E INCENTIVO DE LAS ACTIVIDADES ARTISTICAS Y CULTURALES","04","AREQUIPA","5","RECURSOS DETERMINADOS","08","IMPUESTOS MUNICIPALES","0","NORMAL","5","GASTO CORRIENTE","2","3","BIENES Y SERVICIOS","1","COMPRA DE BIENES","99","COMPRA DE OTROS BIENES","1","COMPRA DE OTROS BIENES","99","OTROS BIENES","0","0","10511","0","0","0","0","0","0","0","0","0","0","0","0","0","0","0"
"2020","M","GOBIERNOS LOCALES"," "," "," "," ","300331","040101","MUNICIPALIDAD PROVINCIAL DE AREQUIPA","04","AREQUIPA","01","AREQUIPA","01","AREQUIPA","105","9002","ASIGNACIONES PRESUPUESTARIAS QUE NO RESULTAN EN PRODUCTOS","3","ACTIVIDAD","3999999","SIN PRODUCTO","5001090","PROMOCION E INCENTIVO DE LAS ACTIVIDADES ARTISTICAS Y CULTURALES","21","CULTURA Y DEPORTE","045","CULTURA","0100","PROMOCION Y DESARROLLO CULTURAL","00002","0038927","PROMOCION E INCENTIVO DE LAS ACTIVIDADES ARTISTICAS Y CULTURALES","04","AREQUIPA","5","RECURSOS DETERMINADOS","08","IMPUESTOS MUNICIPALES","0","NORMAL","5","GASTO CORRIENTE","2","3","BIENES Y SERVICIOS","1","COMPRA DE BIENES","99","COMPRA DE OTROS BIENES","1","COMPRA DE OTROS BIENES","99","OTROS BIENES","0","0","0","10036.70","9542.70","0","0","0","30","0","158.70","0","0","0","0","0","0","188.70"
"2020","M","GOBIERNOS LOCALES"," "," "," "," ","300331","040101","MUNICIPALIDAD PROVINCIAL DE AREQUIPA","04","AREQUIPA","01","AREQUIPA","01","AREQUIPA","105","9002","ASIGNACIONES PRESUPUESTARIAS QUE NO RESULTAN EN PRODUCTOS","3","ACTIVIDAD","3999999","SIN PRODUCTO","5001090","PROMOCION E INCENTIVO DE LAS ACTIVIDADES ARTISTICAS Y CULTURALES","21","CULTURA Y DEPORTE","045","CULTURA","0100","PROMOCION Y DESARROLLO CULTURAL","00002","0038927","PROMOCION E INCENTIVO DE LAS ACTIVIDADES ARTISTICAS Y CULTURALES","04","AREQUIPA","5","RECURSOS DETERMINADOS","08","IMPUESTOS MUNICIPALES","0","NORMAL","5","GASTO CORRIENTE","2","3","BIENES Y SERVICIOS","2","CONTRATACION DE SERVICIOS","1","VIAJES","2","VIAJES DOMESTICOS","99","OTROS GASTOS","0","0","398","0","0","0","0","0","0","0","0","0","0","0","0","0","0","0"
"2020","M","GOBIERNOS LOCALES"," "," "," "," ","300331","040101","MUNICIPALIDAD PROVINCIAL DE AREQUIPA","04","AREQUIPA","01","AREQUIPA","01","AREQUIPA","105","9002","ASIGNACIONES PRESUPUESTARIAS QUE NO RESULTAN EN PRODUCTOS","3","ACTIVIDAD","3999999","SIN PRODUCTO","5001090","PROMOCION E INCENTIVO DE LAS ACTIVIDADES ARTISTICAS Y CULTURALES","21","CULTURA Y DEPORTE","045","CULTURA","0100","PROMOCION Y DESARROLLO CULTURAL","00002","0038927","PROMOCION E INCENTIVO DE LAS ACTIVIDADES ARTISTICAS Y CULTURALES","04","AREQUIPA","5","RECURSOS DETERMINADOS","08","IMPUESTOS MUNICIPALES","0","NORMAL","5","GASTO CORRIENTE","2","3","BIENES Y SERVICIOS","2","CONTRATACION DE SERVICIOS","1","VIAJES","2","VIAJES DOMESTICOS","99","OTROS GASTOS","0","0","0","381.50","220.50","0","0","0","46","0","128.50","0","0","0","0","0","0","174.50"
"2020","M","GOBIERNOS LOCALES"," "," "," "," ","300331","040101","MUNICIPALIDAD PROVINCIAL DE AREQUIPA","04","AREQUIPA","01","AREQUIPA","01","AREQUIPA","105","9002","ASIGNACIONES PRESUPUESTARIAS QUE NO RESULTAN EN PRODUCTOS","3","ACTIVIDAD","3999999","SIN PRODUCTO","5001090","PROMOCION E INCENTIVO DE LAS ACTIVIDADES ARTISTICAS Y CULTURALES","21","CULTURA Y DEPORTE","045","CULTURA","0100","PROMOCION Y DESARROLLO CULTURAL","00002","0038927","PROMOCION E INCENTIVO DE LAS ACTIVIDADES ARTISTICAS Y CULTURALES","04","AREQUIPA","5","RECURSOS DETERMINADOS","08","IMPUESTOS MUNICIPALES","0","NORMAL","5","GASTO CORRIENTE","2","3","BIENES Y SERVICIOS","2","CONTRATACION DE SERVICIOS","2","SERVICIOS BASICOS, COMUNICACIONES, PUBLICIDAD Y DIFUSION","3","SERVICIOS DE MENSAJERIA, TELECOMUNICACIONES Y OTROS AFINES","1","CORREOS Y SERVICIOS DE MENSAJERIA","0","0","150","0","0","0","0","0","0","0","0","0","0","0","0","0","0","0"
"2020","M","GOBIERNOS LOCALES"," "," "," "," ","300331","040101","MUNICIPALIDAD PROVINCIAL DE AREQUIPA","04","AREQUIPA","01","AREQUIPA","01","AREQUIPA","105","9002","ASIGNACIONES PRESUPUESTARIAS QUE NO RESULTAN EN PRODUCTOS","3","ACTIVIDAD","3999999","SIN PRODUCTO","5001090","PROMOCION E INCENTIVO DE LAS ACTIVIDADES ARTISTICAS Y CULTURALES","21","CULTURA Y DEPORTE","045","CULTURA","0100","PROMOCION Y DESARROLLO CULTURAL","00002","0038927","PROMOCION E INCENTIVO DE LAS ACTIVIDADES ARTISTICAS Y CULTURALES","04","AREQUIPA","5","RECURSOS DETERMINADOS","08","IMPUESTOS MUNICIPALES","0","NORMAL","5","GASTO CORRIENTE","2","3","BIENES Y SERVICIOS","2","CONTRATACION DE SERVICIOS","2","SERVICIOS BASICOS, COMUNICACIONES, PUBLICIDAD Y DIFUSION","3","SERVICIOS DE MENSAJERIA, TELECOMUNICACIONES Y OTROS AFINES","1","CORREOS Y SERVICIOS DE MENSAJERIA","0","0","0","150","0","0","0","0","0","0","0","0","0","0","0","0","0","0"
"2020","M","GOBIERNOS LOCALES"," "," "," "," ","300331","040101","MUNICIPALIDAD PROVINCIAL DE AREQUIPA","04","AREQUIPA","01","AREQUIPA","01","AREQUIPA","105","9002","ASIGNACIONES PRESUPUESTARIAS QUE NO RESULTAN EN PRODUCTOS","3","ACTIVIDAD","3999999","SIN PRODUCTO","5001090","PROMOCION E INCENTIVO DE LAS ACTIVIDADES ARTISTICAS Y CULTURALES","21","CULTURA Y DEPORTE","045","CULTURA","0100","PROMOCION Y DESARROLLO CULTURAL","00002","0038927","PROMOCION E INCENTIVO DE LAS ACTIVIDADES ARTISTICAS Y CULTURALES","04","AREQUIPA","5","RECURSOS DETERMINADOS","08","IMPUESTOS MUNICIPALES","0","NORMAL","5","GASTO CORRIENTE","2","3","BIENES Y SERVICIOS","2","CONTRATACION DE SERVICIOS","2","SERVICIOS BASICOS, COMUNICACIONES, PUBLICIDAD Y DIFUSION","4","SERVICIO DE PUBLICIDAD, IMPRESIONES, DIFUSION E IMAGEN INSTITUCIONAL","1","SERVICIO DE PUBLICIDAD","0","0","276","0","0","0","0","0","0","0","0","0","0","0","0","0","0","0"
"2020","M","GOBIERNOS LOCALES"," "," "," "," ","300331","040101","MUNICIPALIDAD PROVINCIAL DE AREQUIPA","04","AREQUIPA","01","AREQUIPA","01","AREQUIPA","105","9002","ASIGNACIONES PRESUPUESTARIAS QUE NO RESULTAN EN PRODUCTOS","3","ACTIVIDAD","3999999","SIN PRODUCTO","5001090","PROMOCION E INCENTIVO DE LAS ACTIVIDADES ARTISTICAS Y CULTURALES","21","CULTURA Y DEPORTE","045","CULTURA","0100","PROMOCION Y DESARROLLO CULTURAL","00002","0038927","PROMOCION E INCENTIVO DE LAS ACTIVIDADES ARTISTICAS Y CULTURALES","04","AREQUIPA","5","RECURSOS DETERMINADOS","08","IMPUESTOS MUNICIPALES","0","NORMAL","5","GASTO CORRIENTE","2","3","BIENES Y SERVICIOS","2","CONTRATACION DE SERVICIOS","2","SERVICIOS BASICOS, COMUNICACIONES, PUBLICIDAD Y DIFUSION","4","SERVICIO DE PUBLICIDAD, IMPRESIONES, DIFUSION E IMAGEN INSTITUCIONAL","1","SERVICIO DE PUBLICIDAD","0","0","0","276","0","0","0","0","0","0","0","0","0","0","0","0","0","0"
"2020","M","GOBIERNOS LOCALES"," "," "," "," ","300331","040101","MUNICIPALIDAD PROVINCIAL DE AREQUIPA","04","AREQUIPA","01","AREQUIPA","01","AREQUIPA","105","9002","ASIGNACIONES PRESUPUESTARIAS QUE NO RESULTAN EN PRODUCTOS","3","ACTIVIDAD","3999999","SIN PRODUCTO","5001090","PROMOCION E INCENTIVO DE LAS ACTIVIDADES ARTISTICAS Y CULTURALES","21","CULTURA Y DEPORTE","045","CULTURA","0100","PROMOCION Y DESARROLLO CULTURAL","00002","0038927","PROMOCION E INCENTIVO DE LAS ACTIVIDADES ARTISTICAS Y CULTURALES","04","AREQUIPA","5","RECURSOS DETERMINADOS","08","IMPUESTOS MUNICIPALES","0","NORMAL","5","GASTO CORRIENTE","2","3","BIENES Y SERVICIOS","2","CONTRATACION DE SERVICIOS","7","SERVICIOS PROFESIONALES Y TECNICOS","2","SERVICIOS DE CONSULTORIAS Y SIMILARES DESARROLLADOS POR PERSONAS NATURALES","1","CONSULTORIAS","0","0","5000","0","0","0","0","0","0","0","0","0","0","0","0","0","0","0"
"2020","M","GOBIERNOS LOCALES"," "," "," "," ","300331","040101","MUNICIPALIDAD PROVINCIAL DE AREQUIPA","04","AREQUIPA","01","AREQUIPA","01","AREQUIPA","105","9002","ASIGNACIONES PRESUPUESTARIAS QUE NO RESULTAN EN PRODUCTOS","3","ACTIVIDAD","3999999","SIN PRODUCTO","5001090","PROMOCION E INCENTIVO DE LAS ACTIVIDADES ARTISTICAS Y CULTURALES","21","CULTURA Y DEPORTE","045","CULTURA","0100","PROMOCION Y DESARROLLO CULTURAL","00002","0038927","PROMOCION E INCENTIVO DE LAS ACTIVIDADES ARTISTICAS Y CULTURALES","04","AREQUIPA","5","RECURSOS DETERMINADOS","08","IMPUESTOS MUNICIPALES","0","NORMAL","5","GASTO CORRIENTE","2","3","BIENES Y SERVICIOS","2","CONTRATACION DE SERVICIOS","7","SERVICIOS PROFESIONALES Y TECNICOS","2","SERVICIOS DE CONSULTORIAS Y SIMILARES DESARROLLADOS POR PERSONAS NATURALES","1","CONSULTORIAS","0","0","0","5000","0","0","0","0","0","0","0","0","0","0","0","0","0","0"
"2020","M","GOBIERNOS LOCALES"," "," "," "," ","300331","040101","MUNICIPALIDAD PROVINCIAL DE AREQUIPA","04","AREQUIPA","01","AREQUIPA","01","AREQUIPA","105","9002","ASIGNACIONES PRESUPUESTARIAS QUE NO RESULTAN EN PRODUCTOS","3","ACTIVIDAD","3999999","SIN PRODUCTO","5001090","PROMOCION E INCENTIVO DE LAS ACTIVIDADES ARTISTICAS Y CULTURALES","21","CULTURA Y DEPORTE","045","CULTURA","0100","PROMOCION Y DESARROLLO CULTURAL","00002","0038927","PROMOCION E INCENTIVO DE LAS ACTIVIDADES ARTISTICAS Y CULTURALES","04","AREQUIPA","5","RECURSOS DETERMINADOS","08","IMPUESTOS MUNICIPALES","0","NORMAL","5","GASTO CORRIENTE","2","3","BIENES Y SERVICIOS","2","CONTRATACION DE SERVICIOS","7","SERVICIOS PROFESIONALES Y TECNICOS","11","OTROS SERVICIOS","6","SERVICIO DE IMPRESIONES, ENCUADERNACION Y EMPASTADO","0","0","800","0","0","0","0","0","0","0","0","0","0","0","0","0","0","0"
"2020","M","GOBIERNOS LOCALES"," "," "," "," ","300331","040101","MUNICIPALIDAD PROVINCIAL DE AREQUIPA","04","AREQUIPA","01","AREQUIPA","01","AREQUIPA","105","9002","ASIGNACIONES PRESUPUESTARIAS QUE NO RESULTAN EN PRODUCTOS","3","ACTIVIDAD","3999999","SIN PRODUCTO","5001090","PROMOCION E INCENTIVO DE LAS ACTIVIDADES ARTISTICAS Y CULTURALES","21","CULTURA Y DEPORTE","045","CULTURA","0100","PROMOCION Y DESARROLLO CULTURAL","00002","0038927","PROMOCION E INCENTIVO DE LAS ACTIVIDADES ARTISTICAS Y CULTURALES","04","AREQUIPA","5","RECURSOS DETERMINADOS","08","IMPUESTOS MUNICIPALES","0","NORMAL","5","GASTO CORRIENTE","2","3","BIENES Y SERVICIOS","2","CONTRATACION DE SERVICIOS","7","SERVICIOS PROFESIONALES Y TECNICOS","11","OTROS SERVICIOS","6","SERVICIO DE IMPRESIONES, ENCUADERNACION Y EMPASTADO","0","0","0","800","800","0","0","0","0","0","0","0","0","0","0","0","0","0"
"2020","M","GOBIERNOS LOCALES"," "," "," "," ","300331","040101","MUNICIPALIDAD PROVINCIAL DE AREQUIPA","04","AREQUIPA","01","AREQUIPA","01","AREQUIPA","105","9002","ASIGNACIONES PRESUPUESTARIAS QUE NO RESULTAN EN PRODUCTOS","3","ACTIVIDAD","3999999","SIN PRODUCTO","5001090","PROMOCION E INCENTIVO DE LAS ACTIVIDADES ARTISTICAS Y CULTURALES","21","CULTURA Y DEPORTE","045","CULTURA","0100","PROMOCION Y DESARROLLO CULTURAL","00002","0038927","PROMOCION E INCENTIVO DE LAS ACTIVIDADES ARTISTICAS Y CULTURALES","04","AREQUIPA","5","RECURSOS DETERMINADOS","08","IMPUESTOS MUNICIPALES","0","NORMAL","5","GASTO CORRIENTE","2","3","BIENES Y SERVICIOS","2","CONTRATACION DE SERVICIOS","7","SERVICIOS PROFESIONALES Y TECNICOS","11","OTROS SERVICIOS","99","SERVICIOS DIVERSOS","0","0","32200","0","0","0","0","0","0","0","0","0","0","0","0","0","0","0"
"2020","M","GOBIERNOS LOCALES"," "," "," "," ","300331","040101","MUNICIPALIDAD PROVINCIAL DE AREQUIPA","04","AREQUIPA","01","AREQUIPA","01","AREQUIPA","105","9002","ASIGNACIONES PRESUPUESTARIAS QUE NO RESULTAN EN PRODUCTOS","3","ACTIVIDAD","3999999","SIN PRODUCTO","5001090","PROMOCION E INCENTIVO DE LAS ACTIVIDADES ARTISTICAS Y CULTURALES","21","CULTURA Y DEPORTE","045","CULTURA","0100","PROMOCION Y DESARROLLO CULTURAL","00002","0038927","PROMOCION E INCENTIVO DE LAS ACTIVIDADES ARTISTICAS Y CULTURALES","04","AREQUIPA","5","RECURSOS DETERMINADOS","08","IMPUESTOS MUNICIPALES","0","NORMAL","5","GASTO CORRIENTE","2","3","BIENES Y SERVICIOS","2","CONTRATACION DE SERVICIOS","7","SERVICIOS PROFESIONALES Y TECNICOS","11","OTROS SERVICIOS","99","SERVICIOS DIVERSOS","0","0","0","13693.50","10688.50","0","0","0","0","0","88.50","0","0","0","0","0","600","688.50"
"2020","M","GOBIERNOS LOCALES"," "," "," "," ","300331","040101","MUNICIPALIDAD PROVINCIAL DE AREQUIPA","04","AREQUIPA","01","AREQUIPA","01","AREQUIPA","105","9002","ASIGNACIONES PRESUPUESTARIAS QUE NO RESULTAN EN PRODUCTOS","3","ACTIVIDAD","3999999","SIN PRODUCTO","5001090","PROMOCION E INCENTIVO DE LAS ACTIVIDADES ARTISTICAS Y CULTURALES","21","CULTURA Y DEPORTE","045","CULTURA","0100","PROMOCION Y DESARROLLO CULTURAL","00002","0038927","PROMOCION E INCENTIVO DE LAS ACTIVIDADES ARTISTICAS Y CULTURALES","04","AREQUIPA","5","RECURSOS DETERMINADOS","08","IMPUESTOS MUNICIPALES","7","SUB CUENTA - IMPUESTOS MUNICIPALES","5","GASTO CORRIENTE","2","1","PERSONAL Y OBLIGACIONES SOCIALES","1","RETRIBUCIONES Y COMPLEMENTOS EN EFECTIVO","1","PERSONAL ADMINISTRATIVO","1","PERSONAL ADMINISTRATIVO","2","PERSONAL ADMINISTRATIVO NOMBRADO (REGIMEN PUBLICO)","0","0","0","0","0","0","781.03","0","0","0","0","0","11737.86","0","10696.32","0","10704.14","33919.35"
"2020","M","GOBIERNOS LOCALES"," "," "," "," ","300331","040101","MUNICIPALIDAD PROVINCIAL DE AREQUIPA","04","AREQUIPA","01","AREQUIPA","01","AREQUIPA","105","9002","ASIGNACIONES PRESUPUESTARIAS QUE NO RESULTAN EN PRODUCTOS","3","ACTIVIDAD","3999999","SIN PRODUCTO","5001090","PROMOCION E INCENTIVO DE LAS ACTIVIDADES ARTISTICAS Y CULTURALES","21","CULTURA Y DEPORTE","045","CULTURA","0100","PROMOCION Y DESARROLLO CULTURAL","00002","0038927","PROMOCION E INCENTIVO DE LAS ACTIVIDADES ARTISTICAS Y CULTURALES","04","AREQUIPA","5","RECURSOS DETERMINADOS","08","IMPUESTOS MUNICIPALES","7","SUB CUENTA - IMPUESTOS MUNICIPALES","5","GASTO CORRIENTE","2","1","PERSONAL Y OBLIGACIONES SOCIALES","1","RETRIBUCIONES Y COMPLEMENTOS EN EFECTIVO","9","GASTOS VARIABLES Y OCASIONALES","1","ESCOLARIDAD, AGUINALDOS Y GRATIFICACIONES","2","AGUINALDOS","0","0","0","0","0","0","0","0","0","0","0","0","0","0","0","0","12016.32","12016.32"
"2020","M","GOBIERNOS LOCALES"," "," "," "," ","300331","040101","MUNICIPALIDAD PROVINCIAL DE AREQUIPA","04","AREQUIPA","01","AREQUIPA","01","AREQUIPA","105","9002","ASIGNACIONES PRESUPUESTARIAS QUE NO RESULTAN EN PRODUCTOS","3","ACTIVIDAD","3999999","SIN PRODUCTO","5001090","PROMOCION E INCENTIVO DE LAS ACTIVIDADES ARTISTICAS Y CULTURALES","21","CULTURA Y DEPORTE","045","CULTURA","0100","PROMOCION Y DESARROLLO CULTURAL","00002","0038927","PROMOCION E INCENTIVO DE LAS ACTIVIDADES ARTISTICAS Y CULTURALES","04","AREQUIPA","5","RECURSOS DETERMINADOS","08","IMPUESTOS MUNICIPALES","7","SUB CUENTA - IMPUESTOS MUNICIPALES","5","GASTO CORRIENTE","2","1","PERSONAL Y OBLIGACIONES SOCIALES","3","CONTRIBUCIONES A LA SEGURIDAD SOCIAL","1","OBLIGACIONES DEL EMPLEADOR","1","OBLIGACIONES DEL EMPLEADOR","5","CONTRIBUCIONES A ESSALUD","0","0","0","0","0","0","0","0","0","0","0","0","1122.87","0","962.67","0","962.67","3048.21"
"2020","M","GOBIERNOS LOCALES"," "," "," "," ","300331","040101","MUNICIPALIDAD PROVINCIAL DE AREQUIPA","04","AREQUIPA","01","AREQUIPA","01","AREQUIPA","105","9002","ASIGNACIONES PRESUPUESTARIAS QUE NO RESULTAN EN PRODUCTOS","3","ACTIVIDAD","3999999","SIN PRODUCTO","5001090","PROMOCION E INCENTIVO DE LAS ACTIVIDADES ARTISTICAS Y CULTURALES","21","CULTURA Y DEPORTE","045","CULTURA","0100","PROMOCION Y DESARROLLO CULTURAL","00002","0038927","PROMOCION E INCENTIVO DE LAS ACTIVIDADES ARTISTICAS Y CULTURALES","04","AREQUIPA","5","RECURSOS DETERMINADOS","08","IMPUESTOS MUNICIPALES","7","SUB CUENTA - IMPUESTOS MUNICIPALES","5","GASTO CORRIENTE","2","3","BIENES Y SERVICIOS","1","COMPRA DE BIENES","5","MATERIALES Y  UTILES","1","DE OFICINA","2","PAPELERIA EN GENERAL, UTILES Y MATERIALES DE OFICINA","0","0","0","0","0","0","0","0","0","0","0","0","400","0","0","1800","0","2200"
"2020","M","GOBIERNOS LOCALES"," "," "," "," ","300331","040101","MUNICIPALIDAD PROVINCIAL DE AREQUIPA","04","AREQUIPA","01","AREQUIPA","01","AREQUIPA","105","9002","ASIGNACIONES PRESUPUESTARIAS QUE NO RESULTAN EN PRODUCTOS","3","ACTIVIDAD","3999999","SIN PRODUCTO","5001090","PROMOCION E INCENTIVO DE LAS ACTIVIDADES ARTISTICAS Y CULTURALES","21","CULTURA Y DEPORTE","045","CULTURA","0100","PROMOCION Y DESARROLLO CULTURAL","00002","0038927","PROMOCION E INCENTIVO DE LAS ACTIVIDADES ARTISTICAS Y CULTURALES","04","AREQUIPA","5","RECURSOS DETERMINADOS","08","IMPUESTOS MUNICIPALES","7","SUB CUENTA - IMPUESTOS MUNICIPALES","5","GASTO CORRIENTE","2","3","BIENES Y SERVICIOS","1","COMPRA DE BIENES","8","SUMINISTROS MEDICOS","1","PRODUCTOS FARMACEUTICOS","2","MEDICAMENTOS","0","0","0","0","0","0","0","0","0","0","0","0","0","0","0","220","0","220"
"2020","M","GOBIERNOS LOCALES"," "," "," "," ","300331","040101","MUNICIPALIDAD PROVINCIAL DE AREQUIPA","04","AREQUIPA","01","AREQUIPA","01","AREQUIPA","105","9002","ASIGNACIONES PRESUPUESTARIAS QUE NO RESULTAN EN PRODUCTOS","3","ACTIVIDAD","3999999","SIN PRODUCTO","5001090","PROMOCION E INCENTIVO DE LAS ACTIVIDADES ARTISTICAS Y CULTURALES","21","CULTURA Y DEPORTE","045","CULTURA","0100","PROMOCION Y DESARROLLO CULTURAL","00002","0038927","PROMOCION E INCENTIVO DE LAS ACTIVIDADES ARTISTICAS Y CULTURALES","04","AREQUIPA","5","RECURSOS DETERMINADOS","08","IMPUESTOS MUNICIPALES","7","SUB CUENTA - IMPUESTOS MUNICIPALES","5","GASTO CORRIENTE","2","3","BIENES Y SERVICIOS","1","COMPRA DE BIENES","99","COMPRA DE OTROS BIENES","1","COMPRA DE OTROS BIENES","99","OTROS BIENES","0","0","0","0","0","0","0","0","0","0","0","0","0","0","0","8470","84","8554"
"2020","M","GOBIERNOS LOCALES"," "," "," "," ","300331","040101","MUNICIPALIDAD PROVINCIAL DE AREQUIPA","04","AREQUIPA","01","AREQUIPA","01","AREQUIPA","105","9002","ASIGNACIONES PRESUPUESTARIAS QUE NO RESULTAN EN PRODUCTOS","3","ACTIVIDAD","3999999","SIN PRODUCTO","5001090","PROMOCION E INCENTIVO DE LAS ACTIVIDADES ARTISTICAS Y CULTURALES","21","CULTURA Y DEPORTE","045","CULTURA","0100","PROMOCION Y DESARROLLO CULTURAL","00002","0038927","PROMOCION E INCENTIVO DE LAS ACTIVIDADES ARTISTICAS Y CULTURALES","04","AREQUIPA","5","RECURSOS DETERMINADOS","08","IMPUESTOS MUNICIPALES","7","SUB CUENTA - IMPUESTOS MUNICIPALES","5","GASTO CORRIENTE","2","3","BIENES Y SERVICIOS","2","CONTRATACION DE SERVICIOS","1","VIAJES","2","VIAJES DOMESTICOS","99","OTROS GASTOS","0","0","0","0","0","0","0","0","0","0","0","0","0","0","0","30","16","46"
"2020","M","GOBIERNOS LOCALES"," "," "," "," ","300331","040101","MUNICIPALIDAD PROVINCIAL DE AREQUIPA","04","AREQUIPA","01","AREQUIPA","01","AREQUIPA","105","9002","ASIGNACIONES PRESUPUESTARIAS QUE NO RESULTAN EN PRODUCTOS","3","ACTIVIDAD","3999999","SIN PRODUCTO","5001090","PROMOCION E INCENTIVO DE LAS ACTIVIDADES ARTISTICAS Y CULTURALES","21","CULTURA Y DEPORTE","045","CULTURA","0100","PROMOCION Y DESARROLLO CULTURAL","00002","0038927","PROMOCION E INCENTIVO DE LAS ACTIVIDADES ARTISTICAS Y CULTURALES","04","AREQUIPA","5","RECURSOS DETERMINADOS","08","IMPUESTOS MUNICIPALES","7","SUB CUENTA - IMPUESTOS MUNICIPALES","5","GASTO CORRIENTE","2","3","BIENES Y SERVICIOS","2","CONTRATACION DE SERVICIOS","7","SERVICIOS PROFESIONALES Y TECNICOS","11","OTROS SERVICIOS","6","SERVICIO DE IMPRESIONES, ENCUADERNACION Y EMPASTADO","0","0","0","0","0","0","0","0","0","0","0","0","0","0","0","0","800","800"
"2020","M","GOBIERNOS LOCALES"," "," "," "," ","300331","040101","MUNICIPALIDAD PROVINCIAL DE AREQUIPA","04","AREQUIPA","01","AREQUIPA","01","AREQUIPA","105","9002","ASIGNACIONES PRESUPUESTARIAS QUE NO RESULTAN EN PRODUCTOS","3","ACTIVIDAD","3999999","SIN PRODUCTO","5001090","PROMOCION E INCENTIVO DE LAS ACTIVIDADES ARTISTICAS Y CULTURALES","21","CULTURA Y DEPORTE","045","CULTURA","0100","PROMOCION Y DESARROLLO CULTURAL","00002","0038927","PROMOCION E INCENTIVO DE LAS ACTIVIDADES ARTISTICAS Y CULTURALES","04","AREQUIPA","5","RECURSOS DETERMINADOS","08","IMPUESTOS MUNICIPALES","7","SUB CUENTA - IMPUESTOS MUNICIPALES","5","GASTO CORRIENTE","2","3","BIENES Y SERVICIOS","2","CONTRATACION DE SERVICIOS","7","SERVICIOS PROFESIONALES Y TECNICOS","11","OTROS SERVICIOS","99","SERVICIOS DIVERSOS","0","0","0","0","0","0","0","0","0","0","0","0","0","0","1500","1500","7000","10000"
"2020","M","GOBIERNOS LOCALES"," "," "," "," ","300331","040101","MUNICIPALIDAD PROVINCIAL DE AREQUIPA","04","AREQUIPA","01","AREQUIPA","01","AREQUIPA","156","0101","INCREMENTO DE LA PRACTICA DE ACTIVIDADES FISICAS, DEPORTIVAS Y RECREATIVAS EN LA POBLACION PERUANA","2","PROYECTO","2416691","CREACION DEL SERVICIO DE RECREACION ACTIVA EN EL AREA DEPORTIVA DEL P.J. AUGUSTO FREYRE GARCIA MONTERROSO - LOS ALPES DISTRITO DE MARIANO MELGAR - PROVINCIA DE AREQUIPA - DEPARTAMENTO DE AREQUIPA","6000001","EXPEDIENTE TECNICO","21","CULTURA Y DEPORTE","046","DEPORTES","0101","PROMOCION Y DESARROLLO DEPORTIVO","00001","0241682","CREACION DEL SERVICIO DE RECREACION ACTIVA EN EL AREA DEPORTIVA DEL P.J. AUGUSTO FREYRE GARCIA MONTERROSO - LOS ALPES DISTRITO DE MARIANO MELGAR -AREQUIPA-AREQUIPA","04","AREQUIPA","2","RECURSOS DIRECTAMENTE RECAUDADOS","09","RECURSOS DIRECTAMENTE RECAUDADOS","0","NORMAL","6","GASTO DE CAPITAL","2","6","ADQUISICION DE ACTIVOS NO FINANCIEROS","8","OTROS GASTOS DE ACTIVOS NO FINANCIEROS","1","OTROS GASTOS DE ACTIVOS NO FINANCIEROS","3","ELABORACION DE EXPEDIENTES TECNICOS","1","ELABORACION DE EXPEDIENTES TECNICOS","0","0","9750","0","0","0","0","0","0","0","0","0","0","0","0","0","0","0"
"2020","M","GOBIERNOS LOCALES"," "," "," "," ","300331","040101","MUNICIPALIDAD PROVINCIAL DE AREQUIPA","04","AREQUIPA","01","AREQUIPA","01","AREQUIPA","156","0101","INCREMENTO DE LA PRACTICA DE ACTIVIDADES FISICAS, DEPORTIVAS Y RECREATIVAS EN LA POBLACION PERUANA","2","PROYECTO","2416691","CREACION DEL SERVICIO DE RECREACION ACTIVA EN EL AREA DEPORTIVA DEL P.J. AUGUSTO FREYRE GARCIA MONTERROSO - LOS ALPES DISTRITO DE MARIANO MELGAR - PROVINCIA DE AREQUIPA - DEPARTAMENTO DE AREQUIPA","6000001","EXPEDIENTE TECNICO","21","CULTURA Y DEPORTE","046","DEPORTES","0101","PROMOCION Y DESARROLLO DEPORTIVO","00001","0241682","CREACION DEL SERVICIO DE RECREACION ACTIVA EN EL AREA DEPORTIVA DEL P.J. AUGUSTO FREYRE GARCIA MONTERROSO - LOS ALPES DISTRITO DE MARIANO MELGAR -AREQUIPA-AREQUIPA","04","AREQUIPA","2","RECURSOS DIRECTAMENTE RECAUDADOS","09","RECURSOS DIRECTAMENTE RECAUDADOS","0","NORMAL","6","GASTO DE CAPITAL","2","6","ADQUISICION DE ACTIVOS NO FINANCIEROS","8","OTROS GASTOS DE ACTIVOS NO FINANCIEROS","1","OTROS GASTOS DE ACTIVOS NO FINANCIEROS","3","ELABORACION DE EXPEDIENTES TECNICOS","1","ELABORACION DE EXPEDIENTES TECNICOS","0","0","0","9750","0","0","0","0","0","0","0","0","0","0","0","0","0","0"
"2020","M","GOBIERNOS LOCALES"," "," "," "," ","300331","040101","MUNICIPALIDAD PROVINCIAL DE AREQUIPA","04","AREQUIPA","01","AREQUIPA","01","AREQUIPA","29","0101","INCREMENTO DE LA PRACTICA DE ACTIVIDADES FISICAS, DEPORTIVAS Y RECREATIVAS EN LA POBLACION PERUANA","3","ACTIVIDAD","3000544","TALENTOS DEPORTIVOS ACCEDEN A LA INICIACION DEPORTIVA DE ALTA COMPETENCIA","5005873","IDENTIFICACION Y DESARROLLO DE TALENTO DEPORTIVO","21","CULTURA Y DEPORTE","046","DEPORTES","0101","PROMOCION Y DESARROLLO DEPORTIVO","00001","0188120","IDENTIFICACION Y DESARROLLO DE TALENTO DEPORTIVO","04","AREQUIPA","2","RECURSOS DIRECTAMENTE RECAUDADOS","09","RECURSOS DIRECTAMENTE RECAUDADOS","0","NORMAL","5","GASTO CORRIENTE","2","3","BIENES Y SERVICIOS","1","COMPRA DE BIENES","8","SUMINISTROS MEDICOS","1","PRODUCTOS FARMACEUTICOS","99","OTROS PRODUCTOS SIMILARES","0","0","180","0","0","0","0","0","0","0","0","0","0","0","0","0","0","0"
"2020","M","GOBIERNOS LOCALES"," "," "," "," ","300331","040101","MUNICIPALIDAD PROVINCIAL DE AREQUIPA","04","AREQUIPA","01","AREQUIPA","01","AREQUIPA","29","0101","INCREMENTO DE LA PRACTICA DE ACTIVIDADES FISICAS, DEPORTIVAS Y RECREATIVAS EN LA POBLACION PERUANA","3","ACTIVIDAD","3000544","TALENTOS DEPORTIVOS ACCEDEN A LA INICIACION DEPORTIVA DE ALTA COMPETENCIA","5005873","IDENTIFICACION Y DESARROLLO DE TALENTO DEPORTIVO","21","CULTURA Y DEPORTE","046","DEPORTES","0101","PROMOCION Y DESARROLLO DEPORTIVO","00001","0188120","IDENTIFICACION Y DESARROLLO DE TALENTO DEPORTIVO","04","AREQUIPA","2","RECURSOS DIRECTAMENTE RECAUDADOS","09","RECURSOS DIRECTAMENTE RECAUDADOS","0","NORMAL","5","GASTO CORRIENTE","2","3","BIENES Y SERVICIOS","1","COMPRA DE BIENES","8","SUMINISTROS MEDICOS","1","PRODUCTOS FARMACEUTICOS","99","OTROS PRODUCTOS SIMILARES","0","0","0","180","132","0","0","0","0","0","0","0","0","0","0","0","0","0"
"2020","M","GOBIERNOS LOCALES"," "," "," "," ","300331","040101","MUNICIPALIDAD PROVINCIAL DE AREQUIPA","04","AREQUIPA","01","AREQUIPA","01","AREQUIPA","29","0101","INCREMENTO DE LA PRACTICA DE ACTIVIDADES FISICAS, DEPORTIVAS Y RECREATIVAS EN LA POBLACION PERUANA","3","ACTIVIDAD","3000544","TALENTOS DEPORTIVOS ACCEDEN A LA INICIACION DEPORTIVA DE ALTA COMPETENCIA","5005873","IDENTIFICACION Y DESARROLLO DE TALENTO DEPORTIVO","21","CULTURA Y DEPORTE","046","DEPORTES","0101","PROMOCION Y DESARROLLO DEPORTIVO","00001","0188120","IDENTIFICACION Y DESARROLLO DE TALENTO DEPORTIVO","04","AREQUIPA","2","RECURSOS DIRECTAMENTE RECAUDADOS","09","RECURSOS DIRECTAMENTE RECAUDADOS","0","NORMAL","5","GASTO CORRIENTE","2","3","BIENES Y SERVICIOS","1","COMPRA DE BIENES","9","MATERIALES Y UTILES DE ENSEÑANZA","1","MATERIALES Y UTILES DE ENSEÑANZA","99","OTROS MATERIALES DIVERSOS DE ENSEÑANZA","420","-315","105","0","0","0","0","0","0","0","0","0","0","0","0","0","0","0"
"2020","M","GOBIERNOS LOCALES"," "," "," "," ","300331","040101","MUNICIPALIDAD PROVINCIAL DE AREQUIPA","04","AREQUIPA","01","AREQUIPA","01","AREQUIPA","29","0101","INCREMENTO DE LA PRACTICA DE ACTIVIDADES FISICAS, DEPORTIVAS Y RECREATIVAS EN LA POBLACION PERUANA","3","ACTIVIDAD","3000544","TALENTOS DEPORTIVOS ACCEDEN A LA INICIACION DEPORTIVA DE ALTA COMPETENCIA","5005873","IDENTIFICACION Y DESARROLLO DE TALENTO DEPORTIVO","21","CULTURA Y DEPORTE","046","DEPORTES","0101","PROMOCION Y DESARROLLO DEPORTIVO","00001","0188120","IDENTIFICACION Y DESARROLLO DE TALENTO DEPORTIVO","04","AREQUIPA","2","RECURSOS DIRECTAMENTE RECAUDADOS","09","RECURSOS DIRECTAMENTE RECAUDADOS","0","NORMAL","5","GASTO CORRIENTE","2","3","BIENES Y SERVICIOS","1","COMPRA DE BIENES","9","MATERIALES Y UTILES DE ENSEÑANZA","1","MATERIALES Y UTILES DE ENSEÑANZA","99","OTROS MATERIALES DIVERSOS DE ENSEÑANZA","0","0","0","0","0","0","0","0","0","0","0","0","0","0","0","0","0","0"
"2020","M","GOBIERNOS LOCALES"," "," "," "," ","300331","040101","MUNICIPALIDAD PROVINCIAL DE AREQUIPA","04","AREQUIPA","01","AREQUIPA","01","AREQUIPA","29","0101","INCREMENTO DE LA PRACTICA DE ACTIVIDADES FISICAS, DEPORTIVAS Y RECREATIVAS EN LA POBLACION PERUANA","3","ACTIVIDAD","3000544","TALENTOS DEPORTIVOS ACCEDEN A LA INICIACION DEPORTIVA DE ALTA COMPETENCIA","5005873","IDENTIFICACION Y DESARROLLO DE TALENTO DEPORTIVO","21","CULTURA Y DEPORTE","046","DEPORTES","0101","PROMOCION Y DESARROLLO DEPORTIVO","00001","0188120","IDENTIFICACION Y DESARROLLO DE TALENTO DEPORTIVO","04","AREQUIPA","2","RECURSOS DIRECTAMENTE RECAUDADOS","09","RECURSOS DIRECTAMENTE RECAUDADOS","0","NORMAL","5","GASTO CORRIENTE","2","3","BIENES Y SERVICIOS","1","COMPRA DE BIENES","99","COMPRA DE OTROS BIENES","1","COMPRA DE OTROS BIENES","3","LIBROS, DIARIOS, REVISTAS Y OTROS BIENES IMPRESOS NO VINCULADOS A ENSEÑANZA","600","-120","480","0","0","0","0","0","0","0","0","0","0","0","0","0","0","0"
"2020","M","GOBIERNOS LOCALES"," "," "," "," ","300331","040101","MUNICIPALIDAD PROVINCIAL DE AREQUIPA","04","AREQUIPA","01","AREQUIPA","01","AREQUIPA","29","0101","INCREMENTO DE LA PRACTICA DE ACTIVIDADES FISICAS, DEPORTIVAS Y RECREATIVAS EN LA POBLACION PERUANA","3","ACTIVIDAD","3000544","TALENTOS DEPORTIVOS ACCEDEN A LA INICIACION DEPORTIVA DE ALTA COMPETENCIA","5005873","IDENTIFICACION Y DESARROLLO DE TALENTO DEPORTIVO","21","CULTURA Y DEPORTE","046","DEPORTES","0101","PROMOCION Y DESARROLLO DEPORTIVO","00001","0188120","IDENTIFICACION Y DESARROLLO DE TALENTO DEPORTIVO","04","AREQUIPA","2","RECURSOS DIRECTAMENTE RECAUDADOS","09","RECURSOS DIRECTAMENTE RECAUDADOS","0","NORMAL","5","GASTO CORRIENTE","2","3","BIENES Y SERVICIOS","1","COMPRA DE BIENES","99","COMPRA DE OTROS BIENES","1","COMPRA DE OTROS BIENES","3","LIBROS, DIARIOS, REVISTAS Y OTROS BIENES IMPRESOS NO VINCULADOS A ENSEÑANZA","0","0","0","480","440","0","0","0","0","0","0","0","0","0","0","0","0","0"
"2020","M","GOBIERNOS LOCALES"," "," "," "," ","300331","040101","MUNICIPALIDAD PROVINCIAL DE AREQUIPA","04","AREQUIPA","01","AREQUIPA","01","AREQUIPA","29","0101","INCREMENTO DE LA PRACTICA DE ACTIVIDADES FISICAS, DEPORTIVAS Y RECREATIVAS EN LA POBLACION PERUANA","3","ACTIVIDAD","3000544","TALENTOS DEPORTIVOS ACCEDEN A LA INICIACION DEPORTIVA DE ALTA COMPETENCIA","5005873","IDENTIFICACION Y DESARROLLO DE TALENTO DEPORTIVO","21","CULTURA Y DEPORTE","046","DEPORTES","0101","PROMOCION Y DESARROLLO DEPORTIVO","00001","0188120","IDENTIFICACION Y DESARROLLO DE TALENTO DEPORTIVO","04","AREQUIPA","2","RECURSOS DIRECTAMENTE RECAUDADOS","09","RECURSOS DIRECTAMENTE RECAUDADOS","0","NORMAL","5","GASTO CORRIENTE","2","3","BIENES Y SERVICIOS","1","COMPRA DE BIENES","99","COMPRA DE OTROS BIENES","1","COMPRA DE OTROS BIENES","4","SIMBOLOS, DISTINTIVOS Y CONDECORACIONES","5288","-1038","4250","0","0","0","0","0","0","0","0","0","0","0","0","0","0","0"
"2020","M","GOBIERNOS LOCALES"," "," "," "," ","300331","040101","MUNICIPALIDAD PROVINCIAL DE AREQUIPA","04","AREQUIPA","01","AREQUIPA","01","AREQUIPA","29","0101","INCREMENTO DE LA PRACTICA DE ACTIVIDADES FISICAS, DEPORTIVAS Y RECREATIVAS EN LA POBLACION PERUANA","3","ACTIVIDAD","3000544","TALENTOS DEPORTIVOS ACCEDEN A LA INICIACION DEPORTIVA DE ALTA COMPETENCIA","5005873","IDENTIFICACION Y DESARROLLO DE TALENTO DEPORTIVO","21","CULTURA Y DEPORTE","046","DEPORTES","0101","PROMOCION Y DESARROLLO DEPORTIVO","00001","0188120","IDENTIFICACION Y DESARROLLO DE TALENTO DEPORTIVO","04","AREQUIPA","2","RECURSOS DIRECTAMENTE RECAUDADOS","09","RECURSOS DIRECTAMENTE RECAUDADOS","0","NORMAL","5","GASTO CORRIENTE","2","3","BIENES Y SERVICIOS","1","COMPRA DE BIENES","99","COMPRA DE OTROS BIENES","1","COMPRA DE OTROS BIENES","4","SIMBOLOS, DISTINTIVOS Y CONDECORACIONES","0","0","0","0","0","0","0","0","0","0","0","0","0","0","0","0","0","0"
"2020","M","GOBIERNOS LOCALES"," "," "," "," ","300331","040101","MUNICIPALIDAD PROVINCIAL DE AREQUIPA","04","AREQUIPA","01","AREQUIPA","01","AREQUIPA","29","0101","INCREMENTO DE LA PRACTICA DE ACTIVIDADES FISICAS, DEPORTIVAS Y RECREATIVAS EN LA POBLACION PERUANA","3","ACTIVIDAD","3000544","TALENTOS DEPORTIVOS ACCEDEN A LA INICIACION DEPORTIVA DE ALTA COMPETENCIA","5005873","IDENTIFICACION Y DESARROLLO DE TALENTO DEPORTIVO","21","CULTURA Y DEPORTE","046","DEPORTES","0101","PROMOCION Y DESARROLLO DEPORTIVO","00001","0188120","IDENTIFICACION Y DESARROLLO DE TALENTO DEPORTIVO","04","AREQUIPA","2","RECURSOS DIRECTAMENTE RECAUDADOS","09","RECURSOS DIRECTAMENTE RECAUDADOS","0","NORMAL","5","GASTO CORRIENTE","2","3","BIENES Y SERVICIOS","1","COMPRA DE BIENES","99","COMPRA DE OTROS BIENES","1","COMPRA DE OTROS BIENES","99","OTROS BIENES","3094","-785","2309","0","0","0","0","0","0","0","0","0","0","0","0","0","0","0"
"2020","M","GOBIERNOS LOCALES"," "," "," "," ","300331","040101","MUNICIPALIDAD PROVINCIAL DE AREQUIPA","04","AREQUIPA","01","AREQUIPA","01","AREQUIPA","29","0101","INCREMENTO DE LA PRACTICA DE ACTIVIDADES FISICAS, DEPORTIVAS Y RECREATIVAS EN LA POBLACION PERUANA","3","ACTIVIDAD","3000544","TALENTOS DEPORTIVOS ACCEDEN A LA INICIACION DEPORTIVA DE ALTA COMPETENCIA","5005873","IDENTIFICACION Y DESARROLLO DE TALENTO DEPORTIVO","21","CULTURA Y DEPORTE","046","DEPORTES","0101","PROMOCION Y DESARROLLO DEPORTIVO","00001","0188120","IDENTIFICACION Y DESARROLLO DE TALENTO DEPORTIVO","04","AREQUIPA","2","RECURSOS DIRECTAMENTE RECAUDADOS","09","RECURSOS DIRECTAMENTE RECAUDADOS","0","NORMAL","5","GASTO CORRIENTE","2","3","BIENES Y SERVICIOS","1","COMPRA DE BIENES","99","COMPRA DE OTROS BIENES","1","COMPRA DE OTROS BIENES","99","OTROS BIENES","0","0","0","0","0","0","0","0","0","0","0","0","0","0","0","0","0","0"
"2020","M","GOBIERNOS LOCALES"," "," "," "," ","300331","040101","MUNICIPALIDAD PROVINCIAL DE AREQUIPA","04","AREQUIPA","01","AREQUIPA","01","AREQUIPA","29","0101","INCREMENTO DE LA PRACTICA DE ACTIVIDADES FISICAS, DEPORTIVAS Y RECREATIVAS EN LA POBLACION PERUANA","3","ACTIVIDAD","3000544","TALENTOS DEPORTIVOS ACCEDEN A LA INICIACION DEPORTIVA DE ALTA COMPETENCIA","5005873","IDENTIFICACION Y DESARROLLO DE TALENTO DEPORTIVO","21","CULTURA Y DEPORTE","046","DEPORTES","0101","PROMOCION Y DESARROLLO DEPORTIVO","00001","0188120","IDENTIFICACION Y DESARROLLO DE TALENTO DEPORTIVO","04","AREQUIPA","2","RECURSOS DIRECTAMENTE RECAUDADOS","09","RECURSOS DIRECTAMENTE RECAUDADOS","0","NORMAL","5","GASTO CORRIENTE","2","3","BIENES Y SERVICIOS","2","CONTRATACION DE SERVICIOS","7","SERVICIOS PROFESIONALES Y TECNICOS","7","SERVICIOS RELACIONADOS CON EL MEDIO AMBIENTE","2","SERVICIO DE REMEDIACION AMBIENTAL","8815","1901","10716","0","0","0","0","0","0","0","0","0","0","0","0","0","0","0"
"2020","M","GOBIERNOS LOCALES"," "," "," "," ","300331","040101","MUNICIPALIDAD PROVINCIAL DE AREQUIPA","04","AREQUIPA","01","AREQUIPA","01","AREQUIPA","29","0101","INCREMENTO DE LA PRACTICA DE ACTIVIDADES FISICAS, DEPORTIVAS Y RECREATIVAS EN LA POBLACION PERUANA","3","ACTIVIDAD","3000544","TALENTOS DEPORTIVOS ACCEDEN A LA INICIACION DEPORTIVA DE ALTA COMPETENCIA","5005873","IDENTIFICACION Y DESARROLLO DE TALENTO DEPORTIVO","21","CULTURA Y DEPORTE","046","DEPORTES","0101","PROMOCION Y DESARROLLO DEPORTIVO","00001","0188120","IDENTIFICACION Y DESARROLLO DE TALENTO DEPORTIVO","04","AREQUIPA","2","RECURSOS DIRECTAMENTE RECAUDADOS","09","RECURSOS DIRECTAMENTE RECAUDADOS","0","NORMAL","5","GASTO CORRIENTE","2","3","BIENES Y SERVICIOS","2","CONTRATACION DE SERVICIOS","7","SERVICIOS PROFESIONALES Y TECNICOS","11","OTROS SERVICIOS","99","SERVICIOS DIVERSOS","37223","177","37400","0","0","0","0","0","0","0","0","0","0","0","0","0","0","0"
"2020","M","GOBIERNOS LOCALES"," "," "," "," ","300331","040101","MUNICIPALIDAD PROVINCIAL DE AREQUIPA","04","AREQUIPA","01","AREQUIPA","01","AREQUIPA","29","0101","INCREMENTO DE LA PRACTICA DE ACTIVIDADES FISICAS, DEPORTIVAS Y RECREATIVAS EN LA POBLACION PERUANA","3","ACTIVIDAD","3000544","TALENTOS DEPORTIVOS ACCEDEN A LA INICIACION DEPORTIVA DE ALTA COMPETENCIA","5005873","IDENTIFICACION Y DESARROLLO DE TALENTO DEPORTIVO","21","CULTURA Y DEPORTE","046","DEPORTES","0101","PROMOCION Y DESARROLLO DEPORTIVO","00001","0188120","IDENTIFICACION Y DESARROLLO DE TALENTO DEPORTIVO","04","AREQUIPA","2","RECURSOS DIRECTAMENTE RECAUDADOS","09","RECURSOS DIRECTAMENTE RECAUDADOS","0","NORMAL","5","GASTO CORRIENTE","2","3","BIENES Y SERVICIOS","2","CONTRATACION DE SERVICIOS","7","SERVICIOS PROFESIONALES Y TECNICOS","11","OTROS SERVICIOS","99","SERVICIOS DIVERSOS","0","0","0","17700","10700","0","0","0","0","0","0","0","0","0","0","0","0","0"
"2020","M","GOBIERNOS LOCALES"," "," "," "," ","300331","040101","MUNICIPALIDAD PROVINCIAL DE AREQUIPA","04","AREQUIPA","01","AREQUIPA","01","AREQUIPA","29","0101","INCREMENTO DE LA PRACTICA DE ACTIVIDADES FISICAS, DEPORTIVAS Y RECREATIVAS EN LA POBLACION PERUANA","3","ACTIVIDAD","3000544","TALENTOS DEPORTIVOS ACCEDEN A LA INICIACION DEPORTIVA DE ALTA COMPETENCIA","5005873","IDENTIFICACION Y DESARROLLO DE TALENTO DEPORTIVO","21","CULTURA Y DEPORTE","046","DEPORTES","0101","PROMOCION Y DESARROLLO DEPORTIVO","00001","0188120","IDENTIFICACION Y DESARROLLO DE TALENTO DEPORTIVO","04","AREQUIPA","2","RECURSOS DIRECTAMENTE RECAUDADOS","09","RECURSOS DIRECTAMENTE RECAUDADOS","1","UNIVERSIDADES / GOB. LOCALES","5","GASTO CORRIENTE","2","3","BIENES Y SERVICIOS","2","CONTRATACION DE SERVICIOS","7","SERVICIOS PROFESIONALES Y TECNICOS","11","OTROS SERVICIOS","99","SERVICIOS DIVERSOS","0","0","0","0","0","0","1700","0","0","0","0","0","0","0","0","0","0","1700"
"2020","M","GOBIERNOS LOCALES"," "," "," "," ","300331","040101","MUNICIPALIDAD PROVINCIAL DE AREQUIPA","04","AREQUIPA","01","AREQUIPA","01","AREQUIPA","29","0101","INCREMENTO DE LA PRACTICA DE ACTIVIDADES FISICAS, DEPORTIVAS Y RECREATIVAS EN LA POBLACION PERUANA","3","ACTIVIDAD","3000544","TALENTOS DEPORTIVOS ACCEDEN A LA INICIACION DEPORTIVA DE ALTA COMPETENCIA","5005873","IDENTIFICACION Y DESARROLLO DE TALENTO DEPORTIVO","21","CULTURA Y DEPORTE","046","DEPORTES","0101","PROMOCION Y DESARROLLO DEPORTIVO","00001","0188120","IDENTIFICACION Y DESARROLLO DE TALENTO DEPORTIVO","04","AREQUIPA","2","RECURSOS DIRECTAMENTE RECAUDADOS","09","RECURSOS DIRECTAMENTE RECAUDADOS","7","SUB CUENTA - RECURSOS DIRECTAMENTE RECAUDADOS","5","GASTO CORRIENTE","2","3","BIENES Y SERVICIOS","1","COMPRA DE BIENES","8","SUMINISTROS MEDICOS","1","PRODUCTOS FARMACEUTICOS","99","OTROS PRODUCTOS SIMILARES","0","0","0","0","0","0","0","0","0","0","0","0","0","0","0","0","132","132"
"2020","M","GOBIERNOS LOCALES"," "," "," "," ","300331","040101","MUNICIPALIDAD PROVINCIAL DE AREQUIPA","04","AREQUIPA","01","AREQUIPA","01","AREQUIPA","29","0101","INCREMENTO DE LA PRACTICA DE ACTIVIDADES FISICAS, DEPORTIVAS Y RECREATIVAS EN LA POBLACION PERUANA","3","ACTIVIDAD","3000544","TALENTOS DEPORTIVOS ACCEDEN A LA INICIACION DEPORTIVA DE ALTA COMPETENCIA","5005873","IDENTIFICACION Y DESARROLLO DE TALENTO DEPORTIVO","21","CULTURA Y DEPORTE","046","DEPORTES","0101","PROMOCION Y DESARROLLO DEPORTIVO","00001","0188120","IDENTIFICACION Y DESARROLLO DE TALENTO DEPORTIVO","04","AREQUIPA","2","RECURSOS DIRECTAMENTE RECAUDADOS","09","RECURSOS DIRECTAMENTE RECAUDADOS","7","SUB CUENTA - RECURSOS DIRECTAMENTE RECAUDADOS","5","GASTO CORRIENTE","2","3","BIENES Y SERVICIOS","1","COMPRA DE BIENES","99","COMPRA DE OTROS BIENES","1","COMPRA DE OTROS BIENES","3","LIBROS, DIARIOS, REVISTAS Y OTROS BIENES IMPRESOS NO VINCULADOS A ENSEÑANZA","0","0","0","0","0","0","0","0","0","0","0","0","0","0","0","0","440","440"
"2020","M","GOBIERNOS LOCALES"," "," "," "," ","300331","040101","MUNICIPALIDAD PROVINCIAL DE AREQUIPA","04","AREQUIPA","01","AREQUIPA","01","AREQUIPA","29","0101","INCREMENTO DE LA PRACTICA DE ACTIVIDADES FISICAS, DEPORTIVAS Y RECREATIVAS EN LA POBLACION PERUANA","3","ACTIVIDAD","3000544","TALENTOS DEPORTIVOS ACCEDEN A LA INICIACION DEPORTIVA DE ALTA COMPETENCIA","5005873","IDENTIFICACION Y DESARROLLO DE TALENTO DEPORTIVO","21","CULTURA Y DEPORTE","046","DEPORTES","0101","PROMOCION Y DESARROLLO DEPORTIVO","00001","0188120","IDENTIFICACION Y DESARROLLO DE TALENTO DEPORTIVO","04","AREQUIPA","2","RECURSOS DIRECTAMENTE RECAUDADOS","09","RECURSOS DIRECTAMENTE RECAUDADOS","7","SUB CUENTA - RECURSOS DIRECTAMENTE RECAUDADOS","5","GASTO CORRIENTE","2","3","BIENES Y SERVICIOS","2","CONTRATACION DE SERVICIOS","7","SERVICIOS PROFESIONALES Y TECNICOS","11","OTROS SERVICIOS","99","SERVICIOS DIVERSOS","0","0","0","0","0","0","0","0","0","0","0","0","0","0","0","0","8419.35","8419.35"
"2020","M","GOBIERNOS LOCALES"," "," "," "," ","300331","040101","MUNICIPALIDAD PROVINCIAL DE AREQUIPA","04","AREQUIPA","01","AREQUIPA","01","AREQUIPA","29","0101","INCREMENTO DE LA PRACTICA DE ACTIVIDADES FISICAS, DEPORTIVAS Y RECREATIVAS EN LA POBLACION PERUANA","3","ACTIVIDAD","3000544","TALENTOS DEPORTIVOS ACCEDEN A LA INICIACION DEPORTIVA DE ALTA COMPETENCIA","5005873","IDENTIFICACION Y DESARROLLO DE TALENTO DEPORTIVO","21","CULTURA Y DEPORTE","046","DEPORTES","0101","PROMOCION Y DESARROLLO DEPORTIVO","00001","0188120","IDENTIFICACION Y DESARROLLO DE TALENTO DEPORTIVO","04","AREQUIPA","5","RECURSOS DETERMINADOS","08","IMPUESTOS MUNICIPALES","0","NORMAL","5","GASTO CORRIENTE","2","3","BIENES Y SERVICIOS","2","CONTRATACION DE SERVICIOS","7","SERVICIOS PROFESIONALES Y TECNICOS","11","OTROS SERVICIOS","99","SERVICIOS DIVERSOS","0","0","3400","0","0","0","0","0","0","0","0","0","0","0","0","0","0","0"
"2020","M","GOBIERNOS LOCALES"," "," "," "," ","300331","040101","MUNICIPALIDAD PROVINCIAL DE AREQUIPA","04","AREQUIPA","01","AREQUIPA","01","AREQUIPA","29","0101","INCREMENTO DE LA PRACTICA DE ACTIVIDADES FISICAS, DEPORTIVAS Y RECREATIVAS EN LA POBLACION PERUANA","3","ACTIVIDAD","3000544","TALENTOS DEPORTIVOS ACCEDEN A LA INICIACION DEPORTIVA DE ALTA COMPETENCIA","5005873","IDENTIFICACION Y DESARROLLO DE TALENTO DEPORTIVO","21","CULTURA Y DEPORTE","046","DEPORTES","0101","PROMOCION Y DESARROLLO DEPORTIVO","00001","0188120","IDENTIFICACION Y DESARROLLO DE TALENTO DEPORTIVO","04","AREQUIPA","5","RECURSOS DETERMINADOS","08","IMPUESTOS MUNICIPALES","0","NORMAL","5","GASTO CORRIENTE","2","3","BIENES Y SERVICIOS","2","CONTRATACION DE SERVICIOS","7","SERVICIOS PROFESIONALES Y TECNICOS","11","OTROS SERVICIOS","99","SERVICIOS DIVERSOS","0","0","0","3400","3400","0","1700","0","1700","0","0","0","0","0","0","0","0","3400"
"2020","M","GOBIERNOS LOCALES"," "," "," "," ","300331","040101","MUNICIPALIDAD PROVINCIAL DE AREQUIPA","04","AREQUIPA","01","AREQUIPA","01","AREQUIPA","30","0101","INCREMENTO DE LA PRACTICA DE ACTIVIDADES FISICAS, DEPORTIVAS Y RECREATIVAS EN LA POBLACION PERUANA","3","ACTIVIDAD","3000788","POBLACION OBJETIVO ACCEDE A MASIFICACION DEPORTIVA","5005868","DESARROLLO DE CAMPAÑAS DE MASIFICACION DEPORTIVA A LA POBLACION OBJETIVO","21","CULTURA Y DEPORTE","046","DEPORTES","0101","PROMOCION Y DESARROLLO DEPORTIVO","00001","0188115","DESARROLLO DE CAMPAÑAS DE MASIFICACION DEPORTIVA A LA POBLACION OBJETIVO","04","AREQUIPA","2","RECURSOS DIRECTAMENTE RECAUDADOS","09","RECURSOS DIRECTAMENTE RECAUDADOS","0","NORMAL","5","GASTO CORRIENTE","2","1","PERSONAL Y OBLIGACIONES SOCIALES","1","RETRIBUCIONES Y COMPLEMENTOS EN EFECTIVO","1","PERSONAL ADMINISTRATIVO","1","PERSONAL ADMINISTRATIVO","2","PERSONAL ADMINISTRATIVO NOMBRADO (REGIMEN PUBLICO)","670","0","670","0","0","0","0","0","0","0","0","0","0","0","0","0","0","0"
"2020","M","GOBIERNOS LOCALES"," "," "," "," ","300331","040101","MUNICIPALIDAD PROVINCIAL DE AREQUIPA","04","AREQUIPA","01","AREQUIPA","01","AREQUIPA","30","0101","INCREMENTO DE LA PRACTICA DE ACTIVIDADES FISICAS, DEPORTIVAS Y RECREATIVAS EN LA POBLACION PERUANA","3","ACTIVIDAD","3000788","POBLACION OBJETIVO ACCEDE A MASIFICACION DEPORTIVA","5005868","DESARROLLO DE CAMPAÑAS DE MASIFICACION DEPORTIVA A LA POBLACION OBJETIVO","21","CULTURA Y DEPORTE","046","DEPORTES","0101","PROMOCION Y DESARROLLO DEPORTIVO","00001","0188115","DESARROLLO DE CAMPAÑAS DE MASIFICACION DEPORTIVA A LA POBLACION OBJETIVO","04","AREQUIPA","2","RECURSOS DIRECTAMENTE RECAUDADOS","09","RECURSOS DIRECTAMENTE RECAUDADOS","0","NORMAL","5","GASTO CORRIENTE","2","1","PERSONAL Y OBLIGACIONES SOCIALES","1","RETRIBUCIONES Y COMPLEMENTOS EN EFECTIVO","1","PERSONAL ADMINISTRATIVO","1","PERSONAL ADMINISTRATIVO","9","PERSONAL DE CONFIANZA (RÉGIMEN LABORAL PÚBLICO)","5000","0","5000","0","0","0","0","0","0","0","0","0","0","0","0","0","0","0"
"2020","M","GOBIERNOS LOCALES"," "," "," "," ","300331","040101","MUNICIPALIDAD PROVINCIAL DE AREQUIPA","04","AREQUIPA","01","AREQUIPA","01","AREQUIPA","30","0101","INCREMENTO DE LA PRACTICA DE ACTIVIDADES FISICAS, DEPORTIVAS Y RECREATIVAS EN LA POBLACION PERUANA","3","ACTIVIDAD","3000788","POBLACION OBJETIVO ACCEDE A MASIFICACION DEPORTIVA","5005868","DESARROLLO DE CAMPAÑAS DE MASIFICACION DEPORTIVA A LA POBLACION OBJETIVO","21","CULTURA Y DEPORTE","046","DEPORTES","0101","PROMOCION Y DESARROLLO DEPORTIVO","00001","0188115","DESARROLLO DE CAMPAÑAS DE MASIFICACION DEPORTIVA A LA POBLACION OBJETIVO","04","AREQUIPA","2","RECURSOS DIRECTAMENTE RECAUDADOS","09","RECURSOS DIRECTAMENTE RECAUDADOS","0","NORMAL","5","GASTO CORRIENTE","2","1","PERSONAL Y OBLIGACIONES SOCIALES","1","RETRIBUCIONES Y COMPLEMENTOS EN EFECTIVO","1","PERSONAL ADMINISTRATIVO","2","OTRAS RETRIBUCIONES Y COMPLEMENTOS","99","OTRAS RETRIBUCIONES Y COMPLEMENTOS","3099","0","3099","0","0","0","0","0","0","0","0","0","0","0","0","0","0","0"
"2020","M","GOBIERNOS LOCALES"," "," "," "," ","300331","040101","MUNICIPALIDAD PROVINCIAL DE AREQUIPA","04","AREQUIPA","01","AREQUIPA","01","AREQUIPA","30","0101","INCREMENTO DE LA PRACTICA DE ACTIVIDADES FISICAS, DEPORTIVAS Y RECREATIVAS EN LA POBLACION PERUANA","3","ACTIVIDAD","3000788","POBLACION OBJETIVO ACCEDE A MASIFICACION DEPORTIVA","5005868","DESARROLLO DE CAMPAÑAS DE MASIFICACION DEPORTIVA A LA POBLACION OBJETIVO","21","CULTURA Y DEPORTE","046","DEPORTES","0101","PROMOCION Y DESARROLLO DEPORTIVO","00001","0188115","DESARROLLO DE CAMPAÑAS DE MASIFICACION DEPORTIVA A LA POBLACION OBJETIVO","04","AREQUIPA","2","RECURSOS DIRECTAMENTE RECAUDADOS","09","RECURSOS DIRECTAMENTE RECAUDADOS","0","NORMAL","5","GASTO CORRIENTE","2","1","PERSONAL Y OBLIGACIONES SOCIALES","3","CONTRIBUCIONES A LA SEGURIDAD SOCIAL","1","OBLIGACIONES DEL EMPLEADOR","1","OBLIGACIONES DEL EMPLEADOR","5","CONTRIBUCIONES A ESSALUD","972","0","972","0","0","0","0","0","0","0","0","0","0","0","0","0","0","0"
"2020","M","GOBIERNOS LOCALES"," "," "," "," ","300331","040101","MUNICIPALIDAD PROVINCIAL DE AREQUIPA","04","AREQUIPA","01","AREQUIPA","01","AREQUIPA","30","0101","INCREMENTO DE LA PRACTICA DE ACTIVIDADES FISICAS, DEPORTIVAS Y RECREATIVAS EN LA POBLACION PERUANA","3","ACTIVIDAD","3000788","POBLACION OBJETIVO ACCEDE A MASIFICACION DEPORTIVA","5005868","DESARROLLO DE CAMPAÑAS DE MASIFICACION DEPORTIVA A LA POBLACION OBJETIVO","21","CULTURA Y DEPORTE","046","DEPORTES","0101","PROMOCION Y DESARROLLO DEPORTIVO","00001","0188115","DESARROLLO DE CAMPAÑAS DE MASIFICACION DEPORTIVA A LA POBLACION OBJETIVO","04","AREQUIPA","2","RECURSOS DIRECTAMENTE RECAUDADOS","09","RECURSOS DIRECTAMENTE RECAUDADOS","0","NORMAL","5","GASTO CORRIENTE","2","3","BIENES Y SERVICIOS","1","COMPRA DE BIENES","1","ALIMENTOS Y BEBIDAS","1","ALIMENTOS Y BEBIDAS","1","ALIMENTOS Y BEBIDAS PARA CONSUMO HUMANO","0","0","2564","0","0","0","0","0","0","0","0","0","0","0","0","0","0","0"
"2020","M","GOBIERNOS LOCALES"," "," "," "," ","300331","040101","MUNICIPALIDAD PROVINCIAL DE AREQUIPA","04","AREQUIPA","01","AREQUIPA","01","AREQUIPA","30","0101","INCREMENTO DE LA PRACTICA DE ACTIVIDADES FISICAS, DEPORTIVAS Y RECREATIVAS EN LA POBLACION PERUANA","3","ACTIVIDAD","3000788","POBLACION OBJETIVO ACCEDE A MASIFICACION DEPORTIVA","5005868","DESARROLLO DE CAMPAÑAS DE MASIFICACION DEPORTIVA A LA POBLACION OBJETIVO","21","CULTURA Y DEPORTE","046","DEPORTES","0101","PROMOCION Y DESARROLLO DEPORTIVO","00001","0188115","DESARROLLO DE CAMPAÑAS DE MASIFICACION DEPORTIVA A LA POBLACION OBJETIVO","04","AREQUIPA","2","RECURSOS DIRECTAMENTE RECAUDADOS","09","RECURSOS DIRECTAMENTE RECAUDADOS","0","NORMAL","5","GASTO CORRIENTE","2","3","BIENES Y SERVICIOS","1","COMPRA DE BIENES","1","ALIMENTOS Y BEBIDAS","1","ALIMENTOS Y BEBIDAS","1","ALIMENTOS Y BEBIDAS PARA CONSUMO HUMANO","0","0","0","0","0","0","0","0","0","0","0","0","0","0","0","0","0","0"
"2020","M","GOBIERNOS LOCALES"," "," "," "," ","300331","040101","MUNICIPALIDAD PROVINCIAL DE AREQUIPA","04","AREQUIPA","01","AREQUIPA","01","AREQUIPA","30","0101","INCREMENTO DE LA PRACTICA DE ACTIVIDADES FISICAS, DEPORTIVAS Y RECREATIVAS EN LA POBLACION PERUANA","3","ACTIVIDAD","3000788","POBLACION OBJETIVO ACCEDE A MASIFICACION DEPORTIVA","5005868","DESARROLLO DE CAMPAÑAS DE MASIFICACION DEPORTIVA A LA POBLACION OBJETIVO","21","CULTURA Y DEPORTE","046","DEPORTES","0101","PROMOCION Y DESARROLLO DEPORTIVO","00001","0188115","DESARROLLO DE CAMPAÑAS DE MASIFICACION DEPORTIVA A LA POBLACION OBJETIVO","04","AREQUIPA","2","RECURSOS DIRECTAMENTE RECAUDADOS","09","RECURSOS DIRECTAMENTE RECAUDADOS","0","NORMAL","5","GASTO CORRIENTE","2","3","BIENES Y SERVICIOS","1","COMPRA DE BIENES","2","VESTUARIOS Y TEXTILES","1","VESTUARIO, ZAPATERIA Y ACCESORIOS, TALABARTERIA Y MATERIALES TEXTILES","1","VESTUARIO, ACCESORIOS Y PRENDAS DIVERSAS","0","0","10000","0","0","0","0","0","0","0","0","0","0","0","0","0","0","0"
"2020","M","GOBIERNOS LOCALES"," "," "," "," ","300331","040101","MUNICIPALIDAD PROVINCIAL DE AREQUIPA","04","AREQUIPA","01","AREQUIPA","01","AREQUIPA","30","0101","INCREMENTO DE LA PRACTICA DE ACTIVIDADES FISICAS, DEPORTIVAS Y RECREATIVAS EN LA POBLACION PERUANA","3","ACTIVIDAD","3000788","POBLACION OBJETIVO ACCEDE A MASIFICACION DEPORTIVA","5005868","DESARROLLO DE CAMPAÑAS DE MASIFICACION DEPORTIVA A LA POBLACION OBJETIVO","21","CULTURA Y DEPORTE","046","DEPORTES","0101","PROMOCION Y DESARROLLO DEPORTIVO","00001","0188115","DESARROLLO DE CAMPAÑAS DE MASIFICACION DEPORTIVA A LA POBLACION OBJETIVO","04","AREQUIPA","2","RECURSOS DIRECTAMENTE RECAUDADOS","09","RECURSOS DIRECTAMENTE RECAUDADOS","0","NORMAL","5","GASTO CORRIENTE","2","3","BIENES Y SERVICIOS","1","COMPRA DE BIENES","2","VESTUARIOS Y TEXTILES","1","VESTUARIO, ZAPATERIA Y ACCESORIOS, TALABARTERIA Y MATERIALES TEXTILES","1","VESTUARIO, ACCESORIOS Y PRENDAS DIVERSAS","0","0","0","0","0","0","0","0","0","0","0","0","0","0","0","0","0","0"
"2020","M","GOBIERNOS LOCALES"," "," "," "," ","300331","040101","MUNICIPALIDAD PROVINCIAL DE AREQUIPA","04","AREQUIPA","01","AREQUIPA","01","AREQUIPA","30","0101","INCREMENTO DE LA PRACTICA DE ACTIVIDADES FISICAS, DEPORTIVAS Y RECREATIVAS EN LA POBLACION PERUANA","3","ACTIVIDAD","3000788","POBLACION OBJETIVO ACCEDE A MASIFICACION DEPORTIVA","5005868","DESARROLLO DE CAMPAÑAS DE MASIFICACION DEPORTIVA A LA POBLACION OBJETIVO","21","CULTURA Y DEPORTE","046","DEPORTES","0101","PROMOCION Y DESARROLLO DEPORTIVO","00001","0188115","DESARROLLO DE CAMPAÑAS DE MASIFICACION DEPORTIVA A LA POBLACION OBJETIVO","04","AREQUIPA","2","RECURSOS DIRECTAMENTE RECAUDADOS","09","RECURSOS DIRECTAMENTE RECAUDADOS","0","NORMAL","5","GASTO CORRIENTE","2","3","BIENES Y SERVICIOS","1","COMPRA DE BIENES","5","MATERIALES Y  UTILES","1","DE OFICINA","2","PAPELERIA EN GENERAL, UTILES Y MATERIALES DE OFICINA","2358","550","2908","0","0","0","0","0","0","0","0","0","0","0","0","0","0","0"
"2020","M","GOBIERNOS LOCALES"," "," "," "," ","300331","040101","MUNICIPALIDAD PROVINCIAL DE AREQUIPA","04","AREQUIPA","01","AREQUIPA","01","AREQUIPA","30","0101","INCREMENTO DE LA PRACTICA DE ACTIVIDADES FISICAS, DEPORTIVAS Y RECREATIVAS EN LA POBLACION PERUANA","3","ACTIVIDAD","3000788","POBLACION OBJETIVO ACCEDE A MASIFICACION DEPORTIVA","5005868","DESARROLLO DE CAMPAÑAS DE MASIFICACION DEPORTIVA A LA POBLACION OBJETIVO","21","CULTURA Y DEPORTE","046","DEPORTES","0101","PROMOCION Y DESARROLLO DEPORTIVO","00001","0188115","DESARROLLO DE CAMPAÑAS DE MASIFICACION DEPORTIVA A LA POBLACION OBJETIVO","04","AREQUIPA","2","RECURSOS DIRECTAMENTE RECAUDADOS","09","RECURSOS DIRECTAMENTE RECAUDADOS","0","NORMAL","5","GASTO CORRIENTE","2","3","BIENES Y SERVICIOS","1","COMPRA DE BIENES","5","MATERIALES Y  UTILES","1","DE OFICINA","2","PAPELERIA EN GENERAL, UTILES Y MATERIALES DE OFICINA","0","0","0","2341.40","2341.40","0","0","0","0","0","0","0","0","0","0","0","0","0"
"2020","M","GOBIERNOS LOCALES"," "," "," "," ","300331","040101","MUNICIPALIDAD PROVINCIAL DE AREQUIPA","04","AREQUIPA","01","AREQUIPA","01","AREQUIPA","30","0101","INCREMENTO DE LA PRACTICA DE ACTIVIDADES FISICAS, DEPORTIVAS Y RECREATIVAS EN LA POBLACION PERUANA","3","ACTIVIDAD","3000788","POBLACION OBJETIVO ACCEDE A MASIFICACION DEPORTIVA","5005868","DESARROLLO DE CAMPAÑAS DE MASIFICACION DEPORTIVA A LA POBLACION OBJETIVO","21","CULTURA Y DEPORTE","046","DEPORTES","0101","PROMOCION Y DESARROLLO DEPORTIVO","00001","0188115","DESARROLLO DE CAMPAÑAS DE MASIFICACION DEPORTIVA A LA POBLACION OBJETIVO","04","AREQUIPA","2","RECURSOS DIRECTAMENTE RECAUDADOS","09","RECURSOS DIRECTAMENTE RECAUDADOS","0","NORMAL","5","GASTO CORRIENTE","2","3","BIENES Y SERVICIOS","1","COMPRA DE BIENES","5","MATERIALES Y  UTILES","3","ASEO, LIMPIEZA Y COCINA","1","ASEO, LIMPIEZA Y TOCADOR","910","-815","95","0","0","0","0","0","0","0","0","0","0","0","0","0","0","0"
"2020","M","GOBIERNOS LOCALES"," "," "," "," ","300331","040101","MUNICIPALIDAD PROVINCIAL DE AREQUIPA","04","AREQUIPA","01","AREQUIPA","01","AREQUIPA","30","0101","INCREMENTO DE LA PRACTICA DE ACTIVIDADES FISICAS, DEPORTIVAS Y RECREATIVAS EN LA POBLACION PERUANA","3","ACTIVIDAD","3000788","POBLACION OBJETIVO ACCEDE A MASIFICACION DEPORTIVA","5005868","DESARROLLO DE CAMPAÑAS DE MASIFICACION DEPORTIVA A LA POBLACION OBJETIVO","21","CULTURA Y DEPORTE","046","DEPORTES","0101","PROMOCION Y DESARROLLO DEPORTIVO","00001","0188115","DESARROLLO DE CAMPAÑAS DE MASIFICACION DEPORTIVA A LA POBLACION OBJETIVO","04","AREQUIPA","2","RECURSOS DIRECTAMENTE RECAUDADOS","09","RECURSOS DIRECTAMENTE RECAUDADOS","0","NORMAL","5","GASTO CORRIENTE","2","3","BIENES Y SERVICIOS","1","COMPRA DE BIENES","5","MATERIALES Y  UTILES","3","ASEO, LIMPIEZA Y COCINA","1","ASEO, LIMPIEZA Y TOCADOR","0","0","0","95","95","0","0","0","0","0","0","0","0","0","0","0","0","0"
"2020","M","GOBIERNOS LOCALES"," "," "," "," ","300331","040101","MUNICIPALIDAD PROVINCIAL DE AREQUIPA","04","AREQUIPA","01","AREQUIPA","01","AREQUIPA","30","0101","INCREMENTO DE LA PRACTICA DE ACTIVIDADES FISICAS, DEPORTIVAS Y RECREATIVAS EN LA POBLACION PERUANA","3","ACTIVIDAD","3000788","POBLACION OBJETIVO ACCEDE A MASIFICACION DEPORTIVA","5005868","DESARROLLO DE CAMPAÑAS DE MASIFICACION DEPORTIVA A LA POBLACION OBJETIVO","21","CULTURA Y DEPORTE","046","DEPORTES","0101","PROMOCION Y DESARROLLO DEPORTIVO","00001","0188115","DESARROLLO DE CAMPAÑAS DE MASIFICACION DEPORTIVA A LA POBLACION OBJETIVO","04","AREQUIPA","2","RECURSOS DIRECTAMENTE RECAUDADOS","09","RECURSOS DIRECTAMENTE RECAUDADOS","0","NORMAL","5","GASTO CORRIENTE","2","3","BIENES Y SERVICIOS","1","COMPRA DE BIENES","8","SUMINISTROS MEDICOS","1","PRODUCTOS FARMACEUTICOS","2","MEDICAMENTOS","0","0","0","0","0","0","0","0","0","0","0","0","0","0","0","0","0","0"
"2020","M","GOBIERNOS LOCALES"," "," "," "," ","300331","040101","MUNICIPALIDAD PROVINCIAL DE AREQUIPA","04","AREQUIPA","01","AREQUIPA","01","AREQUIPA","30","0101","INCREMENTO DE LA PRACTICA DE ACTIVIDADES FISICAS, DEPORTIVAS Y RECREATIVAS EN LA POBLACION PERUANA","3","ACTIVIDAD","3000788","POBLACION OBJETIVO ACCEDE A MASIFICACION DEPORTIVA","5005868","DESARROLLO DE CAMPAÑAS DE MASIFICACION DEPORTIVA A LA POBLACION OBJETIVO","21","CULTURA Y DEPORTE","046","DEPORTES","0101","PROMOCION Y DESARROLLO DEPORTIVO","00001","0188115","DESARROLLO DE CAMPAÑAS DE MASIFICACION DEPORTIVA A LA POBLACION OBJETIVO","04","AREQUIPA","2","RECURSOS DIRECTAMENTE RECAUDADOS","09","RECURSOS DIRECTAMENTE RECAUDADOS","0","NORMAL","5","GASTO CORRIENTE","2","3","BIENES Y SERVICIOS","1","COMPRA DE BIENES","8","SUMINISTROS MEDICOS","1","PRODUCTOS FARMACEUTICOS","2","MEDICAMENTOS","0","0","0","0","0","0","0","0","0","0","0","0","0","0","0","0","0","0"
"2020","M","GOBIERNOS LOCALES"," "," "," "," ","300331","040101","MUNICIPALIDAD PROVINCIAL DE AREQUIPA","04","AREQUIPA","01","AREQUIPA","01","AREQUIPA","30","0101","INCREMENTO DE LA PRACTICA DE ACTIVIDADES FISICAS, DEPORTIVAS Y RECREATIVAS EN LA POBLACION PERUANA","3","ACTIVIDAD","3000788","POBLACION OBJETIVO ACCEDE A MASIFICACION DEPORTIVA","5005868","DESARROLLO DE CAMPAÑAS DE MASIFICACION DEPORTIVA A LA POBLACION OBJETIVO","21","CULTURA Y DEPORTE","046","DEPORTES","0101","PROMOCION Y DESARROLLO DEPORTIVO","00001","0188115","DESARROLLO DE CAMPAÑAS DE MASIFICACION DEPORTIVA A LA POBLACION OBJETIVO","04","AREQUIPA","2","RECURSOS DIRECTAMENTE RECAUDADOS","09","RECURSOS DIRECTAMENTE RECAUDADOS","0","NORMAL","5","GASTO CORRIENTE","2","3","BIENES Y SERVICIOS","1","COMPRA DE BIENES","99","COMPRA DE OTROS BIENES","1","COMPRA DE OTROS BIENES","3","LIBROS, DIARIOS, REVISTAS Y OTROS BIENES IMPRESOS NO VINCULADOS A ENSEÑANZA","40","69","109","0","0","0","0","0","0","0","0","0","0","0","0","0","0","0"
"2020","M","GOBIERNOS LOCALES"," "," "," "," ","300331","040101","MUNICIPALIDAD PROVINCIAL DE AREQUIPA","04","AREQUIPA","01","AREQUIPA","01","AREQUIPA","30","0101","INCREMENTO DE LA PRACTICA DE ACTIVIDADES FISICAS, DEPORTIVAS Y RECREATIVAS EN LA POBLACION PERUANA","3","ACTIVIDAD","3000788","POBLACION OBJETIVO ACCEDE A MASIFICACION DEPORTIVA","5005868","DESARROLLO DE CAMPAÑAS DE MASIFICACION DEPORTIVA A LA POBLACION OBJETIVO","21","CULTURA Y DEPORTE","046","DEPORTES","0101","PROMOCION Y DESARROLLO DEPORTIVO","00001","0188115","DESARROLLO DE CAMPAÑAS DE MASIFICACION DEPORTIVA A LA POBLACION OBJETIVO","04","AREQUIPA","2","RECURSOS DIRECTAMENTE RECAUDADOS","09","RECURSOS DIRECTAMENTE RECAUDADOS","0","NORMAL","5","GASTO CORRIENTE","2","3","BIENES Y SERVICIOS","1","COMPRA DE BIENES","99","COMPRA DE OTROS BIENES","1","COMPRA DE OTROS BIENES","3","LIBROS, DIARIOS, REVISTAS Y OTROS BIENES IMPRESOS NO VINCULADOS A ENSEÑANZA","0","0","0","109","109","0","0","0","0","0","0","0","0","0","0","0","0","0"
"2020","M","GOBIERNOS LOCALES"," "," "," "," ","300331","040101","MUNICIPALIDAD PROVINCIAL DE AREQUIPA","04","AREQUIPA","01","AREQUIPA","01","AREQUIPA","30","0101","INCREMENTO DE LA PRACTICA DE ACTIVIDADES FISICAS, DEPORTIVAS Y RECREATIVAS EN LA POBLACION PERUANA","3","ACTIVIDAD","3000788","POBLACION OBJETIVO ACCEDE A MASIFICACION DEPORTIVA","5005868","DESARROLLO DE CAMPAÑAS DE MASIFICACION DEPORTIVA A LA POBLACION OBJETIVO","21","CULTURA Y DEPORTE","046","DEPORTES","0101","PROMOCION Y DESARROLLO DEPORTIVO","00001","0188115","DESARROLLO DE CAMPAÑAS DE MASIFICACION DEPORTIVA A LA POBLACION OBJETIVO","04","AREQUIPA","2","RECURSOS DIRECTAMENTE RECAUDADOS","09","RECURSOS DIRECTAMENTE RECAUDADOS","0","NORMAL","5","GASTO CORRIENTE","2","3","BIENES Y SERVICIOS","1","COMPRA DE BIENES","99","COMPRA DE OTROS BIENES","1","COMPRA DE OTROS BIENES","4","SIMBOLOS, DISTINTIVOS Y CONDECORACIONES","5680","1000","6680","0","0","0","0","0","0","0","0","0","0","0","0","0","0","0"
"2020","M","GOBIERNOS LOCALES"," "," "," "," ","300331","040101","MUNICIPALIDAD PROVINCIAL DE AREQUIPA","04","AREQUIPA","01","AREQUIPA","01","AREQUIPA","30","0101","INCREMENTO DE LA PRACTICA DE ACTIVIDADES FISICAS, DEPORTIVAS Y RECREATIVAS EN LA POBLACION PERUANA","3","ACTIVIDAD","3000788","POBLACION OBJETIVO ACCEDE A MASIFICACION DEPORTIVA","5005868","DESARROLLO DE CAMPAÑAS DE MASIFICACION DEPORTIVA A LA POBLACION OBJETIVO","21","CULTURA Y DEPORTE","046","DEPORTES","0101","PROMOCION Y DESARROLLO DEPORTIVO","00001","0188115","DESARROLLO DE CAMPAÑAS DE MASIFICACION DEPORTIVA A LA POBLACION OBJETIVO","04","AREQUIPA","2","RECURSOS DIRECTAMENTE RECAUDADOS","09","RECURSOS DIRECTAMENTE RECAUDADOS","0","NORMAL","5","GASTO CORRIENTE","2","3","BIENES Y SERVICIOS","1","COMPRA DE BIENES","99","COMPRA DE OTROS BIENES","1","COMPRA DE OTROS BIENES","4","SIMBOLOS, DISTINTIVOS Y CONDECORACIONES","0","0","0","0","0","0","0","0","0","0","0","0","0","0","0","0","0","0"
"2020","M","GOBIERNOS LOCALES"," "," "," "," ","300331","040101","MUNICIPALIDAD PROVINCIAL DE AREQUIPA","04","AREQUIPA","01","AREQUIPA","01","AREQUIPA","30","0101","INCREMENTO DE LA PRACTICA DE ACTIVIDADES FISICAS, DEPORTIVAS Y RECREATIVAS EN LA POBLACION PERUANA","3","ACTIVIDAD","3000788","POBLACION OBJETIVO ACCEDE A MASIFICACION DEPORTIVA","5005868","DESARROLLO DE CAMPAÑAS DE MASIFICACION DEPORTIVA A LA POBLACION OBJETIVO","21","CULTURA Y DEPORTE","046","DEPORTES","0101","PROMOCION Y DESARROLLO DEPORTIVO","00001","0188115","DESARROLLO DE CAMPAÑAS DE MASIFICACION DEPORTIVA A LA POBLACION OBJETIVO","04","AREQUIPA","2","RECURSOS DIRECTAMENTE RECAUDADOS","09","RECURSOS DIRECTAMENTE RECAUDADOS","0","NORMAL","5","GASTO CORRIENTE","2","3","BIENES Y SERVICIOS","1","COMPRA DE BIENES","99","COMPRA DE OTROS BIENES","1","COMPRA DE OTROS BIENES","99","OTROS BIENES","8016","-7410","606","0","0","0","0","0","0","0","0","0","0","0","0","0","0","0"
"2020","M","GOBIERNOS LOCALES"," "," "," "," ","300331","040101","MUNICIPALIDAD PROVINCIAL DE AREQUIPA","04","AREQUIPA","01","AREQUIPA","01","AREQUIPA","30","0101","INCREMENTO DE LA PRACTICA DE ACTIVIDADES FISICAS, DEPORTIVAS Y RECREATIVAS EN LA POBLACION PERUANA","3","ACTIVIDAD","3000788","POBLACION OBJETIVO ACCEDE A MASIFICACION DEPORTIVA","5005868","DESARROLLO DE CAMPAÑAS DE MASIFICACION DEPORTIVA A LA POBLACION OBJETIVO","21","CULTURA Y DEPORTE","046","DEPORTES","0101","PROMOCION Y DESARROLLO DEPORTIVO","00001","0188115","DESARROLLO DE CAMPAÑAS DE MASIFICACION DEPORTIVA A LA POBLACION OBJETIVO","04","AREQUIPA","2","RECURSOS DIRECTAMENTE RECAUDADOS","09","RECURSOS DIRECTAMENTE RECAUDADOS","0","NORMAL","5","GASTO CORRIENTE","2","3","BIENES Y SERVICIOS","1","COMPRA DE BIENES","99","COMPRA DE OTROS BIENES","1","COMPRA DE OTROS BIENES","99","OTROS BIENES","0","0","0","605.40","605.40","0","0","0","0","0","0","0","0","0","0","0","0","0"
"2020","M","GOBIERNOS LOCALES"," "," "," "," ","300331","040101","MUNICIPALIDAD PROVINCIAL DE AREQUIPA","04","AREQUIPA","01","AREQUIPA","01","AREQUIPA","30","0101","INCREMENTO DE LA PRACTICA DE ACTIVIDADES FISICAS, DEPORTIVAS Y RECREATIVAS EN LA POBLACION PERUANA","3","ACTIVIDAD","3000788","POBLACION OBJETIVO ACCEDE A MASIFICACION DEPORTIVA","5005868","DESARROLLO DE CAMPAÑAS DE MASIFICACION DEPORTIVA A LA POBLACION OBJETIVO","21","CULTURA Y DEPORTE","046","DEPORTES","0101","PROMOCION Y DESARROLLO DEPORTIVO","00001","0188115","DESARROLLO DE CAMPAÑAS DE MASIFICACION DEPORTIVA A LA POBLACION OBJETIVO","04","AREQUIPA","2","RECURSOS DIRECTAMENTE RECAUDADOS","09","RECURSOS DIRECTAMENTE RECAUDADOS","0","NORMAL","5","GASTO CORRIENTE","2","3","BIENES Y SERVICIOS","2","CONTRATACION DE SERVICIOS","2","SERVICIOS BASICOS, COMUNICACIONES, PUBLICIDAD Y DIFUSION","3","SERVICIOS DE MENSAJERIA, TELECOMUNICACIONES Y OTROS AFINES","1","CORREOS Y SERVICIOS DE MENSAJERIA","524","-524","0","0","0","0","0","0","0","0","0","0","0","0","0","0","0","0"
"2020","M","GOBIERNOS LOCALES"," "," "," "," ","300331","040101","MUNICIPALIDAD PROVINCIAL DE AREQUIPA","04","AREQUIPA","01","AREQUIPA","01","AREQUIPA","30","0101","INCREMENTO DE LA PRACTICA DE ACTIVIDADES FISICAS, DEPORTIVAS Y RECREATIVAS EN LA POBLACION PERUANA","3","ACTIVIDAD","3000788","POBLACION OBJETIVO ACCEDE A MASIFICACION DEPORTIVA","5005868","DESARROLLO DE CAMPAÑAS DE MASIFICACION DEPORTIVA A LA POBLACION OBJETIVO","21","CULTURA Y DEPORTE","046","DEPORTES","0101","PROMOCION Y DESARROLLO DEPORTIVO","00001","0188115","DESARROLLO DE CAMPAÑAS DE MASIFICACION DEPORTIVA A LA POBLACION OBJETIVO","04","AREQUIPA","2","RECURSOS DIRECTAMENTE RECAUDADOS","09","RECURSOS DIRECTAMENTE RECAUDADOS","0","NORMAL","5","GASTO CORRIENTE","2","3","BIENES Y SERVICIOS","2","CONTRATACION DE SERVICIOS","5","ALQUILERES DE MUEBLES E INMUEBLES","1","ALQUILERES DE MUEBLES E INMUEBLES","2","DE VEHICULOS","49500","18500","68000","0","0","0","0","0","0","0","0","0","0","0","0","0","0","0"
"2020","M","GOBIERNOS LOCALES"," "," "," "," ","300331","040101","MUNICIPALIDAD PROVINCIAL DE AREQUIPA","04","AREQUIPA","01","AREQUIPA","01","AREQUIPA","30","0101","INCREMENTO DE LA PRACTICA DE ACTIVIDADES FISICAS, DEPORTIVAS Y RECREATIVAS EN LA POBLACION PERUANA","3","ACTIVIDAD","3000788","POBLACION OBJETIVO ACCEDE A MASIFICACION DEPORTIVA","5005868","DESARROLLO DE CAMPAÑAS DE MASIFICACION DEPORTIVA A LA POBLACION OBJETIVO","21","CULTURA Y DEPORTE","046","DEPORTES","0101","PROMOCION Y DESARROLLO DEPORTIVO","00001","0188115","DESARROLLO DE CAMPAÑAS DE MASIFICACION DEPORTIVA A LA POBLACION OBJETIVO","04","AREQUIPA","2","RECURSOS DIRECTAMENTE RECAUDADOS","09","RECURSOS DIRECTAMENTE RECAUDADOS","0","NORMAL","5","GASTO CORRIENTE","2","3","BIENES Y SERVICIOS","2","CONTRATACION DE SERVICIOS","5","ALQUILERES DE MUEBLES E INMUEBLES","1","ALQUILERES DE MUEBLES E INMUEBLES","2","DE VEHICULOS","0","0","0","66000","0","0","0","0","0","0","0","0","0","0","0","0","0","0"
"2020","M","GOBIERNOS LOCALES"," "," "," "," ","300331","040101","MUNICIPALIDAD PROVINCIAL DE AREQUIPA","04","AREQUIPA","01","AREQUIPA","01","AREQUIPA","30","0101","INCREMENTO DE LA PRACTICA DE ACTIVIDADES FISICAS, DEPORTIVAS Y RECREATIVAS EN LA POBLACION PERUANA","3","ACTIVIDAD","3000788","POBLACION OBJETIVO ACCEDE A MASIFICACION DEPORTIVA","5005868","DESARROLLO DE CAMPAÑAS DE MASIFICACION DEPORTIVA A LA POBLACION OBJETIVO","21","CULTURA Y DEPORTE","046","DEPORTES","0101","PROMOCION Y DESARROLLO DEPORTIVO","00001","0188115","DESARROLLO DE CAMPAÑAS DE MASIFICACION DEPORTIVA A LA POBLACION OBJETIVO","04","AREQUIPA","2","RECURSOS DIRECTAMENTE RECAUDADOS","09","RECURSOS DIRECTAMENTE RECAUDADOS","0","NORMAL","5","GASTO CORRIENTE","2","3","BIENES Y SERVICIOS","2","CONTRATACION DE SERVICIOS","5","ALQUILERES DE MUEBLES E INMUEBLES","1","ALQUILERES DE MUEBLES E INMUEBLES","4","DE MAQUINARIAS Y EQUIPOS","0","0","3051","0","0","0","0","0","0","0","0","0","0","0","0","0","0","0"
"2020","M","GOBIERNOS LOCALES"," "," "," "," ","300331","040101","MUNICIPALIDAD PROVINCIAL DE AREQUIPA","04","AREQUIPA","01","AREQUIPA","01","AREQUIPA","30","0101","INCREMENTO DE LA PRACTICA DE ACTIVIDADES FISICAS, DEPORTIVAS Y RECREATIVAS EN LA POBLACION PERUANA","3","ACTIVIDAD","3000788","POBLACION OBJETIVO ACCEDE A MASIFICACION DEPORTIVA","5005868","DESARROLLO DE CAMPAÑAS DE MASIFICACION DEPORTIVA A LA POBLACION OBJETIVO","21","CULTURA Y DEPORTE","046","DEPORTES","0101","PROMOCION Y DESARROLLO DEPORTIVO","00001","0188115","DESARROLLO DE CAMPAÑAS DE MASIFICACION DEPORTIVA A LA POBLACION OBJETIVO","04","AREQUIPA","2","RECURSOS DIRECTAMENTE RECAUDADOS","09","RECURSOS DIRECTAMENTE RECAUDADOS","0","NORMAL","5","GASTO CORRIENTE","2","3","BIENES Y SERVICIOS","2","CONTRATACION DE SERVICIOS","5","ALQUILERES DE MUEBLES E INMUEBLES","1","ALQUILERES DE MUEBLES E INMUEBLES","4","DE MAQUINARIAS Y EQUIPOS","0","0","0","0","0","0","0","0","0","0","0","0","0","0","0","0","0","0"
"2020","M","GOBIERNOS LOCALES"," "," "," "," ","300331","040101","MUNICIPALIDAD PROVINCIAL DE AREQUIPA","04","AREQUIPA","01","AREQUIPA","01","AREQUIPA","30","0101","INCREMENTO DE LA PRACTICA DE ACTIVIDADES FISICAS, DEPORTIVAS Y RECREATIVAS EN LA POBLACION PERUANA","3","ACTIVIDAD","3000788","POBLACION OBJETIVO ACCEDE A MASIFICACION DEPORTIVA","5005868","DESARROLLO DE CAMPAÑAS DE MASIFICACION DEPORTIVA A LA POBLACION OBJETIVO","21","CULTURA Y DEPORTE","046","DEPORTES","0101","PROMOCION Y DESARROLLO DEPORTIVO","00001","0188115","DESARROLLO DE CAMPAÑAS DE MASIFICACION DEPORTIVA A LA POBLACION OBJETIVO","04","AREQUIPA","2","RECURSOS DIRECTAMENTE RECAUDADOS","09","RECURSOS DIRECTAMENTE RECAUDADOS","0","NORMAL","5","GASTO CORRIENTE","2","3","BIENES Y SERVICIOS","2","CONTRATACION DE SERVICIOS","7","SERVICIOS PROFESIONALES Y TECNICOS","7","SERVICIOS RELACIONADOS CON EL MEDIO AMBIENTE","2","SERVICIO DE REMEDIACION AMBIENTAL","0","0","4223","0","0","0","0","0","0","0","0","0","0","0","0","0","0","0"
"2020","M","GOBIERNOS LOCALES"," "," "," "," ","300331","040101","MUNICIPALIDAD PROVINCIAL DE AREQUIPA","04","AREQUIPA","01","AREQUIPA","01","AREQUIPA","30","0101","INCREMENTO DE LA PRACTICA DE ACTIVIDADES FISICAS, DEPORTIVAS Y RECREATIVAS EN LA POBLACION PERUANA","3","ACTIVIDAD","3000788","POBLACION OBJETIVO ACCEDE A MASIFICACION DEPORTIVA","5005868","DESARROLLO DE CAMPAÑAS DE MASIFICACION DEPORTIVA A LA POBLACION OBJETIVO","21","CULTURA Y DEPORTE","046","DEPORTES","0101","PROMOCION Y DESARROLLO DEPORTIVO","00001","0188115","DESARROLLO DE CAMPAÑAS DE MASIFICACION DEPORTIVA A LA POBLACION OBJETIVO","04","AREQUIPA","2","RECURSOS DIRECTAMENTE RECAUDADOS","09","RECURSOS DIRECTAMENTE RECAUDADOS","0","NORMAL","5","GASTO CORRIENTE","2","3","BIENES Y SERVICIOS","2","CONTRATACION DE SERVICIOS","7","SERVICIOS PROFESIONALES Y TECNICOS","7","SERVICIOS RELACIONADOS CON EL MEDIO AMBIENTE","2","SERVICIO DE REMEDIACION AMBIENTAL","0","0","0","0","0","0","0","0","0","0","0","0","0","0","0","0","0","0"
"2020","M","GOBIERNOS LOCALES"," "," "," "," ","300331","040101","MUNICIPALIDAD PROVINCIAL DE AREQUIPA","04","AREQUIPA","01","AREQUIPA","01","AREQUIPA","30","0101","INCREMENTO DE LA PRACTICA DE ACTIVIDADES FISICAS, DEPORTIVAS Y RECREATIVAS EN LA POBLACION PERUANA","3","ACTIVIDAD","3000788","POBLACION OBJETIVO ACCEDE A MASIFICACION DEPORTIVA","5005868","DESARROLLO DE CAMPAÑAS DE MASIFICACION DEPORTIVA A LA POBLACION OBJETIVO","21","CULTURA Y DEPORTE","046","DEPORTES","0101","PROMOCION Y DESARROLLO DEPORTIVO","00001","0188115","DESARROLLO DE CAMPAÑAS DE MASIFICACION DEPORTIVA A LA POBLACION OBJETIVO","04","AREQUIPA","2","RECURSOS DIRECTAMENTE RECAUDADOS","09","RECURSOS DIRECTAMENTE RECAUDADOS","0","NORMAL","5","GASTO CORRIENTE","2","3","BIENES Y SERVICIOS","2","CONTRATACION DE SERVICIOS","7","SERVICIOS PROFESIONALES Y TECNICOS","11","OTROS SERVICIOS","99","SERVICIOS DIVERSOS","25050","-4950","20100","0","0","0","0","0","0","0","0","0","0","0","0","0","0","0"
"2020","M","GOBIERNOS LOCALES"," "," "," "," ","300331","040101","MUNICIPALIDAD PROVINCIAL DE AREQUIPA","04","AREQUIPA","01","AREQUIPA","01","AREQUIPA","30","0101","INCREMENTO DE LA PRACTICA DE ACTIVIDADES FISICAS, DEPORTIVAS Y RECREATIVAS EN LA POBLACION PERUANA","3","ACTIVIDAD","3000788","POBLACION OBJETIVO ACCEDE A MASIFICACION DEPORTIVA","5005868","DESARROLLO DE CAMPAÑAS DE MASIFICACION DEPORTIVA A LA POBLACION OBJETIVO","21","CULTURA Y DEPORTE","046","DEPORTES","0101","PROMOCION Y DESARROLLO DEPORTIVO","00001","0188115","DESARROLLO DE CAMPAÑAS DE MASIFICACION DEPORTIVA A LA POBLACION OBJETIVO","04","AREQUIPA","2","RECURSOS DIRECTAMENTE RECAUDADOS","09","RECURSOS DIRECTAMENTE RECAUDADOS","0","NORMAL","5","GASTO CORRIENTE","2","3","BIENES Y SERVICIOS","2","CONTRATACION DE SERVICIOS","7","SERVICIOS PROFESIONALES Y TECNICOS","11","OTROS SERVICIOS","99","SERVICIOS DIVERSOS","0","0","0","1300","1300","0","0","0","0","0","0","0","0","0","0","0","0","0"
"2020","M","GOBIERNOS LOCALES"," "," "," "," ","300331","040101","MUNICIPALIDAD PROVINCIAL DE AREQUIPA","04","AREQUIPA","01","AREQUIPA","01","AREQUIPA","30","0101","INCREMENTO DE LA PRACTICA DE ACTIVIDADES FISICAS, DEPORTIVAS Y RECREATIVAS EN LA POBLACION PERUANA","3","ACTIVIDAD","3000788","POBLACION OBJETIVO ACCEDE A MASIFICACION DEPORTIVA","5005868","DESARROLLO DE CAMPAÑAS DE MASIFICACION DEPORTIVA A LA POBLACION OBJETIVO","21","CULTURA Y DEPORTE","046","DEPORTES","0101","PROMOCION Y DESARROLLO DEPORTIVO","00001","0188115","DESARROLLO DE CAMPAÑAS DE MASIFICACION DEPORTIVA A LA POBLACION OBJETIVO","04","AREQUIPA","2","RECURSOS DIRECTAMENTE RECAUDADOS","09","RECURSOS DIRECTAMENTE RECAUDADOS","0","NORMAL","5","GASTO CORRIENTE","2","3","BIENES Y SERVICIOS","2","CONTRATACION DE SERVICIOS","8","CONTRATO ADMINISTRATIVO DE SERVICIOS","1","CONTRATO ADMINISTRATIVO DE SERVICIOS","2","CONTRIBUCIONES A ESSALUD DE C.A.S.","339","0","339","0","0","0","0","0","0","0","0","0","0","0","0","0","0","0"
"2020","M","GOBIERNOS LOCALES"," "," "," "," ","300331","040101","MUNICIPALIDAD PROVINCIAL DE AREQUIPA","04","AREQUIPA","01","AREQUIPA","01","AREQUIPA","30","0101","INCREMENTO DE LA PRACTICA DE ACTIVIDADES FISICAS, DEPORTIVAS Y RECREATIVAS EN LA POBLACION PERUANA","3","ACTIVIDAD","3000788","POBLACION OBJETIVO ACCEDE A MASIFICACION DEPORTIVA","5005868","DESARROLLO DE CAMPAÑAS DE MASIFICACION DEPORTIVA A LA POBLACION OBJETIVO","21","CULTURA Y DEPORTE","046","DEPORTES","0101","PROMOCION Y DESARROLLO DEPORTIVO","00001","0188115","DESARROLLO DE CAMPAÑAS DE MASIFICACION DEPORTIVA A LA POBLACION OBJETIVO","04","AREQUIPA","2","RECURSOS DIRECTAMENTE RECAUDADOS","09","RECURSOS DIRECTAMENTE RECAUDADOS","0","NORMAL","5","GASTO CORRIENTE","2","3","BIENES Y SERVICIOS","2","CONTRATACION DE SERVICIOS","8","CONTRATO ADMINISTRATIVO DE SERVICIOS","1","CONTRATO ADMINISTRATIVO DE SERVICIOS","2","CONTRIBUCIONES A ESSALUD DE C.A.S.","0","0","0","108","108","0","0","0","0","0","0","0","0","0","0","0","0","0"
"2020","M","GOBIERNOS LOCALES"," "," "," "," ","300331","040101","MUNICIPALIDAD PROVINCIAL DE AREQUIPA","04","AREQUIPA","01","AREQUIPA","01","AREQUIPA","30","0101","INCREMENTO DE LA PRACTICA DE ACTIVIDADES FISICAS, DEPORTIVAS Y RECREATIVAS EN LA POBLACION PERUANA","3","ACTIVIDAD","3000788","POBLACION OBJETIVO ACCEDE A MASIFICACION DEPORTIVA","5005868","DESARROLLO DE CAMPAÑAS DE MASIFICACION DEPORTIVA A LA POBLACION OBJETIVO","21","CULTURA Y DEPORTE","046","DEPORTES","0101","PROMOCION Y DESARROLLO DEPORTIVO","00001","0188115","DESARROLLO DE CAMPAÑAS DE MASIFICACION DEPORTIVA A LA POBLACION OBJETIVO","04","AREQUIPA","2","RECURSOS DIRECTAMENTE RECAUDADOS","09","RECURSOS DIRECTAMENTE RECAUDADOS","1","UNIVERSIDADES / GOB. LOCALES","5","GASTO CORRIENTE","2","3","BIENES Y SERVICIOS","1","COMPRA DE BIENES","5","MATERIALES Y  UTILES","1","DE OFICINA","2","PAPELERIA EN GENERAL, UTILES Y MATERIALES DE OFICINA","0","0","0","0","0","0","0","0","0","0","0","0","0","0","0","0","0","0"
"2020","M","GOBIERNOS LOCALES"," "," "," "," ","300331","040101","MUNICIPALIDAD PROVINCIAL DE AREQUIPA","04","AREQUIPA","01","AREQUIPA","01","AREQUIPA","30","0101","INCREMENTO DE LA PRACTICA DE ACTIVIDADES FISICAS, DEPORTIVAS Y RECREATIVAS EN LA POBLACION PERUANA","3","ACTIVIDAD","3000788","POBLACION OBJETIVO ACCEDE A MASIFICACION DEPORTIVA","5005868","DESARROLLO DE CAMPAÑAS DE MASIFICACION DEPORTIVA A LA POBLACION OBJETIVO","21","CULTURA Y DEPORTE","046","DEPORTES","0101","PROMOCION Y DESARROLLO DEPORTIVO","00001","0188115","DESARROLLO DE CAMPAÑAS DE MASIFICACION DEPORTIVA A LA POBLACION OBJETIVO","04","AREQUIPA","2","RECURSOS DIRECTAMENTE RECAUDADOS","09","RECURSOS DIRECTAMENTE RECAUDADOS","1","UNIVERSIDADES / GOB. LOCALES","5","GASTO CORRIENTE","2","3","BIENES Y SERVICIOS","1","COMPRA DE BIENES","5","MATERIALES Y  UTILES","3","ASEO, LIMPIEZA Y COCINA","1","ASEO, LIMPIEZA Y TOCADOR","0","0","0","0","0","0","0","0","0","0","0","0","0","0","0","0","0","0"
"2020","M","GOBIERNOS LOCALES"," "," "," "," ","300331","040101","MUNICIPALIDAD PROVINCIAL DE AREQUIPA","04","AREQUIPA","01","AREQUIPA","01","AREQUIPA","30","0101","INCREMENTO DE LA PRACTICA DE ACTIVIDADES FISICAS, DEPORTIVAS Y RECREATIVAS EN LA POBLACION PERUANA","3","ACTIVIDAD","3000788","POBLACION OBJETIVO ACCEDE A MASIFICACION DEPORTIVA","5005868","DESARROLLO DE CAMPAÑAS DE MASIFICACION DEPORTIVA A LA POBLACION OBJETIVO","21","CULTURA Y DEPORTE","046","DEPORTES","0101","PROMOCION Y DESARROLLO DEPORTIVO","00001","0188115","DESARROLLO DE CAMPAÑAS DE MASIFICACION DEPORTIVA A LA POBLACION OBJETIVO","04","AREQUIPA","2","RECURSOS DIRECTAMENTE RECAUDADOS","09","RECURSOS DIRECTAMENTE RECAUDADOS","1","UNIVERSIDADES / GOB. LOCALES","5","GASTO CORRIENTE","2","3","BIENES Y SERVICIOS","1","COMPRA DE BIENES","99","COMPRA DE OTROS BIENES","1","COMPRA DE OTROS BIENES","3","LIBROS, DIARIOS, REVISTAS Y OTROS BIENES IMPRESOS NO VINCULADOS A ENSEÑANZA","0","0","0","0","0","0","0","0","0","0","0","0","0","0","0","0","0","0"
"2020","M","GOBIERNOS LOCALES"," "," "," "," ","300331","040101","MUNICIPALIDAD PROVINCIAL DE AREQUIPA","04","AREQUIPA","01","AREQUIPA","01","AREQUIPA","30","0101","INCREMENTO DE LA PRACTICA DE ACTIVIDADES FISICAS, DEPORTIVAS Y RECREATIVAS EN LA POBLACION PERUANA","3","ACTIVIDAD","3000788","POBLACION OBJETIVO ACCEDE A MASIFICACION DEPORTIVA","5005868","DESARROLLO DE CAMPAÑAS DE MASIFICACION DEPORTIVA A LA POBLACION OBJETIVO","21","CULTURA Y DEPORTE","046","DEPORTES","0101","PROMOCION Y DESARROLLO DEPORTIVO","00001","0188115","DESARROLLO DE CAMPAÑAS DE MASIFICACION DEPORTIVA A LA POBLACION OBJETIVO","04","AREQUIPA","2","RECURSOS DIRECTAMENTE RECAUDADOS","09","RECURSOS DIRECTAMENTE RECAUDADOS","1","UNIVERSIDADES / GOB. LOCALES","5","GASTO CORRIENTE","2","3","BIENES Y SERVICIOS","1","COMPRA DE BIENES","99","COMPRA DE OTROS BIENES","1","COMPRA DE OTROS BIENES","99","OTROS BIENES","0","0","0","0","0","0","0","0","0","0","0","0","0","0","0","0","0","0"
"2020","M","GOBIERNOS LOCALES"," "," "," "," ","300331","040101","MUNICIPALIDAD PROVINCIAL DE AREQUIPA","04","AREQUIPA","01","AREQUIPA","01","AREQUIPA","30","0101","INCREMENTO DE LA PRACTICA DE ACTIVIDADES FISICAS, DEPORTIVAS Y RECREATIVAS EN LA POBLACION PERUANA","3","ACTIVIDAD","3000788","POBLACION OBJETIVO ACCEDE A MASIFICACION DEPORTIVA","5005868","DESARROLLO DE CAMPAÑAS DE MASIFICACION DEPORTIVA A LA POBLACION OBJETIVO","21","CULTURA Y DEPORTE","046","DEPORTES","0101","PROMOCION Y DESARROLLO DEPORTIVO","00001","0188115","DESARROLLO DE CAMPAÑAS DE MASIFICACION DEPORTIVA A LA POBLACION OBJETIVO","04","AREQUIPA","2","RECURSOS DIRECTAMENTE RECAUDADOS","09","RECURSOS DIRECTAMENTE RECAUDADOS","1","UNIVERSIDADES / GOB. LOCALES","5","GASTO CORRIENTE","2","3","BIENES Y SERVICIOS","2","CONTRATACION DE SERVICIOS","7","SERVICIOS PROFESIONALES Y TECNICOS","11","OTROS SERVICIOS","99","SERVICIOS DIVERSOS","0","0","0","0","0","0","1300","0","0","0","0","0","0","0","0","0","0","1300"
"2020","M","GOBIERNOS LOCALES"," "," "," "," ","300331","040101","MUNICIPALIDAD PROVINCIAL DE AREQUIPA","04","AREQUIPA","01","AREQUIPA","01","AREQUIPA","30","0101","INCREMENTO DE LA PRACTICA DE ACTIVIDADES FISICAS, DEPORTIVAS Y RECREATIVAS EN LA POBLACION PERUANA","3","ACTIVIDAD","3000788","POBLACION OBJETIVO ACCEDE A MASIFICACION DEPORTIVA","5005868","DESARROLLO DE CAMPAÑAS DE MASIFICACION DEPORTIVA A LA POBLACION OBJETIVO","21","CULTURA Y DEPORTE","046","DEPORTES","0101","PROMOCION Y DESARROLLO DEPORTIVO","00001","0188115","DESARROLLO DE CAMPAÑAS DE MASIFICACION DEPORTIVA A LA POBLACION OBJETIVO","04","AREQUIPA","2","RECURSOS DIRECTAMENTE RECAUDADOS","09","RECURSOS DIRECTAMENTE RECAUDADOS","7","SUB CUENTA - RECURSOS DIRECTAMENTE RECAUDADOS","5","GASTO CORRIENTE","2","3","BIENES Y SERVICIOS","1","COMPRA DE BIENES","5","MATERIALES Y  UTILES","1","DE OFICINA","2","PAPELERIA EN GENERAL, UTILES Y MATERIALES DE OFICINA","0","0","0","0","0","0","0","0","0","0","0","0","0","0","0","0","2341.40","2341.40"
"2020","M","GOBIERNOS LOCALES"," "," "," "," ","300331","040101","MUNICIPALIDAD PROVINCIAL DE AREQUIPA","04","AREQUIPA","01","AREQUIPA","01","AREQUIPA","30","0101","INCREMENTO DE LA PRACTICA DE ACTIVIDADES FISICAS, DEPORTIVAS Y RECREATIVAS EN LA POBLACION PERUANA","3","ACTIVIDAD","3000788","POBLACION OBJETIVO ACCEDE A MASIFICACION DEPORTIVA","5005868","DESARROLLO DE CAMPAÑAS DE MASIFICACION DEPORTIVA A LA POBLACION OBJETIVO","21","CULTURA Y DEPORTE","046","DEPORTES","0101","PROMOCION Y DESARROLLO DEPORTIVO","00001","0188115","DESARROLLO DE CAMPAÑAS DE MASIFICACION DEPORTIVA A LA POBLACION OBJETIVO","04","AREQUIPA","2","RECURSOS DIRECTAMENTE RECAUDADOS","09","RECURSOS DIRECTAMENTE RECAUDADOS","7","SUB CUENTA - RECURSOS DIRECTAMENTE RECAUDADOS","5","GASTO CORRIENTE","2","3","BIENES Y SERVICIOS","1","COMPRA DE BIENES","5","MATERIALES Y  UTILES","3","ASEO, LIMPIEZA Y COCINA","1","ASEO, LIMPIEZA Y TOCADOR","0","0","0","0","0","0","0","0","0","0","0","0","0","0","0","95","0","95"
"2020","M","GOBIERNOS LOCALES"," "," "," "," ","300331","040101","MUNICIPALIDAD PROVINCIAL DE AREQUIPA","04","AREQUIPA","01","AREQUIPA","01","AREQUIPA","30","0101","INCREMENTO DE LA PRACTICA DE ACTIVIDADES FISICAS, DEPORTIVAS Y RECREATIVAS EN LA POBLACION PERUANA","3","ACTIVIDAD","3000788","POBLACION OBJETIVO ACCEDE A MASIFICACION DEPORTIVA","5005868","DESARROLLO DE CAMPAÑAS DE MASIFICACION DEPORTIVA A LA POBLACION OBJETIVO","21","CULTURA Y DEPORTE","046","DEPORTES","0101","PROMOCION Y DESARROLLO DEPORTIVO","00001","0188115","DESARROLLO DE CAMPAÑAS DE MASIFICACION DEPORTIVA A LA POBLACION OBJETIVO","04","AREQUIPA","2","RECURSOS DIRECTAMENTE RECAUDADOS","09","RECURSOS DIRECTAMENTE RECAUDADOS","7","SUB CUENTA - RECURSOS DIRECTAMENTE RECAUDADOS","5","GASTO CORRIENTE","2","3","BIENES Y SERVICIOS","1","COMPRA DE BIENES","99","COMPRA DE OTROS BIENES","1","COMPRA DE OTROS BIENES","3","LIBROS, DIARIOS, REVISTAS Y OTROS BIENES IMPRESOS NO VINCULADOS A ENSEÑANZA","0","0","0","0","0","0","0","0","0","0","0","0","0","0","0","0","21","21"
"2020","M","GOBIERNOS LOCALES"," "," "," "," ","300331","040101","MUNICIPALIDAD PROVINCIAL DE AREQUIPA","04","AREQUIPA","01","AREQUIPA","01","AREQUIPA","30","0101","INCREMENTO DE LA PRACTICA DE ACTIVIDADES FISICAS, DEPORTIVAS Y RECREATIVAS EN LA POBLACION PERUANA","3","ACTIVIDAD","3000788","POBLACION OBJETIVO ACCEDE A MASIFICACION DEPORTIVA","5005868","DESARROLLO DE CAMPAÑAS DE MASIFICACION DEPORTIVA A LA POBLACION OBJETIVO","21","CULTURA Y DEPORTE","046","DEPORTES","0101","PROMOCION Y DESARROLLO DEPORTIVO","00001","0188115","DESARROLLO DE CAMPAÑAS DE MASIFICACION DEPORTIVA A LA POBLACION OBJETIVO","04","AREQUIPA","2","RECURSOS DIRECTAMENTE RECAUDADOS","09","RECURSOS DIRECTAMENTE RECAUDADOS","7","SUB CUENTA - RECURSOS DIRECTAMENTE RECAUDADOS","5","GASTO CORRIENTE","2","3","BIENES Y SERVICIOS","1","COMPRA DE BIENES","99","COMPRA DE OTROS BIENES","1","COMPRA DE OTROS BIENES","99","OTROS BIENES","0","0","0","0","0","0","0","0","0","0","0","0","0","0","0","555","50.40","605.40"
"2020","M","GOBIERNOS LOCALES"," "," "," "," ","300331","040101","MUNICIPALIDAD PROVINCIAL DE AREQUIPA","04","AREQUIPA","01","AREQUIPA","01","AREQUIPA","30","0101","INCREMENTO DE LA PRACTICA DE ACTIVIDADES FISICAS, DEPORTIVAS Y RECREATIVAS EN LA POBLACION PERUANA","3","ACTIVIDAD","3000788","POBLACION OBJETIVO ACCEDE A MASIFICACION DEPORTIVA","5005868","DESARROLLO DE CAMPAÑAS DE MASIFICACION DEPORTIVA A LA POBLACION OBJETIVO","21","CULTURA Y DEPORTE","046","DEPORTES","0101","PROMOCION Y DESARROLLO DEPORTIVO","00001","0188115","DESARROLLO DE CAMPAÑAS DE MASIFICACION DEPORTIVA A LA POBLACION OBJETIVO","04","AREQUIPA","2","RECURSOS DIRECTAMENTE RECAUDADOS","09","RECURSOS DIRECTAMENTE RECAUDADOS","7","SUB CUENTA - RECURSOS DIRECTAMENTE RECAUDADOS","5","GASTO CORRIENTE","2","3","BIENES Y SERVICIOS","2","CONTRATACION DE SERVICIOS","8","CONTRATO ADMINISTRATIVO DE SERVICIOS","1","CONTRATO ADMINISTRATIVO DE SERVICIOS","2","CONTRIBUCIONES A ESSALUD DE C.A.S.","0","0","0","0","0","0","0","0","0","0","0","0","0","0","108","0","0","108"
"2020","M","GOBIERNOS LOCALES"," "," "," "," ","300331","040101","MUNICIPALIDAD PROVINCIAL DE AREQUIPA","04","AREQUIPA","01","AREQUIPA","01","AREQUIPA","30","0101","INCREMENTO DE LA PRACTICA DE ACTIVIDADES FISICAS, DEPORTIVAS Y RECREATIVAS EN LA POBLACION PERUANA","3","ACTIVIDAD","3000788","POBLACION OBJETIVO ACCEDE A MASIFICACION DEPORTIVA","5005868","DESARROLLO DE CAMPAÑAS DE MASIFICACION DEPORTIVA A LA POBLACION OBJETIVO","21","CULTURA Y DEPORTE","046","DEPORTES","0101","PROMOCION Y DESARROLLO DEPORTIVO","00001","0188115","DESARROLLO DE CAMPAÑAS DE MASIFICACION DEPORTIVA A LA POBLACION OBJETIVO","04","AREQUIPA","5","RECURSOS DETERMINADOS","07","FONDO DE COMPENSACION MUNICIPAL","0","NORMAL","5","GASTO CORRIENTE","2","1","PERSONAL Y OBLIGACIONES SOCIALES","3","CONTRIBUCIONES A LA SEGURIDAD SOCIAL","1","OBLIGACIONES DEL EMPLEADOR","1","OBLIGACIONES DEL EMPLEADOR","5","CONTRIBUCIONES A ESSALUD","290","0","290","0","0","0","0","0","0","0","0","0","0","0","0","0","0","0"
"2020","M","GOBIERNOS LOCALES"," "," "," "," ","300331","040101","MUNICIPALIDAD PROVINCIAL DE AREQUIPA","04","AREQUIPA","01","AREQUIPA","01","AREQUIPA","30","0101","INCREMENTO DE LA PRACTICA DE ACTIVIDADES FISICAS, DEPORTIVAS Y RECREATIVAS EN LA POBLACION PERUANA","3","ACTIVIDAD","3000788","POBLACION OBJETIVO ACCEDE A MASIFICACION DEPORTIVA","5005868","DESARROLLO DE CAMPAÑAS DE MASIFICACION DEPORTIVA A LA POBLACION OBJETIVO","21","CULTURA Y DEPORTE","046","DEPORTES","0101","PROMOCION Y DESARROLLO DEPORTIVO","00001","0188115","DESARROLLO DE CAMPAÑAS DE MASIFICACION DEPORTIVA A LA POBLACION OBJETIVO","04","AREQUIPA","5","RECURSOS DETERMINADOS","07","FONDO DE COMPENSACION MUNICIPAL","0","NORMAL","5","GASTO CORRIENTE","2","3","BIENES Y SERVICIOS","2","CONTRATACION DE SERVICIOS","8","CONTRATO ADMINISTRATIVO DE SERVICIOS","1","CONTRATO ADMINISTRATIVO DE SERVICIOS","1","CONTRATO ADMINISTRATIVO DE SERVICIOS","0","0","6000","0","0","0","0","0","0","0","0","0","0","0","0","0","0","0"
"2020","M","GOBIERNOS LOCALES"," "," "," "," ","300331","040101","MUNICIPALIDAD PROVINCIAL DE AREQUIPA","04","AREQUIPA","01","AREQUIPA","01","AREQUIPA","30","0101","INCREMENTO DE LA PRACTICA DE ACTIVIDADES FISICAS, DEPORTIVAS Y RECREATIVAS EN LA POBLACION PERUANA","3","ACTIVIDAD","3000788","POBLACION OBJETIVO ACCEDE A MASIFICACION DEPORTIVA","5005868","DESARROLLO DE CAMPAÑAS DE MASIFICACION DEPORTIVA A LA POBLACION OBJETIVO","21","CULTURA Y DEPORTE","046","DEPORTES","0101","PROMOCION Y DESARROLLO DEPORTIVO","00001","0188115","DESARROLLO DE CAMPAÑAS DE MASIFICACION DEPORTIVA A LA POBLACION OBJETIVO","04","AREQUIPA","5","RECURSOS DETERMINADOS","07","FONDO DE COMPENSACION MUNICIPAL","0","NORMAL","5","GASTO CORRIENTE","2","3","BIENES Y SERVICIOS","2","CONTRATACION DE SERVICIOS","8","CONTRATO ADMINISTRATIVO DE SERVICIOS","1","CONTRATO ADMINISTRATIVO DE SERVICIOS","1","CONTRATO ADMINISTRATIVO DE SERVICIOS","0","0","0","6000","6000","0","0","0","0","0","0","0","0","0","0","0","0","0"
"2020","M","GOBIERNOS LOCALES"," "," "," "," ","300331","040101","MUNICIPALIDAD PROVINCIAL DE AREQUIPA","04","AREQUIPA","01","AREQUIPA","01","AREQUIPA","30","0101","INCREMENTO DE LA PRACTICA DE ACTIVIDADES FISICAS, DEPORTIVAS Y RECREATIVAS EN LA POBLACION PERUANA","3","ACTIVIDAD","3000788","POBLACION OBJETIVO ACCEDE A MASIFICACION DEPORTIVA","5005868","DESARROLLO DE CAMPAÑAS DE MASIFICACION DEPORTIVA A LA POBLACION OBJETIVO","21","CULTURA Y DEPORTE","046","DEPORTES","0101","PROMOCION Y DESARROLLO DEPORTIVO","00001","0188115","DESARROLLO DE CAMPAÑAS DE MASIFICACION DEPORTIVA A LA POBLACION OBJETIVO","04","AREQUIPA","5","RECURSOS DETERMINADOS","07","FONDO DE COMPENSACION MUNICIPAL","0","NORMAL","5","GASTO CORRIENTE","2","3","BIENES Y SERVICIOS","2","CONTRATACION DE SERVICIOS","8","CONTRATO ADMINISTRATIVO DE SERVICIOS","1","CONTRATO ADMINISTRATIVO DE SERVICIOS","2","CONTRIBUCIONES A ESSALUD DE C.A.S.","0","0","429","0","0","0","0","0","0","0","0","0","0","0","0","0","0","0"
"2020","M","GOBIERNOS LOCALES"," "," "," "," ","300331","040101","MUNICIPALIDAD PROVINCIAL DE AREQUIPA","04","AREQUIPA","01","AREQUIPA","01","AREQUIPA","30","0101","INCREMENTO DE LA PRACTICA DE ACTIVIDADES FISICAS, DEPORTIVAS Y RECREATIVAS EN LA POBLACION PERUANA","3","ACTIVIDAD","3000788","POBLACION OBJETIVO ACCEDE A MASIFICACION DEPORTIVA","5005868","DESARROLLO DE CAMPAÑAS DE MASIFICACION DEPORTIVA A LA POBLACION OBJETIVO","21","CULTURA Y DEPORTE","046","DEPORTES","0101","PROMOCION Y DESARROLLO DEPORTIVO","00001","0188115","DESARROLLO DE CAMPAÑAS DE MASIFICACION DEPORTIVA A LA POBLACION OBJETIVO","04","AREQUIPA","5","RECURSOS DETERMINADOS","07","FONDO DE COMPENSACION MUNICIPAL","0","NORMAL","5","GASTO CORRIENTE","2","3","BIENES Y SERVICIOS","2","CONTRATACION DE SERVICIOS","8","CONTRATO ADMINISTRATIVO DE SERVICIOS","1","CONTRATO ADMINISTRATIVO DE SERVICIOS","2","CONTRIBUCIONES A ESSALUD DE C.A.S.","0","0","0","428.40","428.40","0","0","0","0","0","0","0","0","0","0","0","0","0"
"2020","M","GOBIERNOS LOCALES"," "," "," "," ","300331","040101","MUNICIPALIDAD PROVINCIAL DE AREQUIPA","04","AREQUIPA","01","AREQUIPA","01","AREQUIPA","30","0101","INCREMENTO DE LA PRACTICA DE ACTIVIDADES FISICAS, DEPORTIVAS Y RECREATIVAS EN LA POBLACION PERUANA","3","ACTIVIDAD","3000788","POBLACION OBJETIVO ACCEDE A MASIFICACION DEPORTIVA","5005868","DESARROLLO DE CAMPAÑAS DE MASIFICACION DEPORTIVA A LA POBLACION OBJETIVO","21","CULTURA Y DEPORTE","046","DEPORTES","0101","PROMOCION Y DESARROLLO DEPORTIVO","00001","0188115","DESARROLLO DE CAMPAÑAS DE MASIFICACION DEPORTIVA A LA POBLACION OBJETIVO","04","AREQUIPA","5","RECURSOS DETERMINADOS","07","FONDO DE COMPENSACION MUNICIPAL","0","NORMAL","5","GASTO CORRIENTE","2","3","BIENES Y SERVICIOS","2","CONTRATACION DE SERVICIOS","8","CONTRATO ADMINISTRATIVO DE SERVICIOS","1","CONTRATO ADMINISTRATIVO DE SERVICIOS","4","AGUINALDOS DE C.A.S.","0","0","600","0","0","0","0","0","0","0","0","0","0","0","0","0","0","0"
"2020","M","GOBIERNOS LOCALES"," "," "," "," ","300331","040101","MUNICIPALIDAD PROVINCIAL DE AREQUIPA","04","AREQUIPA","01","AREQUIPA","01","AREQUIPA","30","0101","INCREMENTO DE LA PRACTICA DE ACTIVIDADES FISICAS, DEPORTIVAS Y RECREATIVAS EN LA POBLACION PERUANA","3","ACTIVIDAD","3000788","POBLACION OBJETIVO ACCEDE A MASIFICACION DEPORTIVA","5005868","DESARROLLO DE CAMPAÑAS DE MASIFICACION DEPORTIVA A LA POBLACION OBJETIVO","21","CULTURA Y DEPORTE","046","DEPORTES","0101","PROMOCION Y DESARROLLO DEPORTIVO","00001","0188115","DESARROLLO DE CAMPAÑAS DE MASIFICACION DEPORTIVA A LA POBLACION OBJETIVO","04","AREQUIPA","5","RECURSOS DETERMINADOS","07","FONDO DE COMPENSACION MUNICIPAL","0","NORMAL","5","GASTO CORRIENTE","2","3","BIENES Y SERVICIOS","2","CONTRATACION DE SERVICIOS","8","CONTRATO ADMINISTRATIVO DE SERVICIOS","1","CONTRATO ADMINISTRATIVO DE SERVICIOS","4","AGUINALDOS DE C.A.S.","0","0","0","600","600","0","0","0","0","0","0","0","0","0","0","0","0","0"
"2020","M","GOBIERNOS LOCALES"," "," "," "," ","300331","040101","MUNICIPALIDAD PROVINCIAL DE AREQUIPA","04","AREQUIPA","01","AREQUIPA","01","AREQUIPA","30","0101","INCREMENTO DE LA PRACTICA DE ACTIVIDADES FISICAS, DEPORTIVAS Y RECREATIVAS EN LA POBLACION PERUANA","3","ACTIVIDAD","3000788","POBLACION OBJETIVO ACCEDE A MASIFICACION DEPORTIVA","5005868","DESARROLLO DE CAMPAÑAS DE MASIFICACION DEPORTIVA A LA POBLACION OBJETIVO","21","CULTURA Y DEPORTE","046","DEPORTES","0101","PROMOCION Y DESARROLLO DEPORTIVO","00001","0188115","DESARROLLO DE CAMPAÑAS DE MASIFICACION DEPORTIVA A LA POBLACION OBJETIVO","04","AREQUIPA","5","RECURSOS DETERMINADOS","07","FONDO DE COMPENSACION MUNICIPAL","A","SUB CUENTA - FONCOMUN","5","GASTO CORRIENTE","2","3","BIENES Y SERVICIOS","2","CONTRATACION DE SERVICIOS","8","CONTRATO ADMINISTRATIVO DE SERVICIOS","1","CONTRATO ADMINISTRATIVO DE SERVICIOS","1","CONTRATO ADMINISTRATIVO DE SERVICIOS","0","0","0","0","0","0","0","0","0","1130","1270","1200","0","0","1200","0","1200","6000"
"2020","M","GOBIERNOS LOCALES"," "," "," "," ","300331","040101","MUNICIPALIDAD PROVINCIAL DE AREQUIPA","04","AREQUIPA","01","AREQUIPA","01","AREQUIPA","30","0101","INCREMENTO DE LA PRACTICA DE ACTIVIDADES FISICAS, DEPORTIVAS Y RECREATIVAS EN LA POBLACION PERUANA","3","ACTIVIDAD","3000788","POBLACION OBJETIVO ACCEDE A MASIFICACION DEPORTIVA","5005868","DESARROLLO DE CAMPAÑAS DE MASIFICACION DEPORTIVA A LA POBLACION OBJETIVO","21","CULTURA Y DEPORTE","046","DEPORTES","0101","PROMOCION Y DESARROLLO DEPORTIVO","00001","0188115","DESARROLLO DE CAMPAÑAS DE MASIFICACION DEPORTIVA A LA POBLACION OBJETIVO","04","AREQUIPA","5","RECURSOS DETERMINADOS","07","FONDO DE COMPENSACION MUNICIPAL","A","SUB CUENTA - FONCOMUN","5","GASTO CORRIENTE","2","3","BIENES Y SERVICIOS","2","CONTRATACION DE SERVICIOS","8","CONTRATO ADMINISTRATIVO DE SERVICIOS","1","CONTRATO ADMINISTRATIVO DE SERVICIOS","2","CONTRIBUCIONES A ESSALUD DE C.A.S.","0","0","0","0","0","0","0","0","0","108","108","108","0","0","0","0","104.40","428.40"
"2020","M","GOBIERNOS LOCALES"," "," "," "," ","300331","040101","MUNICIPALIDAD PROVINCIAL DE AREQUIPA","04","AREQUIPA","01","AREQUIPA","01","AREQUIPA","30","0101","INCREMENTO DE LA PRACTICA DE ACTIVIDADES FISICAS, DEPORTIVAS Y RECREATIVAS EN LA POBLACION PERUANA","3","ACTIVIDAD","3000788","POBLACION OBJETIVO ACCEDE A MASIFICACION DEPORTIVA","5005868","DESARROLLO DE CAMPAÑAS DE MASIFICACION DEPORTIVA A LA POBLACION OBJETIVO","21","CULTURA Y DEPORTE","046","DEPORTES","0101","PROMOCION Y DESARROLLO DEPORTIVO","00001","0188115","DESARROLLO DE CAMPAÑAS DE MASIFICACION DEPORTIVA A LA POBLACION OBJETIVO","04","AREQUIPA","5","RECURSOS DETERMINADOS","07","FONDO DE COMPENSACION MUNICIPAL","A","SUB CUENTA - FONCOMUN","5","GASTO CORRIENTE","2","3","BIENES Y SERVICIOS","2","CONTRATACION DE SERVICIOS","8","CONTRATO ADMINISTRATIVO DE SERVICIOS","1","CONTRATO ADMINISTRATIVO DE SERVICIOS","4","AGUINALDOS DE C.A.S.","0","0","0","0","0","0","0","0","0","0","0","300","0","0","0","0","300","600"
"2020","M","GOBIERNOS LOCALES"," "," "," "," ","300331","040101","MUNICIPALIDAD PROVINCIAL DE AREQUIPA","04","AREQUIPA","01","AREQUIPA","01","AREQUIPA","30","0101","INCREMENTO DE LA PRACTICA DE ACTIVIDADES FISICAS, DEPORTIVAS Y RECREATIVAS EN LA POBLACION PERUANA","3","ACTIVIDAD","3000788","POBLACION OBJETIVO ACCEDE A MASIFICACION DEPORTIVA","5005868","DESARROLLO DE CAMPAÑAS DE MASIFICACION DEPORTIVA A LA POBLACION OBJETIVO","21","CULTURA Y DEPORTE","046","DEPORTES","0101","PROMOCION Y DESARROLLO DEPORTIVO","00001","0188115","DESARROLLO DE CAMPAÑAS DE MASIFICACION DEPORTIVA A LA POBLACION OBJETIVO","04","AREQUIPA","5","RECURSOS DETERMINADOS","08","IMPUESTOS MUNICIPALES","0","NORMAL","5","GASTO CORRIENTE","2","1","PERSONAL Y OBLIGACIONES SOCIALES","1","RETRIBUCIONES Y COMPLEMENTOS EN EFECTIVO","1","PERSONAL ADMINISTRATIVO","1","PERSONAL ADMINISTRATIVO","9","PERSONAL DE CONFIANZA (RÉGIMEN LABORAL PÚBLICO)","16000","0","16000","0","0","0","0","0","0","0","0","0","0","0","0","0","0","0"
"2020","M","GOBIERNOS LOCALES"," "," "," "," ","300331","040101","MUNICIPALIDAD PROVINCIAL DE AREQUIPA","04","AREQUIPA","01","AREQUIPA","01","AREQUIPA","30","0101","INCREMENTO DE LA PRACTICA DE ACTIVIDADES FISICAS, DEPORTIVAS Y RECREATIVAS EN LA POBLACION PERUANA","3","ACTIVIDAD","3000788","POBLACION OBJETIVO ACCEDE A MASIFICACION DEPORTIVA","5005868","DESARROLLO DE CAMPAÑAS DE MASIFICACION DEPORTIVA A LA POBLACION OBJETIVO","21","CULTURA Y DEPORTE","046","DEPORTES","0101","PROMOCION Y DESARROLLO DEPORTIVO","00001","0188115","DESARROLLO DE CAMPAÑAS DE MASIFICACION DEPORTIVA A LA POBLACION OBJETIVO","04","AREQUIPA","5","RECURSOS DETERMINADOS","08","IMPUESTOS MUNICIPALES","0","NORMAL","5","GASTO CORRIENTE","2","1","PERSONAL Y OBLIGACIONES SOCIALES","3","CONTRIBUCIONES A LA SEGURIDAD SOCIAL","1","OBLIGACIONES DEL EMPLEADOR","1","OBLIGACIONES DEL EMPLEADOR","5","CONTRIBUCIONES A ESSALUD","444","0","444","0","0","0","0","0","0","0","0","0","0","0","0","0","0","0"
"2020","M","GOBIERNOS LOCALES"," "," "," "," ","300331","040101","MUNICIPALIDAD PROVINCIAL DE AREQUIPA","04","AREQUIPA","01","AREQUIPA","01","AREQUIPA","30","0101","INCREMENTO DE LA PRACTICA DE ACTIVIDADES FISICAS, DEPORTIVAS Y RECREATIVAS EN LA POBLACION PERUANA","3","ACTIVIDAD","3000788","POBLACION OBJETIVO ACCEDE A MASIFICACION DEPORTIVA","5005868","DESARROLLO DE CAMPAÑAS DE MASIFICACION DEPORTIVA A LA POBLACION OBJETIVO","21","CULTURA Y DEPORTE","046","DEPORTES","0101","PROMOCION Y DESARROLLO DEPORTIVO","00001","0188115","DESARROLLO DE CAMPAÑAS DE MASIFICACION DEPORTIVA A LA POBLACION OBJETIVO","04","AREQUIPA","5","RECURSOS DETERMINADOS","08","IMPUESTOS MUNICIPALES","0","NORMAL","5","GASTO CORRIENTE","2","3","BIENES Y SERVICIOS","1","COMPRA DE BIENES","5","MATERIALES Y  UTILES","3","ASEO, LIMPIEZA Y COCINA","1","ASEO, LIMPIEZA Y TOCADOR","910","-910","0","0","0","0","0","0","0","0","0","0","0","0","0","0","0","0"
"2020","M","GOBIERNOS LOCALES"," "," "," "," ","300331","040101","MUNICIPALIDAD PROVINCIAL DE AREQUIPA","04","AREQUIPA","01","AREQUIPA","01","AREQUIPA","30","0101","INCREMENTO DE LA PRACTICA DE ACTIVIDADES FISICAS, DEPORTIVAS Y RECREATIVAS EN LA POBLACION PERUANA","3","ACTIVIDAD","3000788","POBLACION OBJETIVO ACCEDE A MASIFICACION DEPORTIVA","5005868","DESARROLLO DE CAMPAÑAS DE MASIFICACION DEPORTIVA A LA POBLACION OBJETIVO","21","CULTURA Y DEPORTE","046","DEPORTES","0101","PROMOCION Y DESARROLLO DEPORTIVO","00001","0188115","DESARROLLO DE CAMPAÑAS DE MASIFICACION DEPORTIVA A LA POBLACION OBJETIVO","04","AREQUIPA","5","RECURSOS DETERMINADOS","08","IMPUESTOS MUNICIPALES","0","NORMAL","5","GASTO CORRIENTE","2","3","BIENES Y SERVICIOS","1","COMPRA DE BIENES","99","COMPRA DE OTROS BIENES","1","COMPRA DE OTROS BIENES","3","LIBROS, DIARIOS, REVISTAS Y OTROS BIENES IMPRESOS NO VINCULADOS A ENSEÑANZA","40","-40","0","0","0","0","0","0","0","0","0","0","0","0","0","0","0","0"
"2020","M","GOBIERNOS LOCALES"," "," "," "," ","300331","040101","MUNICIPALIDAD PROVINCIAL DE AREQUIPA","04","AREQUIPA","01","AREQUIPA","01","AREQUIPA","30","0101","INCREMENTO DE LA PRACTICA DE ACTIVIDADES FISICAS, DEPORTIVAS Y RECREATIVAS EN LA POBLACION PERUANA","3","ACTIVIDAD","3000788","POBLACION OBJETIVO ACCEDE A MASIFICACION DEPORTIVA","5005868","DESARROLLO DE CAMPAÑAS DE MASIFICACION DEPORTIVA A LA POBLACION OBJETIVO","21","CULTURA Y DEPORTE","046","DEPORTES","0101","PROMOCION Y DESARROLLO DEPORTIVO","00001","0188115","DESARROLLO DE CAMPAÑAS DE MASIFICACION DEPORTIVA A LA POBLACION OBJETIVO","04","AREQUIPA","5","RECURSOS DETERMINADOS","08","IMPUESTOS MUNICIPALES","0","NORMAL","5","GASTO CORRIENTE","2","3","BIENES Y SERVICIOS","1","COMPRA DE BIENES","99","COMPRA DE OTROS BIENES","1","COMPRA DE OTROS BIENES","99","OTROS BIENES","2050","1374","3424","0","0","0","0","0","0","0","0","0","0","0","0","0","0","0"
"2020","M","GOBIERNOS LOCALES"," "," "," "," ","300331","040101","MUNICIPALIDAD PROVINCIAL DE AREQUIPA","04","AREQUIPA","01","AREQUIPA","01","AREQUIPA","30","0101","INCREMENTO DE LA PRACTICA DE ACTIVIDADES FISICAS, DEPORTIVAS Y RECREATIVAS EN LA POBLACION PERUANA","3","ACTIVIDAD","3000788","POBLACION OBJETIVO ACCEDE A MASIFICACION DEPORTIVA","5005868","DESARROLLO DE CAMPAÑAS DE MASIFICACION DEPORTIVA A LA POBLACION OBJETIVO","21","CULTURA Y DEPORTE","046","DEPORTES","0101","PROMOCION Y DESARROLLO DEPORTIVO","00001","0188115","DESARROLLO DE CAMPAÑAS DE MASIFICACION DEPORTIVA A LA POBLACION OBJETIVO","04","AREQUIPA","5","RECURSOS DETERMINADOS","08","IMPUESTOS MUNICIPALES","0","NORMAL","5","GASTO CORRIENTE","2","3","BIENES Y SERVICIOS","1","COMPRA DE BIENES","99","COMPRA DE OTROS BIENES","1","COMPRA DE OTROS BIENES","99","OTROS BIENES","0","0","0","3396","3396","0","0","0","0","0","0","0","0","0","0","0","0","0"
"2020","M","GOBIERNOS LOCALES"," "," "," "," ","300331","040101","MUNICIPALIDAD PROVINCIAL DE AREQUIPA","04","AREQUIPA","01","AREQUIPA","01","AREQUIPA","30","0101","INCREMENTO DE LA PRACTICA DE ACTIVIDADES FISICAS, DEPORTIVAS Y RECREATIVAS EN LA POBLACION PERUANA","3","ACTIVIDAD","3000788","POBLACION OBJETIVO ACCEDE A MASIFICACION DEPORTIVA","5005868","DESARROLLO DE CAMPAÑAS DE MASIFICACION DEPORTIVA A LA POBLACION OBJETIVO","21","CULTURA Y DEPORTE","046","DEPORTES","0101","PROMOCION Y DESARROLLO DEPORTIVO","00001","0188115","DESARROLLO DE CAMPAÑAS DE MASIFICACION DEPORTIVA A LA POBLACION OBJETIVO","04","AREQUIPA","5","RECURSOS DETERMINADOS","08","IMPUESTOS MUNICIPALES","0","NORMAL","5","GASTO CORRIENTE","2","3","BIENES Y SERVICIOS","2","CONTRATACION DE SERVICIOS","7","SERVICIOS PROFESIONALES Y TECNICOS","11","OTROS SERVICIOS","99","SERVICIOS DIVERSOS","0","0","3800","0","0","0","0","0","0","0","0","0","0","0","0","0","0","0"
"2020","M","GOBIERNOS LOCALES"," "," "," "," ","300331","040101","MUNICIPALIDAD PROVINCIAL DE AREQUIPA","04","AREQUIPA","01","AREQUIPA","01","AREQUIPA","30","0101","INCREMENTO DE LA PRACTICA DE ACTIVIDADES FISICAS, DEPORTIVAS Y RECREATIVAS EN LA POBLACION PERUANA","3","ACTIVIDAD","3000788","POBLACION OBJETIVO ACCEDE A MASIFICACION DEPORTIVA","5005868","DESARROLLO DE CAMPAÑAS DE MASIFICACION DEPORTIVA A LA POBLACION OBJETIVO","21","CULTURA Y DEPORTE","046","DEPORTES","0101","PROMOCION Y DESARROLLO DEPORTIVO","00001","0188115","DESARROLLO DE CAMPAÑAS DE MASIFICACION DEPORTIVA A LA POBLACION OBJETIVO","04","AREQUIPA","5","RECURSOS DETERMINADOS","08","IMPUESTOS MUNICIPALES","0","NORMAL","5","GASTO CORRIENTE","2","3","BIENES Y SERVICIOS","2","CONTRATACION DE SERVICIOS","7","SERVICIOS PROFESIONALES Y TECNICOS","11","OTROS SERVICIOS","99","SERVICIOS DIVERSOS","0","0","0","3800","3800","0","2500","0","1300","0","0","0","0","0","0","0","0","3800"
"2020","M","GOBIERNOS LOCALES"," "," "," "," ","300331","040101","MUNICIPALIDAD PROVINCIAL DE AREQUIPA","04","AREQUIPA","01","AREQUIPA","01","AREQUIPA","30","0101","INCREMENTO DE LA PRACTICA DE ACTIVIDADES FISICAS, DEPORTIVAS Y RECREATIVAS EN LA POBLACION PERUANA","3","ACTIVIDAD","3000788","POBLACION OBJETIVO ACCEDE A MASIFICACION DEPORTIVA","5005868","DESARROLLO DE CAMPAÑAS DE MASIFICACION DEPORTIVA A LA POBLACION OBJETIVO","21","CULTURA Y DEPORTE","046","DEPORTES","0101","PROMOCION Y DESARROLLO DEPORTIVO","00001","0188115","DESARROLLO DE CAMPAÑAS DE MASIFICACION DEPORTIVA A LA POBLACION OBJETIVO","04","AREQUIPA","5","RECURSOS DETERMINADOS","08","IMPUESTOS MUNICIPALES","0","NORMAL","5","GASTO CORRIENTE","2","3","BIENES Y SERVICIOS","2","CONTRATACION DE SERVICIOS","8","CONTRATO ADMINISTRATIVO DE SERVICIOS","1","CONTRATO ADMINISTRATIVO DE SERVICIOS","1","CONTRATO ADMINISTRATIVO DE SERVICIOS","7500","940","8440","0","0","0","0","0","0","0","0","0","0","0","0","0","0","0"
"2020","M","GOBIERNOS LOCALES"," "," "," "," ","300331","040101","MUNICIPALIDAD PROVINCIAL DE AREQUIPA","04","AREQUIPA","01","AREQUIPA","01","AREQUIPA","30","0101","INCREMENTO DE LA PRACTICA DE ACTIVIDADES FISICAS, DEPORTIVAS Y RECREATIVAS EN LA POBLACION PERUANA","3","ACTIVIDAD","3000788","POBLACION OBJETIVO ACCEDE A MASIFICACION DEPORTIVA","5005868","DESARROLLO DE CAMPAÑAS DE MASIFICACION DEPORTIVA A LA POBLACION OBJETIVO","21","CULTURA Y DEPORTE","046","DEPORTES","0101","PROMOCION Y DESARROLLO DEPORTIVO","00001","0188115","DESARROLLO DE CAMPAÑAS DE MASIFICACION DEPORTIVA A LA POBLACION OBJETIVO","04","AREQUIPA","5","RECURSOS DETERMINADOS","08","IMPUESTOS MUNICIPALES","0","NORMAL","5","GASTO CORRIENTE","2","3","BIENES Y SERVICIOS","2","CONTRATACION DE SERVICIOS","8","CONTRATO ADMINISTRATIVO DE SERVICIOS","1","CONTRATO ADMINISTRATIVO DE SERVICIOS","1","CONTRATO ADMINISTRATIVO DE SERVICIOS","0","0","0","8440","8440","1200","1200","1200","1200","0","0","0","0","0","0","0","0","4800"
"2020","M","GOBIERNOS LOCALES"," "," "," "," ","300331","040101","MUNICIPALIDAD PROVINCIAL DE AREQUIPA","04","AREQUIPA","01","AREQUIPA","01","AREQUIPA","30","0101","INCREMENTO DE LA PRACTICA DE ACTIVIDADES FISICAS, DEPORTIVAS Y RECREATIVAS EN LA POBLACION PERUANA","3","ACTIVIDAD","3000788","POBLACION OBJETIVO ACCEDE A MASIFICACION DEPORTIVA","5005868","DESARROLLO DE CAMPAÑAS DE MASIFICACION DEPORTIVA A LA POBLACION OBJETIVO","21","CULTURA Y DEPORTE","046","DEPORTES","0101","PROMOCION Y DESARROLLO DEPORTIVO","00001","0188115","DESARROLLO DE CAMPAÑAS DE MASIFICACION DEPORTIVA A LA POBLACION OBJETIVO","04","AREQUIPA","5","RECURSOS DETERMINADOS","08","IMPUESTOS MUNICIPALES","0","NORMAL","5","GASTO CORRIENTE","2","3","BIENES Y SERVICIOS","2","CONTRATACION DE SERVICIOS","8","CONTRATO ADMINISTRATIVO DE SERVICIOS","1","CONTRATO ADMINISTRATIVO DE SERVICIOS","2","CONTRIBUCIONES A ESSALUD DE C.A.S.","0","0","3341","0","0","0","0","0","0","0","0","0","0","0","0","0","0","0"
"2020","M","GOBIERNOS LOCALES"," "," "," "," ","300331","040101","MUNICIPALIDAD PROVINCIAL DE AREQUIPA","04","AREQUIPA","01","AREQUIPA","01","AREQUIPA","30","0101","INCREMENTO DE LA PRACTICA DE ACTIVIDADES FISICAS, DEPORTIVAS Y RECREATIVAS EN LA POBLACION PERUANA","3","ACTIVIDAD","3000788","POBLACION OBJETIVO ACCEDE A MASIFICACION DEPORTIVA","5005868","DESARROLLO DE CAMPAÑAS DE MASIFICACION DEPORTIVA A LA POBLACION OBJETIVO","21","CULTURA Y DEPORTE","046","DEPORTES","0101","PROMOCION Y DESARROLLO DEPORTIVO","00001","0188115","DESARROLLO DE CAMPAÑAS DE MASIFICACION DEPORTIVA A LA POBLACION OBJETIVO","04","AREQUIPA","5","RECURSOS DETERMINADOS","08","IMPUESTOS MUNICIPALES","0","NORMAL","5","GASTO CORRIENTE","2","3","BIENES Y SERVICIOS","2","CONTRATACION DE SERVICIOS","8","CONTRATO ADMINISTRATIVO DE SERVICIOS","1","CONTRATO ADMINISTRATIVO DE SERVICIOS","2","CONTRIBUCIONES A ESSALUD DE C.A.S.","0","0","0","752.40","752.40","108","108","108","108","0","0","0","0","0","0","0","0","432"
"2020","M","GOBIERNOS LOCALES"," "," "," "," ","300331","040101","MUNICIPALIDAD PROVINCIAL DE AREQUIPA","04","AREQUIPA","01","AREQUIPA","01","AREQUIPA","30","0101","INCREMENTO DE LA PRACTICA DE ACTIVIDADES FISICAS, DEPORTIVAS Y RECREATIVAS EN LA POBLACION PERUANA","3","ACTIVIDAD","3000788","POBLACION OBJETIVO ACCEDE A MASIFICACION DEPORTIVA","5005868","DESARROLLO DE CAMPAÑAS DE MASIFICACION DEPORTIVA A LA POBLACION OBJETIVO","21","CULTURA Y DEPORTE","046","DEPORTES","0101","PROMOCION Y DESARROLLO DEPORTIVO","00001","0188115","DESARROLLO DE CAMPAÑAS DE MASIFICACION DEPORTIVA A LA POBLACION OBJETIVO","04","AREQUIPA","5","RECURSOS DETERMINADOS","08","IMPUESTOS MUNICIPALES","7","SUB CUENTA - IMPUESTOS MUNICIPALES","5","GASTO CORRIENTE","2","3","BIENES Y SERVICIOS","1","COMPRA DE BIENES","99","COMPRA DE OTROS BIENES","1","COMPRA DE OTROS BIENES","99","OTROS BIENES","0","0","0","0","0","0","0","0","0","0","0","0","0","3396","0","0","0","3396"
"2020","M","GOBIERNOS LOCALES"," "," "," "," ","300331","040101","MUNICIPALIDAD PROVINCIAL DE AREQUIPA","04","AREQUIPA","01","AREQUIPA","01","AREQUIPA","30","0101","INCREMENTO DE LA PRACTICA DE ACTIVIDADES FISICAS, DEPORTIVAS Y RECREATIVAS EN LA POBLACION PERUANA","3","ACTIVIDAD","3000788","POBLACION OBJETIVO ACCEDE A MASIFICACION DEPORTIVA","5005868","DESARROLLO DE CAMPAÑAS DE MASIFICACION DEPORTIVA A LA POBLACION OBJETIVO","21","CULTURA Y DEPORTE","046","DEPORTES","0101","PROMOCION Y DESARROLLO DEPORTIVO","00001","0188115","DESARROLLO DE CAMPAÑAS DE MASIFICACION DEPORTIVA A LA POBLACION OBJETIVO","04","AREQUIPA","5","RECURSOS DETERMINADOS","08","IMPUESTOS MUNICIPALES","7","SUB CUENTA - IMPUESTOS MUNICIPALES","5","GASTO CORRIENTE","2","3","BIENES Y SERVICIOS","2","CONTRATACION DE SERVICIOS","8","CONTRATO ADMINISTRATIVO DE SERVICIOS","1","CONTRATO ADMINISTRATIVO DE SERVICIOS","1","CONTRATO ADMINISTRATIVO DE SERVICIOS","0","0","0","0","0","0","0","0","0","0","0","0","1240","1200","0","1200","0","3640"
"2020","M","GOBIERNOS LOCALES"," "," "," "," ","300331","040101","MUNICIPALIDAD PROVINCIAL DE AREQUIPA","04","AREQUIPA","01","AREQUIPA","01","AREQUIPA","30","0101","INCREMENTO DE LA PRACTICA DE ACTIVIDADES FISICAS, DEPORTIVAS Y RECREATIVAS EN LA POBLACION PERUANA","3","ACTIVIDAD","3000788","POBLACION OBJETIVO ACCEDE A MASIFICACION DEPORTIVA","5005868","DESARROLLO DE CAMPAÑAS DE MASIFICACION DEPORTIVA A LA POBLACION OBJETIVO","21","CULTURA Y DEPORTE","046","DEPORTES","0101","PROMOCION Y DESARROLLO DEPORTIVO","00001","0188115","DESARROLLO DE CAMPAÑAS DE MASIFICACION DEPORTIVA A LA POBLACION OBJETIVO","04","AREQUIPA","5","RECURSOS DETERMINADOS","08","IMPUESTOS MUNICIPALES","7","SUB CUENTA - IMPUESTOS MUNICIPALES","5","GASTO CORRIENTE","2","3","BIENES Y SERVICIOS","2","CONTRATACION DE SERVICIOS","8","CONTRATO ADMINISTRATIVO DE SERVICIOS","1","CONTRATO ADMINISTRATIVO DE SERVICIOS","2","CONTRIBUCIONES A ESSALUD DE C.A.S.","0","0","0","0","0","0","0","0","0","0","0","0","104.40","108","0","108","0","320.40"
"2020","M","GOBIERNOS LOCALES"," "," "," "," ","300331","040101","MUNICIPALIDAD PROVINCIAL DE AREQUIPA","04","AREQUIPA","01","AREQUIPA","01","AREQUIPA","90","9002","ASIGNACIONES PRESUPUESTARIAS QUE NO RESULTAN EN PRODUCTOS","3","ACTIVIDAD","3999999","SIN PRODUCTO","5000637","DEPORTE FUNDAMENTAL","21","CULTURA Y DEPORTE","046","DEPORTES","0101","PROMOCION Y DESARROLLO DEPORTIVO","00001","0001499","FOMENTAR EL DEPORTE Y LA RECREACION","04","AREQUIPA","2","RECURSOS DIRECTAMENTE RECAUDADOS","09","RECURSOS DIRECTAMENTE RECAUDADOS","0","NORMAL","5","GASTO CORRIENTE","2","1","PERSONAL Y OBLIGACIONES SOCIALES","1","RETRIBUCIONES Y COMPLEMENTOS EN EFECTIVO","1","PERSONAL ADMINISTRATIVO","1","PERSONAL ADMINISTRATIVO","2","PERSONAL ADMINISTRATIVO NOMBRADO (REGIMEN PUBLICO)","38267","0","38267","0","0","0","0","0","0","0","0","0","0","0","0","0","0","0"
"2020","M","GOBIERNOS LOCALES"," "," "," "," ","300331","040101","MUNICIPALIDAD PROVINCIAL DE AREQUIPA","04","AREQUIPA","01","AREQUIPA","01","AREQUIPA","90","9002","ASIGNACIONES PRESUPUESTARIAS QUE NO RESULTAN EN PRODUCTOS","3","ACTIVIDAD","3999999","SIN PRODUCTO","5000637","DEPORTE FUNDAMENTAL","21","CULTURA Y DEPORTE","046","DEPORTES","0101","PROMOCION Y DESARROLLO DEPORTIVO","00001","0001499","FOMENTAR EL DEPORTE Y LA RECREACION","04","AREQUIPA","2","RECURSOS DIRECTAMENTE RECAUDADOS","09","RECURSOS DIRECTAMENTE RECAUDADOS","0","NORMAL","5","GASTO CORRIENTE","2","1","PERSONAL Y OBLIGACIONES SOCIALES","1","RETRIBUCIONES Y COMPLEMENTOS EN EFECTIVO","1","PERSONAL ADMINISTRATIVO","2","OTRAS RETRIBUCIONES Y COMPLEMENTOS","99","OTRAS RETRIBUCIONES Y COMPLEMENTOS","12096","0","12096","0","0","0","0","0","0","0","0","0","0","0","0","0","0","0"
"2020","M","GOBIERNOS LOCALES"," "," "," "," ","300331","040101","MUNICIPALIDAD PROVINCIAL DE AREQUIPA","04","AREQUIPA","01","AREQUIPA","01","AREQUIPA","90","9002","ASIGNACIONES PRESUPUESTARIAS QUE NO RESULTAN EN PRODUCTOS","3","ACTIVIDAD","3999999","SIN PRODUCTO","5000637","DEPORTE FUNDAMENTAL","21","CULTURA Y DEPORTE","046","DEPORTES","0101","PROMOCION Y DESARROLLO DEPORTIVO","00001","0001499","FOMENTAR EL DEPORTE Y LA RECREACION","04","AREQUIPA","2","RECURSOS DIRECTAMENTE RECAUDADOS","09","RECURSOS DIRECTAMENTE RECAUDADOS","0","NORMAL","5","GASTO CORRIENTE","2","1","PERSONAL Y OBLIGACIONES SOCIALES","1","RETRIBUCIONES Y COMPLEMENTOS EN EFECTIVO","9","GASTOS VARIABLES Y OCASIONALES","1","ESCOLARIDAD, AGUINALDOS Y GRATIFICACIONES","3","BONIFICACION POR ESCOLARIDAD","7891","0","7891","0","0","0","0","0","0","0","0","0","0","0","0","0","0","0"
"2020","M","GOBIERNOS LOCALES"," "," "," "," ","300331","040101","MUNICIPALIDAD PROVINCIAL DE AREQUIPA","04","AREQUIPA","01","AREQUIPA","01","AREQUIPA","90","9002","ASIGNACIONES PRESUPUESTARIAS QUE NO RESULTAN EN PRODUCTOS","3","ACTIVIDAD","3999999","SIN PRODUCTO","5000637","DEPORTE FUNDAMENTAL","21","CULTURA Y DEPORTE","046","DEPORTES","0101","PROMOCION Y DESARROLLO DEPORTIVO","00001","0001499","FOMENTAR EL DEPORTE Y LA RECREACION","04","AREQUIPA","2","RECURSOS DIRECTAMENTE RECAUDADOS","09","RECURSOS DIRECTAMENTE RECAUDADOS","0","NORMAL","5","GASTO CORRIENTE","2","1","PERSONAL Y OBLIGACIONES SOCIALES","1","RETRIBUCIONES Y COMPLEMENTOS EN EFECTIVO","9","GASTOS VARIABLES Y OCASIONALES","3","OTROS GASTOS VARIABLES Y OCASIONALES","2","BONIFICACION ADICIONAL POR VACACIONES","1330","0","1330","0","0","0","0","0","0","0","0","0","0","0","0","0","0","0"
"2020","M","GOBIERNOS LOCALES"," "," "," "," ","300331","040101","MUNICIPALIDAD PROVINCIAL DE AREQUIPA","04","AREQUIPA","01","AREQUIPA","01","AREQUIPA","90","9002","ASIGNACIONES PRESUPUESTARIAS QUE NO RESULTAN EN PRODUCTOS","3","ACTIVIDAD","3999999","SIN PRODUCTO","5000637","DEPORTE FUNDAMENTAL","21","CULTURA Y DEPORTE","046","DEPORTES","0101","PROMOCION Y DESARROLLO DEPORTIVO","00001","0001499","FOMENTAR EL DEPORTE Y LA RECREACION","04","AREQUIPA","2","RECURSOS DIRECTAMENTE RECAUDADOS","09","RECURSOS DIRECTAMENTE RECAUDADOS","0","NORMAL","5","GASTO CORRIENTE","2","1","PERSONAL Y OBLIGACIONES SOCIALES","3","CONTRIBUCIONES A LA SEGURIDAD SOCIAL","1","OBLIGACIONES DEL EMPLEADOR","1","OBLIGACIONES DEL EMPLEADOR","5","CONTRIBUCIONES A ESSALUD","5643","0","5643","0","0","0","0","0","0","0","0","0","0","0","0","0","0","0"
"2020","M","GOBIERNOS LOCALES"," "," "," "," ","300331","040101","MUNICIPALIDAD PROVINCIAL DE AREQUIPA","04","AREQUIPA","01","AREQUIPA","01","AREQUIPA","90","9002","ASIGNACIONES PRESUPUESTARIAS QUE NO RESULTAN EN PRODUCTOS","3","ACTIVIDAD","3999999","SIN PRODUCTO","5000637","DEPORTE FUNDAMENTAL","21","CULTURA Y DEPORTE","046","DEPORTES","0101","PROMOCION Y DESARROLLO DEPORTIVO","00001","0001499","FOMENTAR EL DEPORTE Y LA RECREACION","04","AREQUIPA","5","RECURSOS DETERMINADOS","07","FONDO DE COMPENSACION MUNICIPAL","0","NORMAL","5","GASTO CORRIENTE","2","1","PERSONAL Y OBLIGACIONES SOCIALES","1","RETRIBUCIONES Y COMPLEMENTOS EN EFECTIVO","1","PERSONAL ADMINISTRATIVO","1","PERSONAL ADMINISTRATIVO","2","PERSONAL ADMINISTRATIVO NOMBRADO (REGIMEN PUBLICO)","19496","-19496","0","0","0","0","0","0","0","0","0","0","0","0","0","0","0","0"
"2020","M","GOBIERNOS LOCALES"," "," "," "," ","300331","040101","MUNICIPALIDAD PROVINCIAL DE AREQUIPA","04","AREQUIPA","01","AREQUIPA","01","AREQUIPA","90","9002","ASIGNACIONES PRESUPUESTARIAS QUE NO RESULTAN EN PRODUCTOS","3","ACTIVIDAD","3999999","SIN PRODUCTO","5000637","DEPORTE FUNDAMENTAL","21","CULTURA Y DEPORTE","046","DEPORTES","0101","PROMOCION Y DESARROLLO DEPORTIVO","00001","0001499","FOMENTAR EL DEPORTE Y LA RECREACION","04","AREQUIPA","5","RECURSOS DETERMINADOS","07","FONDO DE COMPENSACION MUNICIPAL","0","NORMAL","5","GASTO CORRIENTE","2","1","PERSONAL Y OBLIGACIONES SOCIALES","3","CONTRIBUCIONES A LA SEGURIDAD SOCIAL","1","OBLIGACIONES DEL EMPLEADOR","1","OBLIGACIONES DEL EMPLEADOR","5","CONTRIBUCIONES A ESSALUD","2064","-2064","0","0","0","0","0","0","0","0","0","0","0","0","0","0","0","0"
"2020","M","GOBIERNOS LOCALES"," "," "," "," ","300331","040101","MUNICIPALIDAD PROVINCIAL DE AREQUIPA","04","AREQUIPA","01","AREQUIPA","01","AREQUIPA","90","9002","ASIGNACIONES PRESUPUESTARIAS QUE NO RESULTAN EN PRODUCTOS","3","ACTIVIDAD","3999999","SIN PRODUCTO","5000637","DEPORTE FUNDAMENTAL","21","CULTURA Y DEPORTE","046","DEPORTES","0101","PROMOCION Y DESARROLLO DEPORTIVO","00001","0001499","FOMENTAR EL DEPORTE Y LA RECREACION","04","AREQUIPA","5","RECURSOS DETERMINADOS","08","IMPUESTOS MUNICIPALES","0","NORMAL","5","GASTO CORRIENTE","2","3","BIENES Y SERVICIOS","1","COMPRA DE BIENES","1","ALIMENTOS Y BEBIDAS","1","ALIMENTOS Y BEBIDAS","1","ALIMENTOS Y BEBIDAS PARA CONSUMO HUMANO","0","0","3720","0","0","0","0","0","0","0","0","0","0","0","0","0","0","0"
"2020","M","GOBIERNOS LOCALES"," "," "," "," ","300331","040101","MUNICIPALIDAD PROVINCIAL DE AREQUIPA","04","AREQUIPA","01","AREQUIPA","01","AREQUIPA","90","9002","ASIGNACIONES PRESUPUESTARIAS QUE NO RESULTAN EN PRODUCTOS","3","ACTIVIDAD","3999999","SIN PRODUCTO","5000637","DEPORTE FUNDAMENTAL","21","CULTURA Y DEPORTE","046","DEPORTES","0101","PROMOCION Y DESARROLLO DEPORTIVO","00001","0001499","FOMENTAR EL DEPORTE Y LA RECREACION","04","AREQUIPA","5","RECURSOS DETERMINADOS","08","IMPUESTOS MUNICIPALES","0","NORMAL","5","GASTO CORRIENTE","2","3","BIENES Y SERVICIOS","1","COMPRA DE BIENES","2","VESTUARIOS Y TEXTILES","1","VESTUARIO, ZAPATERIA Y ACCESORIOS, TALABARTERIA Y MATERIALES TEXTILES","1","VESTUARIO, ACCESORIOS Y PRENDAS DIVERSAS","0","0","5","0","0","0","0","0","0","0","0","0","0","0","0","0","0","0"
"2020","M","GOBIERNOS LOCALES"," "," "," "," ","300331","040101","MUNICIPALIDAD PROVINCIAL DE AREQUIPA","04","AREQUIPA","01","AREQUIPA","01","AREQUIPA","90","9002","ASIGNACIONES PRESUPUESTARIAS QUE NO RESULTAN EN PRODUCTOS","3","ACTIVIDAD","3999999","SIN PRODUCTO","5000637","DEPORTE FUNDAMENTAL","21","CULTURA Y DEPORTE","046","DEPORTES","0101","PROMOCION Y DESARROLLO DEPORTIVO","00001","0001499","FOMENTAR EL DEPORTE Y LA RECREACION","04","AREQUIPA","5","RECURSOS DETERMINADOS","08","IMPUESTOS MUNICIPALES","0","NORMAL","5","GASTO CORRIENTE","2","3","BIENES Y SERVICIOS","1","COMPRA DE BIENES","5","MATERIALES Y  UTILES","1","DE OFICINA","2","PAPELERIA EN GENERAL, UTILES Y MATERIALES DE OFICINA","0","0","2709","0","0","0","0","0","0","0","0","0","0","0","0","0","0","0"
"2020","M","GOBIERNOS LOCALES"," "," "," "," ","300331","040101","MUNICIPALIDAD PROVINCIAL DE AREQUIPA","04","AREQUIPA","01","AREQUIPA","01","AREQUIPA","90","9002","ASIGNACIONES PRESUPUESTARIAS QUE NO RESULTAN EN PRODUCTOS","3","ACTIVIDAD","3999999","SIN PRODUCTO","5000637","DEPORTE FUNDAMENTAL","21","CULTURA Y DEPORTE","046","DEPORTES","0101","PROMOCION Y DESARROLLO DEPORTIVO","00001","0001499","FOMENTAR EL DEPORTE Y LA RECREACION","04","AREQUIPA","5","RECURSOS DETERMINADOS","08","IMPUESTOS MUNICIPALES","0","NORMAL","5","GASTO CORRIENTE","2","3","BIENES Y SERVICIOS","1","COMPRA DE BIENES","5","MATERIALES Y  UTILES","3","ASEO, LIMPIEZA Y COCINA","2","DE COCINA, COMEDOR Y CAFETERIA","0","0","93","0","0","0","0","0","0","0","0","0","0","0","0","0","0","0"
"2020","M","GOBIERNOS LOCALES"," "," "," "," ","300331","040101","MUNICIPALIDAD PROVINCIAL DE AREQUIPA","04","AREQUIPA","01","AREQUIPA","01","AREQUIPA","90","9002","ASIGNACIONES PRESUPUESTARIAS QUE NO RESULTAN EN PRODUCTOS","3","ACTIVIDAD","3999999","SIN PRODUCTO","5000637","DEPORTE FUNDAMENTAL","21","CULTURA Y DEPORTE","046","DEPORTES","0101","PROMOCION Y DESARROLLO DEPORTIVO","00001","0001499","FOMENTAR EL DEPORTE Y LA RECREACION","04","AREQUIPA","5","RECURSOS DETERMINADOS","08","IMPUESTOS MUNICIPALES","0","NORMAL","5","GASTO CORRIENTE","2","3","BIENES Y SERVICIOS","1","COMPRA DE BIENES","7","ENSERES","1","ENSERES","1","ENSERES","0","0","64","0","0","0","0","0","0","0","0","0","0","0","0","0","0","0"
"2020","M","GOBIERNOS LOCALES"," "," "," "," ","300331","040101","MUNICIPALIDAD PROVINCIAL DE AREQUIPA","04","AREQUIPA","01","AREQUIPA","01","AREQUIPA","90","9002","ASIGNACIONES PRESUPUESTARIAS QUE NO RESULTAN EN PRODUCTOS","3","ACTIVIDAD","3999999","SIN PRODUCTO","5000637","DEPORTE FUNDAMENTAL","21","CULTURA Y DEPORTE","046","DEPORTES","0101","PROMOCION Y DESARROLLO DEPORTIVO","00001","0001499","FOMENTAR EL DEPORTE Y LA RECREACION","04","AREQUIPA","5","RECURSOS DETERMINADOS","08","IMPUESTOS MUNICIPALES","0","NORMAL","5","GASTO CORRIENTE","2","3","BIENES Y SERVICIOS","1","COMPRA DE BIENES","8","SUMINISTROS MEDICOS","2","MATERIAL,INSUMOS,INSTRUMENTAL Y ACCESORIOS MEDICOS,QUIRURGICOS, ODONTOLOGICOS Y DE LABORATORIO","1","MATERIAL, INSUMOS, INSTRUMENTAL Y ACCESORIOS  MEDICOS, QUIRURGICOS, ODONTOLOGICOS Y DE LABORATORIO","0","0","107","0","0","0","0","0","0","0","0","0","0","0","0","0","0","0"
"2020","M","GOBIERNOS LOCALES"," "," "," "," ","300331","040101","MUNICIPALIDAD PROVINCIAL DE AREQUIPA","04","AREQUIPA","01","AREQUIPA","01","AREQUIPA","90","9002","ASIGNACIONES PRESUPUESTARIAS QUE NO RESULTAN EN PRODUCTOS","3","ACTIVIDAD","3999999","SIN PRODUCTO","5000637","DEPORTE FUNDAMENTAL","21","CULTURA Y DEPORTE","046","DEPORTES","0101","PROMOCION Y DESARROLLO DEPORTIVO","00001","0001499","FOMENTAR EL DEPORTE Y LA RECREACION","04","AREQUIPA","5","RECURSOS DETERMINADOS","08","IMPUESTOS MUNICIPALES","0","NORMAL","5","GASTO CORRIENTE","2","3","BIENES Y SERVICIOS","1","COMPRA DE BIENES","99","COMPRA DE OTROS BIENES","1","COMPRA DE OTROS BIENES","3","LIBROS, DIARIOS, REVISTAS Y OTROS BIENES IMPRESOS NO VINCULADOS A ENSEÑANZA","0","0","4250","0","0","0","0","0","0","0","0","0","0","0","0","0","0","0"
"2020","M","GOBIERNOS LOCALES"," "," "," "," ","300331","040101","MUNICIPALIDAD PROVINCIAL DE AREQUIPA","04","AREQUIPA","01","AREQUIPA","01","AREQUIPA","90","9002","ASIGNACIONES PRESUPUESTARIAS QUE NO RESULTAN EN PRODUCTOS","3","ACTIVIDAD","3999999","SIN PRODUCTO","5000637","DEPORTE FUNDAMENTAL","21","CULTURA Y DEPORTE","046","DEPORTES","0101","PROMOCION Y DESARROLLO DEPORTIVO","00001","0001499","FOMENTAR EL DEPORTE Y LA RECREACION","04","AREQUIPA","5","RECURSOS DETERMINADOS","08","IMPUESTOS MUNICIPALES","0","NORMAL","5","GASTO CORRIENTE","2","3","BIENES Y SERVICIOS","1","COMPRA DE BIENES","99","COMPRA DE OTROS BIENES","1","COMPRA DE OTROS BIENES","4","SIMBOLOS, DISTINTIVOS Y CONDECORACIONES","0","0","660","0","0","0","0","0","0","0","0","0","0","0","0","0","0","0"
"2020","M","GOBIERNOS LOCALES"," "," "," "," ","300331","040101","MUNICIPALIDAD PROVINCIAL DE AREQUIPA","04","AREQUIPA","01","AREQUIPA","01","AREQUIPA","90","9002","ASIGNACIONES PRESUPUESTARIAS QUE NO RESULTAN EN PRODUCTOS","3","ACTIVIDAD","3999999","SIN PRODUCTO","5000637","DEPORTE FUNDAMENTAL","21","CULTURA Y DEPORTE","046","DEPORTES","0101","PROMOCION Y DESARROLLO DEPORTIVO","00001","0001499","FOMENTAR EL DEPORTE Y LA RECREACION","04","AREQUIPA","5","RECURSOS DETERMINADOS","08","IMPUESTOS MUNICIPALES","0","NORMAL","5","GASTO CORRIENTE","2","3","BIENES Y SERVICIOS","1","COMPRA DE BIENES","99","COMPRA DE OTROS BIENES","1","COMPRA DE OTROS BIENES","99","OTROS BIENES","0","0","8965","0","0","0","0","0","0","0","0","0","0","0","0","0","0","0"
"2020","M","GOBIERNOS LOCALES"," "," "," "," ","300331","040101","MUNICIPALIDAD PROVINCIAL DE AREQUIPA","04","AREQUIPA","01","AREQUIPA","01","AREQUIPA","90","9002","ASIGNACIONES PRESUPUESTARIAS QUE NO RESULTAN EN PRODUCTOS","3","ACTIVIDAD","3999999","SIN PRODUCTO","5000637","DEPORTE FUNDAMENTAL","21","CULTURA Y DEPORTE","046","DEPORTES","0101","PROMOCION Y DESARROLLO DEPORTIVO","00001","0001499","FOMENTAR EL DEPORTE Y LA RECREACION","04","AREQUIPA","5","RECURSOS DETERMINADOS","08","IMPUESTOS MUNICIPALES","0","NORMAL","5","GASTO CORRIENTE","2","3","BIENES Y SERVICIOS","1","COMPRA DE BIENES","99","COMPRA DE OTROS BIENES","1","COMPRA DE OTROS BIENES","99","OTROS BIENES","0","0","0","4500","4500","0","4500","0","0","0","0","0","0","0","0","0","0","4500"
"2020","M","GOBIERNOS LOCALES"," "," "," "," ","300331","040101","MUNICIPALIDAD PROVINCIAL DE AREQUIPA","04","AREQUIPA","01","AREQUIPA","01","AREQUIPA","90","9002","ASIGNACIONES PRESUPUESTARIAS QUE NO RESULTAN EN PRODUCTOS","3","ACTIVIDAD","3999999","SIN PRODUCTO","5000637","DEPORTE FUNDAMENTAL","21","CULTURA Y DEPORTE","046","DEPORTES","0101","PROMOCION Y DESARROLLO DEPORTIVO","00001","0001499","FOMENTAR EL DEPORTE Y LA RECREACION","04","AREQUIPA","5","RECURSOS DETERMINADOS","08","IMPUESTOS MUNICIPALES","0","NORMAL","5","GASTO CORRIENTE","2","3","BIENES Y SERVICIOS","2","CONTRATACION DE SERVICIOS","2","SERVICIOS BASICOS, COMUNICACIONES, PUBLICIDAD Y DIFUSION","3","SERVICIOS DE MENSAJERIA, TELECOMUNICACIONES Y OTROS AFINES","1","CORREOS Y SERVICIOS DE MENSAJERIA","0","0","415","0","0","0","0","0","0","0","0","0","0","0","0","0","0","0"
"2020","M","GOBIERNOS LOCALES"," "," "," "," ","300331","040101","MUNICIPALIDAD PROVINCIAL DE AREQUIPA","04","AREQUIPA","01","AREQUIPA","01","AREQUIPA","90","9002","ASIGNACIONES PRESUPUESTARIAS QUE NO RESULTAN EN PRODUCTOS","3","ACTIVIDAD","3999999","SIN PRODUCTO","5000637","DEPORTE FUNDAMENTAL","21","CULTURA Y DEPORTE","046","DEPORTES","0101","PROMOCION Y DESARROLLO DEPORTIVO","00001","0001499","FOMENTAR EL DEPORTE Y LA RECREACION","04","AREQUIPA","5","RECURSOS DETERMINADOS","08","IMPUESTOS MUNICIPALES","0","NORMAL","5","GASTO CORRIENTE","2","3","BIENES Y SERVICIOS","2","CONTRATACION DE SERVICIOS","7","SERVICIOS PROFESIONALES Y TECNICOS","11","OTROS SERVICIOS","99","SERVICIOS DIVERSOS","0","0","8560","0","0","0","0","0","0","0","0","0","0","0","0","0","0","0"
"2020","M","GOBIERNOS LOCALES"," "," "," "," ","300331","040101","MUNICIPALIDAD PROVINCIAL DE AREQUIPA","04","AREQUIPA","01","AREQUIPA","01","AREQUIPA","90","9002","ASIGNACIONES PRESUPUESTARIAS QUE NO RESULTAN EN PRODUCTOS","3","ACTIVIDAD","3999999","SIN PRODUCTO","5000637","DEPORTE FUNDAMENTAL","21","CULTURA Y DEPORTE","046","DEPORTES","0101","PROMOCION Y DESARROLLO DEPORTIVO","00001","0001499","FOMENTAR EL DEPORTE Y LA RECREACION","04","AREQUIPA","5","RECURSOS DETERMINADOS","08","IMPUESTOS MUNICIPALES","0","NORMAL","5","GASTO CORRIENTE","2","3","BIENES Y SERVICIOS","2","CONTRATACION DE SERVICIOS","7","SERVICIOS PROFESIONALES Y TECNICOS","11","OTROS SERVICIOS","99","SERVICIOS DIVERSOS","0","0","0","600","600","0","600","0","0","0","0","0","0","0","0","0","0","600"
"2020","M","GOBIERNOS LOCALES"," "," "," "," ","300331","040101","MUNICIPALIDAD PROVINCIAL DE AREQUIPA","04","AREQUIPA","01","AREQUIPA","01","AREQUIPA","108","9002","ASIGNACIONES PRESUPUESTARIAS QUE NO RESULTAN EN PRODUCTOS","3","ACTIVIDAD","3999999","SIN PRODUCTO","5001080","PROMOCION DEL DESARROLLO INTEGRAL DE LA JUVENTUD","21","CULTURA Y DEPORTE","046","DEPORTES","0101","PROMOCION Y DESARROLLO DEPORTIVO","00001","0001499","FOMENTAR EL DEPORTE Y LA RECREACION","04","AREQUIPA","2","RECURSOS DIRECTAMENTE RECAUDADOS","09","RECURSOS DIRECTAMENTE RECAUDADOS","0","NORMAL","5","GASTO CORRIENTE","2","1","PERSONAL Y OBLIGACIONES SOCIALES","1","RETRIBUCIONES Y COMPLEMENTOS EN EFECTIVO","1","PERSONAL ADMINISTRATIVO","1","PERSONAL ADMINISTRATIVO","2","PERSONAL ADMINISTRATIVO NOMBRADO (REGIMEN PUBLICO)","0","0","18526","0","0","0","0","0","0","0","0","0","0","0","0","0","0","0"
"2020","M","GOBIERNOS LOCALES"," "," "," "," ","300331","040101","MUNICIPALIDAD PROVINCIAL DE AREQUIPA","04","AREQUIPA","01","AREQUIPA","01","AREQUIPA","108","9002","ASIGNACIONES PRESUPUESTARIAS QUE NO RESULTAN EN PRODUCTOS","3","ACTIVIDAD","3999999","SIN PRODUCTO","5001080","PROMOCION DEL DESARROLLO INTEGRAL DE LA JUVENTUD","21","CULTURA Y DEPORTE","046","DEPORTES","0101","PROMOCION Y DESARROLLO DEPORTIVO","00001","0001499","FOMENTAR EL DEPORTE Y LA RECREACION","04","AREQUIPA","2","RECURSOS DIRECTAMENTE RECAUDADOS","09","RECURSOS DIRECTAMENTE RECAUDADOS","0","NORMAL","5","GASTO CORRIENTE","2","1","PERSONAL Y OBLIGACIONES SOCIALES","1","RETRIBUCIONES Y COMPLEMENTOS EN EFECTIVO","1","PERSONAL ADMINISTRATIVO","1","PERSONAL ADMINISTRATIVO","2","PERSONAL ADMINISTRATIVO NOMBRADO (REGIMEN PUBLICO)","0","0","0","18525.44","18525.44","0","0","0","0","0","0","0","0","0","0","0","0","0"
"2020","M","GOBIERNOS LOCALES"," "," "," "," ","300331","040101","MUNICIPALIDAD PROVINCIAL DE AREQUIPA","04","AREQUIPA","01","AREQUIPA","01","AREQUIPA","108","9002","ASIGNACIONES PRESUPUESTARIAS QUE NO RESULTAN EN PRODUCTOS","3","ACTIVIDAD","3999999","SIN PRODUCTO","5001080","PROMOCION DEL DESARROLLO INTEGRAL DE LA JUVENTUD","21","CULTURA Y DEPORTE","046","DEPORTES","0101","PROMOCION Y DESARROLLO DEPORTIVO","00001","0001499","FOMENTAR EL DEPORTE Y LA RECREACION","04","AREQUIPA","2","RECURSOS DIRECTAMENTE RECAUDADOS","09","RECURSOS DIRECTAMENTE RECAUDADOS","0","NORMAL","5","GASTO CORRIENTE","2","1","PERSONAL Y OBLIGACIONES SOCIALES","1","RETRIBUCIONES Y COMPLEMENTOS EN EFECTIVO","1","PERSONAL ADMINISTRATIVO","2","OTRAS RETRIBUCIONES Y COMPLEMENTOS","99","OTRAS RETRIBUCIONES Y COMPLEMENTOS","0","0","6728","0","0","0","0","0","0","0","0","0","0","0","0","0","0","0"
"2020","M","GOBIERNOS LOCALES"," "," "," "," ","300331","040101","MUNICIPALIDAD PROVINCIAL DE AREQUIPA","04","AREQUIPA","01","AREQUIPA","01","AREQUIPA","108","9002","ASIGNACIONES PRESUPUESTARIAS QUE NO RESULTAN EN PRODUCTOS","3","ACTIVIDAD","3999999","SIN PRODUCTO","5001080","PROMOCION DEL DESARROLLO INTEGRAL DE LA JUVENTUD","21","CULTURA Y DEPORTE","046","DEPORTES","0101","PROMOCION Y DESARROLLO DEPORTIVO","00001","0001499","FOMENTAR EL DEPORTE Y LA RECREACION","04","AREQUIPA","2","RECURSOS DIRECTAMENTE RECAUDADOS","09","RECURSOS DIRECTAMENTE RECAUDADOS","0","NORMAL","5","GASTO CORRIENTE","2","1","PERSONAL Y OBLIGACIONES SOCIALES","1","RETRIBUCIONES Y COMPLEMENTOS EN EFECTIVO","1","PERSONAL ADMINISTRATIVO","2","OTRAS RETRIBUCIONES Y COMPLEMENTOS","99","OTRAS RETRIBUCIONES Y COMPLEMENTOS","0","0","0","6728","6052.50","0","0","0","0","0","0","0","0","0","0","0","0","0"
"2020","M","GOBIERNOS LOCALES"," "," "," "," ","300331","040101","MUNICIPALIDAD PROVINCIAL DE AREQUIPA","04","AREQUIPA","01","AREQUIPA","01","AREQUIPA","108","9002","ASIGNACIONES PRESUPUESTARIAS QUE NO RESULTAN EN PRODUCTOS","3","ACTIVIDAD","3999999","SIN PRODUCTO","5001080","PROMOCION DEL DESARROLLO INTEGRAL DE LA JUVENTUD","21","CULTURA Y DEPORTE","046","DEPORTES","0101","PROMOCION Y DESARROLLO DEPORTIVO","00001","0001499","FOMENTAR EL DEPORTE Y LA RECREACION","04","AREQUIPA","2","RECURSOS DIRECTAMENTE RECAUDADOS","09","RECURSOS DIRECTAMENTE RECAUDADOS","0","NORMAL","5","GASTO CORRIENTE","2","1","PERSONAL Y OBLIGACIONES SOCIALES","3","CONTRIBUCIONES A LA SEGURIDAD SOCIAL","1","OBLIGACIONES DEL EMPLEADOR","1","OBLIGACIONES DEL EMPLEADOR","5","CONTRIBUCIONES A ESSALUD","0","0","2479","0","0","0","0","0","0","0","0","0","0","0","0","0","0","0"
"2020","M","GOBIERNOS LOCALES"," "," "," "," ","300331","040101","MUNICIPALIDAD PROVINCIAL DE AREQUIPA","04","AREQUIPA","01","AREQUIPA","01","AREQUIPA","108","9002","ASIGNACIONES PRESUPUESTARIAS QUE NO RESULTAN EN PRODUCTOS","3","ACTIVIDAD","3999999","SIN PRODUCTO","5001080","PROMOCION DEL DESARROLLO INTEGRAL DE LA JUVENTUD","21","CULTURA Y DEPORTE","046","DEPORTES","0101","PROMOCION Y DESARROLLO DEPORTIVO","00001","0001499","FOMENTAR EL DEPORTE Y LA RECREACION","04","AREQUIPA","2","RECURSOS DIRECTAMENTE RECAUDADOS","09","RECURSOS DIRECTAMENTE RECAUDADOS","0","NORMAL","5","GASTO CORRIENTE","2","1","PERSONAL Y OBLIGACIONES SOCIALES","3","CONTRIBUCIONES A LA SEGURIDAD SOCIAL","1","OBLIGACIONES DEL EMPLEADOR","1","OBLIGACIONES DEL EMPLEADOR","5","CONTRIBUCIONES A ESSALUD","0","0","0","2478","2478","0","0","0","0","0","0","0","0","0","0","0","0","0"
"2020","M","GOBIERNOS LOCALES"," "," "," "," ","300331","040101","MUNICIPALIDAD PROVINCIAL DE AREQUIPA","04","AREQUIPA","01","AREQUIPA","01","AREQUIPA","108","9002","ASIGNACIONES PRESUPUESTARIAS QUE NO RESULTAN EN PRODUCTOS","3","ACTIVIDAD","3999999","SIN PRODUCTO","5001080","PROMOCION DEL DESARROLLO INTEGRAL DE LA JUVENTUD","21","CULTURA Y DEPORTE","046","DEPORTES","0101","PROMOCION Y DESARROLLO DEPORTIVO","00001","0001499","FOMENTAR EL DEPORTE Y LA RECREACION","04","AREQUIPA","2","RECURSOS DIRECTAMENTE RECAUDADOS","09","RECURSOS DIRECTAMENTE RECAUDADOS","0","NORMAL","5","GASTO CORRIENTE","2","3","BIENES Y SERVICIOS","2","CONTRATACION DE SERVICIOS","8","CONTRATO ADMINISTRATIVO DE SERVICIOS","1","CONTRATO ADMINISTRATIVO DE SERVICIOS","2","CONTRIBUCIONES A ESSALUD DE C.A.S.","0","0","292","0","0","0","0","0","0","0","0","0","0","0","0","0","0","0"
"2020","M","GOBIERNOS LOCALES"," "," "," "," ","300331","040101","MUNICIPALIDAD PROVINCIAL DE AREQUIPA","04","AREQUIPA","01","AREQUIPA","01","AREQUIPA","108","9002","ASIGNACIONES PRESUPUESTARIAS QUE NO RESULTAN EN PRODUCTOS","3","ACTIVIDAD","3999999","SIN PRODUCTO","5001080","PROMOCION DEL DESARROLLO INTEGRAL DE LA JUVENTUD","21","CULTURA Y DEPORTE","046","DEPORTES","0101","PROMOCION Y DESARROLLO DEPORTIVO","00001","0001499","FOMENTAR EL DEPORTE Y LA RECREACION","04","AREQUIPA","2","RECURSOS DIRECTAMENTE RECAUDADOS","09","RECURSOS DIRECTAMENTE RECAUDADOS","0","NORMAL","5","GASTO CORRIENTE","2","3","BIENES Y SERVICIOS","2","CONTRATACION DE SERVICIOS","8","CONTRATO ADMINISTRATIVO DE SERVICIOS","1","CONTRATO ADMINISTRATIVO DE SERVICIOS","2","CONTRIBUCIONES A ESSALUD DE C.A.S.","0","0","0","291.15","291.15","0","0","0","0","0","0","0","0","0","0","0","0","0"
"2020","M","GOBIERNOS LOCALES"," "," "," "," ","300331","040101","MUNICIPALIDAD PROVINCIAL DE AREQUIPA","04","AREQUIPA","01","AREQUIPA","01","AREQUIPA","108","9002","ASIGNACIONES PRESUPUESTARIAS QUE NO RESULTAN EN PRODUCTOS","3","ACTIVIDAD","3999999","SIN PRODUCTO","5001080","PROMOCION DEL DESARROLLO INTEGRAL DE LA JUVENTUD","21","CULTURA Y DEPORTE","046","DEPORTES","0101","PROMOCION Y DESARROLLO DEPORTIVO","00001","0001499","FOMENTAR EL DEPORTE Y LA RECREACION","04","AREQUIPA","2","RECURSOS DIRECTAMENTE RECAUDADOS","09","RECURSOS DIRECTAMENTE RECAUDADOS","1","UNIVERSIDADES / GOB. LOCALES","5","GASTO CORRIENTE","2","1","PERSONAL Y OBLIGACIONES SOCIALES","1","RETRIBUCIONES Y COMPLEMENTOS EN EFECTIVO","1","PERSONAL ADMINISTRATIVO","2","OTRAS RETRIBUCIONES Y COMPLEMENTOS","99","OTRAS RETRIBUCIONES Y COMPLEMENTOS","0","0","0","0","0","0","0","660","667.50","0","0","0","675","0","0","0","0","2002.50"
"2020","M","GOBIERNOS LOCALES"," "," "," "," ","300331","040101","MUNICIPALIDAD PROVINCIAL DE AREQUIPA","04","AREQUIPA","01","AREQUIPA","01","AREQUIPA","108","9002","ASIGNACIONES PRESUPUESTARIAS QUE NO RESULTAN EN PRODUCTOS","3","ACTIVIDAD","3999999","SIN PRODUCTO","5001080","PROMOCION DEL DESARROLLO INTEGRAL DE LA JUVENTUD","21","CULTURA Y DEPORTE","046","DEPORTES","0101","PROMOCION Y DESARROLLO DEPORTIVO","00001","0001499","FOMENTAR EL DEPORTE Y LA RECREACION","04","AREQUIPA","2","RECURSOS DIRECTAMENTE RECAUDADOS","09","RECURSOS DIRECTAMENTE RECAUDADOS","7","SUB CUENTA - RECURSOS DIRECTAMENTE RECAUDADOS","5","GASTO CORRIENTE","2","1","PERSONAL Y OBLIGACIONES SOCIALES","1","RETRIBUCIONES Y COMPLEMENTOS EN EFECTIVO","1","PERSONAL ADMINISTRATIVO","1","PERSONAL ADMINISTRATIVO","2","PERSONAL ADMINISTRATIVO NOMBRADO (REGIMEN PUBLICO)","0","0","0","0","0","0","0","0","0","0","0","0","0","9517.72","0","9007.72","0","18525.44"
"2020","M","GOBIERNOS LOCALES"," "," "," "," ","300331","040101","MUNICIPALIDAD PROVINCIAL DE AREQUIPA","04","AREQUIPA","01","AREQUIPA","01","AREQUIPA","108","9002","ASIGNACIONES PRESUPUESTARIAS QUE NO RESULTAN EN PRODUCTOS","3","ACTIVIDAD","3999999","SIN PRODUCTO","5001080","PROMOCION DEL DESARROLLO INTEGRAL DE LA JUVENTUD","21","CULTURA Y DEPORTE","046","DEPORTES","0101","PROMOCION Y DESARROLLO DEPORTIVO","00001","0001499","FOMENTAR EL DEPORTE Y LA RECREACION","04","AREQUIPA","2","RECURSOS DIRECTAMENTE RECAUDADOS","09","RECURSOS DIRECTAMENTE RECAUDADOS","7","SUB CUENTA - RECURSOS DIRECTAMENTE RECAUDADOS","5","GASTO CORRIENTE","2","1","PERSONAL Y OBLIGACIONES SOCIALES","1","RETRIBUCIONES Y COMPLEMENTOS EN EFECTIVO","1","PERSONAL ADMINISTRATIVO","2","OTRAS RETRIBUCIONES Y COMPLEMENTOS","99","OTRAS RETRIBUCIONES Y COMPLEMENTOS","0","0","0","0","0","0","0","0","0","0","0","0","0","1350","675","675","1350","4050"
"2020","M","GOBIERNOS LOCALES"," "," "," "," ","300331","040101","MUNICIPALIDAD PROVINCIAL DE AREQUIPA","04","AREQUIPA","01","AREQUIPA","01","AREQUIPA","108","9002","ASIGNACIONES PRESUPUESTARIAS QUE NO RESULTAN EN PRODUCTOS","3","ACTIVIDAD","3999999","SIN PRODUCTO","5001080","PROMOCION DEL DESARROLLO INTEGRAL DE LA JUVENTUD","21","CULTURA Y DEPORTE","046","DEPORTES","0101","PROMOCION Y DESARROLLO DEPORTIVO","00001","0001499","FOMENTAR EL DEPORTE Y LA RECREACION","04","AREQUIPA","2","RECURSOS DIRECTAMENTE RECAUDADOS","09","RECURSOS DIRECTAMENTE RECAUDADOS","7","SUB CUENTA - RECURSOS DIRECTAMENTE RECAUDADOS","5","GASTO CORRIENTE","2","1","PERSONAL Y OBLIGACIONES SOCIALES","3","CONTRIBUCIONES A LA SEGURIDAD SOCIAL","1","OBLIGACIONES DEL EMPLEADOR","1","OBLIGACIONES DEL EMPLEADOR","5","CONTRIBUCIONES A ESSALUD","0","0","0","0","0","0","0","0","0","0","0","0","0","856.60","0","810.70","810.70","2478"
"2020","M","GOBIERNOS LOCALES"," "," "," "," ","300331","040101","MUNICIPALIDAD PROVINCIAL DE AREQUIPA","04","AREQUIPA","01","AREQUIPA","01","AREQUIPA","108","9002","ASIGNACIONES PRESUPUESTARIAS QUE NO RESULTAN EN PRODUCTOS","3","ACTIVIDAD","3999999","SIN PRODUCTO","5001080","PROMOCION DEL DESARROLLO INTEGRAL DE LA JUVENTUD","21","CULTURA Y DEPORTE","046","DEPORTES","0101","PROMOCION Y DESARROLLO DEPORTIVO","00001","0001499","FOMENTAR EL DEPORTE Y LA RECREACION","04","AREQUIPA","2","RECURSOS DIRECTAMENTE RECAUDADOS","09","RECURSOS DIRECTAMENTE RECAUDADOS","7","SUB CUENTA - RECURSOS DIRECTAMENTE RECAUDADOS","5","GASTO CORRIENTE","2","3","BIENES Y SERVICIOS","2","CONTRATACION DE SERVICIOS","8","CONTRATO ADMINISTRATIVO DE SERVICIOS","1","CONTRATO ADMINISTRATIVO DE SERVICIOS","2","CONTRIBUCIONES A ESSALUD DE C.A.S.","0","0","0","0","0","0","0","0","0","0","0","0","0","0","291.15","0","0","291.15"
"2020","M","GOBIERNOS LOCALES"," "," "," "," ","300331","040101","MUNICIPALIDAD PROVINCIAL DE AREQUIPA","04","AREQUIPA","01","AREQUIPA","01","AREQUIPA","108","9002","ASIGNACIONES PRESUPUESTARIAS QUE NO RESULTAN EN PRODUCTOS","3","ACTIVIDAD","3999999","SIN PRODUCTO","5001080","PROMOCION DEL DESARROLLO INTEGRAL DE LA JUVENTUD","21","CULTURA Y DEPORTE","046","DEPORTES","0101","PROMOCION Y DESARROLLO DEPORTIVO","00001","0001499","FOMENTAR EL DEPORTE Y LA RECREACION","04","AREQUIPA","5","RECURSOS DETERMINADOS","07","FONDO DE COMPENSACION MUNICIPAL","0","NORMAL","5","GASTO CORRIENTE","2","1","PERSONAL Y OBLIGACIONES SOCIALES","1","RETRIBUCIONES Y COMPLEMENTOS EN EFECTIVO","1","PERSONAL ADMINISTRATIVO","1","PERSONAL ADMINISTRATIVO","2","PERSONAL ADMINISTRATIVO NOMBRADO (REGIMEN PUBLICO)","0","0","28131","0","0","0","0","0","0","0","0","0","0","0","0","0","0","0"
"2020","M","GOBIERNOS LOCALES"," "," "," "," ","300331","040101","MUNICIPALIDAD PROVINCIAL DE AREQUIPA","04","AREQUIPA","01","AREQUIPA","01","AREQUIPA","108","9002","ASIGNACIONES PRESUPUESTARIAS QUE NO RESULTAN EN PRODUCTOS","3","ACTIVIDAD","3999999","SIN PRODUCTO","5001080","PROMOCION DEL DESARROLLO INTEGRAL DE LA JUVENTUD","21","CULTURA Y DEPORTE","046","DEPORTES","0101","PROMOCION Y DESARROLLO DEPORTIVO","00001","0001499","FOMENTAR EL DEPORTE Y LA RECREACION","04","AREQUIPA","5","RECURSOS DETERMINADOS","07","FONDO DE COMPENSACION MUNICIPAL","0","NORMAL","5","GASTO CORRIENTE","2","1","PERSONAL Y OBLIGACIONES SOCIALES","1","RETRIBUCIONES Y COMPLEMENTOS EN EFECTIVO","1","PERSONAL ADMINISTRATIVO","1","PERSONAL ADMINISTRATIVO","2","PERSONAL ADMINISTRATIVO NOMBRADO (REGIMEN PUBLICO)","0","0","0","28129.58","28128.87","0","0","0","0","0","0","0","0","0","0","0","0","0"
"2020","M","GOBIERNOS LOCALES"," "," "," "," ","300331","040101","MUNICIPALIDAD PROVINCIAL DE AREQUIPA","04","AREQUIPA","01","AREQUIPA","01","AREQUIPA","108","9002","ASIGNACIONES PRESUPUESTARIAS QUE NO RESULTAN EN PRODUCTOS","3","ACTIVIDAD","3999999","SIN PRODUCTO","5001080","PROMOCION DEL DESARROLLO INTEGRAL DE LA JUVENTUD","21","CULTURA Y DEPORTE","046","DEPORTES","0101","PROMOCION Y DESARROLLO DEPORTIVO","00001","0001499","FOMENTAR EL DEPORTE Y LA RECREACION","04","AREQUIPA","5","RECURSOS DETERMINADOS","07","FONDO DE COMPENSACION MUNICIPAL","0","NORMAL","5","GASTO CORRIENTE","2","1","PERSONAL Y OBLIGACIONES SOCIALES","1","RETRIBUCIONES Y COMPLEMENTOS EN EFECTIVO","1","PERSONAL ADMINISTRATIVO","2","OTRAS RETRIBUCIONES Y COMPLEMENTOS","99","OTRAS RETRIBUCIONES Y COMPLEMENTOS","0","0","1353","0","0","0","0","0","0","0","0","0","0","0","0","0","0","0"
"2020","M","GOBIERNOS LOCALES"," "," "," "," ","300331","040101","MUNICIPALIDAD PROVINCIAL DE AREQUIPA","04","AREQUIPA","01","AREQUIPA","01","AREQUIPA","108","9002","ASIGNACIONES PRESUPUESTARIAS QUE NO RESULTAN EN PRODUCTOS","3","ACTIVIDAD","3999999","SIN PRODUCTO","5001080","PROMOCION DEL DESARROLLO INTEGRAL DE LA JUVENTUD","21","CULTURA Y DEPORTE","046","DEPORTES","0101","PROMOCION Y DESARROLLO DEPORTIVO","00001","0001499","FOMENTAR EL DEPORTE Y LA RECREACION","04","AREQUIPA","5","RECURSOS DETERMINADOS","07","FONDO DE COMPENSACION MUNICIPAL","0","NORMAL","5","GASTO CORRIENTE","2","1","PERSONAL Y OBLIGACIONES SOCIALES","1","RETRIBUCIONES Y COMPLEMENTOS EN EFECTIVO","1","PERSONAL ADMINISTRATIVO","2","OTRAS RETRIBUCIONES Y COMPLEMENTOS","99","OTRAS RETRIBUCIONES Y COMPLEMENTOS","0","0","0","1350","1350","0","0","0","0","0","0","0","0","0","0","0","0","0"
"2020","M","GOBIERNOS LOCALES"," "," "," "," ","300331","040101","MUNICIPALIDAD PROVINCIAL DE AREQUIPA","04","AREQUIPA","01","AREQUIPA","01","AREQUIPA","108","9002","ASIGNACIONES PRESUPUESTARIAS QUE NO RESULTAN EN PRODUCTOS","3","ACTIVIDAD","3999999","SIN PRODUCTO","5001080","PROMOCION DEL DESARROLLO INTEGRAL DE LA JUVENTUD","21","CULTURA Y DEPORTE","046","DEPORTES","0101","PROMOCION Y DESARROLLO DEPORTIVO","00001","0001499","FOMENTAR EL DEPORTE Y LA RECREACION","04","AREQUIPA","5","RECURSOS DETERMINADOS","07","FONDO DE COMPENSACION MUNICIPAL","0","NORMAL","5","GASTO CORRIENTE","2","1","PERSONAL Y OBLIGACIONES SOCIALES","1","RETRIBUCIONES Y COMPLEMENTOS EN EFECTIVO","9","GASTOS VARIABLES Y OCASIONALES","1","ESCOLARIDAD, AGUINALDOS Y GRATIFICACIONES","2","AGUINALDOS","0","0","10169","0","0","0","0","0","0","0","0","0","0","0","0","0","0","0"
"2020","M","GOBIERNOS LOCALES"," "," "," "," ","300331","040101","MUNICIPALIDAD PROVINCIAL DE AREQUIPA","04","AREQUIPA","01","AREQUIPA","01","AREQUIPA","108","9002","ASIGNACIONES PRESUPUESTARIAS QUE NO RESULTAN EN PRODUCTOS","3","ACTIVIDAD","3999999","SIN PRODUCTO","5001080","PROMOCION DEL DESARROLLO INTEGRAL DE LA JUVENTUD","21","CULTURA Y DEPORTE","046","DEPORTES","0101","PROMOCION Y DESARROLLO DEPORTIVO","00001","0001499","FOMENTAR EL DEPORTE Y LA RECREACION","04","AREQUIPA","5","RECURSOS DETERMINADOS","07","FONDO DE COMPENSACION MUNICIPAL","0","NORMAL","5","GASTO CORRIENTE","2","1","PERSONAL Y OBLIGACIONES SOCIALES","1","RETRIBUCIONES Y COMPLEMENTOS EN EFECTIVO","9","GASTOS VARIABLES Y OCASIONALES","1","ESCOLARIDAD, AGUINALDOS Y GRATIFICACIONES","2","AGUINALDOS","0","0","0","10168.29","10168.29","0","0","0","0","0","0","0","0","0","0","0","0","0"
"2020","M","GOBIERNOS LOCALES"," "," "," "," ","300331","040101","MUNICIPALIDAD PROVINCIAL DE AREQUIPA","04","AREQUIPA","01","AREQUIPA","01","AREQUIPA","108","9002","ASIGNACIONES PRESUPUESTARIAS QUE NO RESULTAN EN PRODUCTOS","3","ACTIVIDAD","3999999","SIN PRODUCTO","5001080","PROMOCION DEL DESARROLLO INTEGRAL DE LA JUVENTUD","21","CULTURA Y DEPORTE","046","DEPORTES","0101","PROMOCION Y DESARROLLO DEPORTIVO","00001","0001499","FOMENTAR EL DEPORTE Y LA RECREACION","04","AREQUIPA","5","RECURSOS DETERMINADOS","07","FONDO DE COMPENSACION MUNICIPAL","0","NORMAL","5","GASTO CORRIENTE","2","1","PERSONAL Y OBLIGACIONES SOCIALES","1","RETRIBUCIONES Y COMPLEMENTOS EN EFECTIVO","9","GASTOS VARIABLES Y OCASIONALES","3","OTROS GASTOS VARIABLES Y OCASIONALES","2","BONIFICACION ADICIONAL POR VACACIONES","0","0","300","0","0","0","0","0","0","0","0","0","0","0","0","0","0","0"
"2020","M","GOBIERNOS LOCALES"," "," "," "," ","300331","040101","MUNICIPALIDAD PROVINCIAL DE AREQUIPA","04","AREQUIPA","01","AREQUIPA","01","AREQUIPA","108","9002","ASIGNACIONES PRESUPUESTARIAS QUE NO RESULTAN EN PRODUCTOS","3","ACTIVIDAD","3999999","SIN PRODUCTO","5001080","PROMOCION DEL DESARROLLO INTEGRAL DE LA JUVENTUD","21","CULTURA Y DEPORTE","046","DEPORTES","0101","PROMOCION Y DESARROLLO DEPORTIVO","00001","0001499","FOMENTAR EL DEPORTE Y LA RECREACION","04","AREQUIPA","5","RECURSOS DETERMINADOS","07","FONDO DE COMPENSACION MUNICIPAL","0","NORMAL","5","GASTO CORRIENTE","2","1","PERSONAL Y OBLIGACIONES SOCIALES","1","RETRIBUCIONES Y COMPLEMENTOS EN EFECTIVO","9","GASTOS VARIABLES Y OCASIONALES","3","OTROS GASTOS VARIABLES Y OCASIONALES","2","BONIFICACION ADICIONAL POR VACACIONES","0","0","0","300","300","0","0","0","0","0","0","0","0","0","0","0","0","0"
"2020","M","GOBIERNOS LOCALES"," "," "," "," ","300331","040101","MUNICIPALIDAD PROVINCIAL DE AREQUIPA","04","AREQUIPA","01","AREQUIPA","01","AREQUIPA","108","9002","ASIGNACIONES PRESUPUESTARIAS QUE NO RESULTAN EN PRODUCTOS","3","ACTIVIDAD","3999999","SIN PRODUCTO","5001080","PROMOCION DEL DESARROLLO INTEGRAL DE LA JUVENTUD","21","CULTURA Y DEPORTE","046","DEPORTES","0101","PROMOCION Y DESARROLLO DEPORTIVO","00001","0001499","FOMENTAR EL DEPORTE Y LA RECREACION","04","AREQUIPA","5","RECURSOS DETERMINADOS","07","FONDO DE COMPENSACION MUNICIPAL","0","NORMAL","5","GASTO CORRIENTE","2","1","PERSONAL Y OBLIGACIONES SOCIALES","3","CONTRIBUCIONES A LA SEGURIDAD SOCIAL","1","OBLIGACIONES DEL EMPLEADOR","1","OBLIGACIONES DEL EMPLEADOR","5","CONTRIBUCIONES A ESSALUD","0","0","1688","0","0","0","0","0","0","0","0","0","0","0","0","0","0","0"
"2020","M","GOBIERNOS LOCALES"," "," "," "," ","300331","040101","MUNICIPALIDAD PROVINCIAL DE AREQUIPA","04","AREQUIPA","01","AREQUIPA","01","AREQUIPA","108","9002","ASIGNACIONES PRESUPUESTARIAS QUE NO RESULTAN EN PRODUCTOS","3","ACTIVIDAD","3999999","SIN PRODUCTO","5001080","PROMOCION DEL DESARROLLO INTEGRAL DE LA JUVENTUD","21","CULTURA Y DEPORTE","046","DEPORTES","0101","PROMOCION Y DESARROLLO DEPORTIVO","00001","0001499","FOMENTAR EL DEPORTE Y LA RECREACION","04","AREQUIPA","5","RECURSOS DETERMINADOS","07","FONDO DE COMPENSACION MUNICIPAL","0","NORMAL","5","GASTO CORRIENTE","2","1","PERSONAL Y OBLIGACIONES SOCIALES","3","CONTRIBUCIONES A LA SEGURIDAD SOCIAL","1","OBLIGACIONES DEL EMPLEADOR","1","OBLIGACIONES DEL EMPLEADOR","5","CONTRIBUCIONES A ESSALUD","0","0","0","1687.87","1687.74","0","0","0","0","0","0","0","0","0","0","0","0","0"
"2020","M","GOBIERNOS LOCALES"," "," "," "," ","300331","040101","MUNICIPALIDAD PROVINCIAL DE AREQUIPA","04","AREQUIPA","01","AREQUIPA","01","AREQUIPA","108","9002","ASIGNACIONES PRESUPUESTARIAS QUE NO RESULTAN EN PRODUCTOS","3","ACTIVIDAD","3999999","SIN PRODUCTO","5001080","PROMOCION DEL DESARROLLO INTEGRAL DE LA JUVENTUD","21","CULTURA Y DEPORTE","046","DEPORTES","0101","PROMOCION Y DESARROLLO DEPORTIVO","00001","0001499","FOMENTAR EL DEPORTE Y LA RECREACION","04","AREQUIPA","5","RECURSOS DETERMINADOS","07","FONDO DE COMPENSACION MUNICIPAL","0","NORMAL","5","GASTO CORRIENTE","2","3","BIENES Y SERVICIOS","2","CONTRATACION DE SERVICIOS","8","CONTRATO ADMINISTRATIVO DE SERVICIOS","1","CONTRATO ADMINISTRATIVO DE SERVICIOS","1","CONTRATO ADMINISTRATIVO DE SERVICIOS","0","0","31500","0","0","0","0","0","0","0","0","0","0","0","0","0","0","0"
"2020","M","GOBIERNOS LOCALES"," "," "," "," ","300331","040101","MUNICIPALIDAD PROVINCIAL DE AREQUIPA","04","AREQUIPA","01","AREQUIPA","01","AREQUIPA","108","9002","ASIGNACIONES PRESUPUESTARIAS QUE NO RESULTAN EN PRODUCTOS","3","ACTIVIDAD","3999999","SIN PRODUCTO","5001080","PROMOCION DEL DESARROLLO INTEGRAL DE LA JUVENTUD","21","CULTURA Y DEPORTE","046","DEPORTES","0101","PROMOCION Y DESARROLLO DEPORTIVO","00001","0001499","FOMENTAR EL DEPORTE Y LA RECREACION","04","AREQUIPA","5","RECURSOS DETERMINADOS","07","FONDO DE COMPENSACION MUNICIPAL","0","NORMAL","5","GASTO CORRIENTE","2","3","BIENES Y SERVICIOS","2","CONTRATACION DE SERVICIOS","8","CONTRATO ADMINISTRATIVO DE SERVICIOS","1","CONTRATO ADMINISTRATIVO DE SERVICIOS","1","CONTRATO ADMINISTRATIVO DE SERVICIOS","0","0","0","31500","31500","0","0","0","0","0","0","0","0","0","0","0","0","0"
"2020","M","GOBIERNOS LOCALES"," "," "," "," ","300331","040101","MUNICIPALIDAD PROVINCIAL DE AREQUIPA","04","AREQUIPA","01","AREQUIPA","01","AREQUIPA","108","9002","ASIGNACIONES PRESUPUESTARIAS QUE NO RESULTAN EN PRODUCTOS","3","ACTIVIDAD","3999999","SIN PRODUCTO","5001080","PROMOCION DEL DESARROLLO INTEGRAL DE LA JUVENTUD","21","CULTURA Y DEPORTE","046","DEPORTES","0101","PROMOCION Y DESARROLLO DEPORTIVO","00001","0001499","FOMENTAR EL DEPORTE Y LA RECREACION","04","AREQUIPA","5","RECURSOS DETERMINADOS","07","FONDO DE COMPENSACION MUNICIPAL","0","NORMAL","5","GASTO CORRIENTE","2","3","BIENES Y SERVICIOS","2","CONTRATACION DE SERVICIOS","8","CONTRATO ADMINISTRATIVO DE SERVICIOS","1","CONTRATO ADMINISTRATIVO DE SERVICIOS","2","CONTRIBUCIONES A ESSALUD DE C.A.S.","0","0","1169","0","0","0","0","0","0","0","0","0","0","0","0","0","0","0"
"2020","M","GOBIERNOS LOCALES"," "," "," "," ","300331","040101","MUNICIPALIDAD PROVINCIAL DE AREQUIPA","04","AREQUIPA","01","AREQUIPA","01","AREQUIPA","108","9002","ASIGNACIONES PRESUPUESTARIAS QUE NO RESULTAN EN PRODUCTOS","3","ACTIVIDAD","3999999","SIN PRODUCTO","5001080","PROMOCION DEL DESARROLLO INTEGRAL DE LA JUVENTUD","21","CULTURA Y DEPORTE","046","DEPORTES","0101","PROMOCION Y DESARROLLO DEPORTIVO","00001","0001499","FOMENTAR EL DEPORTE Y LA RECREACION","04","AREQUIPA","5","RECURSOS DETERMINADOS","07","FONDO DE COMPENSACION MUNICIPAL","0","NORMAL","5","GASTO CORRIENTE","2","3","BIENES Y SERVICIOS","2","CONTRATACION DE SERVICIOS","8","CONTRATO ADMINISTRATIVO DE SERVICIOS","1","CONTRATO ADMINISTRATIVO DE SERVICIOS","2","CONTRIBUCIONES A ESSALUD DE C.A.S.","0","0","0","1166.45","1166.45","0","0","0","0","0","0","0","0","0","0","0","0","0"
"2020","M","GOBIERNOS LOCALES"," "," "," "," ","300331","040101","MUNICIPALIDAD PROVINCIAL DE AREQUIPA","04","AREQUIPA","01","AREQUIPA","01","AREQUIPA","108","9002","ASIGNACIONES PRESUPUESTARIAS QUE NO RESULTAN EN PRODUCTOS","3","ACTIVIDAD","3999999","SIN PRODUCTO","5001080","PROMOCION DEL DESARROLLO INTEGRAL DE LA JUVENTUD","21","CULTURA Y DEPORTE","046","DEPORTES","0101","PROMOCION Y DESARROLLO DEPORTIVO","00001","0001499","FOMENTAR EL DEPORTE Y LA RECREACION","04","AREQUIPA","5","RECURSOS DETERMINADOS","07","FONDO DE COMPENSACION MUNICIPAL","0","NORMAL","5","GASTO CORRIENTE","2","3","BIENES Y SERVICIOS","2","CONTRATACION DE SERVICIOS","8","CONTRATO ADMINISTRATIVO DE SERVICIOS","1","CONTRATO ADMINISTRATIVO DE SERVICIOS","4","AGUINALDOS DE C.A.S.","0","0","1200","0","0","0","0","0","0","0","0","0","0","0","0","0","0","0"
"2020","M","GOBIERNOS LOCALES"," "," "," "," ","300331","040101","MUNICIPALIDAD PROVINCIAL DE AREQUIPA","04","AREQUIPA","01","AREQUIPA","01","AREQUIPA","108","9002","ASIGNACIONES PRESUPUESTARIAS QUE NO RESULTAN EN PRODUCTOS","3","ACTIVIDAD","3999999","SIN PRODUCTO","5001080","PROMOCION DEL DESARROLLO INTEGRAL DE LA JUVENTUD","21","CULTURA Y DEPORTE","046","DEPORTES","0101","PROMOCION Y DESARROLLO DEPORTIVO","00001","0001499","FOMENTAR EL DEPORTE Y LA RECREACION","04","AREQUIPA","5","RECURSOS DETERMINADOS","07","FONDO DE COMPENSACION MUNICIPAL","0","NORMAL","5","GASTO CORRIENTE","2","3","BIENES Y SERVICIOS","2","CONTRATACION DE SERVICIOS","8","CONTRATO ADMINISTRATIVO DE SERVICIOS","1","CONTRATO ADMINISTRATIVO DE SERVICIOS","4","AGUINALDOS DE C.A.S.","0","0","0","1200","1200","0","0","0","0","0","0","0","0","0","0","0","0","0"
"2020","M","GOBIERNOS LOCALES"," "," "," "," ","300331","040101","MUNICIPALIDAD PROVINCIAL DE AREQUIPA","04","AREQUIPA","01","AREQUIPA","01","AREQUIPA","108","9002","ASIGNACIONES PRESUPUESTARIAS QUE NO RESULTAN EN PRODUCTOS","3","ACTIVIDAD","3999999","SIN PRODUCTO","5001080","PROMOCION DEL DESARROLLO INTEGRAL DE LA JUVENTUD","21","CULTURA Y DEPORTE","046","DEPORTES","0101","PROMOCION Y DESARROLLO DEPORTIVO","00001","0001499","FOMENTAR EL DEPORTE Y LA RECREACION","04","AREQUIPA","5","RECURSOS DETERMINADOS","07","FONDO DE COMPENSACION MUNICIPAL","A","SUB CUENTA - FONCOMUN","5","GASTO CORRIENTE","2","1","PERSONAL Y OBLIGACIONES SOCIALES","1","RETRIBUCIONES Y COMPLEMENTOS EN EFECTIVO","1","PERSONAL ADMINISTRATIVO","1","PERSONAL ADMINISTRATIVO","2","PERSONAL ADMINISTRATIVO NOMBRADO (REGIMEN PUBLICO)","0","0","0","0","0","0","0","0","0","9376.29","9376.29","9376.29","0","0","0","0","0","28128.87"
"2020","M","GOBIERNOS LOCALES"," "," "," "," ","300331","040101","MUNICIPALIDAD PROVINCIAL DE AREQUIPA","04","AREQUIPA","01","AREQUIPA","01","AREQUIPA","108","9002","ASIGNACIONES PRESUPUESTARIAS QUE NO RESULTAN EN PRODUCTOS","3","ACTIVIDAD","3999999","SIN PRODUCTO","5001080","PROMOCION DEL DESARROLLO INTEGRAL DE LA JUVENTUD","21","CULTURA Y DEPORTE","046","DEPORTES","0101","PROMOCION Y DESARROLLO DEPORTIVO","00001","0001499","FOMENTAR EL DEPORTE Y LA RECREACION","04","AREQUIPA","5","RECURSOS DETERMINADOS","07","FONDO DE COMPENSACION MUNICIPAL","A","SUB CUENTA - FONCOMUN","5","GASTO CORRIENTE","2","1","PERSONAL Y OBLIGACIONES SOCIALES","1","RETRIBUCIONES Y COMPLEMENTOS EN EFECTIVO","1","PERSONAL ADMINISTRATIVO","2","OTRAS RETRIBUCIONES Y COMPLEMENTOS","99","OTRAS RETRIBUCIONES Y COMPLEMENTOS","0","0","0","0","0","0","0","0","0","675","675","0","0","0","0","0","0","1350"
"2020","M","GOBIERNOS LOCALES"," "," "," "," ","300331","040101","MUNICIPALIDAD PROVINCIAL DE AREQUIPA","04","AREQUIPA","01","AREQUIPA","01","AREQUIPA","108","9002","ASIGNACIONES PRESUPUESTARIAS QUE NO RESULTAN EN PRODUCTOS","3","ACTIVIDAD","3999999","SIN PRODUCTO","5001080","PROMOCION DEL DESARROLLO INTEGRAL DE LA JUVENTUD","21","CULTURA Y DEPORTE","046","DEPORTES","0101","PROMOCION Y DESARROLLO DEPORTIVO","00001","0001499","FOMENTAR EL DEPORTE Y LA RECREACION","04","AREQUIPA","5","RECURSOS DETERMINADOS","07","FONDO DE COMPENSACION MUNICIPAL","A","SUB CUENTA - FONCOMUN","5","GASTO CORRIENTE","2","1","PERSONAL Y OBLIGACIONES SOCIALES","1","RETRIBUCIONES Y COMPLEMENTOS EN EFECTIVO","9","GASTOS VARIABLES Y OCASIONALES","1","ESCOLARIDAD, AGUINALDOS Y GRATIFICACIONES","2","AGUINALDOS","0","0","0","0","0","0","0","0","0","0","0","10168.29","0","0","0","0","0","10168.29"
"2020","M","GOBIERNOS LOCALES"," "," "," "," ","300331","040101","MUNICIPALIDAD PROVINCIAL DE AREQUIPA","04","AREQUIPA","01","AREQUIPA","01","AREQUIPA","108","9002","ASIGNACIONES PRESUPUESTARIAS QUE NO RESULTAN EN PRODUCTOS","3","ACTIVIDAD","3999999","SIN PRODUCTO","5001080","PROMOCION DEL DESARROLLO INTEGRAL DE LA JUVENTUD","21","CULTURA Y DEPORTE","046","DEPORTES","0101","PROMOCION Y DESARROLLO DEPORTIVO","00001","0001499","FOMENTAR EL DEPORTE Y LA RECREACION","04","AREQUIPA","5","RECURSOS DETERMINADOS","07","FONDO DE COMPENSACION MUNICIPAL","A","SUB CUENTA - FONCOMUN","5","GASTO CORRIENTE","2","1","PERSONAL Y OBLIGACIONES SOCIALES","1","RETRIBUCIONES Y COMPLEMENTOS EN EFECTIVO","9","GASTOS VARIABLES Y OCASIONALES","3","OTROS GASTOS VARIABLES Y OCASIONALES","2","BONIFICACION ADICIONAL POR VACACIONES","0","0","0","0","0","0","0","0","0","0","300","0","0","0","0","0","0","300"
"2020","M","GOBIERNOS LOCALES"," "," "," "," ","300331","040101","MUNICIPALIDAD PROVINCIAL DE AREQUIPA","04","AREQUIPA","01","AREQUIPA","01","AREQUIPA","108","9002","ASIGNACIONES PRESUPUESTARIAS QUE NO RESULTAN EN PRODUCTOS","3","ACTIVIDAD","3999999","SIN PRODUCTO","5001080","PROMOCION DEL DESARROLLO INTEGRAL DE LA JUVENTUD","21","CULTURA Y DEPORTE","046","DEPORTES","0101","PROMOCION Y DESARROLLO DEPORTIVO","00001","0001499","FOMENTAR EL DEPORTE Y LA RECREACION","04","AREQUIPA","5","RECURSOS DETERMINADOS","07","FONDO DE COMPENSACION MUNICIPAL","A","SUB CUENTA - FONCOMUN","5","GASTO CORRIENTE","2","1","PERSONAL Y OBLIGACIONES SOCIALES","3","CONTRIBUCIONES A LA SEGURIDAD SOCIAL","1","OBLIGACIONES DEL EMPLEADOR","1","OBLIGACIONES DEL EMPLEADOR","5","CONTRIBUCIONES A ESSALUD","0","0","0","0","0","0","0","0","0","843.87","0","843.87","0","0","0","0","0","1687.74"
"2020","M","GOBIERNOS LOCALES"," "," "," "," ","300331","040101","MUNICIPALIDAD PROVINCIAL DE AREQUIPA","04","AREQUIPA","01","AREQUIPA","01","AREQUIPA","108","9002","ASIGNACIONES PRESUPUESTARIAS QUE NO RESULTAN EN PRODUCTOS","3","ACTIVIDAD","3999999","SIN PRODUCTO","5001080","PROMOCION DEL DESARROLLO INTEGRAL DE LA JUVENTUD","21","CULTURA Y DEPORTE","046","DEPORTES","0101","PROMOCION Y DESARROLLO DEPORTIVO","00001","0001499","FOMENTAR EL DEPORTE Y LA RECREACION","04","AREQUIPA","5","RECURSOS DETERMINADOS","07","FONDO DE COMPENSACION MUNICIPAL","A","SUB CUENTA - FONCOMUN","5","GASTO CORRIENTE","2","3","BIENES Y SERVICIOS","2","CONTRATACION DE SERVICIOS","8","CONTRATO ADMINISTRATIVO DE SERVICIOS","1","CONTRATO ADMINISTRATIVO DE SERVICIOS","1","CONTRATO ADMINISTRATIVO DE SERVICIOS","0","0","0","0","0","0","0","0","0","6273.45","6326.55","6300","0","0","6300","0","6300","31500"
"2020","M","GOBIERNOS LOCALES"," "," "," "," ","300331","040101","MUNICIPALIDAD PROVINCIAL DE AREQUIPA","04","AREQUIPA","01","AREQUIPA","01","AREQUIPA","108","9002","ASIGNACIONES PRESUPUESTARIAS QUE NO RESULTAN EN PRODUCTOS","3","ACTIVIDAD","3999999","SIN PRODUCTO","5001080","PROMOCION DEL DESARROLLO INTEGRAL DE LA JUVENTUD","21","CULTURA Y DEPORTE","046","DEPORTES","0101","PROMOCION Y DESARROLLO DEPORTIVO","00001","0001499","FOMENTAR EL DEPORTE Y LA RECREACION","04","AREQUIPA","5","RECURSOS DETERMINADOS","07","FONDO DE COMPENSACION MUNICIPAL","A","SUB CUENTA - FONCOMUN","5","GASTO CORRIENTE","2","3","BIENES Y SERVICIOS","2","CONTRATACION DE SERVICIOS","8","CONTRATO ADMINISTRATIVO DE SERVICIOS","1","CONTRATO ADMINISTRATIVO DE SERVICIOS","2","CONTRIBUCIONES A ESSALUD DE C.A.S.","0","0","0","0","0","0","0","0","0","291.15","291.15","291.15","0","0","0","0","291.15","1164.60"
"2020","M","GOBIERNOS LOCALES"," "," "," "," ","300331","040101","MUNICIPALIDAD PROVINCIAL DE AREQUIPA","04","AREQUIPA","01","AREQUIPA","01","AREQUIPA","108","9002","ASIGNACIONES PRESUPUESTARIAS QUE NO RESULTAN EN PRODUCTOS","3","ACTIVIDAD","3999999","SIN PRODUCTO","5001080","PROMOCION DEL DESARROLLO INTEGRAL DE LA JUVENTUD","21","CULTURA Y DEPORTE","046","DEPORTES","0101","PROMOCION Y DESARROLLO DEPORTIVO","00001","0001499","FOMENTAR EL DEPORTE Y LA RECREACION","04","AREQUIPA","5","RECURSOS DETERMINADOS","07","FONDO DE COMPENSACION MUNICIPAL","A","SUB CUENTA - FONCOMUN","5","GASTO CORRIENTE","2","3","BIENES Y SERVICIOS","2","CONTRATACION DE SERVICIOS","8","CONTRATO ADMINISTRATIVO DE SERVICIOS","1","CONTRATO ADMINISTRATIVO DE SERVICIOS","4","AGUINALDOS DE C.A.S.","0","0","0","0","0","0","0","0","0","0","0","600","0","0","0","0","600","1200"
"2020","M","GOBIERNOS LOCALES"," "," "," "," ","300331","040101","MUNICIPALIDAD PROVINCIAL DE AREQUIPA","04","AREQUIPA","01","AREQUIPA","01","AREQUIPA","108","9002","ASIGNACIONES PRESUPUESTARIAS QUE NO RESULTAN EN PRODUCTOS","3","ACTIVIDAD","3999999","SIN PRODUCTO","5001080","PROMOCION DEL DESARROLLO INTEGRAL DE LA JUVENTUD","21","CULTURA Y DEPORTE","046","DEPORTES","0101","PROMOCION Y DESARROLLO DEPORTIVO","00001","0001499","FOMENTAR EL DEPORTE Y LA RECREACION","04","AREQUIPA","5","RECURSOS DETERMINADOS","08","IMPUESTOS MUNICIPALES","0","NORMAL","5","GASTO CORRIENTE","2","1","PERSONAL Y OBLIGACIONES SOCIALES","1","RETRIBUCIONES Y COMPLEMENTOS EN EFECTIVO","1","PERSONAL ADMINISTRATIVO","1","PERSONAL ADMINISTRATIVO","2","PERSONAL ADMINISTRATIVO NOMBRADO (REGIMEN PUBLICO)","0","0","68154","0","0","0","0","0","0","0","0","0","0","0","0","0","0","0"
"2020","M","GOBIERNOS LOCALES"," "," "," "," ","300331","040101","MUNICIPALIDAD PROVINCIAL DE AREQUIPA","04","AREQUIPA","01","AREQUIPA","01","AREQUIPA","108","9002","ASIGNACIONES PRESUPUESTARIAS QUE NO RESULTAN EN PRODUCTOS","3","ACTIVIDAD","3999999","SIN PRODUCTO","5001080","PROMOCION DEL DESARROLLO INTEGRAL DE LA JUVENTUD","21","CULTURA Y DEPORTE","046","DEPORTES","0101","PROMOCION Y DESARROLLO DEPORTIVO","00001","0001499","FOMENTAR EL DEPORTE Y LA RECREACION","04","AREQUIPA","5","RECURSOS DETERMINADOS","08","IMPUESTOS MUNICIPALES","0","NORMAL","5","GASTO CORRIENTE","2","1","PERSONAL Y OBLIGACIONES SOCIALES","1","RETRIBUCIONES Y COMPLEMENTOS EN EFECTIVO","1","PERSONAL ADMINISTRATIVO","1","PERSONAL ADMINISTRATIVO","2","PERSONAL ADMINISTRATIVO NOMBRADO (REGIMEN PUBLICO)","0","0","0","68152.62","68152.62","9376.29","9376.29","9376.29","9376.29","0","0","0","0","0","0","0","0","37505.16"
"2020","M","GOBIERNOS LOCALES"," "," "," "," ","300331","040101","MUNICIPALIDAD PROVINCIAL DE AREQUIPA","04","AREQUIPA","01","AREQUIPA","01","AREQUIPA","108","9002","ASIGNACIONES PRESUPUESTARIAS QUE NO RESULTAN EN PRODUCTOS","3","ACTIVIDAD","3999999","SIN PRODUCTO","5001080","PROMOCION DEL DESARROLLO INTEGRAL DE LA JUVENTUD","21","CULTURA Y DEPORTE","046","DEPORTES","0101","PROMOCION Y DESARROLLO DEPORTIVO","00001","0001499","FOMENTAR EL DEPORTE Y LA RECREACION","04","AREQUIPA","5","RECURSOS DETERMINADOS","08","IMPUESTOS MUNICIPALES","0","NORMAL","5","GASTO CORRIENTE","2","1","PERSONAL Y OBLIGACIONES SOCIALES","1","RETRIBUCIONES Y COMPLEMENTOS EN EFECTIVO","1","PERSONAL ADMINISTRATIVO","2","OTRAS RETRIBUCIONES Y COMPLEMENTOS","99","OTRAS RETRIBUCIONES Y COMPLEMENTOS","0","0","1200","0","0","0","0","0","0","0","0","0","0","0","0","0","0","0"
"2020","M","GOBIERNOS LOCALES"," "," "," "," ","300331","040101","MUNICIPALIDAD PROVINCIAL DE AREQUIPA","04","AREQUIPA","01","AREQUIPA","01","AREQUIPA","108","9002","ASIGNACIONES PRESUPUESTARIAS QUE NO RESULTAN EN PRODUCTOS","3","ACTIVIDAD","3999999","SIN PRODUCTO","5001080","PROMOCION DEL DESARROLLO INTEGRAL DE LA JUVENTUD","21","CULTURA Y DEPORTE","046","DEPORTES","0101","PROMOCION Y DESARROLLO DEPORTIVO","00001","0001499","FOMENTAR EL DEPORTE Y LA RECREACION","04","AREQUIPA","5","RECURSOS DETERMINADOS","08","IMPUESTOS MUNICIPALES","0","NORMAL","5","GASTO CORRIENTE","2","1","PERSONAL Y OBLIGACIONES SOCIALES","1","RETRIBUCIONES Y COMPLEMENTOS EN EFECTIVO","1","PERSONAL ADMINISTRATIVO","2","OTRAS RETRIBUCIONES Y COMPLEMENTOS","99","OTRAS RETRIBUCIONES Y COMPLEMENTOS","0","0","0","675","675","0","675","0","0","0","0","0","0","0","0","0","0","675"
"2020","M","GOBIERNOS LOCALES"," "," "," "," ","300331","040101","MUNICIPALIDAD PROVINCIAL DE AREQUIPA","04","AREQUIPA","01","AREQUIPA","01","AREQUIPA","108","9002","ASIGNACIONES PRESUPUESTARIAS QUE NO RESULTAN EN PRODUCTOS","3","ACTIVIDAD","3999999","SIN PRODUCTO","5001080","PROMOCION DEL DESARROLLO INTEGRAL DE LA JUVENTUD","21","CULTURA Y DEPORTE","046","DEPORTES","0101","PROMOCION Y DESARROLLO DEPORTIVO","00001","0001499","FOMENTAR EL DEPORTE Y LA RECREACION","04","AREQUIPA","5","RECURSOS DETERMINADOS","08","IMPUESTOS MUNICIPALES","0","NORMAL","5","GASTO CORRIENTE","2","1","PERSONAL Y OBLIGACIONES SOCIALES","1","RETRIBUCIONES Y COMPLEMENTOS EN EFECTIVO","9","GASTOS VARIABLES Y OCASIONALES","1","ESCOLARIDAD, AGUINALDOS Y GRATIFICACIONES","2","AGUINALDOS","0","0","9800","0","0","0","0","0","0","0","0","0","0","0","0","0","0","0"
"2020","M","GOBIERNOS LOCALES"," "," "," "," ","300331","040101","MUNICIPALIDAD PROVINCIAL DE AREQUIPA","04","AREQUIPA","01","AREQUIPA","01","AREQUIPA","108","9002","ASIGNACIONES PRESUPUESTARIAS QUE NO RESULTAN EN PRODUCTOS","3","ACTIVIDAD","3999999","SIN PRODUCTO","5001080","PROMOCION DEL DESARROLLO INTEGRAL DE LA JUVENTUD","21","CULTURA Y DEPORTE","046","DEPORTES","0101","PROMOCION Y DESARROLLO DEPORTIVO","00001","0001499","FOMENTAR EL DEPORTE Y LA RECREACION","04","AREQUIPA","5","RECURSOS DETERMINADOS","08","IMPUESTOS MUNICIPALES","0","NORMAL","5","GASTO CORRIENTE","2","1","PERSONAL Y OBLIGACIONES SOCIALES","1","RETRIBUCIONES Y COMPLEMENTOS EN EFECTIVO","9","GASTOS VARIABLES Y OCASIONALES","1","ESCOLARIDAD, AGUINALDOS Y GRATIFICACIONES","2","AGUINALDOS","0","0","0","9799.72","9799.72","0","0","0","0","0","0","0","0","0","0","0","0","0"
"2020","M","GOBIERNOS LOCALES"," "," "," "," ","300331","040101","MUNICIPALIDAD PROVINCIAL DE AREQUIPA","04","AREQUIPA","01","AREQUIPA","01","AREQUIPA","108","9002","ASIGNACIONES PRESUPUESTARIAS QUE NO RESULTAN EN PRODUCTOS","3","ACTIVIDAD","3999999","SIN PRODUCTO","5001080","PROMOCION DEL DESARROLLO INTEGRAL DE LA JUVENTUD","21","CULTURA Y DEPORTE","046","DEPORTES","0101","PROMOCION Y DESARROLLO DEPORTIVO","00001","0001499","FOMENTAR EL DEPORTE Y LA RECREACION","04","AREQUIPA","5","RECURSOS DETERMINADOS","08","IMPUESTOS MUNICIPALES","0","NORMAL","5","GASTO CORRIENTE","2","1","PERSONAL Y OBLIGACIONES SOCIALES","1","RETRIBUCIONES Y COMPLEMENTOS EN EFECTIVO","9","GASTOS VARIABLES Y OCASIONALES","1","ESCOLARIDAD, AGUINALDOS Y GRATIFICACIONES","3","BONIFICACION POR ESCOLARIDAD","0","0","3600","0","0","0","0","0","0","0","0","0","0","0","0","0","0","0"
"2020","M","GOBIERNOS LOCALES"," "," "," "," ","300331","040101","MUNICIPALIDAD PROVINCIAL DE AREQUIPA","04","AREQUIPA","01","AREQUIPA","01","AREQUIPA","108","9002","ASIGNACIONES PRESUPUESTARIAS QUE NO RESULTAN EN PRODUCTOS","3","ACTIVIDAD","3999999","SIN PRODUCTO","5001080","PROMOCION DEL DESARROLLO INTEGRAL DE LA JUVENTUD","21","CULTURA Y DEPORTE","046","DEPORTES","0101","PROMOCION Y DESARROLLO DEPORTIVO","00001","0001499","FOMENTAR EL DEPORTE Y LA RECREACION","04","AREQUIPA","5","RECURSOS DETERMINADOS","08","IMPUESTOS MUNICIPALES","0","NORMAL","5","GASTO CORRIENTE","2","1","PERSONAL Y OBLIGACIONES SOCIALES","1","RETRIBUCIONES Y COMPLEMENTOS EN EFECTIVO","9","GASTOS VARIABLES Y OCASIONALES","1","ESCOLARIDAD, AGUINALDOS Y GRATIFICACIONES","3","BONIFICACION POR ESCOLARIDAD","0","0","0","3600","3600","3600","0","0","0","0","0","0","0","0","0","0","0","3600"
"2020","M","GOBIERNOS LOCALES"," "," "," "," ","300331","040101","MUNICIPALIDAD PROVINCIAL DE AREQUIPA","04","AREQUIPA","01","AREQUIPA","01","AREQUIPA","108","9002","ASIGNACIONES PRESUPUESTARIAS QUE NO RESULTAN EN PRODUCTOS","3","ACTIVIDAD","3999999","SIN PRODUCTO","5001080","PROMOCION DEL DESARROLLO INTEGRAL DE LA JUVENTUD","21","CULTURA Y DEPORTE","046","DEPORTES","0101","PROMOCION Y DESARROLLO DEPORTIVO","00001","0001499","FOMENTAR EL DEPORTE Y LA RECREACION","04","AREQUIPA","5","RECURSOS DETERMINADOS","08","IMPUESTOS MUNICIPALES","0","NORMAL","5","GASTO CORRIENTE","2","1","PERSONAL Y OBLIGACIONES SOCIALES","1","RETRIBUCIONES Y COMPLEMENTOS EN EFECTIVO","9","GASTOS VARIABLES Y OCASIONALES","3","OTROS GASTOS VARIABLES Y OCASIONALES","2","BONIFICACION ADICIONAL POR VACACIONES","0","0","600","0","0","0","0","0","0","0","0","0","0","0","0","0","0","0"
"2020","M","GOBIERNOS LOCALES"," "," "," "," ","300331","040101","MUNICIPALIDAD PROVINCIAL DE AREQUIPA","04","AREQUIPA","01","AREQUIPA","01","AREQUIPA","108","9002","ASIGNACIONES PRESUPUESTARIAS QUE NO RESULTAN EN PRODUCTOS","3","ACTIVIDAD","3999999","SIN PRODUCTO","5001080","PROMOCION DEL DESARROLLO INTEGRAL DE LA JUVENTUD","21","CULTURA Y DEPORTE","046","DEPORTES","0101","PROMOCION Y DESARROLLO DEPORTIVO","00001","0001499","FOMENTAR EL DEPORTE Y LA RECREACION","04","AREQUIPA","5","RECURSOS DETERMINADOS","08","IMPUESTOS MUNICIPALES","0","NORMAL","5","GASTO CORRIENTE","2","1","PERSONAL Y OBLIGACIONES SOCIALES","1","RETRIBUCIONES Y COMPLEMENTOS EN EFECTIVO","9","GASTOS VARIABLES Y OCASIONALES","3","OTROS GASTOS VARIABLES Y OCASIONALES","2","BONIFICACION ADICIONAL POR VACACIONES","0","0","0","600","600","600","0","0","0","0","0","0","0","0","0","0","0","600"
"2020","M","GOBIERNOS LOCALES"," "," "," "," ","300331","040101","MUNICIPALIDAD PROVINCIAL DE AREQUIPA","04","AREQUIPA","01","AREQUIPA","01","AREQUIPA","108","9002","ASIGNACIONES PRESUPUESTARIAS QUE NO RESULTAN EN PRODUCTOS","3","ACTIVIDAD","3999999","SIN PRODUCTO","5001080","PROMOCION DEL DESARROLLO INTEGRAL DE LA JUVENTUD","21","CULTURA Y DEPORTE","046","DEPORTES","0101","PROMOCION Y DESARROLLO DEPORTIVO","00001","0001499","FOMENTAR EL DEPORTE Y LA RECREACION","04","AREQUIPA","5","RECURSOS DETERMINADOS","08","IMPUESTOS MUNICIPALES","0","NORMAL","5","GASTO CORRIENTE","2","1","PERSONAL Y OBLIGACIONES SOCIALES","3","CONTRIBUCIONES A LA SEGURIDAD SOCIAL","1","OBLIGACIONES DEL EMPLEADOR","1","OBLIGACIONES DEL EMPLEADOR","5","CONTRIBUCIONES A ESSALUD","0","0","6207","0","0","0","0","0","0","0","0","0","0","0","0","0","0","0"
"2020","M","GOBIERNOS LOCALES"," "," "," "," ","300331","040101","MUNICIPALIDAD PROVINCIAL DE AREQUIPA","04","AREQUIPA","01","AREQUIPA","01","AREQUIPA","108","9002","ASIGNACIONES PRESUPUESTARIAS QUE NO RESULTAN EN PRODUCTOS","3","ACTIVIDAD","3999999","SIN PRODUCTO","5001080","PROMOCION DEL DESARROLLO INTEGRAL DE LA JUVENTUD","21","CULTURA Y DEPORTE","046","DEPORTES","0101","PROMOCION Y DESARROLLO DEPORTIVO","00001","0001499","FOMENTAR EL DEPORTE Y LA RECREACION","04","AREQUIPA","5","RECURSOS DETERMINADOS","08","IMPUESTOS MUNICIPALES","0","NORMAL","5","GASTO CORRIENTE","2","1","PERSONAL Y OBLIGACIONES SOCIALES","3","CONTRIBUCIONES A LA SEGURIDAD SOCIAL","1","OBLIGACIONES DEL EMPLEADOR","1","OBLIGACIONES DEL EMPLEADOR","5","CONTRIBUCIONES A ESSALUD","0","0","0","6206.06","6206.06","888.86","819.93","834.86","843.87","0","870.87","0","0","0","0","0","0","4258.39"
"2020","M","GOBIERNOS LOCALES"," "," "," "," ","300331","040101","MUNICIPALIDAD PROVINCIAL DE AREQUIPA","04","AREQUIPA","01","AREQUIPA","01","AREQUIPA","108","9002","ASIGNACIONES PRESUPUESTARIAS QUE NO RESULTAN EN PRODUCTOS","3","ACTIVIDAD","3999999","SIN PRODUCTO","5001080","PROMOCION DEL DESARROLLO INTEGRAL DE LA JUVENTUD","21","CULTURA Y DEPORTE","046","DEPORTES","0101","PROMOCION Y DESARROLLO DEPORTIVO","00001","0001499","FOMENTAR EL DEPORTE Y LA RECREACION","04","AREQUIPA","5","RECURSOS DETERMINADOS","08","IMPUESTOS MUNICIPALES","0","NORMAL","5","GASTO CORRIENTE","2","3","BIENES Y SERVICIOS","1","COMPRA DE BIENES","1","ALIMENTOS Y BEBIDAS","1","ALIMENTOS Y BEBIDAS","1","ALIMENTOS Y BEBIDAS PARA CONSUMO HUMANO","0","0","3894","0","0","0","0","0","0","0","0","0","0","0","0","0","0","0"
"2020","M","GOBIERNOS LOCALES"," "," "," "," ","300331","040101","MUNICIPALIDAD PROVINCIAL DE AREQUIPA","04","AREQUIPA","01","AREQUIPA","01","AREQUIPA","108","9002","ASIGNACIONES PRESUPUESTARIAS QUE NO RESULTAN EN PRODUCTOS","3","ACTIVIDAD","3999999","SIN PRODUCTO","5001080","PROMOCION DEL DESARROLLO INTEGRAL DE LA JUVENTUD","21","CULTURA Y DEPORTE","046","DEPORTES","0101","PROMOCION Y DESARROLLO DEPORTIVO","00001","0001499","FOMENTAR EL DEPORTE Y LA RECREACION","04","AREQUIPA","5","RECURSOS DETERMINADOS","08","IMPUESTOS MUNICIPALES","0","NORMAL","5","GASTO CORRIENTE","2","3","BIENES Y SERVICIOS","1","COMPRA DE BIENES","1","ALIMENTOS Y BEBIDAS","1","ALIMENTOS Y BEBIDAS","1","ALIMENTOS Y BEBIDAS PARA CONSUMO HUMANO","0","0","0","3894","174","0","0","0","174","0","0","0","0","0","0","0","0","174"
"2020","M","GOBIERNOS LOCALES"," "," "," "," ","300331","040101","MUNICIPALIDAD PROVINCIAL DE AREQUIPA","04","AREQUIPA","01","AREQUIPA","01","AREQUIPA","108","9002","ASIGNACIONES PRESUPUESTARIAS QUE NO RESULTAN EN PRODUCTOS","3","ACTIVIDAD","3999999","SIN PRODUCTO","5001080","PROMOCION DEL DESARROLLO INTEGRAL DE LA JUVENTUD","21","CULTURA Y DEPORTE","046","DEPORTES","0101","PROMOCION Y DESARROLLO DEPORTIVO","00001","0001499","FOMENTAR EL DEPORTE Y LA RECREACION","04","AREQUIPA","5","RECURSOS DETERMINADOS","08","IMPUESTOS MUNICIPALES","0","NORMAL","5","GASTO CORRIENTE","2","3","BIENES Y SERVICIOS","1","COMPRA DE BIENES","2","VESTUARIOS Y TEXTILES","1","VESTUARIO, ZAPATERIA Y ACCESORIOS, TALABARTERIA Y MATERIALES TEXTILES","1","VESTUARIO, ACCESORIOS Y PRENDAS DIVERSAS","0","0","5","0","0","0","0","0","0","0","0","0","0","0","0","0","0","0"
"2020","M","GOBIERNOS LOCALES"," "," "," "," ","300331","040101","MUNICIPALIDAD PROVINCIAL DE AREQUIPA","04","AREQUIPA","01","AREQUIPA","01","AREQUIPA","108","9002","ASIGNACIONES PRESUPUESTARIAS QUE NO RESULTAN EN PRODUCTOS","3","ACTIVIDAD","3999999","SIN PRODUCTO","5001080","PROMOCION DEL DESARROLLO INTEGRAL DE LA JUVENTUD","21","CULTURA Y DEPORTE","046","DEPORTES","0101","PROMOCION Y DESARROLLO DEPORTIVO","00001","0001499","FOMENTAR EL DEPORTE Y LA RECREACION","04","AREQUIPA","5","RECURSOS DETERMINADOS","08","IMPUESTOS MUNICIPALES","0","NORMAL","5","GASTO CORRIENTE","2","3","BIENES Y SERVICIOS","1","COMPRA DE BIENES","2","VESTUARIOS Y TEXTILES","1","VESTUARIO, ZAPATERIA Y ACCESORIOS, TALABARTERIA Y MATERIALES TEXTILES","1","VESTUARIO, ACCESORIOS Y PRENDAS DIVERSAS","0","0","0","5","5","0","0","0","0","0","0","0","0","0","0","0","0","0"
"2020","M","GOBIERNOS LOCALES"," "," "," "," ","300331","040101","MUNICIPALIDAD PROVINCIAL DE AREQUIPA","04","AREQUIPA","01","AREQUIPA","01","AREQUIPA","108","9002","ASIGNACIONES PRESUPUESTARIAS QUE NO RESULTAN EN PRODUCTOS","3","ACTIVIDAD","3999999","SIN PRODUCTO","5001080","PROMOCION DEL DESARROLLO INTEGRAL DE LA JUVENTUD","21","CULTURA Y DEPORTE","046","DEPORTES","0101","PROMOCION Y DESARROLLO DEPORTIVO","00001","0001499","FOMENTAR EL DEPORTE Y LA RECREACION","04","AREQUIPA","5","RECURSOS DETERMINADOS","08","IMPUESTOS MUNICIPALES","0","NORMAL","5","GASTO CORRIENTE","2","3","BIENES Y SERVICIOS","1","COMPRA DE BIENES","5","MATERIALES Y  UTILES","1","DE OFICINA","2","PAPELERIA EN GENERAL, UTILES Y MATERIALES DE OFICINA","0","0","2489","0","0","0","0","0","0","0","0","0","0","0","0","0","0","0"
"2020","M","GOBIERNOS LOCALES"," "," "," "," ","300331","040101","MUNICIPALIDAD PROVINCIAL DE AREQUIPA","04","AREQUIPA","01","AREQUIPA","01","AREQUIPA","108","9002","ASIGNACIONES PRESUPUESTARIAS QUE NO RESULTAN EN PRODUCTOS","3","ACTIVIDAD","3999999","SIN PRODUCTO","5001080","PROMOCION DEL DESARROLLO INTEGRAL DE LA JUVENTUD","21","CULTURA Y DEPORTE","046","DEPORTES","0101","PROMOCION Y DESARROLLO DEPORTIVO","00001","0001499","FOMENTAR EL DEPORTE Y LA RECREACION","04","AREQUIPA","5","RECURSOS DETERMINADOS","08","IMPUESTOS MUNICIPALES","0","NORMAL","5","GASTO CORRIENTE","2","3","BIENES Y SERVICIOS","1","COMPRA DE BIENES","5","MATERIALES Y  UTILES","1","DE OFICINA","2","PAPELERIA EN GENERAL, UTILES Y MATERIALES DE OFICINA","0","0","0","2479.50","928.20","0","0","0","10.50","0","0","0","0","0","0","0","0","10.50"
"2020","M","GOBIERNOS LOCALES"," "," "," "," ","300331","040101","MUNICIPALIDAD PROVINCIAL DE AREQUIPA","04","AREQUIPA","01","AREQUIPA","01","AREQUIPA","108","9002","ASIGNACIONES PRESUPUESTARIAS QUE NO RESULTAN EN PRODUCTOS","3","ACTIVIDAD","3999999","SIN PRODUCTO","5001080","PROMOCION DEL DESARROLLO INTEGRAL DE LA JUVENTUD","21","CULTURA Y DEPORTE","046","DEPORTES","0101","PROMOCION Y DESARROLLO DEPORTIVO","00001","0001499","FOMENTAR EL DEPORTE Y LA RECREACION","04","AREQUIPA","5","RECURSOS DETERMINADOS","08","IMPUESTOS MUNICIPALES","0","NORMAL","5","GASTO CORRIENTE","2","3","BIENES Y SERVICIOS","1","COMPRA DE BIENES","5","MATERIALES Y  UTILES","3","ASEO, LIMPIEZA Y COCINA","2","DE COCINA, COMEDOR Y CAFETERIA","0","0","93","0","0","0","0","0","0","0","0","0","0","0","0","0","0","0"
"2020","M","GOBIERNOS LOCALES"," "," "," "," ","300331","040101","MUNICIPALIDAD PROVINCIAL DE AREQUIPA","04","AREQUIPA","01","AREQUIPA","01","AREQUIPA","108","9002","ASIGNACIONES PRESUPUESTARIAS QUE NO RESULTAN EN PRODUCTOS","3","ACTIVIDAD","3999999","SIN PRODUCTO","5001080","PROMOCION DEL DESARROLLO INTEGRAL DE LA JUVENTUD","21","CULTURA Y DEPORTE","046","DEPORTES","0101","PROMOCION Y DESARROLLO DEPORTIVO","00001","0001499","FOMENTAR EL DEPORTE Y LA RECREACION","04","AREQUIPA","5","RECURSOS DETERMINADOS","08","IMPUESTOS MUNICIPALES","0","NORMAL","5","GASTO CORRIENTE","2","3","BIENES Y SERVICIOS","1","COMPRA DE BIENES","5","MATERIALES Y  UTILES","3","ASEO, LIMPIEZA Y COCINA","2","DE COCINA, COMEDOR Y CAFETERIA","0","0","0","93","0","0","0","0","0","0","0","0","0","0","0","0","0","0"
"2020","M","GOBIERNOS LOCALES"," "," "," "," ","300331","040101","MUNICIPALIDAD PROVINCIAL DE AREQUIPA","04","AREQUIPA","01","AREQUIPA","01","AREQUIPA","108","9002","ASIGNACIONES PRESUPUESTARIAS QUE NO RESULTAN EN PRODUCTOS","3","ACTIVIDAD","3999999","SIN PRODUCTO","5001080","PROMOCION DEL DESARROLLO INTEGRAL DE LA JUVENTUD","21","CULTURA Y DEPORTE","046","DEPORTES","0101","PROMOCION Y DESARROLLO DEPORTIVO","00001","0001499","FOMENTAR EL DEPORTE Y LA RECREACION","04","AREQUIPA","5","RECURSOS DETERMINADOS","08","IMPUESTOS MUNICIPALES","0","NORMAL","5","GASTO CORRIENTE","2","3","BIENES Y SERVICIOS","1","COMPRA DE BIENES","7","ENSERES","1","ENSERES","1","ENSERES","0","0","64","0","0","0","0","0","0","0","0","0","0","0","0","0","0","0"
"2020","M","GOBIERNOS LOCALES"," "," "," "," ","300331","040101","MUNICIPALIDAD PROVINCIAL DE AREQUIPA","04","AREQUIPA","01","AREQUIPA","01","AREQUIPA","108","9002","ASIGNACIONES PRESUPUESTARIAS QUE NO RESULTAN EN PRODUCTOS","3","ACTIVIDAD","3999999","SIN PRODUCTO","5001080","PROMOCION DEL DESARROLLO INTEGRAL DE LA JUVENTUD","21","CULTURA Y DEPORTE","046","DEPORTES","0101","PROMOCION Y DESARROLLO DEPORTIVO","00001","0001499","FOMENTAR EL DEPORTE Y LA RECREACION","04","AREQUIPA","5","RECURSOS DETERMINADOS","08","IMPUESTOS MUNICIPALES","0","NORMAL","5","GASTO CORRIENTE","2","3","BIENES Y SERVICIOS","1","COMPRA DE BIENES","7","ENSERES","1","ENSERES","1","ENSERES","0","0","0","64","0","0","0","0","0","0","0","0","0","0","0","0","0","0"
"2020","M","GOBIERNOS LOCALES"," "," "," "," ","300331","040101","MUNICIPALIDAD PROVINCIAL DE AREQUIPA","04","AREQUIPA","01","AREQUIPA","01","AREQUIPA","108","9002","ASIGNACIONES PRESUPUESTARIAS QUE NO RESULTAN EN PRODUCTOS","3","ACTIVIDAD","3999999","SIN PRODUCTO","5001080","PROMOCION DEL DESARROLLO INTEGRAL DE LA JUVENTUD","21","CULTURA Y DEPORTE","046","DEPORTES","0101","PROMOCION Y DESARROLLO DEPORTIVO","00001","0001499","FOMENTAR EL DEPORTE Y LA RECREACION","04","AREQUIPA","5","RECURSOS DETERMINADOS","08","IMPUESTOS MUNICIPALES","0","NORMAL","5","GASTO CORRIENTE","2","3","BIENES Y SERVICIOS","1","COMPRA DE BIENES","8","SUMINISTROS MEDICOS","2","MATERIAL,INSUMOS,INSTRUMENTAL Y ACCESORIOS MEDICOS,QUIRURGICOS, ODONTOLOGICOS Y DE LABORATORIO","1","MATERIAL, INSUMOS, INSTRUMENTAL Y ACCESORIOS  MEDICOS, QUIRURGICOS, ODONTOLOGICOS Y DE LABORATORIO","0","0","107","0","0","0","0","0","0","0","0","0","0","0","0","0","0","0"
"2020","M","GOBIERNOS LOCALES"," "," "," "," ","300331","040101","MUNICIPALIDAD PROVINCIAL DE AREQUIPA","04","AREQUIPA","01","AREQUIPA","01","AREQUIPA","108","9002","ASIGNACIONES PRESUPUESTARIAS QUE NO RESULTAN EN PRODUCTOS","3","ACTIVIDAD","3999999","SIN PRODUCTO","5001080","PROMOCION DEL DESARROLLO INTEGRAL DE LA JUVENTUD","21","CULTURA Y DEPORTE","046","DEPORTES","0101","PROMOCION Y DESARROLLO DEPORTIVO","00001","0001499","FOMENTAR EL DEPORTE Y LA RECREACION","04","AREQUIPA","5","RECURSOS DETERMINADOS","08","IMPUESTOS MUNICIPALES","0","NORMAL","5","GASTO CORRIENTE","2","3","BIENES Y SERVICIOS","1","COMPRA DE BIENES","8","SUMINISTROS MEDICOS","2","MATERIAL,INSUMOS,INSTRUMENTAL Y ACCESORIOS MEDICOS,QUIRURGICOS, ODONTOLOGICOS Y DE LABORATORIO","1","MATERIAL, INSUMOS, INSTRUMENTAL Y ACCESORIOS  MEDICOS, QUIRURGICOS, ODONTOLOGICOS Y DE LABORATORIO","0","0","0","107","0","0","0","0","0","0","0","0","0","0","0","0","0","0"
"2020","M","GOBIERNOS LOCALES"," "," "," "," ","300331","040101","MUNICIPALIDAD PROVINCIAL DE AREQUIPA","04","AREQUIPA","01","AREQUIPA","01","AREQUIPA","108","9002","ASIGNACIONES PRESUPUESTARIAS QUE NO RESULTAN EN PRODUCTOS","3","ACTIVIDAD","3999999","SIN PRODUCTO","5001080","PROMOCION DEL DESARROLLO INTEGRAL DE LA JUVENTUD","21","CULTURA Y DEPORTE","046","DEPORTES","0101","PROMOCION Y DESARROLLO DEPORTIVO","00001","0001499","FOMENTAR EL DEPORTE Y LA RECREACION","04","AREQUIPA","5","RECURSOS DETERMINADOS","08","IMPUESTOS MUNICIPALES","0","NORMAL","5","GASTO CORRIENTE","2","3","BIENES Y SERVICIOS","1","COMPRA DE BIENES","99","COMPRA DE OTROS BIENES","1","COMPRA DE OTROS BIENES","3","LIBROS, DIARIOS, REVISTAS Y OTROS BIENES IMPRESOS NO VINCULADOS A ENSEÑANZA","0","0","5423","0","0","0","0","0","0","0","0","0","0","0","0","0","0","0"
"2020","M","GOBIERNOS LOCALES"," "," "," "," ","300331","040101","MUNICIPALIDAD PROVINCIAL DE AREQUIPA","04","AREQUIPA","01","AREQUIPA","01","AREQUIPA","108","9002","ASIGNACIONES PRESUPUESTARIAS QUE NO RESULTAN EN PRODUCTOS","3","ACTIVIDAD","3999999","SIN PRODUCTO","5001080","PROMOCION DEL DESARROLLO INTEGRAL DE LA JUVENTUD","21","CULTURA Y DEPORTE","046","DEPORTES","0101","PROMOCION Y DESARROLLO DEPORTIVO","00001","0001499","FOMENTAR EL DEPORTE Y LA RECREACION","04","AREQUIPA","5","RECURSOS DETERMINADOS","08","IMPUESTOS MUNICIPALES","0","NORMAL","5","GASTO CORRIENTE","2","3","BIENES Y SERVICIOS","1","COMPRA DE BIENES","99","COMPRA DE OTROS BIENES","1","COMPRA DE OTROS BIENES","3","LIBROS, DIARIOS, REVISTAS Y OTROS BIENES IMPRESOS NO VINCULADOS A ENSEÑANZA","0","0","0","5423","1173","0","1173","0","0","0","0","0","0","0","0","0","0","1173"
"2020","M","GOBIERNOS LOCALES"," "," "," "," ","300331","040101","MUNICIPALIDAD PROVINCIAL DE AREQUIPA","04","AREQUIPA","01","AREQUIPA","01","AREQUIPA","108","9002","ASIGNACIONES PRESUPUESTARIAS QUE NO RESULTAN EN PRODUCTOS","3","ACTIVIDAD","3999999","SIN PRODUCTO","5001080","PROMOCION DEL DESARROLLO INTEGRAL DE LA JUVENTUD","21","CULTURA Y DEPORTE","046","DEPORTES","0101","PROMOCION Y DESARROLLO DEPORTIVO","00001","0001499","FOMENTAR EL DEPORTE Y LA RECREACION","04","AREQUIPA","5","RECURSOS DETERMINADOS","08","IMPUESTOS MUNICIPALES","0","NORMAL","5","GASTO CORRIENTE","2","3","BIENES Y SERVICIOS","1","COMPRA DE BIENES","99","COMPRA DE OTROS BIENES","1","COMPRA DE OTROS BIENES","4","SIMBOLOS, DISTINTIVOS Y CONDECORACIONES","0","0","5160","0","0","0","0","0","0","0","0","0","0","0","0","0","0","0"
"2020","M","GOBIERNOS LOCALES"," "," "," "," ","300331","040101","MUNICIPALIDAD PROVINCIAL DE AREQUIPA","04","AREQUIPA","01","AREQUIPA","01","AREQUIPA","108","9002","ASIGNACIONES PRESUPUESTARIAS QUE NO RESULTAN EN PRODUCTOS","3","ACTIVIDAD","3999999","SIN PRODUCTO","5001080","PROMOCION DEL DESARROLLO INTEGRAL DE LA JUVENTUD","21","CULTURA Y DEPORTE","046","DEPORTES","0101","PROMOCION Y DESARROLLO DEPORTIVO","00001","0001499","FOMENTAR EL DEPORTE Y LA RECREACION","04","AREQUIPA","5","RECURSOS DETERMINADOS","08","IMPUESTOS MUNICIPALES","0","NORMAL","5","GASTO CORRIENTE","2","3","BIENES Y SERVICIOS","1","COMPRA DE BIENES","99","COMPRA DE OTROS BIENES","1","COMPRA DE OTROS BIENES","4","SIMBOLOS, DISTINTIVOS Y CONDECORACIONES","0","0","0","5160","0","0","0","0","0","0","0","0","0","0","0","0","0","0"
"2020","M","GOBIERNOS LOCALES"," "," "," "," ","300331","040101","MUNICIPALIDAD PROVINCIAL DE AREQUIPA","04","AREQUIPA","01","AREQUIPA","01","AREQUIPA","108","9002","ASIGNACIONES PRESUPUESTARIAS QUE NO RESULTAN EN PRODUCTOS","3","ACTIVIDAD","3999999","SIN PRODUCTO","5001080","PROMOCION DEL DESARROLLO INTEGRAL DE LA JUVENTUD","21","CULTURA Y DEPORTE","046","DEPORTES","0101","PROMOCION Y DESARROLLO DEPORTIVO","00001","0001499","FOMENTAR EL DEPORTE Y LA RECREACION","04","AREQUIPA","5","RECURSOS DETERMINADOS","08","IMPUESTOS MUNICIPALES","0","NORMAL","5","GASTO CORRIENTE","2","3","BIENES Y SERVICIOS","1","COMPRA DE BIENES","99","COMPRA DE OTROS BIENES","1","COMPRA DE OTROS BIENES","99","OTROS BIENES","0","0","13490","0","0","0","0","0","0","0","0","0","0","0","0","0","0","0"
"2020","M","GOBIERNOS LOCALES"," "," "," "," ","300331","040101","MUNICIPALIDAD PROVINCIAL DE AREQUIPA","04","AREQUIPA","01","AREQUIPA","01","AREQUIPA","108","9002","ASIGNACIONES PRESUPUESTARIAS QUE NO RESULTAN EN PRODUCTOS","3","ACTIVIDAD","3999999","SIN PRODUCTO","5001080","PROMOCION DEL DESARROLLO INTEGRAL DE LA JUVENTUD","21","CULTURA Y DEPORTE","046","DEPORTES","0101","PROMOCION Y DESARROLLO DEPORTIVO","00001","0001499","FOMENTAR EL DEPORTE Y LA RECREACION","04","AREQUIPA","5","RECURSOS DETERMINADOS","08","IMPUESTOS MUNICIPALES","0","NORMAL","5","GASTO CORRIENTE","2","3","BIENES Y SERVICIOS","1","COMPRA DE BIENES","99","COMPRA DE OTROS BIENES","1","COMPRA DE OTROS BIENES","99","OTROS BIENES","0","0","0","13274","13111.50","0","12822","0","0","0","0","0","0","0","0","0","0","12822"
"2020","M","GOBIERNOS LOCALES"," "," "," "," ","300331","040101","MUNICIPALIDAD PROVINCIAL DE AREQUIPA","04","AREQUIPA","01","AREQUIPA","01","AREQUIPA","108","9002","ASIGNACIONES PRESUPUESTARIAS QUE NO RESULTAN EN PRODUCTOS","3","ACTIVIDAD","3999999","SIN PRODUCTO","5001080","PROMOCION DEL DESARROLLO INTEGRAL DE LA JUVENTUD","21","CULTURA Y DEPORTE","046","DEPORTES","0101","PROMOCION Y DESARROLLO DEPORTIVO","00001","0001499","FOMENTAR EL DEPORTE Y LA RECREACION","04","AREQUIPA","5","RECURSOS DETERMINADOS","08","IMPUESTOS MUNICIPALES","0","NORMAL","5","GASTO CORRIENTE","2","3","BIENES Y SERVICIOS","2","CONTRATACION DE SERVICIOS","1","VIAJES","2","VIAJES DOMESTICOS","99","OTROS GASTOS","0","0","162","0","0","0","0","0","0","0","0","0","0","0","0","0","0","0"
"2020","M","GOBIERNOS LOCALES"," "," "," "," ","300331","040101","MUNICIPALIDAD PROVINCIAL DE AREQUIPA","04","AREQUIPA","01","AREQUIPA","01","AREQUIPA","108","9002","ASIGNACIONES PRESUPUESTARIAS QUE NO RESULTAN EN PRODUCTOS","3","ACTIVIDAD","3999999","SIN PRODUCTO","5001080","PROMOCION DEL DESARROLLO INTEGRAL DE LA JUVENTUD","21","CULTURA Y DEPORTE","046","DEPORTES","0101","PROMOCION Y DESARROLLO DEPORTIVO","00001","0001499","FOMENTAR EL DEPORTE Y LA RECREACION","04","AREQUIPA","5","RECURSOS DETERMINADOS","08","IMPUESTOS MUNICIPALES","0","NORMAL","5","GASTO CORRIENTE","2","3","BIENES Y SERVICIOS","2","CONTRATACION DE SERVICIOS","1","VIAJES","2","VIAJES DOMESTICOS","99","OTROS GASTOS","0","0","0","135","135","0","0","0","109.50","0","0","0","0","0","0","0","0","109.50"
"2020","M","GOBIERNOS LOCALES"," "," "," "," ","300331","040101","MUNICIPALIDAD PROVINCIAL DE AREQUIPA","04","AREQUIPA","01","AREQUIPA","01","AREQUIPA","108","9002","ASIGNACIONES PRESUPUESTARIAS QUE NO RESULTAN EN PRODUCTOS","3","ACTIVIDAD","3999999","SIN PRODUCTO","5001080","PROMOCION DEL DESARROLLO INTEGRAL DE LA JUVENTUD","21","CULTURA Y DEPORTE","046","DEPORTES","0101","PROMOCION Y DESARROLLO DEPORTIVO","00001","0001499","FOMENTAR EL DEPORTE Y LA RECREACION","04","AREQUIPA","5","RECURSOS DETERMINADOS","08","IMPUESTOS MUNICIPALES","0","NORMAL","5","GASTO CORRIENTE","2","3","BIENES Y SERVICIOS","2","CONTRATACION DE SERVICIOS","2","SERVICIOS BASICOS, COMUNICACIONES, PUBLICIDAD Y DIFUSION","3","SERVICIOS DE MENSAJERIA, TELECOMUNICACIONES Y OTROS AFINES","1","CORREOS Y SERVICIOS DE MENSAJERIA","0","0","415","0","0","0","0","0","0","0","0","0","0","0","0","0","0","0"
"2020","M","GOBIERNOS LOCALES"," "," "," "," ","300331","040101","MUNICIPALIDAD PROVINCIAL DE AREQUIPA","04","AREQUIPA","01","AREQUIPA","01","AREQUIPA","108","9002","ASIGNACIONES PRESUPUESTARIAS QUE NO RESULTAN EN PRODUCTOS","3","ACTIVIDAD","3999999","SIN PRODUCTO","5001080","PROMOCION DEL DESARROLLO INTEGRAL DE LA JUVENTUD","21","CULTURA Y DEPORTE","046","DEPORTES","0101","PROMOCION Y DESARROLLO DEPORTIVO","00001","0001499","FOMENTAR EL DEPORTE Y LA RECREACION","04","AREQUIPA","5","RECURSOS DETERMINADOS","08","IMPUESTOS MUNICIPALES","0","NORMAL","5","GASTO CORRIENTE","2","3","BIENES Y SERVICIOS","2","CONTRATACION DE SERVICIOS","2","SERVICIOS BASICOS, COMUNICACIONES, PUBLICIDAD Y DIFUSION","3","SERVICIOS DE MENSAJERIA, TELECOMUNICACIONES Y OTROS AFINES","1","CORREOS Y SERVICIOS DE MENSAJERIA","0","0","0","415","0","0","0","0","0","0","0","0","0","0","0","0","0","0"
"2020","M","GOBIERNOS LOCALES"," "," "," "," ","300331","040101","MUNICIPALIDAD PROVINCIAL DE AREQUIPA","04","AREQUIPA","01","AREQUIPA","01","AREQUIPA","108","9002","ASIGNACIONES PRESUPUESTARIAS QUE NO RESULTAN EN PRODUCTOS","3","ACTIVIDAD","3999999","SIN PRODUCTO","5001080","PROMOCION DEL DESARROLLO INTEGRAL DE LA JUVENTUD","21","CULTURA Y DEPORTE","046","DEPORTES","0101","PROMOCION Y DESARROLLO DEPORTIVO","00001","0001499","FOMENTAR EL DEPORTE Y LA RECREACION","04","AREQUIPA","5","RECURSOS DETERMINADOS","08","IMPUESTOS MUNICIPALES","0","NORMAL","5","GASTO CORRIENTE","2","3","BIENES Y SERVICIOS","2","CONTRATACION DE SERVICIOS","7","SERVICIOS PROFESIONALES Y TECNICOS","11","OTROS SERVICIOS","99","SERVICIOS DIVERSOS","0","0","53290","0","0","0","0","0","0","0","0","0","0","0","0","0","0","0"
"2020","M","GOBIERNOS LOCALES"," "," "," "," ","300331","040101","MUNICIPALIDAD PROVINCIAL DE AREQUIPA","04","AREQUIPA","01","AREQUIPA","01","AREQUIPA","108","9002","ASIGNACIONES PRESUPUESTARIAS QUE NO RESULTAN EN PRODUCTOS","3","ACTIVIDAD","3999999","SIN PRODUCTO","5001080","PROMOCION DEL DESARROLLO INTEGRAL DE LA JUVENTUD","21","CULTURA Y DEPORTE","046","DEPORTES","0101","PROMOCION Y DESARROLLO DEPORTIVO","00001","0001499","FOMENTAR EL DEPORTE Y LA RECREACION","04","AREQUIPA","5","RECURSOS DETERMINADOS","08","IMPUESTOS MUNICIPALES","0","NORMAL","5","GASTO CORRIENTE","2","3","BIENES Y SERVICIOS","2","CONTRATACION DE SERVICIOS","7","SERVICIOS PROFESIONALES Y TECNICOS","11","OTROS SERVICIOS","99","SERVICIOS DIVERSOS","0","0","0","53240","16806","0","15050","0","6","0","0","0","0","0","0","0","0","15056"
"2020","M","GOBIERNOS LOCALES"," "," "," "," ","300331","040101","MUNICIPALIDAD PROVINCIAL DE AREQUIPA","04","AREQUIPA","01","AREQUIPA","01","AREQUIPA","108","9002","ASIGNACIONES PRESUPUESTARIAS QUE NO RESULTAN EN PRODUCTOS","3","ACTIVIDAD","3999999","SIN PRODUCTO","5001080","PROMOCION DEL DESARROLLO INTEGRAL DE LA JUVENTUD","21","CULTURA Y DEPORTE","046","DEPORTES","0101","PROMOCION Y DESARROLLO DEPORTIVO","00001","0001499","FOMENTAR EL DEPORTE Y LA RECREACION","04","AREQUIPA","5","RECURSOS DETERMINADOS","08","IMPUESTOS MUNICIPALES","0","NORMAL","5","GASTO CORRIENTE","2","3","BIENES Y SERVICIOS","2","CONTRATACION DE SERVICIOS","8","CONTRATO ADMINISTRATIVO DE SERVICIOS","1","CONTRATO ADMINISTRATIVO DE SERVICIOS","1","CONTRATO ADMINISTRATIVO DE SERVICIOS","0","0","43682","0","0","0","0","0","0","0","0","0","0","0","0","0","0","0"
"2020","M","GOBIERNOS LOCALES"," "," "," "," ","300331","040101","MUNICIPALIDAD PROVINCIAL DE AREQUIPA","04","AREQUIPA","01","AREQUIPA","01","AREQUIPA","108","9002","ASIGNACIONES PRESUPUESTARIAS QUE NO RESULTAN EN PRODUCTOS","3","ACTIVIDAD","3999999","SIN PRODUCTO","5001080","PROMOCION DEL DESARROLLO INTEGRAL DE LA JUVENTUD","21","CULTURA Y DEPORTE","046","DEPORTES","0101","PROMOCION Y DESARROLLO DEPORTIVO","00001","0001499","FOMENTAR EL DEPORTE Y LA RECREACION","04","AREQUIPA","5","RECURSOS DETERMINADOS","08","IMPUESTOS MUNICIPALES","0","NORMAL","5","GASTO CORRIENTE","2","3","BIENES Y SERVICIOS","2","CONTRATACION DE SERVICIOS","8","CONTRATO ADMINISTRATIVO DE SERVICIOS","1","CONTRATO ADMINISTRATIVO DE SERVICIOS","1","CONTRATO ADMINISTRATIVO DE SERVICIOS","0","0","0","43681.33","43681.33","5343.76","7002.90","6133.33","6300","0","0","0","0","0","0","0","0","24779.99"
"2020","M","GOBIERNOS LOCALES"," "," "," "," ","300331","040101","MUNICIPALIDAD PROVINCIAL DE AREQUIPA","04","AREQUIPA","01","AREQUIPA","01","AREQUIPA","108","9002","ASIGNACIONES PRESUPUESTARIAS QUE NO RESULTAN EN PRODUCTOS","3","ACTIVIDAD","3999999","SIN PRODUCTO","5001080","PROMOCION DEL DESARROLLO INTEGRAL DE LA JUVENTUD","21","CULTURA Y DEPORTE","046","DEPORTES","0101","PROMOCION Y DESARROLLO DEPORTIVO","00001","0001499","FOMENTAR EL DEPORTE Y LA RECREACION","04","AREQUIPA","5","RECURSOS DETERMINADOS","08","IMPUESTOS MUNICIPALES","0","NORMAL","5","GASTO CORRIENTE","2","3","BIENES Y SERVICIOS","2","CONTRATACION DE SERVICIOS","8","CONTRATO ADMINISTRATIVO DE SERVICIOS","1","CONTRATO ADMINISTRATIVO DE SERVICIOS","2","CONTRIBUCIONES A ESSALUD DE C.A.S.","0","0","2036","0","0","0","0","0","0","0","0","0","0","0","0","0","0","0"
"2020","M","GOBIERNOS LOCALES"," "," "," "," ","300331","040101","MUNICIPALIDAD PROVINCIAL DE AREQUIPA","04","AREQUIPA","01","AREQUIPA","01","AREQUIPA","108","9002","ASIGNACIONES PRESUPUESTARIAS QUE NO RESULTAN EN PRODUCTOS","3","ACTIVIDAD","3999999","SIN PRODUCTO","5001080","PROMOCION DEL DESARROLLO INTEGRAL DE LA JUVENTUD","21","CULTURA Y DEPORTE","046","DEPORTES","0101","PROMOCION Y DESARROLLO DEPORTIVO","00001","0001499","FOMENTAR EL DEPORTE Y LA RECREACION","04","AREQUIPA","5","RECURSOS DETERMINADOS","08","IMPUESTOS MUNICIPALES","0","NORMAL","5","GASTO CORRIENTE","2","3","BIENES Y SERVICIOS","2","CONTRATACION DE SERVICIOS","8","CONTRATO ADMINISTRATIVO DE SERVICIOS","1","CONTRATO ADMINISTRATIVO DE SERVICIOS","2","CONTRIBUCIONES A ESSALUD DE C.A.S.","0","0","0","2034.45","2034.45","283.29","291.15","291.15","291.15","0","0","0","0","-0.15","0","0","0","1156.59"
"2020","M","GOBIERNOS LOCALES"," "," "," "," ","300331","040101","MUNICIPALIDAD PROVINCIAL DE AREQUIPA","04","AREQUIPA","01","AREQUIPA","01","AREQUIPA","108","9002","ASIGNACIONES PRESUPUESTARIAS QUE NO RESULTAN EN PRODUCTOS","3","ACTIVIDAD","3999999","SIN PRODUCTO","5001080","PROMOCION DEL DESARROLLO INTEGRAL DE LA JUVENTUD","21","CULTURA Y DEPORTE","046","DEPORTES","0101","PROMOCION Y DESARROLLO DEPORTIVO","00001","0001499","FOMENTAR EL DEPORTE Y LA RECREACION","04","AREQUIPA","5","RECURSOS DETERMINADOS","08","IMPUESTOS MUNICIPALES","7","SUB CUENTA - IMPUESTOS MUNICIPALES","5","GASTO CORRIENTE","2","1","PERSONAL Y OBLIGACIONES SOCIALES","1","RETRIBUCIONES Y COMPLEMENTOS EN EFECTIVO","1","PERSONAL ADMINISTRATIVO","1","PERSONAL ADMINISTRATIVO","2","PERSONAL ADMINISTRATIVO NOMBRADO (REGIMEN PUBLICO)","0","0","0","0","0","0","0","0","0","0","0","0","9376.29","0","12260.61","0","9007.72","30644.62"
"2020","M","GOBIERNOS LOCALES"," "," "," "," ","300331","040101","MUNICIPALIDAD PROVINCIAL DE AREQUIPA","04","AREQUIPA","01","AREQUIPA","01","AREQUIPA","108","9002","ASIGNACIONES PRESUPUESTARIAS QUE NO RESULTAN EN PRODUCTOS","3","ACTIVIDAD","3999999","SIN PRODUCTO","5001080","PROMOCION DEL DESARROLLO INTEGRAL DE LA JUVENTUD","21","CULTURA Y DEPORTE","046","DEPORTES","0101","PROMOCION Y DESARROLLO DEPORTIVO","00001","0001499","FOMENTAR EL DEPORTE Y LA RECREACION","04","AREQUIPA","5","RECURSOS DETERMINADOS","08","IMPUESTOS MUNICIPALES","7","SUB CUENTA - IMPUESTOS MUNICIPALES","5","GASTO CORRIENTE","2","1","PERSONAL Y OBLIGACIONES SOCIALES","1","RETRIBUCIONES Y COMPLEMENTOS EN EFECTIVO","9","GASTOS VARIABLES Y OCASIONALES","1","ESCOLARIDAD, AGUINALDOS Y GRATIFICACIONES","2","AGUINALDOS","0","0","0","0","0","0","0","0","0","0","0","0","0","0","0","0","9799.72","9799.72"
"2020","M","GOBIERNOS LOCALES"," "," "," "," ","300331","040101","MUNICIPALIDAD PROVINCIAL DE AREQUIPA","04","AREQUIPA","01","AREQUIPA","01","AREQUIPA","108","9002","ASIGNACIONES PRESUPUESTARIAS QUE NO RESULTAN EN PRODUCTOS","3","ACTIVIDAD","3999999","SIN PRODUCTO","5001080","PROMOCION DEL DESARROLLO INTEGRAL DE LA JUVENTUD","21","CULTURA Y DEPORTE","046","DEPORTES","0101","PROMOCION Y DESARROLLO DEPORTIVO","00001","0001499","FOMENTAR EL DEPORTE Y LA RECREACION","04","AREQUIPA","5","RECURSOS DETERMINADOS","08","IMPUESTOS MUNICIPALES","7","SUB CUENTA - IMPUESTOS MUNICIPALES","5","GASTO CORRIENTE","2","1","PERSONAL Y OBLIGACIONES SOCIALES","3","CONTRIBUCIONES A LA SEGURIDAD SOCIAL","1","OBLIGACIONES DEL EMPLEADOR","1","OBLIGACIONES DEL EMPLEADOR","5","CONTRIBUCIONES A ESSALUD","0","0","0","0","0","0","0","0","0","0","0","0","843.87","0","1103.46","0","0","1947.33"
"2020","M","GOBIERNOS LOCALES"," "," "," "," ","300331","040101","MUNICIPALIDAD PROVINCIAL DE AREQUIPA","04","AREQUIPA","01","AREQUIPA","01","AREQUIPA","108","9002","ASIGNACIONES PRESUPUESTARIAS QUE NO RESULTAN EN PRODUCTOS","3","ACTIVIDAD","3999999","SIN PRODUCTO","5001080","PROMOCION DEL DESARROLLO INTEGRAL DE LA JUVENTUD","21","CULTURA Y DEPORTE","046","DEPORTES","0101","PROMOCION Y DESARROLLO DEPORTIVO","00001","0001499","FOMENTAR EL DEPORTE Y LA RECREACION","04","AREQUIPA","5","RECURSOS DETERMINADOS","08","IMPUESTOS MUNICIPALES","7","SUB CUENTA - IMPUESTOS MUNICIPALES","5","GASTO CORRIENTE","2","3","BIENES Y SERVICIOS","1","COMPRA DE BIENES","2","VESTUARIOS Y TEXTILES","1","VESTUARIO, ZAPATERIA Y ACCESORIOS, TALABARTERIA Y MATERIALES TEXTILES","1","VESTUARIO, ACCESORIOS Y PRENDAS DIVERSAS","0","0","0","0","0","0","0","0","0","0","0","0","0","0","0","0","5","5"
"2020","M","GOBIERNOS LOCALES"," "," "," "," ","300331","040101","MUNICIPALIDAD PROVINCIAL DE AREQUIPA","04","AREQUIPA","01","AREQUIPA","01","AREQUIPA","108","9002","ASIGNACIONES PRESUPUESTARIAS QUE NO RESULTAN EN PRODUCTOS","3","ACTIVIDAD","3999999","SIN PRODUCTO","5001080","PROMOCION DEL DESARROLLO INTEGRAL DE LA JUVENTUD","21","CULTURA Y DEPORTE","046","DEPORTES","0101","PROMOCION Y DESARROLLO DEPORTIVO","00001","0001499","FOMENTAR EL DEPORTE Y LA RECREACION","04","AREQUIPA","5","RECURSOS DETERMINADOS","08","IMPUESTOS MUNICIPALES","7","SUB CUENTA - IMPUESTOS MUNICIPALES","5","GASTO CORRIENTE","2","3","BIENES Y SERVICIOS","1","COMPRA DE BIENES","5","MATERIALES Y  UTILES","1","DE OFICINA","2","PAPELERIA EN GENERAL, UTILES Y MATERIALES DE OFICINA","0","0","0","0","0","0","0","0","0","0","0","0","0","0","0","0","525.40","525.40"
"2020","M","GOBIERNOS LOCALES"," "," "," "," ","300331","040101","MUNICIPALIDAD PROVINCIAL DE AREQUIPA","04","AREQUIPA","01","AREQUIPA","01","AREQUIPA","108","9002","ASIGNACIONES PRESUPUESTARIAS QUE NO RESULTAN EN PRODUCTOS","3","ACTIVIDAD","3999999","SIN PRODUCTO","5001080","PROMOCION DEL DESARROLLO INTEGRAL DE LA JUVENTUD","21","CULTURA Y DEPORTE","046","DEPORTES","0101","PROMOCION Y DESARROLLO DEPORTIVO","00001","0001499","FOMENTAR EL DEPORTE Y LA RECREACION","04","AREQUIPA","5","RECURSOS DETERMINADOS","08","IMPUESTOS MUNICIPALES","7","SUB CUENTA - IMPUESTOS MUNICIPALES","5","GASTO CORRIENTE","2","3","BIENES Y SERVICIOS","1","COMPRA DE BIENES","99","COMPRA DE OTROS BIENES","1","COMPRA DE OTROS BIENES","99","OTROS BIENES","0","0","0","0","0","0","0","0","0","0","0","0","0","0","0","0","252.50","252.50"
"2020","M","GOBIERNOS LOCALES"," "," "," "," ","300331","040101","MUNICIPALIDAD PROVINCIAL DE AREQUIPA","04","AREQUIPA","01","AREQUIPA","01","AREQUIPA","108","9002","ASIGNACIONES PRESUPUESTARIAS QUE NO RESULTAN EN PRODUCTOS","3","ACTIVIDAD","3999999","SIN PRODUCTO","5001080","PROMOCION DEL DESARROLLO INTEGRAL DE LA JUVENTUD","21","CULTURA Y DEPORTE","046","DEPORTES","0101","PROMOCION Y DESARROLLO DEPORTIVO","00001","0001499","FOMENTAR EL DEPORTE Y LA RECREACION","04","AREQUIPA","5","RECURSOS DETERMINADOS","08","IMPUESTOS MUNICIPALES","7","SUB CUENTA - IMPUESTOS MUNICIPALES","5","GASTO CORRIENTE","2","3","BIENES Y SERVICIOS","2","CONTRATACION DE SERVICIOS","1","VIAJES","2","VIAJES DOMESTICOS","99","OTROS GASTOS","0","0","0","0","0","0","0","0","0","0","0","0","0","0","0","0","25.50","25.50"
"2020","M","GOBIERNOS LOCALES"," "," "," "," ","300331","040101","MUNICIPALIDAD PROVINCIAL DE AREQUIPA","04","AREQUIPA","01","AREQUIPA","01","AREQUIPA","108","9002","ASIGNACIONES PRESUPUESTARIAS QUE NO RESULTAN EN PRODUCTOS","3","ACTIVIDAD","3999999","SIN PRODUCTO","5001080","PROMOCION DEL DESARROLLO INTEGRAL DE LA JUVENTUD","21","CULTURA Y DEPORTE","046","DEPORTES","0101","PROMOCION Y DESARROLLO DEPORTIVO","00001","0001499","FOMENTAR EL DEPORTE Y LA RECREACION","04","AREQUIPA","5","RECURSOS DETERMINADOS","08","IMPUESTOS MUNICIPALES","7","SUB CUENTA - IMPUESTOS MUNICIPALES","5","GASTO CORRIENTE","2","3","BIENES Y SERVICIOS","2","CONTRATACION DE SERVICIOS","7","SERVICIOS PROFESIONALES Y TECNICOS","11","OTROS SERVICIOS","99","SERVICIOS DIVERSOS","0","0","0","0","0","0","0","0","0","0","0","0","1700","0","0","0","50","1750"
"2020","M","GOBIERNOS LOCALES"," "," "," "," ","300331","040101","MUNICIPALIDAD PROVINCIAL DE AREQUIPA","04","AREQUIPA","01","AREQUIPA","01","AREQUIPA","108","9002","ASIGNACIONES PRESUPUESTARIAS QUE NO RESULTAN EN PRODUCTOS","3","ACTIVIDAD","3999999","SIN PRODUCTO","5001080","PROMOCION DEL DESARROLLO INTEGRAL DE LA JUVENTUD","21","CULTURA Y DEPORTE","046","DEPORTES","0101","PROMOCION Y DESARROLLO DEPORTIVO","00001","0001499","FOMENTAR EL DEPORTE Y LA RECREACION","04","AREQUIPA","5","RECURSOS DETERMINADOS","08","IMPUESTOS MUNICIPALES","7","SUB CUENTA - IMPUESTOS MUNICIPALES","5","GASTO CORRIENTE","2","3","BIENES Y SERVICIOS","2","CONTRATACION DE SERVICIOS","8","CONTRATO ADMINISTRATIVO DE SERVICIOS","1","CONTRATO ADMINISTRATIVO DE SERVICIOS","1","CONTRATO ADMINISTRATIVO DE SERVICIOS","0","0","0","0","0","0","0","0","0","0","0","0","6300","6300","0","6300","0","18900"
"2020","M","GOBIERNOS LOCALES"," "," "," "," ","300331","040101","MUNICIPALIDAD PROVINCIAL DE AREQUIPA","04","AREQUIPA","01","AREQUIPA","01","AREQUIPA","108","9002","ASIGNACIONES PRESUPUESTARIAS QUE NO RESULTAN EN PRODUCTOS","3","ACTIVIDAD","3999999","SIN PRODUCTO","5001080","PROMOCION DEL DESARROLLO INTEGRAL DE LA JUVENTUD","21","CULTURA Y DEPORTE","046","DEPORTES","0101","PROMOCION Y DESARROLLO DEPORTIVO","00001","0001499","FOMENTAR EL DEPORTE Y LA RECREACION","04","AREQUIPA","5","RECURSOS DETERMINADOS","08","IMPUESTOS MUNICIPALES","7","SUB CUENTA - IMPUESTOS MUNICIPALES","5","GASTO CORRIENTE","2","3","BIENES Y SERVICIOS","2","CONTRATACION DE SERVICIOS","8","CONTRATO ADMINISTRATIVO DE SERVICIOS","1","CONTRATO ADMINISTRATIVO DE SERVICIOS","2","CONTRIBUCIONES A ESSALUD DE C.A.S.","0","0","0","0","0","0","0","0","0","0","0","0","291.15","291.15","0","291.15","0","873.45"
"2020","M","GOBIERNOS LOCALES"," "," "," "," ","300331","040101","MUNICIPALIDAD PROVINCIAL DE AREQUIPA","04","AREQUIPA","01","AREQUIPA","01","AREQUIPA","190","0101","INCREMENTO DE LA PRACTICA DE ACTIVIDADES FISICAS, DEPORTIVAS Y RECREATIVAS EN LA POBLACION PERUANA","2","PROYECTO","2193687","CREACION DEL ECO PARQUE RECREATIVO ZONAL EN LA EXPARADA DE TINGO EN EL DISTRITO DE AREQUIPA, PROVINCIA DE AREQUIPA - AREQUIPA","4000187","CONSTRUCCION DE PARQUES","21","CULTURA Y DEPORTE","046","DEPORTES","0102","INFRAESTRUCTURA DEPORTIVA Y RECREATIVA","00001","0139301","CREACION DEL ECO PARQUE RECREATIVO ZONAL EN LA EXPARADA DE TINGO EN EL DISTRITO DE AREQUIPA - AREQUIPA - AREQUIPA","04","AREQUIPA","5","RECURSOS DETERMINADOS","18","CANON Y SOBRECANON, REGALIAS, RENTA DE ADUANAS Y PARTICIPACIONES","0","CANON","6","GASTO DE CAPITAL","2","6","ADQUISICION DE ACTIVOS NO FINANCIEROS","8","OTROS GASTOS DE ACTIVOS NO FINANCIEROS","1","OTROS GASTOS DE ACTIVOS NO FINANCIEROS","4","OTROS GASTOS DIVERSOS DE ACTIVOS NO FINANCIEROS","99","OTROS GASTOS","0","0","1239","0","0","0","0","0","0","0","0","0","0","0","0","0","0","0"
"2020","M","GOBIERNOS LOCALES"," "," "," "," ","300331","040101","MUNICIPALIDAD PROVINCIAL DE AREQUIPA","04","AREQUIPA","01","AREQUIPA","01","AREQUIPA","190","0101","INCREMENTO DE LA PRACTICA DE ACTIVIDADES FISICAS, DEPORTIVAS Y RECREATIVAS EN LA POBLACION PERUANA","2","PROYECTO","2193687","CREACION DEL ECO PARQUE RECREATIVO ZONAL EN LA EXPARADA DE TINGO EN EL DISTRITO DE AREQUIPA, PROVINCIA DE AREQUIPA - AREQUIPA","4000187","CONSTRUCCION DE PARQUES","21","CULTURA Y DEPORTE","046","DEPORTES","0102","INFRAESTRUCTURA DEPORTIVA Y RECREATIVA","00001","0139301","CREACION DEL ECO PARQUE RECREATIVO ZONAL EN LA EXPARADA DE TINGO EN EL DISTRITO DE AREQUIPA - AREQUIPA - AREQUIPA","04","AREQUIPA","5","RECURSOS DETERMINADOS","18","CANON Y SOBRECANON, REGALIAS, RENTA DE ADUANAS Y PARTICIPACIONES","0","CANON","6","GASTO DE CAPITAL","2","6","ADQUISICION DE ACTIVOS NO FINANCIEROS","8","OTROS GASTOS DE ACTIVOS NO FINANCIEROS","1","OTROS GASTOS DE ACTIVOS NO FINANCIEROS","4","OTROS GASTOS DIVERSOS DE ACTIVOS NO FINANCIEROS","99","OTROS GASTOS","0","0","0","1239","0","0","0","0","0","0","0","0","0","0","0","0","0","0"
"2020","M","GOBIERNOS LOCALES"," "," "," "," ","300331","040101","MUNICIPALIDAD PROVINCIAL DE AREQUIPA","04","AREQUIPA","01","AREQUIPA","01","AREQUIPA","125","0101","INCREMENTO DE LA PRACTICA DE ACTIVIDADES FISICAS, DEPORTIVAS Y RECREATIVAS EN LA POBLACION PERUANA","2","PROYECTO","2303371","CREACION DEL COMPLEJO DEPORTIVO VILLA EL TRIUNFO EN EL AA.HH VILLA EL TRIUNFO, DISTRITO DE SACHACA - AREQUIPA - AREQUIPA","4000129","INSTALACION DE INFRAESTRUCTURA DEPORTIVA","21","CULTURA Y DEPORTE","046","DEPORTES","0102","INFRAESTRUCTURA DEPORTIVA Y RECREATIVA","00001","0228473","CREACION DEL COMPLEJO DEPORTIVO VILLA EL TRIUNFO EN EL AA.HH VILLA EL TRIUNFO, DISTRITO DE SACHACA - AREQUIPA - AREQUIPA","04","AREQUIPA","2","RECURSOS DIRECTAMENTE RECAUDADOS","09","RECURSOS DIRECTAMENTE RECAUDADOS","0","NORMAL","6","GASTO DE CAPITAL","2","6","ADQUISICION DE ACTIVOS NO FINANCIEROS","2","CONSTRUCCION DE EDIFICIOS Y ESTRUCTURAS","3","OTRAS ESTRUCTURAS","99","OTRAS ESTRUCTURAS DIVERSAS","2","COSTO DE CONSTRUCCION POR CONTRATA","0","0","1336855","0","0","0","0","0","0","0","0","0","0","0","0","0","0","0"
"2020","M","GOBIERNOS LOCALES"," "," "," "," ","300331","040101","MUNICIPALIDAD PROVINCIAL DE AREQUIPA","04","AREQUIPA","01","AREQUIPA","01","AREQUIPA","125","0101","INCREMENTO DE LA PRACTICA DE ACTIVIDADES FISICAS, DEPORTIVAS Y RECREATIVAS EN LA POBLACION PERUANA","2","PROYECTO","2303371","CREACION DEL COMPLEJO DEPORTIVO VILLA EL TRIUNFO EN EL AA.HH VILLA EL TRIUNFO, DISTRITO DE SACHACA - AREQUIPA - AREQUIPA","4000129","INSTALACION DE INFRAESTRUCTURA DEPORTIVA","21","CULTURA Y DEPORTE","046","DEPORTES","0102","INFRAESTRUCTURA DEPORTIVA Y RECREATIVA","00001","0228473","CREACION DEL COMPLEJO DEPORTIVO VILLA EL TRIUNFO EN EL AA.HH VILLA EL TRIUNFO, DISTRITO DE SACHACA - AREQUIPA - AREQUIPA","04","AREQUIPA","2","RECURSOS DIRECTAMENTE RECAUDADOS","09","RECURSOS DIRECTAMENTE RECAUDADOS","0","NORMAL","6","GASTO DE CAPITAL","2","6","ADQUISICION DE ACTIVOS NO FINANCIEROS","2","CONSTRUCCION DE EDIFICIOS Y ESTRUCTURAS","3","OTRAS ESTRUCTURAS","99","OTRAS ESTRUCTURAS DIVERSAS","2","COSTO DE CONSTRUCCION POR CONTRATA","0","0","0","1160375.68","0","0","0","0","0","0","0","0","0","0","0","0","0","0"
"2020","M","GOBIERNOS LOCALES"," "," "," "," ","300331","040101","MUNICIPALIDAD PROVINCIAL DE AREQUIPA","04","AREQUIPA","01","AREQUIPA","01","AREQUIPA","126","0101","INCREMENTO DE LA PRACTICA DE ACTIVIDADES FISICAS, DEPORTIVAS Y RECREATIVAS EN LA POBLACION PERUANA","2","PROYECTO","2303371","CREACION DEL COMPLEJO DEPORTIVO VILLA EL TRIUNFO EN EL AA.HH VILLA EL TRIUNFO, DISTRITO DE SACHACA - AREQUIPA - AREQUIPA","6000002","SUPERVISION Y LIQUIDACION DE OBRAS","21","CULTURA Y DEPORTE","046","DEPORTES","0102","INFRAESTRUCTURA DEPORTIVA Y RECREATIVA","00001","0228473","CREACION DEL COMPLEJO DEPORTIVO VILLA EL TRIUNFO EN EL AA.HH VILLA EL TRIUNFO, DISTRITO DE SACHACA - AREQUIPA - AREQUIPA","04","AREQUIPA","2","RECURSOS DIRECTAMENTE RECAUDADOS","09","RECURSOS DIRECTAMENTE RECAUDADOS","0","NORMAL","6","GASTO DE CAPITAL","2","6","ADQUISICION DE ACTIVOS NO FINANCIEROS","8","OTROS GASTOS DE ACTIVOS NO FINANCIEROS","1","OTROS GASTOS DE ACTIVOS NO FINANCIEROS","4","OTROS GASTOS DIVERSOS DE ACTIVOS NO FINANCIEROS","3","GASTO POR LA CONTRATACION DE SERVICIOS","0","0","33620","0","0","0","0","0","0","0","0","0","0","0","0","0","0","0"
"2020","M","GOBIERNOS LOCALES"," "," "," "," ","300331","040101","MUNICIPALIDAD PROVINCIAL DE AREQUIPA","04","AREQUIPA","01","AREQUIPA","01","AREQUIPA","126","0101","INCREMENTO DE LA PRACTICA DE ACTIVIDADES FISICAS, DEPORTIVAS Y RECREATIVAS EN LA POBLACION PERUANA","2","PROYECTO","2303371","CREACION DEL COMPLEJO DEPORTIVO VILLA EL TRIUNFO EN EL AA.HH VILLA EL TRIUNFO, DISTRITO DE SACHACA - AREQUIPA - AREQUIPA","6000002","SUPERVISION Y LIQUIDACION DE OBRAS","21","CULTURA Y DEPORTE","046","DEPORTES","0102","INFRAESTRUCTURA DEPORTIVA Y RECREATIVA","00001","0228473","CREACION DEL COMPLEJO DEPORTIVO VILLA EL TRIUNFO EN EL AA.HH VILLA EL TRIUNFO, DISTRITO DE SACHACA - AREQUIPA - AREQUIPA","04","AREQUIPA","2","RECURSOS DIRECTAMENTE RECAUDADOS","09","RECURSOS DIRECTAMENTE RECAUDADOS","0","NORMAL","6","GASTO DE CAPITAL","2","6","ADQUISICION DE ACTIVOS NO FINANCIEROS","8","OTROS GASTOS DE ACTIVOS NO FINANCIEROS","1","OTROS GASTOS DE ACTIVOS NO FINANCIEROS","4","OTROS GASTOS DIVERSOS DE ACTIVOS NO FINANCIEROS","3","GASTO POR LA CONTRATACION DE SERVICIOS","0","0","0","33619.46","0","0","0","0","0","0","0","0","0","0","0","0","0","0"
"2020","M","GOBIERNOS LOCALES"," "," "," "," ","300331","040101","MUNICIPALIDAD PROVINCIAL DE AREQUIPA","04","AREQUIPA","01","AREQUIPA","01","AREQUIPA","113","0101","INCREMENTO DE LA PRACTICA DE ACTIVIDADES FISICAS, DEPORTIVAS Y RECREATIVAS EN LA POBLACION PERUANA","2","PROYECTO","2343160","MEJORAMIENTO DEL COMPLEJO DEPORTIVO LUIS PONCE ARROE EN EL AA.HH. BARRIO NUEVO, DISTRITO DE VITOR - AREQUIPA - AREQUIPA","4000166","MEJORAMIENTO DE INFRAESTRUCTURA DEPORTIVA","21","CULTURA Y DEPORTE","046","DEPORTES","0102","INFRAESTRUCTURA DEPORTIVA Y RECREATIVA","00001","0216036","MEJORAMIENTO DEL COMPLEJO DEPORTIVO LUIS PONCE ARROE EN EL AA.HH. BARRIO NUEVO, DISTRITO DE VITOR - AREQUIPA - AREQUIPA","04","AREQUIPA","2","RECURSOS DIRECTAMENTE RECAUDADOS","09","RECURSOS DIRECTAMENTE RECAUDADOS","0","NORMAL","6","GASTO DE CAPITAL","2","6","ADQUISICION DE ACTIVOS NO FINANCIEROS","2","CONSTRUCCION DE EDIFICIOS Y ESTRUCTURAS","3","OTRAS ESTRUCTURAS","99","OTRAS ESTRUCTURAS DIVERSAS","2","COSTO DE CONSTRUCCION POR CONTRATA","0","0","35127","0","0","0","0","0","0","0","0","0","0","0","0","0","0","0"
"2020","M","GOBIERNOS LOCALES"," "," "," "," ","300331","040101","MUNICIPALIDAD PROVINCIAL DE AREQUIPA","04","AREQUIPA","01","AREQUIPA","01","AREQUIPA","113","0101","INCREMENTO DE LA PRACTICA DE ACTIVIDADES FISICAS, DEPORTIVAS Y RECREATIVAS EN LA POBLACION PERUANA","2","PROYECTO","2343160","MEJORAMIENTO DEL COMPLEJO DEPORTIVO LUIS PONCE ARROE EN EL AA.HH. BARRIO NUEVO, DISTRITO DE VITOR - AREQUIPA - AREQUIPA","4000166","MEJORAMIENTO DE INFRAESTRUCTURA DEPORTIVA","21","CULTURA Y DEPORTE","046","DEPORTES","0102","INFRAESTRUCTURA DEPORTIVA Y RECREATIVA","00001","0216036","MEJORAMIENTO DEL COMPLEJO DEPORTIVO LUIS PONCE ARROE EN EL AA.HH. BARRIO NUEVO, DISTRITO DE VITOR - AREQUIPA - AREQUIPA","04","AREQUIPA","2","RECURSOS DIRECTAMENTE RECAUDADOS","09","RECURSOS DIRECTAMENTE RECAUDADOS","0","NORMAL","6","GASTO DE CAPITAL","2","6","ADQUISICION DE ACTIVOS NO FINANCIEROS","2","CONSTRUCCION DE EDIFICIOS Y ESTRUCTURAS","3","OTRAS ESTRUCTURAS","99","OTRAS ESTRUCTURAS DIVERSAS","2","COSTO DE CONSTRUCCION POR CONTRATA","0","0","0","34353.40","34353.40","0","0","0","0","0","0","0","0","0","0","0","0","0"
"2020","M","GOBIERNOS LOCALES"," "," "," "," ","300331","040101","MUNICIPALIDAD PROVINCIAL DE AREQUIPA","04","AREQUIPA","01","AREQUIPA","01","AREQUIPA","113","0101","INCREMENTO DE LA PRACTICA DE ACTIVIDADES FISICAS, DEPORTIVAS Y RECREATIVAS EN LA POBLACION PERUANA","2","PROYECTO","2343160","MEJORAMIENTO DEL COMPLEJO DEPORTIVO LUIS PONCE ARROE EN EL AA.HH. BARRIO NUEVO, DISTRITO DE VITOR - AREQUIPA - AREQUIPA","4000166","MEJORAMIENTO DE INFRAESTRUCTURA DEPORTIVA","21","CULTURA Y DEPORTE","046","DEPORTES","0102","INFRAESTRUCTURA DEPORTIVA Y RECREATIVA","00001","0216036","MEJORAMIENTO DEL COMPLEJO DEPORTIVO LUIS PONCE ARROE EN EL AA.HH. BARRIO NUEVO, DISTRITO DE VITOR - AREQUIPA - AREQUIPA","04","AREQUIPA","2","RECURSOS DIRECTAMENTE RECAUDADOS","09","RECURSOS DIRECTAMENTE RECAUDADOS","7","SUB CUENTA - RECURSOS DIRECTAMENTE RECAUDADOS","6","GASTO DE CAPITAL","2","6","ADQUISICION DE ACTIVOS NO FINANCIEROS","2","CONSTRUCCION DE EDIFICIOS Y ESTRUCTURAS","3","OTRAS ESTRUCTURAS","99","OTRAS ESTRUCTURAS DIVERSAS","2","COSTO DE CONSTRUCCION POR CONTRATA","0","0","0","0","0","0","0","0","0","0","0","0","0","0","34353.40","0","0","34353.40"
"2020","M","GOBIERNOS LOCALES"," "," "," "," ","300331","040101","MUNICIPALIDAD PROVINCIAL DE AREQUIPA","04","AREQUIPA","01","AREQUIPA","01","AREQUIPA","113","0101","INCREMENTO DE LA PRACTICA DE ACTIVIDADES FISICAS, DEPORTIVAS Y RECREATIVAS EN LA POBLACION PERUANA","2","PROYECTO","2343160","MEJORAMIENTO DEL COMPLEJO DEPORTIVO LUIS PONCE ARROE EN EL AA.HH. BARRIO NUEVO, DISTRITO DE VITOR - AREQUIPA - AREQUIPA","4000166","MEJORAMIENTO DE INFRAESTRUCTURA DEPORTIVA","21","CULTURA Y DEPORTE","046","DEPORTES","0102","INFRAESTRUCTURA DEPORTIVA Y RECREATIVA","00001","0216036","MEJORAMIENTO DEL COMPLEJO DEPORTIVO LUIS PONCE ARROE EN EL AA.HH. BARRIO NUEVO, DISTRITO DE VITOR - AREQUIPA - AREQUIPA","04","AREQUIPA","5","RECURSOS DETERMINADOS","18","CANON Y SOBRECANON, REGALIAS, RENTA DE ADUANAS Y PARTICIPACIONES","0","CANON","6","GASTO DE CAPITAL","2","6","ADQUISICION DE ACTIVOS NO FINANCIEROS","2","CONSTRUCCION DE EDIFICIOS Y ESTRUCTURAS","3","OTRAS ESTRUCTURAS","99","OTRAS ESTRUCTURAS DIVERSAS","2","COSTO DE CONSTRUCCION POR CONTRATA","0","0","258695","0","0","0","0","0","0","0","0","0","0","0","0","0","0","0"
"2020","M","GOBIERNOS LOCALES"," "," "," "," ","300331","040101","MUNICIPALIDAD PROVINCIAL DE AREQUIPA","04","AREQUIPA","01","AREQUIPA","01","AREQUIPA","113","0101","INCREMENTO DE LA PRACTICA DE ACTIVIDADES FISICAS, DEPORTIVAS Y RECREATIVAS EN LA POBLACION PERUANA","2","PROYECTO","2343160","MEJORAMIENTO DEL COMPLEJO DEPORTIVO LUIS PONCE ARROE EN EL AA.HH. BARRIO NUEVO, DISTRITO DE VITOR - AREQUIPA - AREQUIPA","4000166","MEJORAMIENTO DE INFRAESTRUCTURA DEPORTIVA","21","CULTURA Y DEPORTE","046","DEPORTES","0102","INFRAESTRUCTURA DEPORTIVA Y RECREATIVA","00001","0216036","MEJORAMIENTO DEL COMPLEJO DEPORTIVO LUIS PONCE ARROE EN EL AA.HH. BARRIO NUEVO, DISTRITO DE VITOR - AREQUIPA - AREQUIPA","04","AREQUIPA","5","RECURSOS DETERMINADOS","18","CANON Y SOBRECANON, REGALIAS, RENTA DE ADUANAS Y PARTICIPACIONES","0","CANON","6","GASTO DE CAPITAL","2","6","ADQUISICION DE ACTIVOS NO FINANCIEROS","2","CONSTRUCCION DE EDIFICIOS Y ESTRUCTURAS","3","OTRAS ESTRUCTURAS","99","OTRAS ESTRUCTURAS DIVERSAS","2","COSTO DE CONSTRUCCION POR CONTRATA","0","0","0","232645.64","232645.63","0","0","0","0","0","0","0","0","0","0","0","0","0"
"2020","M","GOBIERNOS LOCALES"," "," "," "," ","300331","040101","MUNICIPALIDAD PROVINCIAL DE AREQUIPA","04","AREQUIPA","01","AREQUIPA","01","AREQUIPA","113","0101","INCREMENTO DE LA PRACTICA DE ACTIVIDADES FISICAS, DEPORTIVAS Y RECREATIVAS EN LA POBLACION PERUANA","2","PROYECTO","2343160","MEJORAMIENTO DEL COMPLEJO DEPORTIVO LUIS PONCE ARROE EN EL AA.HH. BARRIO NUEVO, DISTRITO DE VITOR - AREQUIPA - AREQUIPA","4000166","MEJORAMIENTO DE INFRAESTRUCTURA DEPORTIVA","21","CULTURA Y DEPORTE","046","DEPORTES","0102","INFRAESTRUCTURA DEPORTIVA Y RECREATIVA","00001","0216036","MEJORAMIENTO DEL COMPLEJO DEPORTIVO LUIS PONCE ARROE EN EL AA.HH. BARRIO NUEVO, DISTRITO DE VITOR - AREQUIPA - AREQUIPA","04","AREQUIPA","5","RECURSOS DETERMINADOS","18","CANON Y SOBRECANON, REGALIAS, RENTA DE ADUANAS Y PARTICIPACIONES","13","SUBCUENTA- PLAN DE INCENTIVOS A LA MEJORA DE LA GESTION Y MODERNIZACION MUNICIPAL","6","GASTO DE CAPITAL","2","6","ADQUISICION DE ACTIVOS NO FINANCIEROS","2","CONSTRUCCION DE EDIFICIOS Y ESTRUCTURAS","3","OTRAS ESTRUCTURAS","99","OTRAS ESTRUCTURAS DIVERSAS","2","COSTO DE CONSTRUCCION POR CONTRATA","0","0","0","0","0","0","0","0","0","0","0","0","0","0","32645.63","0","0","32645.63"
"2020","M","GOBIERNOS LOCALES"," "," "," "," ","300331","040101","MUNICIPALIDAD PROVINCIAL DE AREQUIPA","04","AREQUIPA","01","AREQUIPA","01","AREQUIPA","113","0101","INCREMENTO DE LA PRACTICA DE ACTIVIDADES FISICAS, DEPORTIVAS Y RECREATIVAS EN LA POBLACION PERUANA","2","PROYECTO","2343160","MEJORAMIENTO DEL COMPLEJO DEPORTIVO LUIS PONCE ARROE EN EL AA.HH. BARRIO NUEVO, DISTRITO DE VITOR - AREQUIPA - AREQUIPA","4000166","MEJORAMIENTO DE INFRAESTRUCTURA DEPORTIVA","21","CULTURA Y DEPORTE","046","DEPORTES","0102","INFRAESTRUCTURA DEPORTIVA Y RECREATIVA","00001","0216036","MEJORAMIENTO DEL COMPLEJO DEPORTIVO LUIS PONCE ARROE EN EL AA.HH. BARRIO NUEVO, DISTRITO DE VITOR - AREQUIPA - AREQUIPA","04","AREQUIPA","5","RECURSOS DETERMINADOS","18","CANON Y SOBRECANON, REGALIAS, RENTA DE ADUANAS Y PARTICIPACIONES","H","SUB CUENTA - CANON MINERO","6","GASTO DE CAPITAL","2","6","ADQUISICION DE ACTIVOS NO FINANCIEROS","2","CONSTRUCCION DE EDIFICIOS Y ESTRUCTURAS","3","OTRAS ESTRUCTURAS","99","OTRAS ESTRUCTURAS DIVERSAS","2","COSTO DE CONSTRUCCION POR CONTRATA","0","0","0","0","0","0","200000","0","0","0","0","0","0","0","0","0","0","200000"
"2020","M","GOBIERNOS LOCALES"," "," "," "," ","300331","040101","MUNICIPALIDAD PROVINCIAL DE AREQUIPA","04","AREQUIPA","01","AREQUIPA","01","AREQUIPA","114","0101","INCREMENTO DE LA PRACTICA DE ACTIVIDADES FISICAS, DEPORTIVAS Y RECREATIVAS EN LA POBLACION PERUANA","2","PROYECTO","2343160","MEJORAMIENTO DEL COMPLEJO DEPORTIVO LUIS PONCE ARROE EN EL AA.HH. BARRIO NUEVO, DISTRITO DE VITOR - AREQUIPA - AREQUIPA","6000002","SUPERVISION Y LIQUIDACION DE OBRAS","21","CULTURA Y DEPORTE","046","DEPORTES","0102","INFRAESTRUCTURA DEPORTIVA Y RECREATIVA","00001","0216036","MEJORAMIENTO DEL COMPLEJO DEPORTIVO LUIS PONCE ARROE EN EL AA.HH. BARRIO NUEVO, DISTRITO DE VITOR - AREQUIPA - AREQUIPA","04","AREQUIPA","2","RECURSOS DIRECTAMENTE RECAUDADOS","09","RECURSOS DIRECTAMENTE RECAUDADOS","0","NORMAL","6","GASTO DE CAPITAL","2","6","ADQUISICION DE ACTIVOS NO FINANCIEROS","8","OTROS GASTOS DE ACTIVOS NO FINANCIEROS","1","OTROS GASTOS DE ACTIVOS NO FINANCIEROS","4","OTROS GASTOS DIVERSOS DE ACTIVOS NO FINANCIEROS","3","GASTO POR LA CONTRATACION DE SERVICIOS","0","0","86","0","0","0","0","0","0","0","0","0","0","0","0","0","0","0"
"2020","M","GOBIERNOS LOCALES"," "," "," "," ","300331","040101","MUNICIPALIDAD PROVINCIAL DE AREQUIPA","04","AREQUIPA","01","AREQUIPA","01","AREQUIPA","114","0101","INCREMENTO DE LA PRACTICA DE ACTIVIDADES FISICAS, DEPORTIVAS Y RECREATIVAS EN LA POBLACION PERUANA","2","PROYECTO","2343160","MEJORAMIENTO DEL COMPLEJO DEPORTIVO LUIS PONCE ARROE EN EL AA.HH. BARRIO NUEVO, DISTRITO DE VITOR - AREQUIPA - AREQUIPA","6000002","SUPERVISION Y LIQUIDACION DE OBRAS","21","CULTURA Y DEPORTE","046","DEPORTES","0102","INFRAESTRUCTURA DEPORTIVA Y RECREATIVA","00001","0216036","MEJORAMIENTO DEL COMPLEJO DEPORTIVO LUIS PONCE ARROE EN EL AA.HH. BARRIO NUEVO, DISTRITO DE VITOR - AREQUIPA - AREQUIPA","04","AREQUIPA","2","RECURSOS DIRECTAMENTE RECAUDADOS","09","RECURSOS DIRECTAMENTE RECAUDADOS","0","NORMAL","6","GASTO DE CAPITAL","2","6","ADQUISICION DE ACTIVOS NO FINANCIEROS","8","OTROS GASTOS DE ACTIVOS NO FINANCIEROS","1","OTROS GASTOS DE ACTIVOS NO FINANCIEROS","4","OTROS GASTOS DIVERSOS DE ACTIVOS NO FINANCIEROS","3","GASTO POR LA CONTRATACION DE SERVICIOS","0","0","0","85.33","85.33","0","0","0","0","0","0","0","0","0","0","0","0","0"
"2020","M","GOBIERNOS LOCALES"," "," "," "," ","300331","040101","MUNICIPALIDAD PROVINCIAL DE AREQUIPA","04","AREQUIPA","01","AREQUIPA","01","AREQUIPA","114","0101","INCREMENTO DE LA PRACTICA DE ACTIVIDADES FISICAS, DEPORTIVAS Y RECREATIVAS EN LA POBLACION PERUANA","2","PROYECTO","2343160","MEJORAMIENTO DEL COMPLEJO DEPORTIVO LUIS PONCE ARROE EN EL AA.HH. BARRIO NUEVO, DISTRITO DE VITOR - AREQUIPA - AREQUIPA","6000002","SUPERVISION Y LIQUIDACION DE OBRAS","21","CULTURA Y DEPORTE","046","DEPORTES","0102","INFRAESTRUCTURA DEPORTIVA Y RECREATIVA","00001","0216036","MEJORAMIENTO DEL COMPLEJO DEPORTIVO LUIS PONCE ARROE EN EL AA.HH. BARRIO NUEVO, DISTRITO DE VITOR - AREQUIPA - AREQUIPA","04","AREQUIPA","2","RECURSOS DIRECTAMENTE RECAUDADOS","09","RECURSOS DIRECTAMENTE RECAUDADOS","7","SUB CUENTA - RECURSOS DIRECTAMENTE RECAUDADOS","6","GASTO DE CAPITAL","2","6","ADQUISICION DE ACTIVOS NO FINANCIEROS","8","OTROS GASTOS DE ACTIVOS NO FINANCIEROS","1","OTROS GASTOS DE ACTIVOS NO FINANCIEROS","4","OTROS GASTOS DIVERSOS DE ACTIVOS NO FINANCIEROS","3","GASTO POR LA CONTRATACION DE SERVICIOS","0","0","0","0","0","0","0","85.33","0","0","0","0","0","-0.33","0","0","0","85"
"2020","M","GOBIERNOS LOCALES"," "," "," "," ","300331","040101","MUNICIPALIDAD PROVINCIAL DE AREQUIPA","04","AREQUIPA","01","AREQUIPA","01","AREQUIPA","114","0101","INCREMENTO DE LA PRACTICA DE ACTIVIDADES FISICAS, DEPORTIVAS Y RECREATIVAS EN LA POBLACION PERUANA","2","PROYECTO","2343160","MEJORAMIENTO DEL COMPLEJO DEPORTIVO LUIS PONCE ARROE EN EL AA.HH. BARRIO NUEVO, DISTRITO DE VITOR - AREQUIPA - AREQUIPA","6000002","SUPERVISION Y LIQUIDACION DE OBRAS","21","CULTURA Y DEPORTE","046","DEPORTES","0102","INFRAESTRUCTURA DEPORTIVA Y RECREATIVA","00001","0216036","MEJORAMIENTO DEL COMPLEJO DEPORTIVO LUIS PONCE ARROE EN EL AA.HH. BARRIO NUEVO, DISTRITO DE VITOR - AREQUIPA - AREQUIPA","04","AREQUIPA","5","RECURSOS DETERMINADOS","18","CANON Y SOBRECANON, REGALIAS, RENTA DE ADUANAS Y PARTICIPACIONES","0","CANON","6","GASTO DE CAPITAL","2","6","ADQUISICION DE ACTIVOS NO FINANCIEROS","8","OTROS GASTOS DE ACTIVOS NO FINANCIEROS","1","OTROS GASTOS DE ACTIVOS NO FINANCIEROS","4","OTROS GASTOS DIVERSOS DE ACTIVOS NO FINANCIEROS","3","GASTO POR LA CONTRATACION DE SERVICIOS","0","0","982","0","0","0","0","0","0","0","0","0","0","0","0","0","0","0"
"2020","M","GOBIERNOS LOCALES"," "," "," "," ","300331","040101","MUNICIPALIDAD PROVINCIAL DE AREQUIPA","04","AREQUIPA","01","AREQUIPA","01","AREQUIPA","114","0101","INCREMENTO DE LA PRACTICA DE ACTIVIDADES FISICAS, DEPORTIVAS Y RECREATIVAS EN LA POBLACION PERUANA","2","PROYECTO","2343160","MEJORAMIENTO DEL COMPLEJO DEPORTIVO LUIS PONCE ARROE EN EL AA.HH. BARRIO NUEVO, DISTRITO DE VITOR - AREQUIPA - AREQUIPA","6000002","SUPERVISION Y LIQUIDACION DE OBRAS","21","CULTURA Y DEPORTE","046","DEPORTES","0102","INFRAESTRUCTURA DEPORTIVA Y RECREATIVA","00001","0216036","MEJORAMIENTO DEL COMPLEJO DEPORTIVO LUIS PONCE ARROE EN EL AA.HH. BARRIO NUEVO, DISTRITO DE VITOR - AREQUIPA - AREQUIPA","04","AREQUIPA","5","RECURSOS DETERMINADOS","18","CANON Y SOBRECANON, REGALIAS, RENTA DE ADUANAS Y PARTICIPACIONES","0","CANON","6","GASTO DE CAPITAL","2","6","ADQUISICION DE ACTIVOS NO FINANCIEROS","8","OTROS GASTOS DE ACTIVOS NO FINANCIEROS","1","OTROS GASTOS DE ACTIVOS NO FINANCIEROS","4","OTROS GASTOS DIVERSOS DE ACTIVOS NO FINANCIEROS","3","GASTO POR LA CONTRATACION DE SERVICIOS","0","0","0","981.34","981.34","0","0","0","0","0","0","0","0","0","0","0","0","0"
"2020","M","GOBIERNOS LOCALES"," "," "," "," ","300331","040101","MUNICIPALIDAD PROVINCIAL DE AREQUIPA","04","AREQUIPA","01","AREQUIPA","01","AREQUIPA","114","0101","INCREMENTO DE LA PRACTICA DE ACTIVIDADES FISICAS, DEPORTIVAS Y RECREATIVAS EN LA POBLACION PERUANA","2","PROYECTO","2343160","MEJORAMIENTO DEL COMPLEJO DEPORTIVO LUIS PONCE ARROE EN EL AA.HH. BARRIO NUEVO, DISTRITO DE VITOR - AREQUIPA - AREQUIPA","6000002","SUPERVISION Y LIQUIDACION DE OBRAS","21","CULTURA Y DEPORTE","046","DEPORTES","0102","INFRAESTRUCTURA DEPORTIVA Y RECREATIVA","00001","0216036","MEJORAMIENTO DEL COMPLEJO DEPORTIVO LUIS PONCE ARROE EN EL AA.HH. BARRIO NUEVO, DISTRITO DE VITOR - AREQUIPA - AREQUIPA","04","AREQUIPA","5","RECURSOS DETERMINADOS","18","CANON Y SOBRECANON, REGALIAS, RENTA DE ADUANAS Y PARTICIPACIONES","H","SUB CUENTA - CANON MINERO","6","GASTO DE CAPITAL","2","6","ADQUISICION DE ACTIVOS NO FINANCIEROS","8","OTROS GASTOS DE ACTIVOS NO FINANCIEROS","1","OTROS GASTOS DE ACTIVOS NO FINANCIEROS","4","OTROS GASTOS DIVERSOS DE ACTIVOS NO FINANCIEROS","3","GASTO POR LA CONTRATACION DE SERVICIOS","0","0","0","0","0","0","0","981.34","0","0","0","0","0","0","0","0","0","981.34"
"2020","M","GOBIERNOS LOCALES"," "," "," "," ","300331","040101","MUNICIPALIDAD PROVINCIAL DE AREQUIPA","04","AREQUIPA","01","AREQUIPA","01","AREQUIPA","142","0101","INCREMENTO DE LA PRACTICA DE ACTIVIDADES FISICAS, DEPORTIVAS Y RECREATIVAS EN LA POBLACION PERUANA","2","PROYECTO","2352626","MEJORAMIENTO DEL SERVICIO DEPORTIVO Y RECREATIVO EN LA ASOCIACION DE VIVIENDA EL PARAISO DEL DISTRITO DE LA JOYA - PROVINCIA DE AREQUIPA - DEPARTAMENTO DE AREQUIPA","4000166","MEJORAMIENTO DE INFRAESTRUCTURA DEPORTIVA","21","CULTURA Y DEPORTE","046","DEPORTES","0102","INFRAESTRUCTURA DEPORTIVA Y RECREATIVA","00001","0280360","MEJORAMIENTO DEL SERVICIO DEPORTIVO Y RECREATIVO EN LA ASOCIACION DE VIVIENDA EL PARAISO DEL DISTRITO DE LA JOYA - AREQUIPA - AREQUIPA","04","AREQUIPA","2","RECURSOS DIRECTAMENTE RECAUDADOS","09","RECURSOS DIRECTAMENTE RECAUDADOS","0","NORMAL","6","GASTO DE CAPITAL","2","6","ADQUISICION DE ACTIVOS NO FINANCIEROS","2","CONSTRUCCION DE EDIFICIOS Y ESTRUCTURAS","3","OTRAS ESTRUCTURAS","99","OTRAS ESTRUCTURAS DIVERSAS","2","COSTO DE CONSTRUCCION POR CONTRATA","0","0","2141169","0","0","0","0","0","0","0","0","0","0","0","0","0","0","0"
"2020","M","GOBIERNOS LOCALES"," "," "," "," ","300331","040101","MUNICIPALIDAD PROVINCIAL DE AREQUIPA","04","AREQUIPA","01","AREQUIPA","01","AREQUIPA","142","0101","INCREMENTO DE LA PRACTICA DE ACTIVIDADES FISICAS, DEPORTIVAS Y RECREATIVAS EN LA POBLACION PERUANA","2","PROYECTO","2352626","MEJORAMIENTO DEL SERVICIO DEPORTIVO Y RECREATIVO EN LA ASOCIACION DE VIVIENDA EL PARAISO DEL DISTRITO DE LA JOYA - PROVINCIA DE AREQUIPA - DEPARTAMENTO DE AREQUIPA","4000166","MEJORAMIENTO DE INFRAESTRUCTURA DEPORTIVA","21","CULTURA Y DEPORTE","046","DEPORTES","0102","INFRAESTRUCTURA DEPORTIVA Y RECREATIVA","00001","0280360","MEJORAMIENTO DEL SERVICIO DEPORTIVO Y RECREATIVO EN LA ASOCIACION DE VIVIENDA EL PARAISO DEL DISTRITO DE LA JOYA - AREQUIPA - AREQUIPA","04","AREQUIPA","2","RECURSOS DIRECTAMENTE RECAUDADOS","09","RECURSOS DIRECTAMENTE RECAUDADOS","0","NORMAL","6","GASTO DE CAPITAL","2","6","ADQUISICION DE ACTIVOS NO FINANCIEROS","2","CONSTRUCCION DE EDIFICIOS Y ESTRUCTURAS","3","OTRAS ESTRUCTURAS","99","OTRAS ESTRUCTURAS DIVERSAS","2","COSTO DE CONSTRUCCION POR CONTRATA","0","0","0","2141168.38","0","0","0","0","0","0","0","0","0","0","0","0","0","0"
"2020","M","GOBIERNOS LOCALES"," "," "," "," ","300331","040101","MUNICIPALIDAD PROVINCIAL DE AREQUIPA","04","AREQUIPA","01","AREQUIPA","01","AREQUIPA","142","0101","INCREMENTO DE LA PRACTICA DE ACTIVIDADES FISICAS, DEPORTIVAS Y RECREATIVAS EN LA POBLACION PERUANA","2","PROYECTO","2352626","MEJORAMIENTO DEL SERVICIO DEPORTIVO Y RECREATIVO EN LA ASOCIACION DE VIVIENDA EL PARAISO DEL DISTRITO DE LA JOYA - PROVINCIA DE AREQUIPA - DEPARTAMENTO DE AREQUIPA","4000166","MEJORAMIENTO DE INFRAESTRUCTURA DEPORTIVA","21","CULTURA Y DEPORTE","046","DEPORTES","0102","INFRAESTRUCTURA DEPORTIVA Y RECREATIVA","00001","0280360","MEJORAMIENTO DEL SERVICIO DEPORTIVO Y RECREATIVO EN LA ASOCIACION DE VIVIENDA EL PARAISO DEL DISTRITO DE LA JOYA - AREQUIPA - AREQUIPA","04","AREQUIPA","5","RECURSOS DETERMINADOS","18","CANON Y SOBRECANON, REGALIAS, RENTA DE ADUANAS Y PARTICIPACIONES","0","CANON","6","GASTO DE CAPITAL","2","6","ADQUISICION DE ACTIVOS NO FINANCIEROS","2","CONSTRUCCION DE EDIFICIOS Y ESTRUCTURAS","3","OTRAS ESTRUCTURAS","99","OTRAS ESTRUCTURAS DIVERSAS","2","COSTO DE CONSTRUCCION POR CONTRATA","0","0","1808","0","0","0","0","0","0","0","0","0","0","0","0","0","0","0"
"2020","M","GOBIERNOS LOCALES"," "," "," "," ","300331","040101","MUNICIPALIDAD PROVINCIAL DE AREQUIPA","04","AREQUIPA","01","AREQUIPA","01","AREQUIPA","142","0101","INCREMENTO DE LA PRACTICA DE ACTIVIDADES FISICAS, DEPORTIVAS Y RECREATIVAS EN LA POBLACION PERUANA","2","PROYECTO","2352626","MEJORAMIENTO DEL SERVICIO DEPORTIVO Y RECREATIVO EN LA ASOCIACION DE VIVIENDA EL PARAISO DEL DISTRITO DE LA JOYA - PROVINCIA DE AREQUIPA - DEPARTAMENTO DE AREQUIPA","4000166","MEJORAMIENTO DE INFRAESTRUCTURA DEPORTIVA","21","CULTURA Y DEPORTE","046","DEPORTES","0102","INFRAESTRUCTURA DEPORTIVA Y RECREATIVA","00001","0280360","MEJORAMIENTO DEL SERVICIO DEPORTIVO Y RECREATIVO EN LA ASOCIACION DE VIVIENDA EL PARAISO DEL DISTRITO DE LA JOYA - AREQUIPA - AREQUIPA","04","AREQUIPA","5","RECURSOS DETERMINADOS","18","CANON Y SOBRECANON, REGALIAS, RENTA DE ADUANAS Y PARTICIPACIONES","0","CANON","6","GASTO DE CAPITAL","2","6","ADQUISICION DE ACTIVOS NO FINANCIEROS","2","CONSTRUCCION DE EDIFICIOS Y ESTRUCTURAS","3","OTRAS ESTRUCTURAS","99","OTRAS ESTRUCTURAS DIVERSAS","2","COSTO DE CONSTRUCCION POR CONTRATA","0","0","0","1808","0","0","0","0","0","0","0","0","0","0","0","0","0","0"
"2020","M","GOBIERNOS LOCALES"," "," "," "," ","300331","040101","MUNICIPALIDAD PROVINCIAL DE AREQUIPA","04","AREQUIPA","01","AREQUIPA","01","AREQUIPA","143","0101","INCREMENTO DE LA PRACTICA DE ACTIVIDADES FISICAS, DEPORTIVAS Y RECREATIVAS EN LA POBLACION PERUANA","2","PROYECTO","2352626","MEJORAMIENTO DEL SERVICIO DEPORTIVO Y RECREATIVO EN LA ASOCIACION DE VIVIENDA EL PARAISO DEL DISTRITO DE LA JOYA - PROVINCIA DE AREQUIPA - DEPARTAMENTO DE AREQUIPA","6000002","SUPERVISION Y LIQUIDACION DE OBRAS","21","CULTURA Y DEPORTE","046","DEPORTES","0102","INFRAESTRUCTURA DEPORTIVA Y RECREATIVA","00001","0280360","MEJORAMIENTO DEL SERVICIO DEPORTIVO Y RECREATIVO EN LA ASOCIACION DE VIVIENDA EL PARAISO DEL DISTRITO DE LA JOYA - AREQUIPA - AREQUIPA","04","AREQUIPA","2","RECURSOS DIRECTAMENTE RECAUDADOS","09","RECURSOS DIRECTAMENTE RECAUDADOS","0","NORMAL","6","GASTO DE CAPITAL","2","6","ADQUISICION DE ACTIVOS NO FINANCIEROS","8","OTROS GASTOS DE ACTIVOS NO FINANCIEROS","1","OTROS GASTOS DE ACTIVOS NO FINANCIEROS","4","OTROS GASTOS DIVERSOS DE ACTIVOS NO FINANCIEROS","3","GASTO POR LA CONTRATACION DE SERVICIOS","0","0","44030","0","0","0","0","0","0","0","0","0","0","0","0","0","0","0"
"2020","M","GOBIERNOS LOCALES"," "," "," "," ","300331","040101","MUNICIPALIDAD PROVINCIAL DE AREQUIPA","04","AREQUIPA","01","AREQUIPA","01","AREQUIPA","143","0101","INCREMENTO DE LA PRACTICA DE ACTIVIDADES FISICAS, DEPORTIVAS Y RECREATIVAS EN LA POBLACION PERUANA","2","PROYECTO","2352626","MEJORAMIENTO DEL SERVICIO DEPORTIVO Y RECREATIVO EN LA ASOCIACION DE VIVIENDA EL PARAISO DEL DISTRITO DE LA JOYA - PROVINCIA DE AREQUIPA - DEPARTAMENTO DE AREQUIPA","6000002","SUPERVISION Y LIQUIDACION DE OBRAS","21","CULTURA Y DEPORTE","046","DEPORTES","0102","INFRAESTRUCTURA DEPORTIVA Y RECREATIVA","00001","0280360","MEJORAMIENTO DEL SERVICIO DEPORTIVO Y RECREATIVO EN LA ASOCIACION DE VIVIENDA EL PARAISO DEL DISTRITO DE LA JOYA - AREQUIPA - AREQUIPA","04","AREQUIPA","2","RECURSOS DIRECTAMENTE RECAUDADOS","09","RECURSOS DIRECTAMENTE RECAUDADOS","0","NORMAL","6","GASTO DE CAPITAL","2","6","ADQUISICION DE ACTIVOS NO FINANCIEROS","8","OTROS GASTOS DE ACTIVOS NO FINANCIEROS","1","OTROS GASTOS DE ACTIVOS NO FINANCIEROS","4","OTROS GASTOS DIVERSOS DE ACTIVOS NO FINANCIEROS","3","GASTO POR LA CONTRATACION DE SERVICIOS","0","0","0","44029.12","0","0","0","0","0","0","0","0","0","0","0","0","0","0"
"2020","M","GOBIERNOS LOCALES"," "," "," "," ","300331","040101","MUNICIPALIDAD PROVINCIAL DE AREQUIPA","04","AREQUIPA","01","AREQUIPA","01","AREQUIPA","119","0101","INCREMENTO DE LA PRACTICA DE ACTIVIDADES FISICAS, DEPORTIVAS Y RECREATIVAS EN LA POBLACION PERUANA","2","PROYECTO","2402102","CREACION DE LOS SERVICIOS RECREATIVOS Y DEPORTIVOS EN LA MZ. 20´ LOTE 1 Y MZ. 21´ LOTE 1 DEL P.J. MIGUEL GRAU ZONA A DEL DISTRITO DE PAUCARPATA - PROVINCIA DE AREQUIPA - REGION AREQUIPA","4000129","INSTALACION DE INFRAESTRUCTURA DEPORTIVA","21","CULTURA Y DEPORTE","046","DEPORTES","0102","INFRAESTRUCTURA DEPORTIVA Y RECREATIVA","00001","0267540","CREACION DE LOS SERVICIOS RECREATIVOS Y DEPORTIVOS EN LA MZ. 20´ LOTE 1 Y MZ. 21´ LOTE 1 DEL P.J. MIGUEL GRAU ZONA A DEL DISTRITO DE PAUCARPATA - AREQUIPA - AREQUIPA","04","AREQUIPA","2","RECURSOS DIRECTAMENTE RECAUDADOS","09","RECURSOS DIRECTAMENTE RECAUDADOS","0","NORMAL","6","GASTO DE CAPITAL","2","6","ADQUISICION DE ACTIVOS NO FINANCIEROS","2","CONSTRUCCION DE EDIFICIOS Y ESTRUCTURAS","3","OTRAS ESTRUCTURAS","99","OTRAS ESTRUCTURAS DIVERSAS","2","COSTO DE CONSTRUCCION POR CONTRATA","0","0","68834","0","0","0","0","0","0","0","0","0","0","0","0","0","0","0"
"2020","M","GOBIERNOS LOCALES"," "," "," "," ","300331","040101","MUNICIPALIDAD PROVINCIAL DE AREQUIPA","04","AREQUIPA","01","AREQUIPA","01","AREQUIPA","119","0101","INCREMENTO DE LA PRACTICA DE ACTIVIDADES FISICAS, DEPORTIVAS Y RECREATIVAS EN LA POBLACION PERUANA","2","PROYECTO","2402102","CREACION DE LOS SERVICIOS RECREATIVOS Y DEPORTIVOS EN LA MZ. 20´ LOTE 1 Y MZ. 21´ LOTE 1 DEL P.J. MIGUEL GRAU ZONA A DEL DISTRITO DE PAUCARPATA - PROVINCIA DE AREQUIPA - REGION AREQUIPA","4000129","INSTALACION DE INFRAESTRUCTURA DEPORTIVA","21","CULTURA Y DEPORTE","046","DEPORTES","0102","INFRAESTRUCTURA DEPORTIVA Y RECREATIVA","00001","0267540","CREACION DE LOS SERVICIOS RECREATIVOS Y DEPORTIVOS EN LA MZ. 20´ LOTE 1 Y MZ. 21´ LOTE 1 DEL P.J. MIGUEL GRAU ZONA A DEL DISTRITO DE PAUCARPATA - AREQUIPA - AREQUIPA","04","AREQUIPA","2","RECURSOS DIRECTAMENTE RECAUDADOS","09","RECURSOS DIRECTAMENTE RECAUDADOS","0","NORMAL","6","GASTO DE CAPITAL","2","6","ADQUISICION DE ACTIVOS NO FINANCIEROS","2","CONSTRUCCION DE EDIFICIOS Y ESTRUCTURAS","3","OTRAS ESTRUCTURAS","99","OTRAS ESTRUCTURAS DIVERSAS","2","COSTO DE CONSTRUCCION POR CONTRATA","0","0","0","68834","0","0","0","0","0","0","0","0","0","0","0","0","0","0"
"2020","M","GOBIERNOS LOCALES"," "," "," "," ","300331","040101","MUNICIPALIDAD PROVINCIAL DE AREQUIPA","04","AREQUIPA","01","AREQUIPA","01","AREQUIPA","119","0101","INCREMENTO DE LA PRACTICA DE ACTIVIDADES FISICAS, DEPORTIVAS Y RECREATIVAS EN LA POBLACION PERUANA","2","PROYECTO","2402102","CREACION DE LOS SERVICIOS RECREATIVOS Y DEPORTIVOS EN LA MZ. 20´ LOTE 1 Y MZ. 21´ LOTE 1 DEL P.J. MIGUEL GRAU ZONA A DEL DISTRITO DE PAUCARPATA - PROVINCIA DE AREQUIPA - REGION AREQUIPA","4000129","INSTALACION DE INFRAESTRUCTURA DEPORTIVA","21","CULTURA Y DEPORTE","046","DEPORTES","0102","INFRAESTRUCTURA DEPORTIVA Y RECREATIVA","00001","0267540","CREACION DE LOS SERVICIOS RECREATIVOS Y DEPORTIVOS EN LA MZ. 20´ LOTE 1 Y MZ. 21´ LOTE 1 DEL P.J. MIGUEL GRAU ZONA A DEL DISTRITO DE PAUCARPATA - AREQUIPA - AREQUIPA","04","AREQUIPA","5","RECURSOS DETERMINADOS","07","FONDO DE COMPENSACION MUNICIPAL","0","NORMAL","6","GASTO DE CAPITAL","2","6","ADQUISICION DE ACTIVOS NO FINANCIEROS","2","CONSTRUCCION DE EDIFICIOS Y ESTRUCTURAS","3","OTRAS ESTRUCTURAS","99","OTRAS ESTRUCTURAS DIVERSAS","2","COSTO DE CONSTRUCCION POR CONTRATA","0","0","4532388","0","0","0","0","0","0","0","0","0","0","0","0","0","0","0"
"2020","M","GOBIERNOS LOCALES"," "," "," "," ","300331","040101","MUNICIPALIDAD PROVINCIAL DE AREQUIPA","04","AREQUIPA","01","AREQUIPA","01","AREQUIPA","119","0101","INCREMENTO DE LA PRACTICA DE ACTIVIDADES FISICAS, DEPORTIVAS Y RECREATIVAS EN LA POBLACION PERUANA","2","PROYECTO","2402102","CREACION DE LOS SERVICIOS RECREATIVOS Y DEPORTIVOS EN LA MZ. 20´ LOTE 1 Y MZ. 21´ LOTE 1 DEL P.J. MIGUEL GRAU ZONA A DEL DISTRITO DE PAUCARPATA - PROVINCIA DE AREQUIPA - REGION AREQUIPA","4000129","INSTALACION DE INFRAESTRUCTURA DEPORTIVA","21","CULTURA Y DEPORTE","046","DEPORTES","0102","INFRAESTRUCTURA DEPORTIVA Y RECREATIVA","00001","0267540","CREACION DE LOS SERVICIOS RECREATIVOS Y DEPORTIVOS EN LA MZ. 20´ LOTE 1 Y MZ. 21´ LOTE 1 DEL P.J. MIGUEL GRAU ZONA A DEL DISTRITO DE PAUCARPATA - AREQUIPA - AREQUIPA","04","AREQUIPA","5","RECURSOS DETERMINADOS","07","FONDO DE COMPENSACION MUNICIPAL","0","NORMAL","6","GASTO DE CAPITAL","2","6","ADQUISICION DE ACTIVOS NO FINANCIEROS","2","CONSTRUCCION DE EDIFICIOS Y ESTRUCTURAS","3","OTRAS ESTRUCTURAS","99","OTRAS ESTRUCTURAS DIVERSAS","2","COSTO DE CONSTRUCCION POR CONTRATA","0","0","0","4532388","4231031","0","0","0","0","0","0","0","0","0","0","0","0","0"
"2020","M","GOBIERNOS LOCALES"," "," "," "," ","300331","040101","MUNICIPALIDAD PROVINCIAL DE AREQUIPA","04","AREQUIPA","01","AREQUIPA","01","AREQUIPA","119","0101","INCREMENTO DE LA PRACTICA DE ACTIVIDADES FISICAS, DEPORTIVAS Y RECREATIVAS EN LA POBLACION PERUANA","2","PROYECTO","2402102","CREACION DE LOS SERVICIOS RECREATIVOS Y DEPORTIVOS EN LA MZ. 20´ LOTE 1 Y MZ. 21´ LOTE 1 DEL P.J. MIGUEL GRAU ZONA A DEL DISTRITO DE PAUCARPATA - PROVINCIA DE AREQUIPA - REGION AREQUIPA","4000129","INSTALACION DE INFRAESTRUCTURA DEPORTIVA","21","CULTURA Y DEPORTE","046","DEPORTES","0102","INFRAESTRUCTURA DEPORTIVA Y RECREATIVA","00001","0267540","CREACION DE LOS SERVICIOS RECREATIVOS Y DEPORTIVOS EN LA MZ. 20´ LOTE 1 Y MZ. 21´ LOTE 1 DEL P.J. MIGUEL GRAU ZONA A DEL DISTRITO DE PAUCARPATA - AREQUIPA - AREQUIPA","04","AREQUIPA","5","RECURSOS DETERMINADOS","07","FONDO DE COMPENSACION MUNICIPAL","A","SUB CUENTA - FONCOMUN","6","GASTO DE CAPITAL","2","6","ADQUISICION DE ACTIVOS NO FINANCIEROS","2","CONSTRUCCION DE EDIFICIOS Y ESTRUCTURAS","3","OTRAS ESTRUCTURAS","99","OTRAS ESTRUCTURAS DIVERSAS","2","COSTO DE CONSTRUCCION POR CONTRATA","0","0","0","0","0","0","276425.96","628550.83","527663.35","0","0","0","0","115014.53","793155.24","688809.33","776570.76","3806190"
"2020","M","GOBIERNOS LOCALES"," "," "," "," ","300331","040101","MUNICIPALIDAD PROVINCIAL DE AREQUIPA","04","AREQUIPA","01","AREQUIPA","01","AREQUIPA","119","0101","INCREMENTO DE LA PRACTICA DE ACTIVIDADES FISICAS, DEPORTIVAS Y RECREATIVAS EN LA POBLACION PERUANA","2","PROYECTO","2402102","CREACION DE LOS SERVICIOS RECREATIVOS Y DEPORTIVOS EN LA MZ. 20´ LOTE 1 Y MZ. 21´ LOTE 1 DEL P.J. MIGUEL GRAU ZONA A DEL DISTRITO DE PAUCARPATA - PROVINCIA DE AREQUIPA - REGION AREQUIPA","4000129","INSTALACION DE INFRAESTRUCTURA DEPORTIVA","21","CULTURA Y DEPORTE","046","DEPORTES","0102","INFRAESTRUCTURA DEPORTIVA Y RECREATIVA","00001","0267540","CREACION DE LOS SERVICIOS RECREATIVOS Y DEPORTIVOS EN LA MZ. 20´ LOTE 1 Y MZ. 21´ LOTE 1 DEL P.J. MIGUEL GRAU ZONA A DEL DISTRITO DE PAUCARPATA - AREQUIPA - AREQUIPA","04","AREQUIPA","5","RECURSOS DETERMINADOS","18","CANON Y SOBRECANON, REGALIAS, RENTA DE ADUANAS Y PARTICIPACIONES","0","CANON","6","GASTO DE CAPITAL","2","6","ADQUISICION DE ACTIVOS NO FINANCIEROS","2","CONSTRUCCION DE EDIFICIOS Y ESTRUCTURAS","3","OTRAS ESTRUCTURAS","99","OTRAS ESTRUCTURAS DIVERSAS","2","COSTO DE CONSTRUCCION POR CONTRATA","0","0","951083","0","0","0","0","0","0","0","0","0","0","0","0","0","0","0"
"2020","M","GOBIERNOS LOCALES"," "," "," "," ","300331","040101","MUNICIPALIDAD PROVINCIAL DE AREQUIPA","04","AREQUIPA","01","AREQUIPA","01","AREQUIPA","119","0101","INCREMENTO DE LA PRACTICA DE ACTIVIDADES FISICAS, DEPORTIVAS Y RECREATIVAS EN LA POBLACION PERUANA","2","PROYECTO","2402102","CREACION DE LOS SERVICIOS RECREATIVOS Y DEPORTIVOS EN LA MZ. 20´ LOTE 1 Y MZ. 21´ LOTE 1 DEL P.J. MIGUEL GRAU ZONA A DEL DISTRITO DE PAUCARPATA - PROVINCIA DE AREQUIPA - REGION AREQUIPA","4000129","INSTALACION DE INFRAESTRUCTURA DEPORTIVA","21","CULTURA Y DEPORTE","046","DEPORTES","0102","INFRAESTRUCTURA DEPORTIVA Y RECREATIVA","00001","0267540","CREACION DE LOS SERVICIOS RECREATIVOS Y DEPORTIVOS EN LA MZ. 20´ LOTE 1 Y MZ. 21´ LOTE 1 DEL P.J. MIGUEL GRAU ZONA A DEL DISTRITO DE PAUCARPATA - AREQUIPA - AREQUIPA","04","AREQUIPA","5","RECURSOS DETERMINADOS","18","CANON Y SOBRECANON, REGALIAS, RENTA DE ADUANAS Y PARTICIPACIONES","0","CANON","6","GASTO DE CAPITAL","2","6","ADQUISICION DE ACTIVOS NO FINANCIEROS","2","CONSTRUCCION DE EDIFICIOS Y ESTRUCTURAS","3","OTRAS ESTRUCTURAS","99","OTRAS ESTRUCTURAS DIVERSAS","2","COSTO DE CONSTRUCCION POR CONTRATA","0","0","0","951082.75","0","0","0","0","0","0","0","0","0","0","0","0","0","0"
"2020","M","GOBIERNOS LOCALES"," "," "," "," ","300331","040101","MUNICIPALIDAD PROVINCIAL DE AREQUIPA","04","AREQUIPA","01","AREQUIPA","01","AREQUIPA","120","0101","INCREMENTO DE LA PRACTICA DE ACTIVIDADES FISICAS, DEPORTIVAS Y RECREATIVAS EN LA POBLACION PERUANA","2","PROYECTO","2402102","CREACION DE LOS SERVICIOS RECREATIVOS Y DEPORTIVOS EN LA MZ. 20´ LOTE 1 Y MZ. 21´ LOTE 1 DEL P.J. MIGUEL GRAU ZONA A DEL DISTRITO DE PAUCARPATA - PROVINCIA DE AREQUIPA - REGION AREQUIPA","6000002","SUPERVISION Y LIQUIDACION DE OBRAS","21","CULTURA Y DEPORTE","046","DEPORTES","0102","INFRAESTRUCTURA DEPORTIVA Y RECREATIVA","00001","0267540","CREACION DE LOS SERVICIOS RECREATIVOS Y DEPORTIVOS EN LA MZ. 20´ LOTE 1 Y MZ. 21´ LOTE 1 DEL P.J. MIGUEL GRAU ZONA A DEL DISTRITO DE PAUCARPATA - AREQUIPA - AREQUIPA","04","AREQUIPA","2","RECURSOS DIRECTAMENTE RECAUDADOS","09","RECURSOS DIRECTAMENTE RECAUDADOS","0","NORMAL","6","GASTO DE CAPITAL","2","6","ADQUISICION DE ACTIVOS NO FINANCIEROS","8","OTROS GASTOS DE ACTIVOS NO FINANCIEROS","1","OTROS GASTOS DE ACTIVOS NO FINANCIEROS","4","OTROS GASTOS DIVERSOS DE ACTIVOS NO FINANCIEROS","3","GASTO POR LA CONTRATACION DE SERVICIOS","0","0","17652","0","0","0","0","0","0","0","0","0","0","0","0","0","0","0"
"2020","M","GOBIERNOS LOCALES"," "," "," "," ","300331","040101","MUNICIPALIDAD PROVINCIAL DE AREQUIPA","04","AREQUIPA","01","AREQUIPA","01","AREQUIPA","120","0101","INCREMENTO DE LA PRACTICA DE ACTIVIDADES FISICAS, DEPORTIVAS Y RECREATIVAS EN LA POBLACION PERUANA","2","PROYECTO","2402102","CREACION DE LOS SERVICIOS RECREATIVOS Y DEPORTIVOS EN LA MZ. 20´ LOTE 1 Y MZ. 21´ LOTE 1 DEL P.J. MIGUEL GRAU ZONA A DEL DISTRITO DE PAUCARPATA - PROVINCIA DE AREQUIPA - REGION AREQUIPA","6000002","SUPERVISION Y LIQUIDACION DE OBRAS","21","CULTURA Y DEPORTE","046","DEPORTES","0102","INFRAESTRUCTURA DEPORTIVA Y RECREATIVA","00001","0267540","CREACION DE LOS SERVICIOS RECREATIVOS Y DEPORTIVOS EN LA MZ. 20´ LOTE 1 Y MZ. 21´ LOTE 1 DEL P.J. MIGUEL GRAU ZONA A DEL DISTRITO DE PAUCARPATA - AREQUIPA - AREQUIPA","04","AREQUIPA","2","RECURSOS DIRECTAMENTE RECAUDADOS","09","RECURSOS DIRECTAMENTE RECAUDADOS","0","NORMAL","6","GASTO DE CAPITAL","2","6","ADQUISICION DE ACTIVOS NO FINANCIEROS","8","OTROS GASTOS DE ACTIVOS NO FINANCIEROS","1","OTROS GASTOS DE ACTIVOS NO FINANCIEROS","4","OTROS GASTOS DIVERSOS DE ACTIVOS NO FINANCIEROS","3","GASTO POR LA CONTRATACION DE SERVICIOS","0","0","0","17651.75","0","0","0","0","0","0","0","0","0","0","0","0","0","0"
"2020","M","GOBIERNOS LOCALES"," "," "," "," ","300331","040101","MUNICIPALIDAD PROVINCIAL DE AREQUIPA","04","AREQUIPA","01","AREQUIPA","01","AREQUIPA","120","0101","INCREMENTO DE LA PRACTICA DE ACTIVIDADES FISICAS, DEPORTIVAS Y RECREATIVAS EN LA POBLACION PERUANA","2","PROYECTO","2402102","CREACION DE LOS SERVICIOS RECREATIVOS Y DEPORTIVOS EN LA MZ. 20´ LOTE 1 Y MZ. 21´ LOTE 1 DEL P.J. MIGUEL GRAU ZONA A DEL DISTRITO DE PAUCARPATA - PROVINCIA DE AREQUIPA - REGION AREQUIPA","6000002","SUPERVISION Y LIQUIDACION DE OBRAS","21","CULTURA Y DEPORTE","046","DEPORTES","0102","INFRAESTRUCTURA DEPORTIVA Y RECREATIVA","00001","0267540","CREACION DE LOS SERVICIOS RECREATIVOS Y DEPORTIVOS EN LA MZ. 20´ LOTE 1 Y MZ. 21´ LOTE 1 DEL P.J. MIGUEL GRAU ZONA A DEL DISTRITO DE PAUCARPATA - AREQUIPA - AREQUIPA","04","AREQUIPA","5","RECURSOS DETERMINADOS","18","CANON Y SOBRECANON, REGALIAS, RENTA DE ADUANAS Y PARTICIPACIONES","0","CANON","6","GASTO DE CAPITAL","2","6","ADQUISICION DE ACTIVOS NO FINANCIEROS","8","OTROS GASTOS DE ACTIVOS NO FINANCIEROS","1","OTROS GASTOS DE ACTIVOS NO FINANCIEROS","4","OTROS GASTOS DIVERSOS DE ACTIVOS NO FINANCIEROS","3","GASTO POR LA CONTRATACION DE SERVICIOS","0","0","146508","0","0","0","0","0","0","0","0","0","0","0","0","0","0","0"
"2020","M","GOBIERNOS LOCALES"," "," "," "," ","300331","040101","MUNICIPALIDAD PROVINCIAL DE AREQUIPA","04","AREQUIPA","01","AREQUIPA","01","AREQUIPA","120","0101","INCREMENTO DE LA PRACTICA DE ACTIVIDADES FISICAS, DEPORTIVAS Y RECREATIVAS EN LA POBLACION PERUANA","2","PROYECTO","2402102","CREACION DE LOS SERVICIOS RECREATIVOS Y DEPORTIVOS EN LA MZ. 20´ LOTE 1 Y MZ. 21´ LOTE 1 DEL P.J. MIGUEL GRAU ZONA A DEL DISTRITO DE PAUCARPATA - PROVINCIA DE AREQUIPA - REGION AREQUIPA","6000002","SUPERVISION Y LIQUIDACION DE OBRAS","21","CULTURA Y DEPORTE","046","DEPORTES","0102","INFRAESTRUCTURA DEPORTIVA Y RECREATIVA","00001","0267540","CREACION DE LOS SERVICIOS RECREATIVOS Y DEPORTIVOS EN LA MZ. 20´ LOTE 1 Y MZ. 21´ LOTE 1 DEL P.J. MIGUEL GRAU ZONA A DEL DISTRITO DE PAUCARPATA - AREQUIPA - AREQUIPA","04","AREQUIPA","5","RECURSOS DETERMINADOS","18","CANON Y SOBRECANON, REGALIAS, RENTA DE ADUANAS Y PARTICIPACIONES","0","CANON","6","GASTO DE CAPITAL","2","6","ADQUISICION DE ACTIVOS NO FINANCIEROS","8","OTROS GASTOS DE ACTIVOS NO FINANCIEROS","1","OTROS GASTOS DE ACTIVOS NO FINANCIEROS","4","OTROS GASTOS DIVERSOS DE ACTIVOS NO FINANCIEROS","3","GASTO POR LA CONTRATACION DE SERVICIOS","0","0","0","146507.39","0","0","0","0","0","0","0","0","0","0","0","0","0","0"
"2020","M","GOBIERNOS LOCALES"," "," "," "," ","300331","040101","MUNICIPALIDAD PROVINCIAL DE AREQUIPA","04","AREQUIPA","01","AREQUIPA","01","AREQUIPA","172","0101","INCREMENTO DE LA PRACTICA DE ACTIVIDADES FISICAS, DEPORTIVAS Y RECREATIVAS EN LA POBLACION PERUANA","2","PROYECTO","2415756","CREACION DEL SERVICIO DE RECREACION ACTIVA EN EL AREA DE RECREACION PUBLICA N° 02 DE LA ASOC. CASA HUERTA GRAN SAN MIGUEL, ZONA-B MARIANO MELGAR - DISTRITO DE MARIANO MELGAR - PROVINCIA DE AREQUIPA - DEPARTAMENTO DE AREQUIPA","6000001","EXPEDIENTE TECNICO","21","CULTURA Y DEPORTE","046","DEPORTES","0102","INFRAESTRUCTURA DEPORTIVA Y RECREATIVA","00001","0241681","CREACION DEL SERVICIO DE RECREACION ACTIVA EN EL AREA DE RECREACION PUBLICA N° 01 DE LA ASOC. CASA HUERTA GRAN SAN MIGUEL, ZONA - A; DISTRITO DE MARIANO MELGAR -AREQUIPA-AREQUIPA","04","AREQUIPA","2","RECURSOS DIRECTAMENTE RECAUDADOS","09","RECURSOS DIRECTAMENTE RECAUDADOS","0","NORMAL","6","GASTO DE CAPITAL","2","6","ADQUISICION DE ACTIVOS NO FINANCIEROS","8","OTROS GASTOS DE ACTIVOS NO FINANCIEROS","1","OTROS GASTOS DE ACTIVOS NO FINANCIEROS","3","ELABORACION DE EXPEDIENTES TECNICOS","1","ELABORACION DE EXPEDIENTES TECNICOS","0","0","0","0","0","0","0","0","0","0","0","0","0","0","0","0","0","0"
"2020","M","GOBIERNOS LOCALES"," "," "," "," ","300331","040101","MUNICIPALIDAD PROVINCIAL DE AREQUIPA","04","AREQUIPA","01","AREQUIPA","01","AREQUIPA","171","0101","INCREMENTO DE LA PRACTICA DE ACTIVIDADES FISICAS, DEPORTIVAS Y RECREATIVAS EN LA POBLACION PERUANA","2","PROYECTO","2415847","CREACION DEL SERVICIO DE RECREACION ACTIVA EN EL AREA DE RECREACION PUBLICA N° 01 DE LA ASOC. CASA HUERTA GRAN SAN MIGUEL, ZONA - A; DISTRITO DE MARIANO MELGAR - PROVINCIA DE AREQUIPA - DEPARTAMENTO DE AREQUIPA","6000001","EXPEDIENTE TECNICO","21","CULTURA Y DEPORTE","046","DEPORTES","0102","INFRAESTRUCTURA DEPORTIVA Y RECREATIVA","00001","0241681","CREACION DEL SERVICIO DE RECREACION ACTIVA EN EL AREA DE RECREACION PUBLICA N° 01 DE LA ASOC. CASA HUERTA GRAN SAN MIGUEL, ZONA - A; DISTRITO DE MARIANO MELGAR -AREQUIPA-AREQUIPA","04","AREQUIPA","2","RECURSOS DIRECTAMENTE RECAUDADOS","09","RECURSOS DIRECTAMENTE RECAUDADOS","0","NORMAL","6","GASTO DE CAPITAL","2","6","ADQUISICION DE ACTIVOS NO FINANCIEROS","8","OTROS GASTOS DE ACTIVOS NO FINANCIEROS","1","OTROS GASTOS DE ACTIVOS NO FINANCIEROS","3","ELABORACION DE EXPEDIENTES TECNICOS","1","ELABORACION DE EXPEDIENTES TECNICOS","0","0","9800","0","0","0","0","0","0","0","0","0","0","0","0","0","0","0"
"2020","M","GOBIERNOS LOCALES"," "," "," "," ","300331","040101","MUNICIPALIDAD PROVINCIAL DE AREQUIPA","04","AREQUIPA","01","AREQUIPA","01","AREQUIPA","171","0101","INCREMENTO DE LA PRACTICA DE ACTIVIDADES FISICAS, DEPORTIVAS Y RECREATIVAS EN LA POBLACION PERUANA","2","PROYECTO","2415847","CREACION DEL SERVICIO DE RECREACION ACTIVA EN EL AREA DE RECREACION PUBLICA N° 01 DE LA ASOC. CASA HUERTA GRAN SAN MIGUEL, ZONA - A; DISTRITO DE MARIANO MELGAR - PROVINCIA DE AREQUIPA - DEPARTAMENTO DE AREQUIPA","6000001","EXPEDIENTE TECNICO","21","CULTURA Y DEPORTE","046","DEPORTES","0102","INFRAESTRUCTURA DEPORTIVA Y RECREATIVA","00001","0241681","CREACION DEL SERVICIO DE RECREACION ACTIVA EN EL AREA DE RECREACION PUBLICA N° 01 DE LA ASOC. CASA HUERTA GRAN SAN MIGUEL, ZONA - A; DISTRITO DE MARIANO MELGAR -AREQUIPA-AREQUIPA","04","AREQUIPA","2","RECURSOS DIRECTAMENTE RECAUDADOS","09","RECURSOS DIRECTAMENTE RECAUDADOS","0","NORMAL","6","GASTO DE CAPITAL","2","6","ADQUISICION DE ACTIVOS NO FINANCIEROS","8","OTROS GASTOS DE ACTIVOS NO FINANCIEROS","1","OTROS GASTOS DE ACTIVOS NO FINANCIEROS","3","ELABORACION DE EXPEDIENTES TECNICOS","1","ELABORACION DE EXPEDIENTES TECNICOS","0","0","0","9800","0","0","0","0","0","0","0","0","0","0","0","0","0","0"
"2020","M","GOBIERNOS LOCALES"," "," "," "," ","300331","040101","MUNICIPALIDAD PROVINCIAL DE AREQUIPA","04","AREQUIPA","01","AREQUIPA","01","AREQUIPA","115","0101","INCREMENTO DE LA PRACTICA DE ACTIVIDADES FISICAS, DEPORTIVAS Y RECREATIVAS EN LA POBLACION PERUANA","2","PROYECTO","2415850","CREACION DEL SERVICIO DE RECREACION ACTIVA EN EL COMPLEJO DEPORTIVO N° 02 DEL AA.HH. SAN JERONIMO, ZONA - B DISTRITO DE MARIANO MELGAR - PROVINCIA DE AREQUIPA - DEPARTAMENTO DE AREQUIPA","4000129","INSTALACION DE INFRAESTRUCTURA DEPORTIVA","21","CULTURA Y DEPORTE","046","DEPORTES","0102","INFRAESTRUCTURA DEPORTIVA Y RECREATIVA","00001","0241686","CREACION DEL SERVICIO DE RECREACION ACTIVA EN EL COMPLEJO DEPORTIVO N° 02 DEL AA.HH. SAN JERONIMO, ZONA - B DISTRITO DE MARIANO MELGAR -AREQUIPA-AREQUIPA","04","AREQUIPA","4","DONACIONES Y TRANSFERENCIAS","13","DONACIONES Y TRANSFERENCIAS","0","NORMAL","6","GASTO DE CAPITAL","2","6","ADQUISICION DE ACTIVOS NO FINANCIEROS","2","CONSTRUCCION DE EDIFICIOS Y ESTRUCTURAS","3","OTRAS ESTRUCTURAS","99","OTRAS ESTRUCTURAS DIVERSAS","2","COSTO DE CONSTRUCCION POR CONTRATA","0","0","17964","0","0","0","0","0","0","0","0","0","0","0","0","0","0","0"
"2020","M","GOBIERNOS LOCALES"," "," "," "," ","300331","040101","MUNICIPALIDAD PROVINCIAL DE AREQUIPA","04","AREQUIPA","01","AREQUIPA","01","AREQUIPA","115","0101","INCREMENTO DE LA PRACTICA DE ACTIVIDADES FISICAS, DEPORTIVAS Y RECREATIVAS EN LA POBLACION PERUANA","2","PROYECTO","2415850","CREACION DEL SERVICIO DE RECREACION ACTIVA EN EL COMPLEJO DEPORTIVO N° 02 DEL AA.HH. SAN JERONIMO, ZONA - B DISTRITO DE MARIANO MELGAR - PROVINCIA DE AREQUIPA - DEPARTAMENTO DE AREQUIPA","4000129","INSTALACION DE INFRAESTRUCTURA DEPORTIVA","21","CULTURA Y DEPORTE","046","DEPORTES","0102","INFRAESTRUCTURA DEPORTIVA Y RECREATIVA","00001","0241686","CREACION DEL SERVICIO DE RECREACION ACTIVA EN EL COMPLEJO DEPORTIVO N° 02 DEL AA.HH. SAN JERONIMO, ZONA - B DISTRITO DE MARIANO MELGAR -AREQUIPA-AREQUIPA","04","AREQUIPA","4","DONACIONES Y TRANSFERENCIAS","13","DONACIONES Y TRANSFERENCIAS","0","NORMAL","6","GASTO DE CAPITAL","2","6","ADQUISICION DE ACTIVOS NO FINANCIEROS","2","CONSTRUCCION DE EDIFICIOS Y ESTRUCTURAS","3","OTRAS ESTRUCTURAS","99","OTRAS ESTRUCTURAS DIVERSAS","2","COSTO DE CONSTRUCCION POR CONTRATA","0","0","0","17964","17964","0","0","0","0","0","0","0","0","0","0","0","0","0"
"2020","M","GOBIERNOS LOCALES"," "," "," "," ","300331","040101","MUNICIPALIDAD PROVINCIAL DE AREQUIPA","04","AREQUIPA","01","AREQUIPA","01","AREQUIPA","115","0101","INCREMENTO DE LA PRACTICA DE ACTIVIDADES FISICAS, DEPORTIVAS Y RECREATIVAS EN LA POBLACION PERUANA","2","PROYECTO","2415850","CREACION DEL SERVICIO DE RECREACION ACTIVA EN EL COMPLEJO DEPORTIVO N° 02 DEL AA.HH. SAN JERONIMO, ZONA - B DISTRITO DE MARIANO MELGAR - PROVINCIA DE AREQUIPA - DEPARTAMENTO DE AREQUIPA","4000129","INSTALACION DE INFRAESTRUCTURA DEPORTIVA","21","CULTURA Y DEPORTE","046","DEPORTES","0102","INFRAESTRUCTURA DEPORTIVA Y RECREATIVA","00001","0241686","CREACION DEL SERVICIO DE RECREACION ACTIVA EN EL COMPLEJO DEPORTIVO N° 02 DEL AA.HH. SAN JERONIMO, ZONA - B DISTRITO DE MARIANO MELGAR -AREQUIPA-AREQUIPA","04","AREQUIPA","4","DONACIONES Y TRANSFERENCIAS","13","DONACIONES Y TRANSFERENCIAS","18","SUBCUENTA - TRANSFERENCIAS FINANCIERAS","6","GASTO DE CAPITAL","2","6","ADQUISICION DE ACTIVOS NO FINANCIEROS","2","CONSTRUCCION DE EDIFICIOS Y ESTRUCTURAS","3","OTRAS ESTRUCTURAS","99","OTRAS ESTRUCTURAS DIVERSAS","2","COSTO DE CONSTRUCCION POR CONTRATA","0","0","0","0","0","0","0","13017.64","0","0","0","4946.36","0","0","0","0","0","17964"
"2020","M","GOBIERNOS LOCALES"," "," "," "," ","300331","040101","MUNICIPALIDAD PROVINCIAL DE AREQUIPA","04","AREQUIPA","01","AREQUIPA","01","AREQUIPA","115","0101","INCREMENTO DE LA PRACTICA DE ACTIVIDADES FISICAS, DEPORTIVAS Y RECREATIVAS EN LA POBLACION PERUANA","2","PROYECTO","2415850","CREACION DEL SERVICIO DE RECREACION ACTIVA EN EL COMPLEJO DEPORTIVO N° 02 DEL AA.HH. SAN JERONIMO, ZONA - B DISTRITO DE MARIANO MELGAR - PROVINCIA DE AREQUIPA - DEPARTAMENTO DE AREQUIPA","4000129","INSTALACION DE INFRAESTRUCTURA DEPORTIVA","21","CULTURA Y DEPORTE","046","DEPORTES","0102","INFRAESTRUCTURA DEPORTIVA Y RECREATIVA","00001","0241686","CREACION DEL SERVICIO DE RECREACION ACTIVA EN EL COMPLEJO DEPORTIVO N° 02 DEL AA.HH. SAN JERONIMO, ZONA - B DISTRITO DE MARIANO MELGAR -AREQUIPA-AREQUIPA","04","AREQUIPA","5","RECURSOS DETERMINADOS","07","FONDO DE COMPENSACION MUNICIPAL","0","NORMAL","6","GASTO DE CAPITAL","2","6","ADQUISICION DE ACTIVOS NO FINANCIEROS","2","CONSTRUCCION DE EDIFICIOS Y ESTRUCTURAS","3","OTRAS ESTRUCTURAS","99","OTRAS ESTRUCTURAS DIVERSAS","2","COSTO DE CONSTRUCCION POR CONTRATA","0","0","4366","0","0","0","0","0","0","0","0","0","0","0","0","0","0","0"
"2020","M","GOBIERNOS LOCALES"," "," "," "," ","300331","040101","MUNICIPALIDAD PROVINCIAL DE AREQUIPA","04","AREQUIPA","01","AREQUIPA","01","AREQUIPA","115","0101","INCREMENTO DE LA PRACTICA DE ACTIVIDADES FISICAS, DEPORTIVAS Y RECREATIVAS EN LA POBLACION PERUANA","2","PROYECTO","2415850","CREACION DEL SERVICIO DE RECREACION ACTIVA EN EL COMPLEJO DEPORTIVO N° 02 DEL AA.HH. SAN JERONIMO, ZONA - B DISTRITO DE MARIANO MELGAR - PROVINCIA DE AREQUIPA - DEPARTAMENTO DE AREQUIPA","4000129","INSTALACION DE INFRAESTRUCTURA DEPORTIVA","21","CULTURA Y DEPORTE","046","DEPORTES","0102","INFRAESTRUCTURA DEPORTIVA Y RECREATIVA","00001","0241686","CREACION DEL SERVICIO DE RECREACION ACTIVA EN EL COMPLEJO DEPORTIVO N° 02 DEL AA.HH. SAN JERONIMO, ZONA - B DISTRITO DE MARIANO MELGAR -AREQUIPA-AREQUIPA","04","AREQUIPA","5","RECURSOS DETERMINADOS","07","FONDO DE COMPENSACION MUNICIPAL","0","NORMAL","6","GASTO DE CAPITAL","2","6","ADQUISICION DE ACTIVOS NO FINANCIEROS","2","CONSTRUCCION DE EDIFICIOS Y ESTRUCTURAS","3","OTRAS ESTRUCTURAS","99","OTRAS ESTRUCTURAS DIVERSAS","2","COSTO DE CONSTRUCCION POR CONTRATA","0","0","0","4364.71","4364.71","0","0","0","0","0","0","0","0","0","0","0","0","0"
"2020","M","GOBIERNOS LOCALES"," "," "," "," ","300331","040101","MUNICIPALIDAD PROVINCIAL DE AREQUIPA","04","AREQUIPA","01","AREQUIPA","01","AREQUIPA","115","0101","INCREMENTO DE LA PRACTICA DE ACTIVIDADES FISICAS, DEPORTIVAS Y RECREATIVAS EN LA POBLACION PERUANA","2","PROYECTO","2415850","CREACION DEL SERVICIO DE RECREACION ACTIVA EN EL COMPLEJO DEPORTIVO N° 02 DEL AA.HH. SAN JERONIMO, ZONA - B DISTRITO DE MARIANO MELGAR - PROVINCIA DE AREQUIPA - DEPARTAMENTO DE AREQUIPA","4000129","INSTALACION DE INFRAESTRUCTURA DEPORTIVA","21","CULTURA Y DEPORTE","046","DEPORTES","0102","INFRAESTRUCTURA DEPORTIVA Y RECREATIVA","00001","0241686","CREACION DEL SERVICIO DE RECREACION ACTIVA EN EL COMPLEJO DEPORTIVO N° 02 DEL AA.HH. SAN JERONIMO, ZONA - B DISTRITO DE MARIANO MELGAR -AREQUIPA-AREQUIPA","04","AREQUIPA","5","RECURSOS DETERMINADOS","07","FONDO DE COMPENSACION MUNICIPAL","A","SUB CUENTA - FONCOMUN","6","GASTO DE CAPITAL","2","6","ADQUISICION DE ACTIVOS NO FINANCIEROS","2","CONSTRUCCION DE EDIFICIOS Y ESTRUCTURAS","3","OTRAS ESTRUCTURAS","99","OTRAS ESTRUCTURAS DIVERSAS","2","COSTO DE CONSTRUCCION POR CONTRATA","0","0","0","0","0","0","0","0","0","0","0","4364.71","0","0","0","0","0","4364.71"
"2020","M","GOBIERNOS LOCALES"," "," "," "," ","300331","040101","MUNICIPALIDAD PROVINCIAL DE AREQUIPA","04","AREQUIPA","01","AREQUIPA","01","AREQUIPA","115","0101","INCREMENTO DE LA PRACTICA DE ACTIVIDADES FISICAS, DEPORTIVAS Y RECREATIVAS EN LA POBLACION PERUANA","2","PROYECTO","2415850","CREACION DEL SERVICIO DE RECREACION ACTIVA EN EL COMPLEJO DEPORTIVO N° 02 DEL AA.HH. SAN JERONIMO, ZONA - B DISTRITO DE MARIANO MELGAR - PROVINCIA DE AREQUIPA - DEPARTAMENTO DE AREQUIPA","4000129","INSTALACION DE INFRAESTRUCTURA DEPORTIVA","21","CULTURA Y DEPORTE","046","DEPORTES","0102","INFRAESTRUCTURA DEPORTIVA Y RECREATIVA","00001","0241686","CREACION DEL SERVICIO DE RECREACION ACTIVA EN EL COMPLEJO DEPORTIVO N° 02 DEL AA.HH. SAN JERONIMO, ZONA - B DISTRITO DE MARIANO MELGAR -AREQUIPA-AREQUIPA","04","AREQUIPA","5","RECURSOS DETERMINADOS","18","CANON Y SOBRECANON, REGALIAS, RENTA DE ADUANAS Y PARTICIPACIONES","0","CANON","6","GASTO DE CAPITAL","2","6","ADQUISICION DE ACTIVOS NO FINANCIEROS","2","CONSTRUCCION DE EDIFICIOS Y ESTRUCTURAS","3","OTRAS ESTRUCTURAS","99","OTRAS ESTRUCTURAS DIVERSAS","2","COSTO DE CONSTRUCCION POR CONTRATA","0","0","113725","0","0","0","0","0","0","0","0","0","0","0","0","0","0","0"
"2020","M","GOBIERNOS LOCALES"," "," "," "," ","300331","040101","MUNICIPALIDAD PROVINCIAL DE AREQUIPA","04","AREQUIPA","01","AREQUIPA","01","AREQUIPA","115","0101","INCREMENTO DE LA PRACTICA DE ACTIVIDADES FISICAS, DEPORTIVAS Y RECREATIVAS EN LA POBLACION PERUANA","2","PROYECTO","2415850","CREACION DEL SERVICIO DE RECREACION ACTIVA EN EL COMPLEJO DEPORTIVO N° 02 DEL AA.HH. SAN JERONIMO, ZONA - B DISTRITO DE MARIANO MELGAR - PROVINCIA DE AREQUIPA - DEPARTAMENTO DE AREQUIPA","4000129","INSTALACION DE INFRAESTRUCTURA DEPORTIVA","21","CULTURA Y DEPORTE","046","DEPORTES","0102","INFRAESTRUCTURA DEPORTIVA Y RECREATIVA","00001","0241686","CREACION DEL SERVICIO DE RECREACION ACTIVA EN EL COMPLEJO DEPORTIVO N° 02 DEL AA.HH. SAN JERONIMO, ZONA - B DISTRITO DE MARIANO MELGAR -AREQUIPA-AREQUIPA","04","AREQUIPA","5","RECURSOS DETERMINADOS","18","CANON Y SOBRECANON, REGALIAS, RENTA DE ADUANAS Y PARTICIPACIONES","0","CANON","6","GASTO DE CAPITAL","2","6","ADQUISICION DE ACTIVOS NO FINANCIEROS","2","CONSTRUCCION DE EDIFICIOS Y ESTRUCTURAS","3","OTRAS ESTRUCTURAS","99","OTRAS ESTRUCTURAS DIVERSAS","2","COSTO DE CONSTRUCCION POR CONTRATA","0","0","0","113725","113725","0","0","0","0","0","0","0","0","0","0","0","0","0"
"2020","M","GOBIERNOS LOCALES"," "," "," "," ","300331","040101","MUNICIPALIDAD PROVINCIAL DE AREQUIPA","04","AREQUIPA","01","AREQUIPA","01","AREQUIPA","115","0101","INCREMENTO DE LA PRACTICA DE ACTIVIDADES FISICAS, DEPORTIVAS Y RECREATIVAS EN LA POBLACION PERUANA","2","PROYECTO","2415850","CREACION DEL SERVICIO DE RECREACION ACTIVA EN EL COMPLEJO DEPORTIVO N° 02 DEL AA.HH. SAN JERONIMO, ZONA - B DISTRITO DE MARIANO MELGAR - PROVINCIA DE AREQUIPA - DEPARTAMENTO DE AREQUIPA","4000129","INSTALACION DE INFRAESTRUCTURA DEPORTIVA","21","CULTURA Y DEPORTE","046","DEPORTES","0102","INFRAESTRUCTURA DEPORTIVA Y RECREATIVA","00001","0241686","CREACION DEL SERVICIO DE RECREACION ACTIVA EN EL COMPLEJO DEPORTIVO N° 02 DEL AA.HH. SAN JERONIMO, ZONA - B DISTRITO DE MARIANO MELGAR -AREQUIPA-AREQUIPA","04","AREQUIPA","5","RECURSOS DETERMINADOS","18","CANON Y SOBRECANON, REGALIAS, RENTA DE ADUANAS Y PARTICIPACIONES","13","SUBCUENTA- PLAN DE INCENTIVOS A LA MEJORA DE LA GESTION Y MODERNIZACION MUNICIPAL","6","GASTO DE CAPITAL","2","6","ADQUISICION DE ACTIVOS NO FINANCIEROS","2","CONSTRUCCION DE EDIFICIOS Y ESTRUCTURAS","3","OTRAS ESTRUCTURAS","99","OTRAS ESTRUCTURAS DIVERSAS","2","COSTO DE CONSTRUCCION POR CONTRATA","0","0","0","0","0","0","0","0","0","0","0","113725","0","0","0","0","0","113725"
"2020","M","GOBIERNOS LOCALES"," "," "," "," ","300331","040101","MUNICIPALIDAD PROVINCIAL DE AREQUIPA","04","AREQUIPA","01","AREQUIPA","01","AREQUIPA","116","0101","INCREMENTO DE LA PRACTICA DE ACTIVIDADES FISICAS, DEPORTIVAS Y RECREATIVAS EN LA POBLACION PERUANA","2","PROYECTO","2415850","CREACION DEL SERVICIO DE RECREACION ACTIVA EN EL COMPLEJO DEPORTIVO N° 02 DEL AA.HH. SAN JERONIMO, ZONA - B DISTRITO DE MARIANO MELGAR - PROVINCIA DE AREQUIPA - DEPARTAMENTO DE AREQUIPA","6000002","SUPERVISION Y LIQUIDACION DE OBRAS","21","CULTURA Y DEPORTE","046","DEPORTES","0102","INFRAESTRUCTURA DEPORTIVA Y RECREATIVA","00001","0241686","CREACION DEL SERVICIO DE RECREACION ACTIVA EN EL COMPLEJO DEPORTIVO N° 02 DEL AA.HH. SAN JERONIMO, ZONA - B DISTRITO DE MARIANO MELGAR -AREQUIPA-AREQUIPA","04","AREQUIPA","5","RECURSOS DETERMINADOS","18","CANON Y SOBRECANON, REGALIAS, RENTA DE ADUANAS Y PARTICIPACIONES","0","CANON","6","GASTO DE CAPITAL","2","6","ADQUISICION DE ACTIVOS NO FINANCIEROS","8","OTROS GASTOS DE ACTIVOS NO FINANCIEROS","1","OTROS GASTOS DE ACTIVOS NO FINANCIEROS","4","OTROS GASTOS DIVERSOS DE ACTIVOS NO FINANCIEROS","3","GASTO POR LA CONTRATACION DE SERVICIOS","0","0","4365","0","0","0","0","0","0","0","0","0","0","0","0","0","0","0"
"2020","M","GOBIERNOS LOCALES"," "," "," "," ","300331","040101","MUNICIPALIDAD PROVINCIAL DE AREQUIPA","04","AREQUIPA","01","AREQUIPA","01","AREQUIPA","116","0101","INCREMENTO DE LA PRACTICA DE ACTIVIDADES FISICAS, DEPORTIVAS Y RECREATIVAS EN LA POBLACION PERUANA","2","PROYECTO","2415850","CREACION DEL SERVICIO DE RECREACION ACTIVA EN EL COMPLEJO DEPORTIVO N° 02 DEL AA.HH. SAN JERONIMO, ZONA - B DISTRITO DE MARIANO MELGAR - PROVINCIA DE AREQUIPA - DEPARTAMENTO DE AREQUIPA","6000002","SUPERVISION Y LIQUIDACION DE OBRAS","21","CULTURA Y DEPORTE","046","DEPORTES","0102","INFRAESTRUCTURA DEPORTIVA Y RECREATIVA","00001","0241686","CREACION DEL SERVICIO DE RECREACION ACTIVA EN EL COMPLEJO DEPORTIVO N° 02 DEL AA.HH. SAN JERONIMO, ZONA - B DISTRITO DE MARIANO MELGAR -AREQUIPA-AREQUIPA","04","AREQUIPA","5","RECURSOS DETERMINADOS","18","CANON Y SOBRECANON, REGALIAS, RENTA DE ADUANAS Y PARTICIPACIONES","0","CANON","6","GASTO DE CAPITAL","2","6","ADQUISICION DE ACTIVOS NO FINANCIEROS","8","OTROS GASTOS DE ACTIVOS NO FINANCIEROS","1","OTROS GASTOS DE ACTIVOS NO FINANCIEROS","4","OTROS GASTOS DIVERSOS DE ACTIVOS NO FINANCIEROS","3","GASTO POR LA CONTRATACION DE SERVICIOS","0","0","0","4364.87","4364.87","0","0","0","0","0","0","0","0","0","0","0","0","0"
"2020","M","GOBIERNOS LOCALES"," "," "," "," ","300331","040101","MUNICIPALIDAD PROVINCIAL DE AREQUIPA","04","AREQUIPA","01","AREQUIPA","01","AREQUIPA","116","0101","INCREMENTO DE LA PRACTICA DE ACTIVIDADES FISICAS, DEPORTIVAS Y RECREATIVAS EN LA POBLACION PERUANA","2","PROYECTO","2415850","CREACION DEL SERVICIO DE RECREACION ACTIVA EN EL COMPLEJO DEPORTIVO N° 02 DEL AA.HH. SAN JERONIMO, ZONA - B DISTRITO DE MARIANO MELGAR - PROVINCIA DE AREQUIPA - DEPARTAMENTO DE AREQUIPA","6000002","SUPERVISION Y LIQUIDACION DE OBRAS","21","CULTURA Y DEPORTE","046","DEPORTES","0102","INFRAESTRUCTURA DEPORTIVA Y RECREATIVA","00001","0241686","CREACION DEL SERVICIO DE RECREACION ACTIVA EN EL COMPLEJO DEPORTIVO N° 02 DEL AA.HH. SAN JERONIMO, ZONA - B DISTRITO DE MARIANO MELGAR -AREQUIPA-AREQUIPA","04","AREQUIPA","5","RECURSOS DETERMINADOS","18","CANON Y SOBRECANON, REGALIAS, RENTA DE ADUANAS Y PARTICIPACIONES","H","SUB CUENTA - CANON MINERO","6","GASTO DE CAPITAL","2","6","ADQUISICION DE ACTIVOS NO FINANCIEROS","8","OTROS GASTOS DE ACTIVOS NO FINANCIEROS","1","OTROS GASTOS DE ACTIVOS NO FINANCIEROS","4","OTROS GASTOS DIVERSOS DE ACTIVOS NO FINANCIEROS","3","GASTO POR LA CONTRATACION DE SERVICIOS","0","0","0","0","0","0","0","0","0","0","0","4364.87","0","0","0","0","0","4364.87"
"2020","M","GOBIERNOS LOCALES"," "," "," "," ","300331","040101","MUNICIPALIDAD PROVINCIAL DE AREQUIPA","04","AREQUIPA","01","AREQUIPA","01","AREQUIPA","179","0101","INCREMENTO DE LA PRACTICA DE ACTIVIDADES FISICAS, DEPORTIVAS Y RECREATIVAS EN LA POBLACION PERUANA","2","PROYECTO","2415878","CREACION DEL SERVICIO DE RECREACION ACTIVA EN EL AREA DE RECREACION PUBLICA DEL A.H. ASOC. GRANJA TALLER VIVIENDA SAN FRANCISCO DE ASIS - ZONA II DEL DISTRITO DE MARIANO MELGAR - PROVINCIA DE AREQUIPA - DEPARTAMENTO DE AREQUIPA","4000129","INSTALACION DE INFRAESTRUCTURA DEPORTIVA","21","CULTURA Y DEPORTE","046","DEPORTES","0102","INFRAESTRUCTURA DEPORTIVA Y RECREATIVA","00001","0241685","CREACION DEL SERVICIO DE RECREACION ACTIVA EN EL AREA DE RECREACION PUBLICA DEL A.H. ASOC. GRANJA TALLER VIVIENDA SAN FRANCISCO DE ASIS - ZONA II DEL DISTRITO DE MARIANO MELGAR -AREQUIPA-AREQUIPA","04","AREQUIPA","4","DONACIONES Y TRANSFERENCIAS","13","DONACIONES Y TRANSFERENCIAS","0","NORMAL","6","GASTO DE CAPITAL","2","6","ADQUISICION DE ACTIVOS NO FINANCIEROS","2","CONSTRUCCION DE EDIFICIOS Y ESTRUCTURAS","3","OTRAS ESTRUCTURAS","99","OTRAS ESTRUCTURAS DIVERSAS","2","COSTO DE CONSTRUCCION POR CONTRATA","0","0","19023","0","0","0","0","0","0","0","0","0","0","0","0","0","0","0"
"2020","M","GOBIERNOS LOCALES"," "," "," "," ","300331","040101","MUNICIPALIDAD PROVINCIAL DE AREQUIPA","04","AREQUIPA","01","AREQUIPA","01","AREQUIPA","179","0101","INCREMENTO DE LA PRACTICA DE ACTIVIDADES FISICAS, DEPORTIVAS Y RECREATIVAS EN LA POBLACION PERUANA","2","PROYECTO","2415878","CREACION DEL SERVICIO DE RECREACION ACTIVA EN EL AREA DE RECREACION PUBLICA DEL A.H. ASOC. GRANJA TALLER VIVIENDA SAN FRANCISCO DE ASIS - ZONA II DEL DISTRITO DE MARIANO MELGAR - PROVINCIA DE AREQUIPA - DEPARTAMENTO DE AREQUIPA","4000129","INSTALACION DE INFRAESTRUCTURA DEPORTIVA","21","CULTURA Y DEPORTE","046","DEPORTES","0102","INFRAESTRUCTURA DEPORTIVA Y RECREATIVA","00001","0241685","CREACION DEL SERVICIO DE RECREACION ACTIVA EN EL AREA DE RECREACION PUBLICA DEL A.H. ASOC. GRANJA TALLER VIVIENDA SAN FRANCISCO DE ASIS - ZONA II DEL DISTRITO DE MARIANO MELGAR -AREQUIPA-AREQUIPA","04","AREQUIPA","4","DONACIONES Y TRANSFERENCIAS","13","DONACIONES Y TRANSFERENCIAS","0","NORMAL","6","GASTO DE CAPITAL","2","6","ADQUISICION DE ACTIVOS NO FINANCIEROS","2","CONSTRUCCION DE EDIFICIOS Y ESTRUCTURAS","3","OTRAS ESTRUCTURAS","99","OTRAS ESTRUCTURAS DIVERSAS","2","COSTO DE CONSTRUCCION POR CONTRATA","0","0","0","19023","19023","0","0","0","0","0","0","0","0","0","0","0","0","0"
"2020","M","GOBIERNOS LOCALES"," "," "," "," ","300331","040101","MUNICIPALIDAD PROVINCIAL DE AREQUIPA","04","AREQUIPA","01","AREQUIPA","01","AREQUIPA","179","0101","INCREMENTO DE LA PRACTICA DE ACTIVIDADES FISICAS, DEPORTIVAS Y RECREATIVAS EN LA POBLACION PERUANA","2","PROYECTO","2415878","CREACION DEL SERVICIO DE RECREACION ACTIVA EN EL AREA DE RECREACION PUBLICA DEL A.H. ASOC. GRANJA TALLER VIVIENDA SAN FRANCISCO DE ASIS - ZONA II DEL DISTRITO DE MARIANO MELGAR - PROVINCIA DE AREQUIPA - DEPARTAMENTO DE AREQUIPA","4000129","INSTALACION DE INFRAESTRUCTURA DEPORTIVA","21","CULTURA Y DEPORTE","046","DEPORTES","0102","INFRAESTRUCTURA DEPORTIVA Y RECREATIVA","00001","0241685","CREACION DEL SERVICIO DE RECREACION ACTIVA EN EL AREA DE RECREACION PUBLICA DEL A.H. ASOC. GRANJA TALLER VIVIENDA SAN FRANCISCO DE ASIS - ZONA II DEL DISTRITO DE MARIANO MELGAR -AREQUIPA-AREQUIPA","04","AREQUIPA","4","DONACIONES Y TRANSFERENCIAS","13","DONACIONES Y TRANSFERENCIAS","18","SUBCUENTA - TRANSFERENCIAS FINANCIERAS","6","GASTO DE CAPITAL","2","6","ADQUISICION DE ACTIVOS NO FINANCIEROS","2","CONSTRUCCION DE EDIFICIOS Y ESTRUCTURAS","3","OTRAS ESTRUCTURAS","99","OTRAS ESTRUCTURAS DIVERSAS","2","COSTO DE CONSTRUCCION POR CONTRATA","0","0","0","0","0","0","0","0","19023","0","0","0","0","0","0","0","0","19023"
"2020","M","GOBIERNOS LOCALES"," "," "," "," ","300331","040101","MUNICIPALIDAD PROVINCIAL DE AREQUIPA","04","AREQUIPA","01","AREQUIPA","01","AREQUIPA","179","0101","INCREMENTO DE LA PRACTICA DE ACTIVIDADES FISICAS, DEPORTIVAS Y RECREATIVAS EN LA POBLACION PERUANA","2","PROYECTO","2415878","CREACION DEL SERVICIO DE RECREACION ACTIVA EN EL AREA DE RECREACION PUBLICA DEL A.H. ASOC. GRANJA TALLER VIVIENDA SAN FRANCISCO DE ASIS - ZONA II DEL DISTRITO DE MARIANO MELGAR - PROVINCIA DE AREQUIPA - DEPARTAMENTO DE AREQUIPA","4000129","INSTALACION DE INFRAESTRUCTURA DEPORTIVA","21","CULTURA Y DEPORTE","046","DEPORTES","0102","INFRAESTRUCTURA DEPORTIVA Y RECREATIVA","00001","0241685","CREACION DEL SERVICIO DE RECREACION ACTIVA EN EL AREA DE RECREACION PUBLICA DEL A.H. ASOC. GRANJA TALLER VIVIENDA SAN FRANCISCO DE ASIS - ZONA II DEL DISTRITO DE MARIANO MELGAR -AREQUIPA-AREQUIPA","04","AREQUIPA","5","RECURSOS DETERMINADOS","07","FONDO DE COMPENSACION MUNICIPAL","0","NORMAL","6","GASTO DE CAPITAL","2","6","ADQUISICION DE ACTIVOS NO FINANCIEROS","2","CONSTRUCCION DE EDIFICIOS Y ESTRUCTURAS","3","OTRAS ESTRUCTURAS","99","OTRAS ESTRUCTURAS DIVERSAS","2","COSTO DE CONSTRUCCION POR CONTRATA","0","0","242785","0","0","0","0","0","0","0","0","0","0","0","0","0","0","0"
"2020","M","GOBIERNOS LOCALES"," "," "," "," ","300331","040101","MUNICIPALIDAD PROVINCIAL DE AREQUIPA","04","AREQUIPA","01","AREQUIPA","01","AREQUIPA","179","0101","INCREMENTO DE LA PRACTICA DE ACTIVIDADES FISICAS, DEPORTIVAS Y RECREATIVAS EN LA POBLACION PERUANA","2","PROYECTO","2415878","CREACION DEL SERVICIO DE RECREACION ACTIVA EN EL AREA DE RECREACION PUBLICA DEL A.H. ASOC. GRANJA TALLER VIVIENDA SAN FRANCISCO DE ASIS - ZONA II DEL DISTRITO DE MARIANO MELGAR - PROVINCIA DE AREQUIPA - DEPARTAMENTO DE AREQUIPA","4000129","INSTALACION DE INFRAESTRUCTURA DEPORTIVA","21","CULTURA Y DEPORTE","046","DEPORTES","0102","INFRAESTRUCTURA DEPORTIVA Y RECREATIVA","00001","0241685","CREACION DEL SERVICIO DE RECREACION ACTIVA EN EL AREA DE RECREACION PUBLICA DEL A.H. ASOC. GRANJA TALLER VIVIENDA SAN FRANCISCO DE ASIS - ZONA II DEL DISTRITO DE MARIANO MELGAR -AREQUIPA-AREQUIPA","04","AREQUIPA","5","RECURSOS DETERMINADOS","07","FONDO DE COMPENSACION MUNICIPAL","0","NORMAL","6","GASTO DE CAPITAL","2","6","ADQUISICION DE ACTIVOS NO FINANCIEROS","2","CONSTRUCCION DE EDIFICIOS Y ESTRUCTURAS","3","OTRAS ESTRUCTURAS","99","OTRAS ESTRUCTURAS DIVERSAS","2","COSTO DE CONSTRUCCION POR CONTRATA","0","0","0","120266.29","120266.29","0","0","0","0","0","0","0","0","0","0","0","0","0"
"2020","M","GOBIERNOS LOCALES"," "," "," "," ","300331","040101","MUNICIPALIDAD PROVINCIAL DE AREQUIPA","04","AREQUIPA","01","AREQUIPA","01","AREQUIPA","179","0101","INCREMENTO DE LA PRACTICA DE ACTIVIDADES FISICAS, DEPORTIVAS Y RECREATIVAS EN LA POBLACION PERUANA","2","PROYECTO","2415878","CREACION DEL SERVICIO DE RECREACION ACTIVA EN EL AREA DE RECREACION PUBLICA DEL A.H. ASOC. GRANJA TALLER VIVIENDA SAN FRANCISCO DE ASIS - ZONA II DEL DISTRITO DE MARIANO MELGAR - PROVINCIA DE AREQUIPA - DEPARTAMENTO DE AREQUIPA","4000129","INSTALACION DE INFRAESTRUCTURA DEPORTIVA","21","CULTURA Y DEPORTE","046","DEPORTES","0102","INFRAESTRUCTURA DEPORTIVA Y RECREATIVA","00001","0241685","CREACION DEL SERVICIO DE RECREACION ACTIVA EN EL AREA DE RECREACION PUBLICA DEL A.H. ASOC. GRANJA TALLER VIVIENDA SAN FRANCISCO DE ASIS - ZONA II DEL DISTRITO DE MARIANO MELGAR -AREQUIPA-AREQUIPA","04","AREQUIPA","5","RECURSOS DETERMINADOS","07","FONDO DE COMPENSACION MUNICIPAL","A","SUB CUENTA - FONCOMUN","6","GASTO DE CAPITAL","2","6","ADQUISICION DE ACTIVOS NO FINANCIEROS","2","CONSTRUCCION DE EDIFICIOS Y ESTRUCTURAS","3","OTRAS ESTRUCTURAS","99","OTRAS ESTRUCTURAS DIVERSAS","2","COSTO DE CONSTRUCCION POR CONTRATA","0","0","0","0","0","0","0","17427.99","0","102838.30","0","0","0","0","0","0","0","120266.29"
"2020","M","GOBIERNOS LOCALES"," "," "," "," ","300331","040101","MUNICIPALIDAD PROVINCIAL DE AREQUIPA","04","AREQUIPA","01","AREQUIPA","01","AREQUIPA","196","0101","INCREMENTO DE LA PRACTICA DE ACTIVIDADES FISICAS, DEPORTIVAS Y RECREATIVAS EN LA POBLACION PERUANA","2","PROYECTO","2416641","CREACION DEL SERVICIO DE PROTECCION SOLAR Y SEGURIDAD EN LA LOSA DEPORTIVA DE LA ASOC. DE VIVIENDA HEROES DEL CENEPA DISTRITO DE MARIANO MELGAR - PROVINCIA DE AREQUIPA - DEPARTAMENTO DE AREQUIPA","6000001","EXPEDIENTE TECNICO","21","CULTURA Y DEPORTE","046","DEPORTES","0102","INFRAESTRUCTURA DEPORTIVA Y RECREATIVA","00001","0241683","CREACION DEL SERVICIO DE PROTECCION SOLAR Y SEGURIDAD EN LA LOSA DEPORTIVA DE LA ASOC. DE VIVIENDA HEROES DEL CENEPA DISTRITO DE MARIANO MELGAR-AREQUIPA-AREQUIPA","04","AREQUIPA","2","RECURSOS DIRECTAMENTE RECAUDADOS","09","RECURSOS DIRECTAMENTE RECAUDADOS","0","NORMAL","6","GASTO DE CAPITAL","2","6","ADQUISICION DE ACTIVOS NO FINANCIEROS","8","OTROS GASTOS DE ACTIVOS NO FINANCIEROS","1","OTROS GASTOS DE ACTIVOS NO FINANCIEROS","3","ELABORACION DE EXPEDIENTES TECNICOS","1","ELABORACION DE EXPEDIENTES TECNICOS","0","0","6450","0","0","0","0","0","0","0","0","0","0","0","0","0","0","0"
"2020","M","GOBIERNOS LOCALES"," "," "," "," ","300331","040101","MUNICIPALIDAD PROVINCIAL DE AREQUIPA","04","AREQUIPA","01","AREQUIPA","01","AREQUIPA","180","0101","INCREMENTO DE LA PRACTICA DE ACTIVIDADES FISICAS, DEPORTIVAS Y RECREATIVAS EN LA POBLACION PERUANA","2","PROYECTO","2416643","CREACION DEL SERVICIO DE PROTECCION SOLAR Y SEGURIDAD EN LA LOSA DEPORTIVA DE LA ASOC. GRANJA TALLER VIVIENDA SAN FRANCISCO DE ASIS - ZONA II DISTRITO DE MARIANO MELGAR - PROVINCIA DE AREQUIPA - DEPARTAMENTO DE AREQUIPA","4000129","INSTALACION DE INFRAESTRUCTURA DEPORTIVA","21","CULTURA Y DEPORTE","046","DEPORTES","0102","INFRAESTRUCTURA DEPORTIVA Y RECREATIVA","00001","0241920","CREACION DEL SERVICIO DE PROTECCION SOLAR Y SEGURIDAD EN LA LOSA DEPORTIVA DE LA ASOC. GRANJA TALLER VIVIENDA SAN FRANCISCO DE ASIS - ZONA II DISTRITO DE MARIANO MELGAR-AREQUIPA-AREQUIPA","04","AREQUIPA","4","DONACIONES Y TRANSFERENCIAS","13","DONACIONES Y TRANSFERENCIAS","0","NORMAL","6","GASTO DE CAPITAL","2","6","ADQUISICION DE ACTIVOS NO FINANCIEROS","2","CONSTRUCCION DE EDIFICIOS Y ESTRUCTURAS","3","OTRAS ESTRUCTURAS","99","OTRAS ESTRUCTURAS DIVERSAS","2","COSTO DE CONSTRUCCION POR CONTRATA","0","0","14630","0","0","0","0","0","0","0","0","0","0","0","0","0","0","0"
"2020","M","GOBIERNOS LOCALES"," "," "," "," ","300331","040101","MUNICIPALIDAD PROVINCIAL DE AREQUIPA","04","AREQUIPA","01","AREQUIPA","01","AREQUIPA","112","0101","INCREMENTO DE LA PRACTICA DE ACTIVIDADES FISICAS, DEPORTIVAS Y RECREATIVAS EN LA POBLACION PERUANA","2","PROYECTO","2416643","CREACION DEL SERVICIO DE PROTECCION SOLAR Y SEGURIDAD EN LA LOSA DEPORTIVA DE LA ASOC. GRANJA TALLER VIVIENDA SAN FRANCISCO DE ASIS - ZONA II DISTRITO DE MARIANO MELGAR - PROVINCIA DE AREQUIPA - DEPARTAMENTO DE AREQUIPA","6000002","SUPERVISION Y LIQUIDACION DE OBRAS","21","CULTURA Y DEPORTE","046","DEPORTES","0102","INFRAESTRUCTURA DEPORTIVA Y RECREATIVA","00001","0241920","CREACION DEL SERVICIO DE PROTECCION SOLAR Y SEGURIDAD EN LA LOSA DEPORTIVA DE LA ASOC. GRANJA TALLER VIVIENDA SAN FRANCISCO DE ASIS - ZONA II DISTRITO DE MARIANO MELGAR-AREQUIPA-AREQUIPA","04","AREQUIPA","5","RECURSOS DETERMINADOS","07","FONDO DE COMPENSACION MUNICIPAL","0","NORMAL","6","GASTO DE CAPITAL","2","6","ADQUISICION DE ACTIVOS NO FINANCIEROS","8","OTROS GASTOS DE ACTIVOS NO FINANCIEROS","1","OTROS GASTOS DE ACTIVOS NO FINANCIEROS","4","OTROS GASTOS DIVERSOS DE ACTIVOS NO FINANCIEROS","3","GASTO POR LA CONTRATACION DE SERVICIOS","0","0","7613","0","0","0","0","0","0","0","0","0","0","0","0","0","0","0"
"2020","M","GOBIERNOS LOCALES"," "," "," "," ","300331","040101","MUNICIPALIDAD PROVINCIAL DE AREQUIPA","04","AREQUIPA","01","AREQUIPA","01","AREQUIPA","112","0101","INCREMENTO DE LA PRACTICA DE ACTIVIDADES FISICAS, DEPORTIVAS Y RECREATIVAS EN LA POBLACION PERUANA","2","PROYECTO","2416643","CREACION DEL SERVICIO DE PROTECCION SOLAR Y SEGURIDAD EN LA LOSA DEPORTIVA DE LA ASOC. GRANJA TALLER VIVIENDA SAN FRANCISCO DE ASIS - ZONA II DISTRITO DE MARIANO MELGAR - PROVINCIA DE AREQUIPA - DEPARTAMENTO DE AREQUIPA","6000002","SUPERVISION Y LIQUIDACION DE OBRAS","21","CULTURA Y DEPORTE","046","DEPORTES","0102","INFRAESTRUCTURA DEPORTIVA Y RECREATIVA","00001","0241920","CREACION DEL SERVICIO DE PROTECCION SOLAR Y SEGURIDAD EN LA LOSA DEPORTIVA DE LA ASOC. GRANJA TALLER VIVIENDA SAN FRANCISCO DE ASIS - ZONA II DISTRITO DE MARIANO MELGAR-AREQUIPA-AREQUIPA","04","AREQUIPA","5","RECURSOS DETERMINADOS","07","FONDO DE COMPENSACION MUNICIPAL","0","NORMAL","6","GASTO DE CAPITAL","2","6","ADQUISICION DE ACTIVOS NO FINANCIEROS","8","OTROS GASTOS DE ACTIVOS NO FINANCIEROS","1","OTROS GASTOS DE ACTIVOS NO FINANCIEROS","4","OTROS GASTOS DIVERSOS DE ACTIVOS NO FINANCIEROS","3","GASTO POR LA CONTRATACION DE SERVICIOS","0","0","0","7612.31","7612.31","0","0","0","0","0","0","0","0","0","0","0","0","0"
"2020","M","GOBIERNOS LOCALES"," "," "," "," ","300331","040101","MUNICIPALIDAD PROVINCIAL DE AREQUIPA","04","AREQUIPA","01","AREQUIPA","01","AREQUIPA","112","0101","INCREMENTO DE LA PRACTICA DE ACTIVIDADES FISICAS, DEPORTIVAS Y RECREATIVAS EN LA POBLACION PERUANA","2","PROYECTO","2416643","CREACION DEL SERVICIO DE PROTECCION SOLAR Y SEGURIDAD EN LA LOSA DEPORTIVA DE LA ASOC. GRANJA TALLER VIVIENDA SAN FRANCISCO DE ASIS - ZONA II DISTRITO DE MARIANO MELGAR - PROVINCIA DE AREQUIPA - DEPARTAMENTO DE AREQUIPA","6000002","SUPERVISION Y LIQUIDACION DE OBRAS","21","CULTURA Y DEPORTE","046","DEPORTES","0102","INFRAESTRUCTURA DEPORTIVA Y RECREATIVA","00001","0241920","CREACION DEL SERVICIO DE PROTECCION SOLAR Y SEGURIDAD EN LA LOSA DEPORTIVA DE LA ASOC. GRANJA TALLER VIVIENDA SAN FRANCISCO DE ASIS - ZONA II DISTRITO DE MARIANO MELGAR-AREQUIPA-AREQUIPA","04","AREQUIPA","5","RECURSOS DETERMINADOS","07","FONDO DE COMPENSACION MUNICIPAL","A","SUB CUENTA - FONCOMUN","6","GASTO DE CAPITAL","2","6","ADQUISICION DE ACTIVOS NO FINANCIEROS","8","OTROS GASTOS DE ACTIVOS NO FINANCIEROS","1","OTROS GASTOS DE ACTIVOS NO FINANCIEROS","4","OTROS GASTOS DIVERSOS DE ACTIVOS NO FINANCIEROS","3","GASTO POR LA CONTRATACION DE SERVICIOS","0","0","0","0","0","0","0","0","0","0","0","0","0","7612.31","0","0","0","7612.31"
"2020","M","GOBIERNOS LOCALES"," "," "," "," ","300331","040101","MUNICIPALIDAD PROVINCIAL DE AREQUIPA","04","AREQUIPA","01","AREQUIPA","01","AREQUIPA","197","0101","INCREMENTO DE LA PRACTICA DE ACTIVIDADES FISICAS, DEPORTIVAS Y RECREATIVAS EN LA POBLACION PERUANA","2","PROYECTO","2416673","CREACION DEL SERVICIO DE RECREACION ACTIVA EN EL AREA DE RECREACION PUBLICA N° 03 DEL A.H. BERLIN DISTRITO DE MARIANO MELGAR - PROVINCIA DE AREQUIPA - DEPARTAMENTO DE AREQUIPA","6000001","EXPEDIENTE TECNICO","21","CULTURA Y DEPORTE","046","DEPORTES","0102","INFRAESTRUCTURA DEPORTIVA Y RECREATIVA","00001","0241679","CREACION DEL SERVICIO DE RECREACION ACTIVA EN EL AREA DE RECREACION PUBLICA N° 03 DEL A.H. BERLIN, DISTRITO DE MARIANO MELGAR -AREQUIPA-AREQUIPA","04","AREQUIPA","2","RECURSOS DIRECTAMENTE RECAUDADOS","09","RECURSOS DIRECTAMENTE RECAUDADOS","0","NORMAL","6","GASTO DE CAPITAL","2","6","ADQUISICION DE ACTIVOS NO FINANCIEROS","8","OTROS GASTOS DE ACTIVOS NO FINANCIEROS","1","OTROS GASTOS DE ACTIVOS NO FINANCIEROS","3","ELABORACION DE EXPEDIENTES TECNICOS","1","ELABORACION DE EXPEDIENTES TECNICOS","0","0","9600","0","0","0","0","0","0","0","0","0","0","0","0","0","0","0"
"2020","M","GOBIERNOS LOCALES"," "," "," "," ","300331","040101","MUNICIPALIDAD PROVINCIAL DE AREQUIPA","04","AREQUIPA","01","AREQUIPA","01","AREQUIPA","217","0101","INCREMENTO DE LA PRACTICA DE ACTIVIDADES FISICAS, DEPORTIVAS Y RECREATIVAS EN LA POBLACION PERUANA","2","PROYECTO","2460042","CREACION DEL SERVICIO DE PRACTICA DEPORTIVA Y/O RECREATIVA, COMPLEJO CLUB DEL PUEBLO, DISTRITO DE CERRO COLORADO - PROVINCIA DE AREQUIPA - DEPARTAMENTO DE AREQUIPA","6000001","EXPEDIENTE TECNICO","21","CULTURA Y DEPORTE","046","DEPORTES","0102","INFRAESTRUCTURA DEPORTIVA Y RECREATIVA","00001","0288999","CREACION DEL SERVICIO DE PRACTICA DEPORTIVA Y/O RECREATIVA, COMPLEJO CLUB DEL PUEBLO, DISTRITO DE CERRO COLORADO - AREQUIPA - AREQUIPA","04","AREQUIPA","2","RECURSOS DIRECTAMENTE RECAUDADOS","09","RECURSOS DIRECTAMENTE RECAUDADOS","0","NORMAL","6","GASTO DE CAPITAL","2","6","ADQUISICION DE ACTIVOS NO FINANCIEROS","8","OTROS GASTOS DE ACTIVOS NO FINANCIEROS","1","OTROS GASTOS DE ACTIVOS NO FINANCIEROS","3","ELABORACION DE EXPEDIENTES TECNICOS","1","ELABORACION DE EXPEDIENTES TECNICOS","0","0","294937","0","0","0","0","0","0","0","0","0","0","0","0","0","0","0"
"2020","M","GOBIERNOS LOCALES"," "," "," "," ","300331","040101","MUNICIPALIDAD PROVINCIAL DE AREQUIPA","04","AREQUIPA","01","AREQUIPA","01","AREQUIPA","217","0101","INCREMENTO DE LA PRACTICA DE ACTIVIDADES FISICAS, DEPORTIVAS Y RECREATIVAS EN LA POBLACION PERUANA","2","PROYECTO","2460042","CREACION DEL SERVICIO DE PRACTICA DEPORTIVA Y/O RECREATIVA, COMPLEJO CLUB DEL PUEBLO, DISTRITO DE CERRO COLORADO - PROVINCIA DE AREQUIPA - DEPARTAMENTO DE AREQUIPA","6000001","EXPEDIENTE TECNICO","21","CULTURA Y DEPORTE","046","DEPORTES","0102","INFRAESTRUCTURA DEPORTIVA Y RECREATIVA","00001","0288999","CREACION DEL SERVICIO DE PRACTICA DEPORTIVA Y/O RECREATIVA, COMPLEJO CLUB DEL PUEBLO, DISTRITO DE CERRO COLORADO - AREQUIPA - AREQUIPA","04","AREQUIPA","2","RECURSOS DIRECTAMENTE RECAUDADOS","09","RECURSOS DIRECTAMENTE RECAUDADOS","0","NORMAL","6","GASTO DE CAPITAL","2","6","ADQUISICION DE ACTIVOS NO FINANCIEROS","8","OTROS GASTOS DE ACTIVOS NO FINANCIEROS","1","OTROS GASTOS DE ACTIVOS NO FINANCIEROS","3","ELABORACION DE EXPEDIENTES TECNICOS","1","ELABORACION DE EXPEDIENTES TECNICOS","0","0","0","294937","261159.75","0","0","0","0","0","0","0","0","0","0","0","0","0"
"2020","M","GOBIERNOS LOCALES"," "," "," "," ","300331","040101","MUNICIPALIDAD PROVINCIAL DE AREQUIPA","04","AREQUIPA","01","AREQUIPA","01","AREQUIPA","217","0101","INCREMENTO DE LA PRACTICA DE ACTIVIDADES FISICAS, DEPORTIVAS Y RECREATIVAS EN LA POBLACION PERUANA","2","PROYECTO","2460042","CREACION DEL SERVICIO DE PRACTICA DEPORTIVA Y/O RECREATIVA, COMPLEJO CLUB DEL PUEBLO, DISTRITO DE CERRO COLORADO - PROVINCIA DE AREQUIPA - DEPARTAMENTO DE AREQUIPA","6000001","EXPEDIENTE TECNICO","21","CULTURA Y DEPORTE","046","DEPORTES","0102","INFRAESTRUCTURA DEPORTIVA Y RECREATIVA","00001","0288999","CREACION DEL SERVICIO DE PRACTICA DEPORTIVA Y/O RECREATIVA, COMPLEJO CLUB DEL PUEBLO, DISTRITO DE CERRO COLORADO - AREQUIPA - AREQUIPA","04","AREQUIPA","2","RECURSOS DIRECTAMENTE RECAUDADOS","09","RECURSOS DIRECTAMENTE RECAUDADOS","7","SUB CUENTA - RECURSOS DIRECTAMENTE RECAUDADOS","6","GASTO DE CAPITAL","2","6","ADQUISICION DE ACTIVOS NO FINANCIEROS","8","OTROS GASTOS DE ACTIVOS NO FINANCIEROS","1","OTROS GASTOS DE ACTIVOS NO FINANCIEROS","3","ELABORACION DE EXPEDIENTES TECNICOS","1","ELABORACION DE EXPEDIENTES TECNICOS","0","0","0","0","0","0","0","0","0","0","0","0","0","0","0","0","78347.93","78347.93"
"2020","M","GOBIERNOS LOCALES"," "," "," "," ","300331","040101","MUNICIPALIDAD PROVINCIAL DE AREQUIPA","04","AREQUIPA","01","AREQUIPA","01","AREQUIPA","317","0101","INCREMENTO DE LA PRACTICA DE ACTIVIDADES FISICAS, DEPORTIVAS Y RECREATIVAS EN LA POBLACION PERUANA","2","PROYECTO","2460508","CONSTRUCCION DE CERCO PERIMETRICO Y PLAZOLETA; EN EL(LA) PARQUE NESTOR CACERES VELASQUEZ URBANIZACION OBANDO DISTRITO DE AREQUIPA, PROVINCIA AREQUIPA, DEPARTAMENTO AREQUIPA","6000001","EXPEDIENTE TECNICO","21","CULTURA Y DEPORTE","046","DEPORTES","0102","INFRAESTRUCTURA DEPORTIVA Y RECREATIVA","00001","0284978","CONSTRUCCION DE CERCO PERIMETRICO Y PLAZOLETA; EN EL(LA) PARQUE NESTOR CACERES VELASQUEZ URBANIZACION OBANDO DISTRITO DE AREQUIPA - AREQUIPA - AREQUIPA","04","AREQUIPA","2","RECURSOS DIRECTAMENTE RECAUDADOS","09","RECURSOS DIRECTAMENTE RECAUDADOS","0","NORMAL","6","GASTO DE CAPITAL","2","6","ADQUISICION DE ACTIVOS NO FINANCIEROS","8","OTROS GASTOS DE ACTIVOS NO FINANCIEROS","1","OTROS GASTOS DE ACTIVOS NO FINANCIEROS","3","ELABORACION DE EXPEDIENTES TECNICOS","1","ELABORACION DE EXPEDIENTES TECNICOS","0","0","25630","0","0","0","0","0","0","0","0","0","0","0","0","0","0","0"
"2020","M","GOBIERNOS LOCALES"," "," "," "," ","300331","040101","MUNICIPALIDAD PROVINCIAL DE AREQUIPA","04","AREQUIPA","01","AREQUIPA","01","AREQUIPA","317","0101","INCREMENTO DE LA PRACTICA DE ACTIVIDADES FISICAS, DEPORTIVAS Y RECREATIVAS EN LA POBLACION PERUANA","2","PROYECTO","2460508","CONSTRUCCION DE CERCO PERIMETRICO Y PLAZOLETA; EN EL(LA) PARQUE NESTOR CACERES VELASQUEZ URBANIZACION OBANDO DISTRITO DE AREQUIPA, PROVINCIA AREQUIPA, DEPARTAMENTO AREQUIPA","6000001","EXPEDIENTE TECNICO","21","CULTURA Y DEPORTE","046","DEPORTES","0102","INFRAESTRUCTURA DEPORTIVA Y RECREATIVA","00001","0284978","CONSTRUCCION DE CERCO PERIMETRICO Y PLAZOLETA; EN EL(LA) PARQUE NESTOR CACERES VELASQUEZ URBANIZACION OBANDO DISTRITO DE AREQUIPA - AREQUIPA - AREQUIPA","04","AREQUIPA","2","RECURSOS DIRECTAMENTE RECAUDADOS","09","RECURSOS DIRECTAMENTE RECAUDADOS","0","NORMAL","6","GASTO DE CAPITAL","2","6","ADQUISICION DE ACTIVOS NO FINANCIEROS","8","OTROS GASTOS DE ACTIVOS NO FINANCIEROS","1","OTROS GASTOS DE ACTIVOS NO FINANCIEROS","3","ELABORACION DE EXPEDIENTES TECNICOS","1","ELABORACION DE EXPEDIENTES TECNICOS","0","0","0","25630","25630","0","0","0","0","0","0","0","0","0","0","0","0","0"
"2020","M","GOBIERNOS LOCALES"," "," "," "," ","300331","040101","MUNICIPALIDAD PROVINCIAL DE AREQUIPA","04","AREQUIPA","01","AREQUIPA","01","AREQUIPA","317","0101","INCREMENTO DE LA PRACTICA DE ACTIVIDADES FISICAS, DEPORTIVAS Y RECREATIVAS EN LA POBLACION PERUANA","2","PROYECTO","2460508","CONSTRUCCION DE CERCO PERIMETRICO Y PLAZOLETA; EN EL(LA) PARQUE NESTOR CACERES VELASQUEZ URBANIZACION OBANDO DISTRITO DE AREQUIPA, PROVINCIA AREQUIPA, DEPARTAMENTO AREQUIPA","6000001","EXPEDIENTE TECNICO","21","CULTURA Y DEPORTE","046","DEPORTES","0102","INFRAESTRUCTURA DEPORTIVA Y RECREATIVA","00001","0284978","CONSTRUCCION DE CERCO PERIMETRICO Y PLAZOLETA; EN EL(LA) PARQUE NESTOR CACERES VELASQUEZ URBANIZACION OBANDO DISTRITO DE AREQUIPA - AREQUIPA - AREQUIPA","04","AREQUIPA","2","RECURSOS DIRECTAMENTE RECAUDADOS","09","RECURSOS DIRECTAMENTE RECAUDADOS","7","SUB CUENTA - RECURSOS DIRECTAMENTE RECAUDADOS","6","GASTO DE CAPITAL","2","6","ADQUISICION DE ACTIVOS NO FINANCIEROS","8","OTROS GASTOS DE ACTIVOS NO FINANCIEROS","1","OTROS GASTOS DE ACTIVOS NO FINANCIEROS","3","ELABORACION DE EXPEDIENTES TECNICOS","1","ELABORACION DE EXPEDIENTES TECNICOS","0","0","0","0","0","0","0","0","0","0","0","0","0","0","0","0","20504","20504"
"2020","M","GOBIERNOS LOCALES"," "," "," "," ","300331","040101","MUNICIPALIDAD PROVINCIAL DE AREQUIPA","04","AREQUIPA","01","AREQUIPA","01","AREQUIPA","328","0101","INCREMENTO DE LA PRACTICA DE ACTIVIDADES FISICAS, DEPORTIVAS Y RECREATIVAS EN LA POBLACION PERUANA","2","PROYECTO","2482555","CONSTRUCCION DE AMBIENTE DE RECREACION ACTIVA; EN EL(LA) PARQUE TINTAYA, URB. TRABAJADORES DE TINTAYA DISTRITO DE AREQUIPA, PROVINCIA AREQUIPA, DEPARTAMENTO AREQUIPA","6000001","EXPEDIENTE TECNICO","21","CULTURA Y DEPORTE","046","DEPORTES","0102","INFRAESTRUCTURA DEPORTIVA Y RECREATIVA","00001","0313814","CONSTRUCCION DE AMBIENTE DE RECREACION ACTIVA; EN EL(LA) PARQUE TINTAYA, URB. TRABAJADORES DE TINTAYA DISTRITO DE AREQUIPA - AREQUIPA - AREQUIPA","04","AREQUIPA","5","RECURSOS DETERMINADOS","18","CANON Y SOBRECANON, REGALIAS, RENTA DE ADUANAS Y PARTICIPACIONES","0","CANON","6","GASTO DE CAPITAL","2","6","ADQUISICION DE ACTIVOS NO FINANCIEROS","8","OTROS GASTOS DE ACTIVOS NO FINANCIEROS","1","OTROS GASTOS DE ACTIVOS NO FINANCIEROS","3","ELABORACION DE EXPEDIENTES TECNICOS","1","ELABORACION DE EXPEDIENTES TECNICOS","0","0","9459","0","0","0","0","0","0","0","0","0","0","0","0","0","0","0"
"2020","M","GOBIERNOS LOCALES"," "," "," "," ","300331","040101","MUNICIPALIDAD PROVINCIAL DE AREQUIPA","04","AREQUIPA","01","AREQUIPA","01","AREQUIPA","328","0101","INCREMENTO DE LA PRACTICA DE ACTIVIDADES FISICAS, DEPORTIVAS Y RECREATIVAS EN LA POBLACION PERUANA","2","PROYECTO","2482555","CONSTRUCCION DE AMBIENTE DE RECREACION ACTIVA; EN EL(LA) PARQUE TINTAYA, URB. TRABAJADORES DE TINTAYA DISTRITO DE AREQUIPA, PROVINCIA AREQUIPA, DEPARTAMENTO AREQUIPA","6000001","EXPEDIENTE TECNICO","21","CULTURA Y DEPORTE","046","DEPORTES","0102","INFRAESTRUCTURA DEPORTIVA Y RECREATIVA","00001","0313814","CONSTRUCCION DE AMBIENTE DE RECREACION ACTIVA; EN EL(LA) PARQUE TINTAYA, URB. TRABAJADORES DE TINTAYA DISTRITO DE AREQUIPA - AREQUIPA - AREQUIPA","04","AREQUIPA","5","RECURSOS DETERMINADOS","18","CANON Y SOBRECANON, REGALIAS, RENTA DE ADUANAS Y PARTICIPACIONES","0","CANON","6","GASTO DE CAPITAL","2","6","ADQUISICION DE ACTIVOS NO FINANCIEROS","8","OTROS GASTOS DE ACTIVOS NO FINANCIEROS","1","OTROS GASTOS DE ACTIVOS NO FINANCIEROS","3","ELABORACION DE EXPEDIENTES TECNICOS","1","ELABORACION DE EXPEDIENTES TECNICOS","0","0","0","9459","9459","0","0","0","0","0","0","0","0","0","0","0","0","0"
"2020","M","GOBIERNOS LOCALES"," "," "," "," ","300331","040101","MUNICIPALIDAD PROVINCIAL DE AREQUIPA","04","AREQUIPA","01","AREQUIPA","01","AREQUIPA","328","0101","INCREMENTO DE LA PRACTICA DE ACTIVIDADES FISICAS, DEPORTIVAS Y RECREATIVAS EN LA POBLACION PERUANA","2","PROYECTO","2482555","CONSTRUCCION DE AMBIENTE DE RECREACION ACTIVA; EN EL(LA) PARQUE TINTAYA, URB. TRABAJADORES DE TINTAYA DISTRITO DE AREQUIPA, PROVINCIA AREQUIPA, DEPARTAMENTO AREQUIPA","6000001","EXPEDIENTE TECNICO","21","CULTURA Y DEPORTE","046","DEPORTES","0102","INFRAESTRUCTURA DEPORTIVA Y RECREATIVA","00001","0313814","CONSTRUCCION DE AMBIENTE DE RECREACION ACTIVA; EN EL(LA) PARQUE TINTAYA, URB. TRABAJADORES DE TINTAYA DISTRITO DE AREQUIPA - AREQUIPA - AREQUIPA","04","AREQUIPA","5","RECURSOS DETERMINADOS","18","CANON Y SOBRECANON, REGALIAS, RENTA DE ADUANAS Y PARTICIPACIONES","H","SUB CUENTA - CANON MINERO","6","GASTO DE CAPITAL","2","6","ADQUISICION DE ACTIVOS NO FINANCIEROS","8","OTROS GASTOS DE ACTIVOS NO FINANCIEROS","1","OTROS GASTOS DE ACTIVOS NO FINANCIEROS","3","ELABORACION DE EXPEDIENTES TECNICOS","1","ELABORACION DE EXPEDIENTES TECNICOS","0","0","0","0","0","0","0","0","0","0","0","0","0","0","0","0","7567.20","7567.20"
"2020","M","GOBIERNOS LOCALES"," "," "," "," ","300331","040101","MUNICIPALIDAD PROVINCIAL DE AREQUIPA","04","AREQUIPA","01","AREQUIPA","01","AREQUIPA","329","0101","INCREMENTO DE LA PRACTICA DE ACTIVIDADES FISICAS, DEPORTIVAS Y RECREATIVAS EN LA POBLACION PERUANA","2","PROYECTO","2482788","REMODELACION DE AMBIENTE DE RECREACION ACTIVA; REPARACION DE VEREDA; EN EL(LA) PARQUE EL POETA URB.VALLECITO DISTRITO DE AREQUIPA, PROVINCIA AREQUIPA, DEPARTAMENTO AREQUIPA","6000001","EXPEDIENTE TECNICO","21","CULTURA Y DEPORTE","046","DEPORTES","0102","INFRAESTRUCTURA DEPORTIVA Y RECREATIVA","00001","0313812","REMODELACION DE AMBIENTE DE RECREACION ACTIVA; REPARACION DE VEREDA; EN EL(LA) PARQUE EL POETA URB.VALLECITO DISTRITO DE AREQUIPA - AREQUIPA - AREQUIPA","04","AREQUIPA","2","RECURSOS DIRECTAMENTE RECAUDADOS","09","RECURSOS DIRECTAMENTE RECAUDADOS","0","NORMAL","6","GASTO DE CAPITAL","2","6","ADQUISICION DE ACTIVOS NO FINANCIEROS","8","OTROS GASTOS DE ACTIVOS NO FINANCIEROS","1","OTROS GASTOS DE ACTIVOS NO FINANCIEROS","3","ELABORACION DE EXPEDIENTES TECNICOS","1","ELABORACION DE EXPEDIENTES TECNICOS","0","0","12659","0","0","0","0","0","0","0","0","0","0","0","0","0","0","0"
"2020","M","GOBIERNOS LOCALES"," "," "," "," ","300331","040101","MUNICIPALIDAD PROVINCIAL DE AREQUIPA","04","AREQUIPA","01","AREQUIPA","01","AREQUIPA","329","0101","INCREMENTO DE LA PRACTICA DE ACTIVIDADES FISICAS, DEPORTIVAS Y RECREATIVAS EN LA POBLACION PERUANA","2","PROYECTO","2482788","REMODELACION DE AMBIENTE DE RECREACION ACTIVA; REPARACION DE VEREDA; EN EL(LA) PARQUE EL POETA URB.VALLECITO DISTRITO DE AREQUIPA, PROVINCIA AREQUIPA, DEPARTAMENTO AREQUIPA","6000001","EXPEDIENTE TECNICO","21","CULTURA Y DEPORTE","046","DEPORTES","0102","INFRAESTRUCTURA DEPORTIVA Y RECREATIVA","00001","0313812","REMODELACION DE AMBIENTE DE RECREACION ACTIVA; REPARACION DE VEREDA; EN EL(LA) PARQUE EL POETA URB.VALLECITO DISTRITO DE AREQUIPA - AREQUIPA - AREQUIPA","04","AREQUIPA","2","RECURSOS DIRECTAMENTE RECAUDADOS","09","RECURSOS DIRECTAMENTE RECAUDADOS","0","NORMAL","6","GASTO DE CAPITAL","2","6","ADQUISICION DE ACTIVOS NO FINANCIEROS","8","OTROS GASTOS DE ACTIVOS NO FINANCIEROS","1","OTROS GASTOS DE ACTIVOS NO FINANCIEROS","3","ELABORACION DE EXPEDIENTES TECNICOS","1","ELABORACION DE EXPEDIENTES TECNICOS","0","0","0","12659","12659","0","0","0","0","0","0","0","0","0","0","0","0","0"
"2020","M","GOBIERNOS LOCALES"," "," "," "," ","300331","040101","MUNICIPALIDAD PROVINCIAL DE AREQUIPA","04","AREQUIPA","01","AREQUIPA","01","AREQUIPA","329","0101","INCREMENTO DE LA PRACTICA DE ACTIVIDADES FISICAS, DEPORTIVAS Y RECREATIVAS EN LA POBLACION PERUANA","2","PROYECTO","2482788","REMODELACION DE AMBIENTE DE RECREACION ACTIVA; REPARACION DE VEREDA; EN EL(LA) PARQUE EL POETA URB.VALLECITO DISTRITO DE AREQUIPA, PROVINCIA AREQUIPA, DEPARTAMENTO AREQUIPA","6000001","EXPEDIENTE TECNICO","21","CULTURA Y DEPORTE","046","DEPORTES","0102","INFRAESTRUCTURA DEPORTIVA Y RECREATIVA","00001","0313812","REMODELACION DE AMBIENTE DE RECREACION ACTIVA; REPARACION DE VEREDA; EN EL(LA) PARQUE EL POETA URB.VALLECITO DISTRITO DE AREQUIPA - AREQUIPA - AREQUIPA","04","AREQUIPA","2","RECURSOS DIRECTAMENTE RECAUDADOS","09","RECURSOS DIRECTAMENTE RECAUDADOS","7","SUB CUENTA - RECURSOS DIRECTAMENTE RECAUDADOS","6","GASTO DE CAPITAL","2","6","ADQUISICION DE ACTIVOS NO FINANCIEROS","8","OTROS GASTOS DE ACTIVOS NO FINANCIEROS","1","OTROS GASTOS DE ACTIVOS NO FINANCIEROS","3","ELABORACION DE EXPEDIENTES TECNICOS","1","ELABORACION DE EXPEDIENTES TECNICOS","0","0","0","0","0","0","0","0","0","0","0","0","0","0","0","0","10127.20","10127.20"
"2020","M","GOBIERNOS LOCALES"," "," "," "," ","300331","040101","MUNICIPALIDAD PROVINCIAL DE AREQUIPA","04","AREQUIPA","01","AREQUIPA","01","AREQUIPA","330","0101","INCREMENTO DE LA PRACTICA DE ACTIVIDADES FISICAS, DEPORTIVAS Y RECREATIVAS EN LA POBLACION PERUANA","2","PROYECTO","2482804","REMODELACION DE AMBIENTE DE RECREACION ACTIVA; RENOVACION DE VEREDA; EN EL(LA) PARQUE PAUL RIVET URB.VALLECITO DISTRITO DE AREQUIPA, PROVINCIA AREQUIPA, DEPARTAMENTO AREQUIPA","6000001","EXPEDIENTE TECNICO","21","CULTURA Y DEPORTE","046","DEPORTES","0102","INFRAESTRUCTURA DEPORTIVA Y RECREATIVA","00001","0313813","REMODELACION DE AMBIENTE DE RECREACION ACTIVA; RENOVACION DE VEREDA; EN EL(LA) PARQUE PAUL RIVET URB.VALLECITO DISTRITO DE AREQUIPA - AREQUIPA - AREQUIPA","04","AREQUIPA","2","RECURSOS DIRECTAMENTE RECAUDADOS","09","RECURSOS DIRECTAMENTE RECAUDADOS","0","NORMAL","6","GASTO DE CAPITAL","2","6","ADQUISICION DE ACTIVOS NO FINANCIEROS","8","OTROS GASTOS DE ACTIVOS NO FINANCIEROS","1","OTROS GASTOS DE ACTIVOS NO FINANCIEROS","3","ELABORACION DE EXPEDIENTES TECNICOS","1","ELABORACION DE EXPEDIENTES TECNICOS","0","0","10859","0","0","0","0","0","0","0","0","0","0","0","0","0","0","0"
"2020","M","GOBIERNOS LOCALES"," "," "," "," ","300331","040101","MUNICIPALIDAD PROVINCIAL DE AREQUIPA","04","AREQUIPA","01","AREQUIPA","01","AREQUIPA","330","0101","INCREMENTO DE LA PRACTICA DE ACTIVIDADES FISICAS, DEPORTIVAS Y RECREATIVAS EN LA POBLACION PERUANA","2","PROYECTO","2482804","REMODELACION DE AMBIENTE DE RECREACION ACTIVA; RENOVACION DE VEREDA; EN EL(LA) PARQUE PAUL RIVET URB.VALLECITO DISTRITO DE AREQUIPA, PROVINCIA AREQUIPA, DEPARTAMENTO AREQUIPA","6000001","EXPEDIENTE TECNICO","21","CULTURA Y DEPORTE","046","DEPORTES","0102","INFRAESTRUCTURA DEPORTIVA Y RECREATIVA","00001","0313813","REMODELACION DE AMBIENTE DE RECREACION ACTIVA; RENOVACION DE VEREDA; EN EL(LA) PARQUE PAUL RIVET URB.VALLECITO DISTRITO DE AREQUIPA - AREQUIPA - AREQUIPA","04","AREQUIPA","2","RECURSOS DIRECTAMENTE RECAUDADOS","09","RECURSOS DIRECTAMENTE RECAUDADOS","0","NORMAL","6","GASTO DE CAPITAL","2","6","ADQUISICION DE ACTIVOS NO FINANCIEROS","8","OTROS GASTOS DE ACTIVOS NO FINANCIEROS","1","OTROS GASTOS DE ACTIVOS NO FINANCIEROS","3","ELABORACION DE EXPEDIENTES TECNICOS","1","ELABORACION DE EXPEDIENTES TECNICOS","0","0","0","10859","10859","0","0","0","0","0","0","0","0","0","0","0","0","0"
"2020","M","GOBIERNOS LOCALES"," "," "," "," ","300331","040101","MUNICIPALIDAD PROVINCIAL DE AREQUIPA","04","AREQUIPA","01","AREQUIPA","01","AREQUIPA","330","0101","INCREMENTO DE LA PRACTICA DE ACTIVIDADES FISICAS, DEPORTIVAS Y RECREATIVAS EN LA POBLACION PERUANA","2","PROYECTO","2482804","REMODELACION DE AMBIENTE DE RECREACION ACTIVA; RENOVACION DE VEREDA; EN EL(LA) PARQUE PAUL RIVET URB.VALLECITO DISTRITO DE AREQUIPA, PROVINCIA AREQUIPA, DEPARTAMENTO AREQUIPA","6000001","EXPEDIENTE TECNICO","21","CULTURA Y DEPORTE","046","DEPORTES","0102","INFRAESTRUCTURA DEPORTIVA Y RECREATIVA","00001","0313813","REMODELACION DE AMBIENTE DE RECREACION ACTIVA; RENOVACION DE VEREDA; EN EL(LA) PARQUE PAUL RIVET URB.VALLECITO DISTRITO DE AREQUIPA - AREQUIPA - AREQUIPA","04","AREQUIPA","2","RECURSOS DIRECTAMENTE RECAUDADOS","09","RECURSOS DIRECTAMENTE RECAUDADOS","7","SUB CUENTA - RECURSOS DIRECTAMENTE RECAUDADOS","6","GASTO DE CAPITAL","2","6","ADQUISICION DE ACTIVOS NO FINANCIEROS","8","OTROS GASTOS DE ACTIVOS NO FINANCIEROS","1","OTROS GASTOS DE ACTIVOS NO FINANCIEROS","3","ELABORACION DE EXPEDIENTES TECNICOS","1","ELABORACION DE EXPEDIENTES TECNICOS","0","0","0","0","0","0","0","0","0","0","0","0","0","0","0","0","8687.20","8687.20"
"2020","M","GOBIERNOS LOCALES"," "," "," "," ","300331","040101","MUNICIPALIDAD PROVINCIAL DE AREQUIPA","04","AREQUIPA","01","AREQUIPA","01","AREQUIPA","307","0101","INCREMENTO DE LA PRACTICA DE ACTIVIDADES FISICAS, DEPORTIVAS Y RECREATIVAS EN LA POBLACION PERUANA","2","PROYECTO","2484043","REMODELACION DE CAMINO PEATONAL; CONSTRUCCION DE SISTEMA DE RIEGO; ADQUISICION DE JUEGOS INFANTILES E INCLUSIVOS Y MOBILIARIO DEPORTIVO - RECREATIVO; EN EL(LA) PARQUE EL MILAGRO URBANIZACION AURORA DISTRITO DE AREQUIPA, PROVINCIA AREQUIPA, DEPARTAMENTO AREQUIPA","6000001","EXPEDIENTE TECNICO","21","CULTURA Y DEPORTE","046","DEPORTES","0102","INFRAESTRUCTURA DEPORTIVA Y RECREATIVA","00001","0310632","REMODELACION DE CAMINO PEATONAL; CONSTRUCCION DE SISTEMA DE RIEGO; ADQUISICION DE JUEGOS INFANTILES E INCLUSIVOS Y MOBILIARIO DEPORTIVO - RECREATIVO; EN EL(LA) PARQUE EL MILAGRO URBANIZACION AURORA DISTRITO DE AREQUIPA - AREQUIPA - AREQUIPA","04","AREQUIPA","2","RECURSOS DIRECTAMENTE RECAUDADOS","09","RECURSOS DIRECTAMENTE RECAUDADOS","0","NORMAL","6","GASTO DE CAPITAL","2","6","ADQUISICION DE ACTIVOS NO FINANCIEROS","8","OTROS GASTOS DE ACTIVOS NO FINANCIEROS","1","OTROS GASTOS DE ACTIVOS NO FINANCIEROS","3","ELABORACION DE EXPEDIENTES TECNICOS","1","ELABORACION DE EXPEDIENTES TECNICOS","0","0","25900","0","0","0","0","0","0","0","0","0","0","0","0","0","0","0"
"2020","M","GOBIERNOS LOCALES"," "," "," "," ","300331","040101","MUNICIPALIDAD PROVINCIAL DE AREQUIPA","04","AREQUIPA","01","AREQUIPA","01","AREQUIPA","307","0101","INCREMENTO DE LA PRACTICA DE ACTIVIDADES FISICAS, DEPORTIVAS Y RECREATIVAS EN LA POBLACION PERUANA","2","PROYECTO","2484043","REMODELACION DE CAMINO PEATONAL; CONSTRUCCION DE SISTEMA DE RIEGO; ADQUISICION DE JUEGOS INFANTILES E INCLUSIVOS Y MOBILIARIO DEPORTIVO - RECREATIVO; EN EL(LA) PARQUE EL MILAGRO URBANIZACION AURORA DISTRITO DE AREQUIPA, PROVINCIA AREQUIPA, DEPARTAMENTO AREQUIPA","6000001","EXPEDIENTE TECNICO","21","CULTURA Y DEPORTE","046","DEPORTES","0102","INFRAESTRUCTURA DEPORTIVA Y RECREATIVA","00001","0310632","REMODELACION DE CAMINO PEATONAL; CONSTRUCCION DE SISTEMA DE RIEGO; ADQUISICION DE JUEGOS INFANTILES E INCLUSIVOS Y MOBILIARIO DEPORTIVO - RECREATIVO; EN EL(LA) PARQUE EL MILAGRO URBANIZACION AURORA DISTRITO DE AREQUIPA - AREQUIPA - AREQUIPA","04","AREQUIPA","2","RECURSOS DIRECTAMENTE RECAUDADOS","09","RECURSOS DIRECTAMENTE RECAUDADOS","0","NORMAL","6","GASTO DE CAPITAL","2","6","ADQUISICION DE ACTIVOS NO FINANCIEROS","8","OTROS GASTOS DE ACTIVOS NO FINANCIEROS","1","OTROS GASTOS DE ACTIVOS NO FINANCIEROS","3","ELABORACION DE EXPEDIENTES TECNICOS","1","ELABORACION DE EXPEDIENTES TECNICOS","0","0","0","25900","25900","0","0","0","0","0","0","0","0","0","0","0","0","0"
"2020","M","GOBIERNOS LOCALES"," "," "," "," ","300331","040101","MUNICIPALIDAD PROVINCIAL DE AREQUIPA","04","AREQUIPA","01","AREQUIPA","01","AREQUIPA","307","0101","INCREMENTO DE LA PRACTICA DE ACTIVIDADES FISICAS, DEPORTIVAS Y RECREATIVAS EN LA POBLACION PERUANA","2","PROYECTO","2484043","REMODELACION DE CAMINO PEATONAL; CONSTRUCCION DE SISTEMA DE RIEGO; ADQUISICION DE JUEGOS INFANTILES E INCLUSIVOS Y MOBILIARIO DEPORTIVO - RECREATIVO; EN EL(LA) PARQUE EL MILAGRO URBANIZACION AURORA DISTRITO DE AREQUIPA, PROVINCIA AREQUIPA, DEPARTAMENTO AREQUIPA","6000001","EXPEDIENTE TECNICO","21","CULTURA Y DEPORTE","046","DEPORTES","0102","INFRAESTRUCTURA DEPORTIVA Y RECREATIVA","00001","0310632","REMODELACION DE CAMINO PEATONAL; CONSTRUCCION DE SISTEMA DE RIEGO; ADQUISICION DE JUEGOS INFANTILES E INCLUSIVOS Y MOBILIARIO DEPORTIVO - RECREATIVO; EN EL(LA) PARQUE EL MILAGRO URBANIZACION AURORA DISTRITO DE AREQUIPA - AREQUIPA - AREQUIPA","04","AREQUIPA","2","RECURSOS DIRECTAMENTE RECAUDADOS","09","RECURSOS DIRECTAMENTE RECAUDADOS","7","SUB CUENTA - RECURSOS DIRECTAMENTE RECAUDADOS","6","GASTO DE CAPITAL","2","6","ADQUISICION DE ACTIVOS NO FINANCIEROS","8","OTROS GASTOS DE ACTIVOS NO FINANCIEROS","1","OTROS GASTOS DE ACTIVOS NO FINANCIEROS","3","ELABORACION DE EXPEDIENTES TECNICOS","1","ELABORACION DE EXPEDIENTES TECNICOS","0","0","0","0","0","0","0","0","0","0","0","0","0","0","0","0","20720","20720"
"2020","M","GOBIERNOS LOCALES"," "," "," "," ","300331","040101","MUNICIPALIDAD PROVINCIAL DE AREQUIPA","04","AREQUIPA","01","AREQUIPA","01","AREQUIPA","327","0101","INCREMENTO DE LA PRACTICA DE ACTIVIDADES FISICAS, DEPORTIVAS Y RECREATIVAS EN LA POBLACION PERUANA","2","PROYECTO","2493211","CONSTRUCCION DE COBERTURA DE INSTALACIONES DEPORTIVAS Y SISTEMA DE RIEGO; REMODELACION DE LOSA DEPORTIVA Y AREA VERDE; ADEMAS DE OTROS ACTIVOS EN EL(LA) PARQUE JUVENTUD FERROVIARIA I URBANIZACION JUVENTUD FERROVIARIA DISTRITO DE AREQUIPA, PROVINCIA AREQUIPA, DEPARTAMENTO AREQUIPA","6000001","EXPEDIENTE TECNICO","21","CULTURA Y DEPORTE","046","DEPORTES","0102","INFRAESTRUCTURA DEPORTIVA Y RECREATIVA","00001","0314380","CONSTRUCCION DE COBERTURA DE INSTALACIONES DEPORTIVAS Y SISTEMA DE RIEGO; REMODELACION DE LOSA DEPORTIVA Y AREA VERDE; ADEMAS DE OTROS ACTIVOS EN EL PARQUE JUVENTUD FERROVIARIA I URB. JUVENTUD FERROVIARIA DISTRITO DE AREQUIPA - AREQUIPA - AREQUIPA","04","AREQUIPA","5","RECURSOS DETERMINADOS","18","CANON Y SOBRECANON, REGALIAS, RENTA DE ADUANAS Y PARTICIPACIONES","0","CANON","6","GASTO DE CAPITAL","2","6","ADQUISICION DE ACTIVOS NO FINANCIEROS","8","OTROS GASTOS DE ACTIVOS NO FINANCIEROS","1","OTROS GASTOS DE ACTIVOS NO FINANCIEROS","3","ELABORACION DE EXPEDIENTES TECNICOS","1","ELABORACION DE EXPEDIENTES TECNICOS","0","0","30000","0","0","0","0","0","0","0","0","0","0","0","0","0","0","0"
"2020","M","GOBIERNOS LOCALES"," "," "," "," ","300331","040101","MUNICIPALIDAD PROVINCIAL DE AREQUIPA","04","AREQUIPA","01","AREQUIPA","01","AREQUIPA","327","0101","INCREMENTO DE LA PRACTICA DE ACTIVIDADES FISICAS, DEPORTIVAS Y RECREATIVAS EN LA POBLACION PERUANA","2","PROYECTO","2493211","CONSTRUCCION DE COBERTURA DE INSTALACIONES DEPORTIVAS Y SISTEMA DE RIEGO; REMODELACION DE LOSA DEPORTIVA Y AREA VERDE; ADEMAS DE OTROS ACTIVOS EN EL(LA) PARQUE JUVENTUD FERROVIARIA I URBANIZACION JUVENTUD FERROVIARIA DISTRITO DE AREQUIPA, PROVINCIA AREQUIPA, DEPARTAMENTO AREQUIPA","6000001","EXPEDIENTE TECNICO","21","CULTURA Y DEPORTE","046","DEPORTES","0102","INFRAESTRUCTURA DEPORTIVA Y RECREATIVA","00001","0314380","CONSTRUCCION DE COBERTURA DE INSTALACIONES DEPORTIVAS Y SISTEMA DE RIEGO; REMODELACION DE LOSA DEPORTIVA Y AREA VERDE; ADEMAS DE OTROS ACTIVOS EN EL PARQUE JUVENTUD FERROVIARIA I URB. JUVENTUD FERROVIARIA DISTRITO DE AREQUIPA - AREQUIPA - AREQUIPA","04","AREQUIPA","5","RECURSOS DETERMINADOS","18","CANON Y SOBRECANON, REGALIAS, RENTA DE ADUANAS Y PARTICIPACIONES","0","CANON","6","GASTO DE CAPITAL","2","6","ADQUISICION DE ACTIVOS NO FINANCIEROS","8","OTROS GASTOS DE ACTIVOS NO FINANCIEROS","1","OTROS GASTOS DE ACTIVOS NO FINANCIEROS","3","ELABORACION DE EXPEDIENTES TECNICOS","1","ELABORACION DE EXPEDIENTES TECNICOS","0","0","0","30000","0","0","0","0","0","0","0","0","0","0","0","0","0","0"
